80CSV  	
// AQ6380 OPTICAL SPECTRUM ANALYZER //
40
"CTRWL",1570.000000
"SPAN", 140.000000
"START WL",1500.000000
"STOP WL",1640.000000
"WLFREQ", 0
"REFL", -0.2
"LSCL",10.0
"RESLN",0.200
"CUSTOM RES",0
"AVG",   1
"SMPLAUTO",      0
"SMPL",      14001
"SMPLINTVL",0.0100
"NORMAL"
"SENS LEVEL",-65.0
"MEAS"
"LSUNT",1
"NMSKH","OFF"
"RESCOR",1
"SMOOTH",0
"MEASWL",1
"MODELNAME",AQ6380
"NEBWCAL0",10037
"NEBWCAL1",10037
"NEBWCALWL",   0
"RESCAL0_0",   9153
"RESCAL0_1",    192
"RESCAL0_2",-298635
"RESCAL1_0",  10000
"RESCAL1_1",      0
"RESCAL1_2",      0









"[TRACE DATA]"
1500.0000, -65.723
1500.0100, -65.548
1500.0200, -65.127
1500.0300, -64.896
1500.0400, -65.656
1500.0500, -65.910
1500.0600, -65.487
1500.0700, -65.707
1500.0800, -66.382
1500.0900, -67.419
1500.1000, -68.300
1500.1100, -68.527
1500.1200, -69.670
1500.1300, -69.111
1500.1400, -69.775
1500.1500, -71.996
1500.1600, -70.682
1500.1700, -69.245
1500.1800, -68.431
1500.1900, -69.844
1500.2000, -75.529
1500.2100, -74.945
1500.2200, -73.885
1500.2300, -73.482
1500.2400, -69.942
1500.2500, -68.201
1500.2600, -67.648
1500.2700, -67.981
1500.2800, -66.610
1500.2900, -65.259
1500.3000, -64.358
1500.3100, -64.288
1500.3200, -64.647
1500.3300, -63.719
1500.3400, -63.062
1500.3500, -62.959
1500.3600, -63.540
1500.3700, -63.625
1500.3800, -63.346
1500.3900, -63.312
1500.4000, -63.267
1500.4100, -63.949
1500.4200, -64.436
1500.4300, -64.446
1500.4400, -64.843
1500.4500, -65.739
1500.4600, -65.487
1500.4700, -64.892
1500.4800, -64.740
1500.4900, -64.849
1500.5000, -67.611
1500.5100, -70.058
1500.5200, -67.260
1500.5300, -68.192
1500.5400, -73.262
1500.5500, -74.768
1500.5600, -73.720
1500.5700, -77.809
1500.5800, -82.729
1500.5900, -80.524
1500.6000, -75.710
1500.6100, -71.223
1500.6200, -69.550
1500.6300, -70.030
1500.6400, -71.005
1500.6500, -70.566
1500.6600, -69.524
1500.6700, -70.159
1500.6800, -76.329
1500.6900, -74.278
1500.7000, -67.657
1500.7100, -66.557
1500.7200, -67.056
1500.7300, -67.419
1500.7400, -67.121
1500.7500, -65.746
1500.7600, -64.303
1500.7700, -63.865
1500.7800, -63.826
1500.7900, -63.727
1500.8000, -64.054
1500.8100, -63.939
1500.8200, -64.467
1500.8300, -64.780
1500.8400, -63.905
1500.8500, -64.010
1500.8600, -65.149
1500.8700, -64.629
1500.8800, -63.772
1500.8900, -64.132
1500.9000, -64.348
1500.9100, -63.856
1500.9200, -63.694
1500.9300, -63.857
1500.9400, -63.731
1500.9500, -64.107
1500.9600, -65.241
1500.9700, -66.999
1500.9800, -67.915
1500.9900, -68.065
1501.0000, -68.472
1501.0100, -71.563
1501.0200, -71.154
1501.0300, -69.792
1501.0400, -74.989
1501.0500, -77.671
1501.0600, -73.718
1501.0700, -78.493
1501.0800,-210.000
1501.0900,-210.000
1501.1000,-210.000
1501.1100,-210.000
1501.1200,-210.000
1501.1300,-210.000
1501.1400,-210.000
1501.1500,-210.000
1501.1600,-210.000
1501.1700, -83.613
1501.1800, -71.046
1501.1900, -68.523
1501.2000, -68.220
1501.2100, -68.627
1501.2200, -68.609
1501.2300, -69.428
1501.2400, -67.205
1501.2500, -65.450
1501.2600, -64.801
1501.2700, -64.356
1501.2800, -64.055
1501.2900, -63.873
1501.3000, -63.643
1501.3100, -63.586
1501.3200, -63.365
1501.3300, -63.456
1501.3400, -63.720
1501.3500, -63.747
1501.3600, -63.659
1501.3700, -63.707
1501.3800, -63.652
1501.3900, -63.126
1501.4000, -62.780
1501.4100, -62.690
1501.4200, -62.995
1501.4300, -62.756
1501.4400, -62.452
1501.4500, -62.334
1501.4600, -61.877
1501.4700, -62.174
1501.4800, -62.472
1501.4900, -62.456
1501.5000, -62.593
1501.5100, -62.494
1501.5200, -62.648
1501.5300, -63.371
1501.5400, -63.862
1501.5500, -63.679
1501.5600, -63.633
1501.5700, -63.370
1501.5800, -63.180
1501.5900, -63.790
1501.6000, -63.961
1501.6100, -63.671
1501.6200, -63.506
1501.6300, -63.188
1501.6400, -63.938
1501.6500, -66.100
1501.6600, -69.442
1501.6700, -67.981
1501.6800, -65.604
1501.6900, -65.783
1501.7000, -65.217
1501.7100, -65.354
1501.7200, -66.190
1501.7300, -64.379
1501.7400, -63.348
1501.7500, -63.274
1501.7600, -63.357
1501.7700, -63.547
1501.7800, -64.004
1501.7900, -64.840
1501.8000, -65.632
1501.8100, -65.991
1501.8200, -66.226
1501.8300, -68.156
1501.8400, -70.345
1501.8500, -68.824
1501.8600, -67.190
1501.8700, -67.756
1501.8800, -71.615
1501.8900, -76.766
1501.9000, -76.427
1501.9100, -70.759
1501.9200, -70.102
1501.9300, -75.835
1501.9400,-210.000
1501.9500, -86.396
1501.9600, -72.431
1501.9700, -72.916
1501.9800, -79.284
1501.9900, -70.392
1502.0000, -66.725
1502.0100, -66.001
1502.0200, -65.323
1502.0300, -65.284
1502.0400, -64.744
1502.0500, -64.283
1502.0600, -64.333
1502.0700, -63.521
1502.0800, -63.014
1502.0900, -62.831
1502.1000, -63.029
1502.1100, -63.216
1502.1200, -62.690
1502.1300, -62.223
1502.1400, -62.069
1502.1500, -62.210
1502.1600, -61.955
1502.1700, -61.757
1502.1800, -61.683
1502.1900, -61.750
1502.2000, -61.866
1502.2100, -61.589
1502.2200, -61.254
1502.2300, -60.856
1502.2400, -60.758
1502.2500, -60.705
1502.2600, -60.775
1502.2700, -61.306
1502.2800, -61.488
1502.2900, -61.291
1502.3000, -61.307
1502.3100, -61.484
1502.3200, -61.859
1502.3300, -62.544
1502.3400, -62.682
1502.3500, -63.097
1502.3600, -64.701
1502.3700, -65.299
1502.3800, -64.570
1502.3900, -64.043
1502.4000, -64.287
1502.4100, -65.235
1502.4200, -66.575
1502.4300, -67.692
1502.4400, -67.344
1502.4500, -66.496
1502.4600, -66.887
1502.4700, -66.421
1502.4800, -65.959
1502.4900, -66.203
1502.5000, -65.025
1502.5100, -64.282
1502.5200, -64.252
1502.5300, -64.108
1502.5400, -64.090
1502.5500, -63.956
1502.5600, -63.863
1502.5700, -63.835
1502.5800, -64.072
1502.5900, -65.012
1502.6000, -65.335
1502.6100, -65.128
1502.6200, -65.036
1502.6300, -64.525
1502.6400, -64.235
1502.6500, -63.873
1502.6600, -62.943
1502.6700, -62.775
1502.6800, -63.256
1502.6900, -63.714
1502.7000, -64.504
1502.7100, -65.087
1502.7200, -65.186
1502.7300, -64.692
1502.7400, -64.529
1502.7500, -64.442
1502.7600, -63.722
1502.7700, -63.547
1502.7800, -63.498
1502.7900, -62.952
1502.8000, -62.787
1502.8100, -62.456
1502.8200, -61.970
1502.8300, -62.113
1502.8400, -62.279
1502.8500, -62.873
1502.8600, -64.210
1502.8700, -64.999
1502.8800, -64.613
1502.8900, -64.238
1502.9000, -64.311
1502.9100, -63.908
1502.9200, -63.615
1502.9300, -63.295
1502.9400, -63.289
1502.9500, -63.671
1502.9600, -63.867
1502.9700, -64.269
1502.9800, -65.329
1502.9900, -66.937
1503.0000, -67.266
1503.0100, -68.565
1503.0200, -70.210
1503.0300, -71.110
1503.0400, -74.672
1503.0500, -73.329
1503.0600, -70.293
1503.0700, -69.302
1503.0800, -70.047
1503.0900, -69.527
1503.1000, -69.939
1503.1100, -71.657
1503.1200, -70.452
1503.1300, -76.391
1503.1400,-210.000
1503.1500, -75.221
1503.1600, -73.951
1503.1700, -70.659
1503.1800, -69.701
1503.1900, -68.466
1503.2000, -67.871
1503.2100, -66.999
1503.2200, -67.774
1503.2300, -68.360
1503.2400, -65.831
1503.2500, -64.746
1503.2600, -64.230
1503.2700, -63.963
1503.2800, -63.684
1503.2900, -63.114
1503.3000, -62.424
1503.3100, -62.487
1503.3200, -62.936
1503.3300, -62.619
1503.3400, -62.971
1503.3500, -63.097
1503.3600, -62.519
1503.3700, -62.615
1503.3800, -63.111
1503.3900, -63.779
1503.4000, -64.256
1503.4100, -64.542
1503.4200, -63.959
1503.4300, -63.562
1503.4400, -64.553
1503.4500, -64.761
1503.4600, -64.759
1503.4700, -65.095
1503.4800, -65.093
1503.4900, -66.142
1503.5000, -67.754
1503.5100, -68.368
1503.5200, -69.225
1503.5300, -68.617
1503.5400, -66.708
1503.5500, -66.920
1503.5600, -68.080
1503.5700, -66.931
1503.5800, -64.468
1503.5900, -63.518
1503.6000, -64.053
1503.6100, -64.234
1503.6200, -64.722
1503.6300, -64.699
1503.6400, -64.330
1503.6500, -65.251
1503.6600, -65.478
1503.6700, -65.065
1503.6800, -65.457
1503.6900, -66.129
1503.7000, -66.704
1503.7100, -66.629
1503.7200, -65.657
1503.7300, -65.786
1503.7400, -65.869
1503.7500, -66.475
1503.7600, -67.741
1503.7700, -69.127
1503.7800, -70.108
1503.7900, -69.232
1503.8000, -67.611
1503.8100, -66.698
1503.8200, -65.960
1503.8300, -65.114
1503.8400, -64.710
1503.8500, -64.728
1503.8600, -64.943
1503.8700, -64.931
1503.8800, -65.307
1503.8900, -64.853
1503.9000, -63.557
1503.9100, -63.035
1503.9200, -62.869
1503.9300, -63.178
1503.9400, -63.434
1503.9500, -62.604
1503.9600, -62.479
1503.9700, -62.455
1503.9800, -62.612
1503.9900, -62.898
1504.0000, -63.103
1504.0100, -63.226
1504.0200, -63.244
1504.0300, -64.216
1504.0400, -64.451
1504.0500, -63.802
1504.0600, -64.178
1504.0700, -64.387
1504.0800, -63.755
1504.0900, -63.647
1504.1000, -64.043
1504.1100, -63.994
1504.1200, -64.216
1504.1300, -64.360
1504.1400, -64.059
1504.1500, -64.120
1504.1600, -63.774
1504.1700, -63.897
1504.1800, -64.057
1504.1900, -63.784
1504.2000, -63.363
1504.2100, -63.230
1504.2200, -62.706
1504.2300, -62.192
1504.2400, -62.658
1504.2500, -62.881
1504.2600, -62.135
1504.2700, -61.746
1504.2800, -61.479
1504.2900, -61.102
1504.3000, -60.993
1504.3100, -61.305
1504.3200, -61.664
1504.3300, -61.247
1504.3400, -60.776
1504.3500, -60.953
1504.3600, -60.927
1504.3700, -60.571
1504.3800, -60.701
1504.3900, -60.880
1504.4000, -60.850
1504.4100, -60.653
1504.4200, -60.799
1504.4300, -60.936
1504.4400, -60.888
1504.4500, -60.910
1504.4600, -61.149
1504.4700, -61.615
1504.4800, -62.057
1504.4900, -62.677
1504.5000, -63.076
1504.5100, -62.936
1504.5200, -62.685
1504.5300, -62.931
1504.5400, -63.929
1504.5500, -63.902
1504.5600, -63.811
1504.5700, -63.971
1504.5800, -63.220
1504.5900, -62.458
1504.6000, -62.167
1504.6100, -62.671
1504.6200, -63.614
1504.6300, -63.970
1504.6400, -63.794
1504.6500, -63.752
1504.6600, -63.494
1504.6700, -63.339
1504.6800, -62.687
1504.6900, -62.253
1504.7000, -62.117
1504.7100, -61.752
1504.7200, -61.441
1504.7300, -61.423
1504.7400, -61.565
1504.7500, -61.472
1504.7600, -61.408
1504.7700, -61.627
1504.7800, -61.977
1504.7900, -62.483
1504.8000, -62.713
1504.8100, -62.366
1504.8200, -61.455
1504.8300, -61.047
1504.8400, -60.863
1504.8500, -60.669
1504.8600, -60.854
1504.8700, -60.619
1504.8800, -60.718
1504.8900, -60.958
1504.9000, -61.068
1504.9100, -61.399
1504.9200, -61.441
1504.9300, -61.581
1504.9400, -61.606
1504.9500, -61.269
1504.9600, -61.132
1504.9700, -61.172
1504.9800, -60.754
1504.9900, -60.729
1505.0000, -61.059
1505.0100, -61.555
1505.0200, -62.224
1505.0300, -62.101
1505.0400, -62.153
1505.0500, -62.454
1505.0600, -62.395
1505.0700, -62.539
1505.0800, -62.924
1505.0900, -62.862
1505.1000, -62.683
1505.1100, -62.624
1505.1200, -62.821
1505.1300, -62.708
1505.1400, -62.583
1505.1500, -63.711
1505.1600, -64.423
1505.1700, -63.839
1505.1800, -64.554
1505.1900, -64.644
1505.2000, -63.731
1505.2100, -62.457
1505.2200, -61.930
1505.2300, -62.660
1505.2400, -63.116
1505.2500, -63.214
1505.2600, -62.694
1505.2700, -62.064
1505.2800, -61.842
1505.2900, -61.745
1505.3000, -61.494
1505.3100, -61.346
1505.3200, -61.243
1505.3300, -61.274
1505.3400, -61.273
1505.3500, -60.726
1505.3600, -60.702
1505.3700, -61.326
1505.3800, -61.446
1505.3900, -61.198
1505.4000, -61.135
1505.4100, -61.736
1505.4200, -62.106
1505.4300, -61.504
1505.4400, -61.391
1505.4500, -61.513
1505.4600, -61.409
1505.4700, -61.443
1505.4800, -61.541
1505.4900, -61.721
1505.5000, -62.340
1505.5100, -62.705
1505.5200, -62.544
1505.5300, -62.285
1505.5400, -61.959
1505.5500, -62.054
1505.5600, -61.875
1505.5700, -61.043
1505.5800, -60.749
1505.5900, -61.012
1505.6000, -61.353
1505.6100, -61.485
1505.6200, -61.530
1505.6300, -61.851
1505.6400, -61.473
1505.6500, -61.078
1505.6600, -61.648
1505.6700, -62.343
1505.6800, -62.116
1505.6900, -61.499
1505.7000, -61.068
1505.7100, -61.098
1505.7200, -61.487
1505.7300, -61.599
1505.7400, -61.665
1505.7500, -61.571
1505.7600, -61.430
1505.7700, -61.906
1505.7800, -62.042
1505.7900, -61.609
1505.8000, -61.368
1505.8100, -61.054
1505.8200, -60.855
1505.8300, -60.873
1505.8400, -61.146
1505.8500, -61.213
1505.8600, -61.085
1505.8700, -61.098
1505.8800, -61.185
1505.8900, -61.560
1505.9000, -61.775
1505.9100, -61.486
1505.9200, -61.568
1505.9300, -61.787
1505.9400, -61.609
1505.9500, -61.538
1505.9600, -61.408
1505.9700, -60.960
1505.9800, -60.785
1505.9900, -60.869
1506.0000, -60.782
1506.0100, -60.635
1506.0200, -60.482
1506.0300, -60.497
1506.0400, -60.504
1506.0500, -60.515
1506.0600, -60.565
1506.0700, -60.576
1506.0800, -60.677
1506.0900, -60.597
1506.1000, -60.437
1506.1100, -60.345
1506.1200, -60.044
1506.1300, -60.096
1506.1400, -60.290
1506.1500, -60.162
1506.1600, -60.244
1506.1700, -60.403
1506.1800, -60.286
1506.1900, -60.373
1506.2000, -60.823
1506.2100, -61.022
1506.2200, -60.949
1506.2300, -60.627
1506.2400, -60.531
1506.2500, -60.705
1506.2600, -60.737
1506.2700, -60.554
1506.2800, -60.363
1506.2900, -60.542
1506.3000, -60.688
1506.3100, -60.751
1506.3200, -61.052
1506.3300, -60.934
1506.3400, -60.668
1506.3500, -60.762
1506.3600, -60.860
1506.3700, -61.002
1506.3800, -61.422
1506.3900, -61.315
1506.4000, -60.869
1506.4100, -60.960
1506.4200, -61.090
1506.4300, -61.086
1506.4400, -60.786
1506.4500, -60.645
1506.4600, -60.490
1506.4700, -60.340
1506.4800, -60.489
1506.4900, -60.492
1506.5000, -60.511
1506.5100, -60.562
1506.5200, -60.384
1506.5300, -60.398
1506.5400, -60.721
1506.5500, -61.093
1506.5600, -61.304
1506.5700, -61.457
1506.5800, -61.774
1506.5900, -62.235
1506.6000, -62.462
1506.6100, -61.791
1506.6200, -61.598
1506.6300, -62.063
1506.6400, -62.278
1506.6500, -62.386
1506.6600, -62.826
1506.6700, -63.513
1506.6800, -63.641
1506.6900, -63.641
1506.7000, -63.503
1506.7100, -63.325
1506.7200, -63.075
1506.7300, -62.513
1506.7400, -62.549
1506.7500, -62.623
1506.7600, -62.279
1506.7700, -61.758
1506.7800, -61.196
1506.7900, -61.140
1506.8000, -61.016
1506.8100, -60.984
1506.8200, -60.974
1506.8300, -60.501
1506.8400, -60.335
1506.8500, -60.150
1506.8600, -60.022
1506.8700, -59.915
1506.8800, -59.729
1506.8900, -59.689
1506.9000, -59.560
1506.9100, -59.473
1506.9200, -59.622
1506.9300, -59.707
1506.9400, -59.629
1506.9500, -59.569
1506.9600, -59.646
1506.9700, -59.861
1506.9800, -60.102
1506.9900, -60.038
1507.0000, -60.061
1507.0100, -60.435
1507.0200, -60.793
1507.0300, -61.291
1507.0400, -61.249
1507.0500, -61.274
1507.0600, -61.262
1507.0700, -60.922
1507.0800, -60.997
1507.0900, -60.704
1507.1000, -60.381
1507.1100, -60.426
1507.1200, -60.277
1507.1300, -60.325
1507.1400, -60.404
1507.1500, -60.246
1507.1600, -60.099
1507.1700, -60.055
1507.1800, -59.872
1507.1900, -59.825
1507.2000, -60.042
1507.2100, -60.000
1507.2200, -59.847
1507.2300, -59.695
1507.2400, -59.958
1507.2500, -60.154
1507.2600, -60.334
1507.2700, -60.865
1507.2800, -60.908
1507.2900, -60.998
1507.3000, -61.690
1507.3100, -61.971
1507.3200, -61.733
1507.3300, -61.458
1507.3400, -61.165
1507.3500, -61.283
1507.3600, -61.562
1507.3700, -61.532
1507.3800, -61.464
1507.3900, -61.070
1507.4000, -60.860
1507.4100, -61.201
1507.4200, -61.308
1507.4300, -61.337
1507.4400, -61.439
1507.4500, -61.419
1507.4600, -61.078
1507.4700, -60.905
1507.4800, -61.095
1507.4900, -61.263
1507.5000, -61.327
1507.5100, -61.296
1507.5200, -61.824
1507.5300, -62.066
1507.5400, -61.821
1507.5500, -61.627
1507.5600, -61.320
1507.5700, -61.255
1507.5800, -61.478
1507.5900, -62.093
1507.6000, -61.824
1507.6100, -61.400
1507.6200, -61.426
1507.6300, -61.680
1507.6400, -61.366
1507.6500, -60.805
1507.6600, -60.811
1507.6700, -60.640
1507.6800, -60.427
1507.6900, -60.300
1507.7000, -59.993
1507.7100, -59.905
1507.7200, -59.866
1507.7300, -60.041
1507.7400, -60.341
1507.7500, -60.296
1507.7600, -60.411
1507.7700, -60.390
1507.7800, -60.015
1507.7900, -59.582
1507.8000, -59.608
1507.8100, -59.699
1507.8200, -59.518
1507.8300, -59.291
1507.8400, -59.429
1507.8500, -59.719
1507.8600, -59.809
1507.8700, -59.823
1507.8800, -59.880
1507.8900, -60.181
1507.9000, -60.195
1507.9100, -59.882
1507.9200, -59.633
1507.9300, -59.383
1507.9400, -59.208
1507.9500, -59.252
1507.9600, -59.404
1507.9700, -59.593
1507.9800, -59.847
1507.9900, -60.337
1508.0000, -60.551
1508.0100, -60.279
1508.0200, -60.411
1508.0300, -60.522
1508.0400, -60.446
1508.0500, -60.375
1508.0600, -60.220
1508.0700, -60.374
1508.0800, -60.392
1508.0900, -60.165
1508.1000, -60.188
1508.1100, -60.327
1508.1200, -60.566
1508.1300, -60.720
1508.1400, -60.675
1508.1500, -60.594
1508.1600, -60.263
1508.1700, -60.177
1508.1800, -60.389
1508.1900, -60.085
1508.2000, -59.851
1508.2100, -60.136
1508.2200, -60.277
1508.2300, -60.341
1508.2400, -60.231
1508.2500, -59.901
1508.2600, -59.727
1508.2700, -59.803
1508.2800, -59.931
1508.2900, -59.932
1508.3000, -60.166
1508.3100, -60.401
1508.3200, -60.238
1508.3300, -60.333
1508.3400, -60.485
1508.3500, -60.547
1508.3600, -60.509
1508.3700, -60.538
1508.3800, -60.511
1508.3900, -60.621
1508.4000, -60.990
1508.4100, -61.092
1508.4200, -60.956
1508.4300, -60.537
1508.4400, -60.417
1508.4500, -60.521
1508.4600, -60.393
1508.4700, -60.134
1508.4800, -60.239
1508.4900, -60.381
1508.5000, -59.913
1508.5100, -59.682
1508.5200, -59.741
1508.5300, -59.400
1508.5400, -59.225
1508.5500, -59.171
1508.5600, -59.252
1508.5700, -59.015
1508.5800, -58.701
1508.5900, -58.556
1508.6000, -58.392
1508.6100, -58.436
1508.6200, -58.395
1508.6300, -58.598
1508.6400, -58.742
1508.6500, -58.825
1508.6600, -59.302
1508.6700, -59.461
1508.6800, -59.115
1508.6900, -58.762
1508.7000, -58.827
1508.7100, -59.042
1508.7200, -58.895
1508.7300, -58.999
1508.7400, -59.264
1508.7500, -59.211
1508.7600, -59.067
1508.7700, -58.980
1508.7800, -58.950
1508.7900, -59.013
1508.8000, -58.860
1508.8100, -58.602
1508.8200, -58.636
1508.8300, -58.726
1508.8400, -58.795
1508.8500, -58.802
1508.8600, -58.554
1508.8700, -58.332
1508.8800, -58.250
1508.8900, -58.377
1508.9000, -58.461
1508.9100, -58.246
1508.9200, -58.208
1508.9300, -58.231
1508.9400, -57.988
1508.9500, -58.015
1508.9600, -58.261
1508.9700, -58.464
1508.9800, -58.731
1508.9900, -58.708
1509.0000, -58.703
1509.0100, -58.725
1509.0200, -58.665
1509.0300, -58.543
1509.0400, -58.497
1509.0500, -58.657
1509.0600, -58.653
1509.0700, -58.553
1509.0800, -58.574
1509.0900, -58.646
1509.1000, -58.624
1509.1100, -58.558
1509.1200, -58.616
1509.1300, -58.700
1509.1400, -58.808
1509.1500, -58.906
1509.1600, -58.794
1509.1700, -58.432
1509.1800, -58.192
1509.1900, -58.313
1509.2000, -58.455
1509.2100, -58.472
1509.2200, -58.453
1509.2300, -58.351
1509.2400, -58.301
1509.2500, -58.266
1509.2600, -58.245
1509.2700, -58.311
1509.2800, -58.289
1509.2900, -58.228
1509.3000, -58.379
1509.3100, -58.653
1509.3200, -58.632
1509.3300, -58.491
1509.3400, -58.511
1509.3500, -58.633
1509.3600, -58.795
1509.3700, -59.139
1509.3800, -59.125
1509.3900, -59.029
1509.4000, -59.138
1509.4100, -59.126
1509.4200, -59.087
1509.4300, -58.938
1509.4400, -58.783
1509.4500, -58.718
1509.4600, -58.696
1509.4700, -58.588
1509.4800, -58.542
1509.4900, -58.635
1509.5000, -58.573
1509.5100, -58.250
1509.5200, -58.163
1509.5300, -58.166
1509.5400, -58.111
1509.5500, -57.754
1509.5600, -57.471
1509.5700, -57.412
1509.5800, -57.379
1509.5900, -57.367
1509.6000, -57.318
1509.6100, -57.381
1509.6200, -57.326
1509.6300, -57.323
1509.6400, -57.385
1509.6500, -57.464
1509.6600, -57.623
1509.6700, -57.891
1509.6800, -58.035
1509.6900, -57.923
1509.7000, -57.821
1509.7100, -57.874
1509.7200, -57.850
1509.7300, -57.846
1509.7400, -57.785
1509.7500, -57.810
1509.7600, -57.986
1509.7700, -58.180
1509.7800, -58.134
1509.7900, -57.956
1509.8000, -57.862
1509.8100, -57.634
1509.8200, -57.726
1509.8300, -57.942
1509.8400, -57.929
1509.8500, -57.853
1509.8600, -57.726
1509.8700, -57.661
1509.8800, -57.794
1509.8900, -57.741
1509.9000, -57.705
1509.9100, -57.779
1509.9200, -57.770
1509.9300, -57.714
1509.9400, -57.866
1509.9500, -58.109
1509.9600, -58.130
1509.9700, -58.043
1509.9800, -58.043
1509.9900, -57.994
1510.0000, -58.034
1510.0100, -58.284
1510.0200, -58.231
1510.0300, -58.021
1510.0400, -58.025
1510.0500, -58.035
1510.0600, -58.043
1510.0700, -57.879
1510.0800, -57.582
1510.0900, -57.784
1510.1000, -57.996
1510.1100, -58.052
1510.1200, -58.233
1510.1300, -58.582
1510.1400, -58.695
1510.1500, -58.386
1510.1600, -58.230
1510.1700, -58.309
1510.1800, -58.354
1510.1900, -58.456
1510.2000, -58.449
1510.2100, -58.190
1510.2200, -58.199
1510.2300, -58.418
1510.2400, -58.656
1510.2500, -58.745
1510.2600, -58.658
1510.2700, -58.748
1510.2800, -58.732
1510.2900, -58.391
1510.3000, -58.198
1510.3100, -58.025
1510.3200, -57.972
1510.3300, -57.796
1510.3400, -57.504
1510.3500, -57.596
1510.3600, -57.702
1510.3700, -57.518
1510.3800, -57.531
1510.3900, -57.631
1510.4000, -57.688
1510.4100, -57.900
1510.4200, -57.915
1510.4300, -57.781
1510.4400, -57.652
1510.4500, -57.453
1510.4600, -57.348
1510.4700, -57.442
1510.4800, -57.762
1510.4900, -58.044
1510.5000, -58.089
1510.5100, -57.956
1510.5200, -57.710
1510.5300, -57.482
1510.5400, -57.467
1510.5500, -57.434
1510.5600, -57.200
1510.5700, -57.043
1510.5800, -56.930
1510.5900, -56.917
1510.6000, -56.846
1510.6100, -56.748
1510.6200, -56.779
1510.6300, -56.735
1510.6400, -56.541
1510.6500, -56.478
1510.6600, -56.539
1510.6700, -56.439
1510.6800, -56.291
1510.6900, -56.150
1510.7000, -56.031
1510.7100, -56.131
1510.7200, -56.282
1510.7300, -56.399
1510.7400, -56.427
1510.7500, -56.375
1510.7600, -56.361
1510.7700, -56.404
1510.7800, -56.420
1510.7900, -56.202
1510.8000, -56.133
1510.8100, -56.157
1510.8200, -56.036
1510.8300, -56.090
1510.8400, -56.212
1510.8500, -56.301
1510.8600, -56.223
1510.8700, -56.103
1510.8800, -56.137
1510.8900, -56.159
1510.9000, -56.195
1510.9100, -56.204
1510.9200, -56.201
1510.9300, -56.193
1510.9400, -56.099
1510.9500, -56.085
1510.9600, -56.248
1510.9700, -56.268
1510.9800, -56.289
1510.9900, -56.461
1511.0000, -56.496
1511.0100, -56.510
1511.0200, -56.527
1511.0300, -56.523
1511.0400, -56.571
1511.0500, -56.554
1511.0600, -56.676
1511.0700, -56.749
1511.0800, -56.624
1511.0900, -56.522
1511.1000, -56.497
1511.1100, -56.509
1511.1200, -56.325
1511.1300, -56.227
1511.1400, -56.421
1511.1500, -56.570
1511.1600, -56.490
1511.1700, -56.426
1511.1800, -56.401
1511.1900, -56.387
1511.2000, -56.326
1511.2100, -56.241
1511.2200, -56.241
1511.2300, -56.131
1511.2400, -56.095
1511.2500, -56.087
1511.2600, -56.027
1511.2700, -55.983
1511.2800, -55.875
1511.2900, -55.833
1511.3000, -55.837
1511.3100, -55.766
1511.3200, -55.847
1511.3300, -55.881
1511.3400, -55.756
1511.3500, -55.636
1511.3600, -55.544
1511.3700, -55.571
1511.3800, -55.643
1511.3900, -55.657
1511.4000, -55.650
1511.4100, -55.640
1511.4200, -55.684
1511.4300, -55.712
1511.4400, -55.660
1511.4500, -55.663
1511.4600, -55.541
1511.4700, -55.486
1511.4800, -55.601
1511.4900, -55.722
1511.5000, -55.748
1511.5100, -55.843
1511.5200, -55.892
1511.5300, -55.817
1511.5400, -55.755
1511.5500, -55.707
1511.5600, -55.737
1511.5700, -55.798
1511.5800, -55.832
1511.5900, -55.866
1511.6000, -55.886
1511.6100, -55.875
1511.6200, -55.809
1511.6300, -55.787
1511.6400, -55.789
1511.6500, -55.741
1511.6600, -55.831
1511.6700, -55.843
1511.6800, -55.830
1511.6900, -55.814
1511.7000, -55.844
1511.7100, -55.779
1511.7200, -55.602
1511.7300, -55.615
1511.7400, -55.680
1511.7500, -55.691
1511.7600, -55.653
1511.7700, -55.605
1511.7800, -55.596
1511.7900, -55.517
1511.8000, -55.458
1511.8100, -55.411
1511.8200, -55.368
1511.8300, -55.346
1511.8400, -55.276
1511.8500, -55.211
1511.8600, -55.196
1511.8700, -55.258
1511.8800, -55.275
1511.8900, -55.211
1511.9000, -55.044
1511.9100, -54.988
1511.9200, -55.029
1511.9300, -55.058
1511.9400, -55.150
1511.9500, -55.231
1511.9600, -55.259
1511.9700, -55.254
1511.9800, -55.209
1511.9900, -55.202
1512.0000, -55.212
1512.0100, -55.161
1512.0200, -55.082
1512.0300, -55.010
1512.0400, -54.932
1512.0500, -54.957
1512.0600, -55.098
1512.0700, -55.151
1512.0800, -55.091
1512.0900, -55.061
1512.1000, -55.090
1512.1100, -55.088
1512.1200, -55.123
1512.1300, -55.145
1512.1400, -55.019
1512.1500, -54.888
1512.1600, -54.853
1512.1700, -54.859
1512.1800, -54.809
1512.1900, -54.743
1512.2000, -54.728
1512.2100, -54.785
1512.2200, -54.895
1512.2300, -54.941
1512.2400, -54.927
1512.2500, -54.898
1512.2600, -54.835
1512.2700, -54.737
1512.2800, -54.700
1512.2900, -54.687
1512.3000, -54.738
1512.3100, -54.807
1512.3200, -54.810
1512.3300, -54.736
1512.3400, -54.757
1512.3500, -54.900
1512.3600, -54.916
1512.3700, -54.844
1512.3800, -54.830
1512.3900, -54.843
1512.4000, -54.900
1512.4100, -54.891
1512.4200, -54.828
1512.4300, -54.859
1512.4400, -54.904
1512.4500, -54.896
1512.4600, -54.915
1512.4700, -54.966
1512.4800, -55.017
1512.4900, -55.108
1512.5000, -55.062
1512.5100, -54.957
1512.5200, -54.922
1512.5300, -54.971
1512.5400, -54.984
1512.5500, -54.890
1512.5600, -54.944
1512.5700, -55.002
1512.5800, -54.949
1512.5900, -54.941
1512.6000, -54.877
1512.6100, -54.830
1512.6200, -54.778
1512.6300, -54.662
1512.6400, -54.686
1512.6500, -54.747
1512.6600, -54.586
1512.6700, -54.479
1512.6800, -54.396
1512.6900, -54.319
1512.7000, -54.365
1512.7100, -54.446
1512.7200, -54.522
1512.7300, -54.507
1512.7400, -54.470
1512.7500, -54.427
1512.7600, -54.352
1512.7700, -54.329
1512.7800, -54.351
1512.7900, -54.335
1512.8000, -54.358
1512.8100, -54.407
1512.8200, -54.440
1512.8300, -54.473
1512.8400, -54.495
1512.8500, -54.435
1512.8600, -54.462
1512.8700, -54.481
1512.8800, -54.492
1512.8900, -54.535
1512.9000, -54.450
1512.9100, -54.367
1512.9200, -54.360
1512.9300, -54.313
1512.9400, -54.235
1512.9500, -54.262
1512.9600, -54.238
1512.9700, -54.170
1512.9800, -54.191
1512.9900, -54.219
1513.0000, -54.164
1513.0100, -54.060
1513.0200, -54.005
1513.0300, -54.065
1513.0400, -54.081
1513.0500, -54.083
1513.0600, -54.088
1513.0700, -54.085
1513.0800, -54.057
1513.0900, -53.973
1513.1000, -53.984
1513.1100, -53.991
1513.1200, -53.960
1513.1300, -53.982
1513.1400, -53.940
1513.1500, -53.833
1513.1600, -53.787
1513.1700, -53.802
1513.1800, -53.815
1513.1900, -53.819
1513.2000, -53.885
1513.2100, -54.038
1513.2200, -54.121
1513.2300, -54.021
1513.2400, -53.960
1513.2500, -53.963
1513.2600, -53.893
1513.2700, -53.876
1513.2800, -53.907
1513.2900, -53.857
1513.3000, -53.808
1513.3100, -53.734
1513.3200, -53.609
1513.3300, -53.590
1513.3400, -53.629
1513.3500, -53.667
1513.3600, -53.779
1513.3700, -53.850
1513.3800, -53.795
1513.3900, -53.714
1513.4000, -53.644
1513.4100, -53.533
1513.4200, -53.493
1513.4300, -53.580
1513.4400, -53.582
1513.4500, -53.543
1513.4600, -53.616
1513.4700, -53.597
1513.4800, -53.532
1513.4900, -53.570
1513.5000, -53.594
1513.5100, -53.623
1513.5200, -53.675
1513.5300, -53.665
1513.5400, -53.697
1513.5500, -53.716
1513.5600, -53.664
1513.5700, -53.559
1513.5800, -53.471
1513.5900, -53.435
1513.6000, -53.343
1513.6100, -53.327
1513.6200, -53.343
1513.6300, -53.328
1513.6400, -53.363
1513.6500, -53.368
1513.6600, -53.325
1513.6700, -53.352
1513.6800, -53.352
1513.6900, -53.363
1513.7000, -53.408
1513.7100, -53.376
1513.7200, -53.338
1513.7300, -53.298
1513.7400, -53.240
1513.7500, -53.248
1513.7600, -53.250
1513.7700, -53.297
1513.7800, -53.361
1513.7900, -53.357
1513.8000, -53.356
1513.8100, -53.309
1513.8200, -53.291
1513.8300, -53.243
1513.8400, -53.192
1513.8500, -53.191
1513.8600, -53.117
1513.8700, -53.039
1513.8800, -53.051
1513.8900, -53.019
1513.9000, -52.988
1513.9100, -53.010
1513.9200, -53.012
1513.9300, -53.052
1513.9400, -53.090
1513.9500, -53.062
1513.9600, -53.026
1513.9700, -52.956
1513.9800, -52.917
1513.9900, -52.932
1514.0000, -52.953
1514.0100, -53.020
1514.0200, -53.051
1514.0300, -52.988
1514.0400, -52.896
1514.0500, -52.828
1514.0600, -52.832
1514.0700, -52.849
1514.0800, -52.842
1514.0900, -52.832
1514.1000, -52.782
1514.1100, -52.760
1514.1200, -52.758
1514.1300, -52.711
1514.1400, -52.694
1514.1500, -52.674
1514.1600, -52.628
1514.1700, -52.611
1514.1800, -52.638
1514.1900, -52.639
1514.2000, -52.607
1514.2100, -52.556
1514.2200, -52.489
1514.2300, -52.508
1514.2400, -52.571
1514.2500, -52.583
1514.2600, -52.578
1514.2700, -52.573
1514.2800, -52.569
1514.2900, -52.580
1514.3000, -52.573
1514.3100, -52.571
1514.3200, -52.568
1514.3300, -52.518
1514.3400, -52.506
1514.3500, -52.497
1514.3600, -52.474
1514.3700, -52.481
1514.3800, -52.456
1514.3900, -52.442
1514.4000, -52.458
1514.4100, -52.505
1514.4200, -52.546
1514.4300, -52.568
1514.4400, -52.549
1514.4500, -52.550
1514.4600, -52.569
1514.4700, -52.583
1514.4800, -52.566
1514.4900, -52.517
1514.5000, -52.532
1514.5100, -52.506
1514.5200, -52.452
1514.5300, -52.472
1514.5400, -52.449
1514.5500, -52.499
1514.5600, -52.550
1514.5700, -52.528
1514.5800, -52.555
1514.5900, -52.593
1514.6000, -52.608
1514.6100, -52.520
1514.6200, -52.392
1514.6300, -52.300
1514.6400, -52.278
1514.6500, -52.273
1514.6600, -52.250
1514.6700, -52.173
1514.6800, -52.154
1514.6900, -52.173
1514.7000, -52.142
1514.7100, -52.152
1514.7200, -52.162
1514.7300, -52.151
1514.7400, -52.182
1514.7500, -52.118
1514.7600, -52.055
1514.7700, -52.044
1514.7800, -51.999
1514.7900, -51.944
1514.8000, -51.913
1514.8100, -51.923
1514.8200, -51.955
1514.8300, -51.957
1514.8400, -51.920
1514.8500, -51.928
1514.8600, -51.958
1514.8700, -51.999
1514.8800, -51.993
1514.8900, -51.988
1514.9000, -51.970
1514.9100, -51.883
1514.9200, -51.836
1514.9300, -51.811
1514.9400, -51.735
1514.9500, -51.704
1514.9600, -51.688
1514.9700, -51.665
1514.9800, -51.627
1514.9900, -51.622
1515.0000, -51.631
1515.0100, -51.609
1515.0200, -51.581
1515.0300, -51.567
1515.0400, -51.577
1515.0500, -51.507
1515.0600, -51.429
1515.0700, -51.415
1515.0800, -51.398
1515.0900, -51.348
1515.1000, -51.317
1515.1100, -51.339
1515.1200, -51.377
1515.1300, -51.399
1515.1400, -51.395
1515.1500, -51.373
1515.1600, -51.378
1515.1700, -51.389
1515.1800, -51.425
1515.1900, -51.448
1515.2000, -51.423
1515.2100, -51.426
1515.2200, -51.433
1515.2300, -51.422
1515.2400, -51.414
1515.2500, -51.462
1515.2600, -51.503
1515.2700, -51.475
1515.2800, -51.483
1515.2900, -51.521
1515.3000, -51.499
1515.3100, -51.484
1515.3200, -51.475
1515.3300, -51.431
1515.3400, -51.379
1515.3500, -51.350
1515.3600, -51.366
1515.3700, -51.375
1515.3800, -51.349
1515.3900, -51.299
1515.4000, -51.282
1515.4100, -51.239
1515.4200, -51.243
1515.4300, -51.298
1515.4400, -51.299
1515.4500, -51.296
1515.4600, -51.291
1515.4700, -51.272
1515.4800, -51.233
1515.4900, -51.212
1515.5000, -51.235
1515.5100, -51.241
1515.5200, -51.246
1515.5300, -51.246
1515.5400, -51.242
1515.5500, -51.239
1515.5600, -51.202
1515.5700, -51.194
1515.5800, -51.174
1515.5900, -51.145
1515.6000, -51.140
1515.6100, -51.137
1515.6200, -51.103
1515.6300, -51.065
1515.6400, -51.045
1515.6500, -51.008
1515.6600, -50.969
1515.6700, -50.972
1515.6800, -50.994
1515.6900, -50.984
1515.7000, -50.963
1515.7100, -50.954
1515.7200, -50.960
1515.7300, -51.000
1515.7400, -51.049
1515.7500, -51.049
1515.7600, -51.024
1515.7700, -50.997
1515.7800, -51.032
1515.7900, -51.057
1515.8000, -51.049
1515.8100, -51.059
1515.8200, -51.067
1515.8300, -51.059
1515.8400, -51.051
1515.8500, -51.041
1515.8600, -51.047
1515.8700, -51.079
1515.8800, -51.049
1515.8900, -50.969
1515.9000, -50.950
1515.9100, -50.942
1515.9200, -50.887
1515.9300, -50.847
1515.9400, -50.835
1515.9500, -50.824
1515.9600, -50.840
1515.9700, -50.837
1515.9800, -50.752
1515.9900, -50.719
1516.0000, -50.710
1516.0100, -50.680
1516.0200, -50.658
1516.0300, -50.636
1516.0400, -50.611
1516.0500, -50.555
1516.0600, -50.501
1516.0700, -50.434
1516.0800, -50.398
1516.0900, -50.431
1516.1000, -50.417
1516.1100, -50.412
1516.1200, -50.440
1516.1300, -50.402
1516.1400, -50.327
1516.1500, -50.310
1516.1600, -50.269
1516.1700, -50.217
1516.1800, -50.233
1516.1900, -50.236
1516.2000, -50.191
1516.2100, -50.151
1516.2200, -50.158
1516.2300, -50.145
1516.2400, -50.132
1516.2500, -50.187
1516.2600, -50.227
1516.2700, -50.224
1516.2800, -50.248
1516.2900, -50.261
1516.3000, -50.250
1516.3100, -50.193
1516.3200, -50.144
1516.3300, -50.149
1516.3400, -50.144
1516.3500, -50.142
1516.3600, -50.164
1516.3700, -50.161
1516.3800, -50.136
1516.3900, -50.087
1516.4000, -50.061
1516.4100, -50.076
1516.4200, -50.046
1516.4300, -50.035
1516.4400, -50.035
1516.4500, -50.001
1516.4600, -49.973
1516.4700, -49.951
1516.4800, -49.903
1516.4900, -49.874
1516.5000, -49.856
1516.5100, -49.851
1516.5200, -49.821
1516.5300, -49.792
1516.5400, -49.818
1516.5500, -49.808
1516.5600, -49.780
1516.5700, -49.791
1516.5800, -49.774
1516.5900, -49.750
1516.6000, -49.771
1516.6100, -49.759
1516.6200, -49.737
1516.6300, -49.727
1516.6400, -49.720
1516.6500, -49.706
1516.6600, -49.699
1516.6700, -49.705
1516.6800, -49.724
1516.6900, -49.707
1516.7000, -49.713
1516.7100, -49.734
1516.7200, -49.718
1516.7300, -49.700
1516.7400, -49.680
1516.7500, -49.657
1516.7600, -49.632
1516.7700, -49.606
1516.7800, -49.592
1516.7900, -49.605
1516.8000, -49.590
1516.8100, -49.563
1516.8200, -49.557
1516.8300, -49.559
1516.8400, -49.557
1516.8500, -49.536
1516.8600, -49.532
1516.8700, -49.554
1516.8800, -49.525
1516.8900, -49.490
1516.9000, -49.491
1516.9100, -49.465
1516.9200, -49.455
1516.9300, -49.454
1516.9400, -49.433
1516.9500, -49.421
1516.9600, -49.414
1516.9700, -49.437
1516.9800, -49.471
1516.9900, -49.465
1517.0000, -49.454
1517.0100, -49.482
1517.0200, -49.468
1517.0300, -49.420
1517.0400, -49.385
1517.0500, -49.369
1517.0600, -49.344
1517.0700, -49.288
1517.0800, -49.262
1517.0900, -49.282
1517.1000, -49.291
1517.1100, -49.311
1517.1200, -49.367
1517.1300, -49.357
1517.1400, -49.323
1517.1500, -49.321
1517.1600, -49.309
1517.1700, -49.255
1517.1800, -49.228
1517.1900, -49.225
1517.2000, -49.214
1517.2100, -49.209
1517.2200, -49.208
1517.2300, -49.187
1517.2400, -49.180
1517.2500, -49.177
1517.2600, -49.139
1517.2700, -49.123
1517.2800, -49.119
1517.2900, -49.083
1517.3000, -49.032
1517.3100, -48.998
1517.3200, -48.941
1517.3300, -48.936
1517.3400, -48.971
1517.3500, -48.952
1517.3600, -48.928
1517.3700, -48.937
1517.3800, -48.914
1517.3900, -48.892
1517.4000, -48.884
1517.4100, -48.835
1517.4200, -48.799
1517.4300, -48.808
1517.4400, -48.790
1517.4500, -48.772
1517.4600, -48.784
1517.4700, -48.785
1517.4800, -48.789
1517.4900, -48.790
1517.5000, -48.789
1517.5100, -48.792
1517.5200, -48.805
1517.5300, -48.802
1517.5400, -48.769
1517.5500, -48.763
1517.5600, -48.752
1517.5700, -48.705
1517.5800, -48.680
1517.5900, -48.679
1517.6000, -48.659
1517.6100, -48.640
1517.6200, -48.650
1517.6300, -48.632
1517.6400, -48.616
1517.6500, -48.610
1517.6600, -48.603
1517.6700, -48.597
1517.6800, -48.605
1517.6900, -48.598
1517.7000, -48.556
1517.7100, -48.522
1517.7200, -48.467
1517.7300, -48.429
1517.7400, -48.426
1517.7500, -48.415
1517.7600, -48.409
1517.7700, -48.425
1517.7800, -48.436
1517.7900, -48.431
1517.8000, -48.432
1517.8100, -48.441
1517.8200, -48.431
1517.8300, -48.416
1517.8400, -48.417
1517.8500, -48.416
1517.8600, -48.389
1517.8700, -48.379
1517.8800, -48.363
1517.8900, -48.344
1517.9000, -48.355
1517.9100, -48.368
1517.9200, -48.386
1517.9300, -48.390
1517.9400, -48.383
1517.9500, -48.371
1517.9600, -48.381
1517.9700, -48.371
1517.9800, -48.339
1517.9900, -48.319
1518.0000, -48.309
1518.0100, -48.280
1518.0200, -48.261
1518.0300, -48.257
1518.0400, -48.239
1518.0500, -48.206
1518.0600, -48.199
1518.0700, -48.195
1518.0800, -48.158
1518.0900, -48.145
1518.1000, -48.144
1518.1100, -48.123
1518.1200, -48.111
1518.1300, -48.098
1518.1400, -48.073
1518.1500, -48.076
1518.1600, -48.054
1518.1700, -48.041
1518.1800, -48.047
1518.1900, -48.038
1518.2000, -48.020
1518.2100, -48.028
1518.2200, -48.024
1518.2300, -48.011
1518.2400, -48.003
1518.2500, -47.987
1518.2600, -47.963
1518.2700, -47.926
1518.2800, -47.930
1518.2900, -47.941
1518.3000, -47.913
1518.3100, -47.872
1518.3200, -47.845
1518.3300, -47.837
1518.3400, -47.838
1518.3500, -47.831
1518.3600, -47.834
1518.3700, -47.832
1518.3800, -47.831
1518.3900, -47.826
1518.4000, -47.812
1518.4100, -47.802
1518.4200, -47.790
1518.4300, -47.782
1518.4400, -47.784
1518.4500, -47.786
1518.4600, -47.778
1518.4700, -47.777
1518.4800, -47.765
1518.4900, -47.760
1518.5000, -47.782
1518.5100, -47.788
1518.5200, -47.772
1518.5300, -47.760
1518.5400, -47.743
1518.5500, -47.708
1518.5600, -47.683
1518.5700, -47.656
1518.5800, -47.616
1518.5900, -47.587
1518.6000, -47.588
1518.6100, -47.586
1518.6200, -47.567
1518.6300, -47.555
1518.6400, -47.531
1518.6500, -47.505
1518.6600, -47.492
1518.6700, -47.493
1518.6800, -47.499
1518.6900, -47.483
1518.7000, -47.442
1518.7100, -47.417
1518.7200, -47.416
1518.7300, -47.395
1518.7400, -47.390
1518.7500, -47.401
1518.7600, -47.388
1518.7700, -47.365
1518.7800, -47.348
1518.7900, -47.339
1518.8000, -47.305
1518.8100, -47.274
1518.8200, -47.282
1518.8300, -47.276
1518.8400, -47.259
1518.8500, -47.256
1518.8600, -47.246
1518.8700, -47.223
1518.8800, -47.196
1518.8900, -47.169
1518.9000, -47.156
1518.9100, -47.146
1518.9200, -47.137
1518.9300, -47.144
1518.9400, -47.139
1518.9500, -47.118
1518.9600, -47.120
1518.9700, -47.132
1518.9800, -47.125
1518.9900, -47.103
1519.0000, -47.097
1519.0100, -47.101
1519.0200, -47.070
1519.0300, -47.030
1519.0400, -47.013
1519.0500, -47.007
1519.0600, -46.998
1519.0700, -46.984
1519.0800, -46.979
1519.0900, -46.965
1519.1000, -46.947
1519.1100, -46.932
1519.1200, -46.908
1519.1300, -46.875
1519.1400, -46.846
1519.1500, -46.833
1519.1600, -46.805
1519.1700, -46.774
1519.1800, -46.763
1519.1900, -46.760
1519.2000, -46.747
1519.2100, -46.734
1519.2200, -46.733
1519.2300, -46.739
1519.2400, -46.724
1519.2500, -46.706
1519.2600, -46.710
1519.2700, -46.696
1519.2800, -46.664
1519.2900, -46.645
1519.3000, -46.629
1519.3100, -46.625
1519.3200, -46.620
1519.3300, -46.614
1519.3400, -46.607
1519.3500, -46.594
1519.3600, -46.578
1519.3700, -46.568
1519.3800, -46.559
1519.3900, -46.541
1519.4000, -46.533
1519.4100, -46.512
1519.4200, -46.496
1519.4300, -46.494
1519.4400, -46.495
1519.4500, -46.480
1519.4600, -46.450
1519.4700, -46.439
1519.4800, -46.432
1519.4900, -46.428
1519.5000, -46.437
1519.5100, -46.425
1519.5200, -46.398
1519.5300, -46.395
1519.5400, -46.385
1519.5500, -46.358
1519.5600, -46.361
1519.5700, -46.361
1519.5800, -46.351
1519.5900, -46.363
1519.6000, -46.361
1519.6100, -46.346
1519.6200, -46.328
1519.6300, -46.310
1519.6400, -46.289
1519.6500, -46.277
1519.6600, -46.282
1519.6700, -46.272
1519.6800, -46.252
1519.6900, -46.221
1519.7000, -46.193
1519.7100, -46.189
1519.7200, -46.185
1519.7300, -46.156
1519.7400, -46.140
1519.7500, -46.139
1519.7600, -46.123
1519.7700, -46.111
1519.7800, -46.105
1519.7900, -46.092
1519.8000, -46.076
1519.8100, -46.071
1519.8200, -46.070
1519.8300, -46.056
1519.8400, -46.051
1519.8500, -46.045
1519.8600, -46.017
1519.8700, -46.001
1519.8800, -46.008
1519.8900, -46.026
1519.9000, -46.022
1519.9100, -45.997
1519.9200, -45.982
1519.9300, -45.967
1519.9400, -45.955
1519.9500, -45.944
1519.9600, -45.927
1519.9700, -45.913
1519.9800, -45.889
1519.9900, -45.859
1520.0000, -45.843
1520.0100, -45.826
1520.0200, -45.804
1520.0300, -45.801
1520.0400, -45.800
1520.0500, -45.790
1520.0600, -45.788
1520.0700, -45.780
1520.0800, -45.764
1520.0900, -45.747
1520.1000, -45.748
1520.1100, -45.758
1520.1200, -45.752
1520.1300, -45.749
1520.1400, -45.739
1520.1500, -45.742
1520.1600, -45.744
1520.1700, -45.729
1520.1800, -45.725
1520.1900, -45.712
1520.2000, -45.699
1520.2100, -45.698
1520.2200, -45.697
1520.2300, -45.685
1520.2400, -45.665
1520.2500, -45.653
1520.2600, -45.643
1520.2700, -45.625
1520.2800, -45.610
1520.2900, -45.591
1520.3000, -45.565
1520.3100, -45.539
1520.3200, -45.530
1520.3300, -45.530
1520.3400, -45.526
1520.3500, -45.499
1520.3600, -45.475
1520.3700, -45.467
1520.3800, -45.457
1520.3900, -45.456
1520.4000, -45.449
1520.4100, -45.431
1520.4200, -45.420
1520.4300, -45.410
1520.4400, -45.395
1520.4500, -45.384
1520.4600, -45.370
1520.4700, -45.364
1520.4800, -45.350
1520.4900, -45.337
1520.5000, -45.329
1520.5100, -45.309
1520.5200, -45.293
1520.5300, -45.283
1520.5400, -45.263
1520.5500, -45.251
1520.5600, -45.240
1520.5700, -45.217
1520.5800, -45.205
1520.5900, -45.201
1520.6000, -45.190
1520.6100, -45.171
1520.6200, -45.152
1520.6300, -45.136
1520.6400, -45.126
1520.6500, -45.115
1520.6600, -45.107
1520.6700, -45.098
1520.6800, -45.084
1520.6900, -45.073
1520.7000, -45.057
1520.7100, -45.055
1520.7200, -45.052
1520.7300, -45.027
1520.7400, -45.011
1520.7500, -45.001
1520.7600, -44.995
1520.7700, -44.993
1520.7800, -44.976
1520.7900, -44.953
1520.8000, -44.936
1520.8100, -44.919
1520.8200, -44.911
1520.8300, -44.906
1520.8400, -44.897
1520.8500, -44.880
1520.8600, -44.859
1520.8700, -44.839
1520.8800, -44.830
1520.8900, -44.823
1520.9000, -44.812
1520.9100, -44.790
1520.9200, -44.772
1520.9300, -44.775
1520.9400, -44.772
1520.9500, -44.754
1520.9600, -44.737
1520.9700, -44.725
1520.9800, -44.718
1520.9900, -44.704
1521.0000, -44.688
1521.0100, -44.682
1521.0200, -44.673
1521.0300, -44.659
1521.0400, -44.636
1521.0500, -44.627
1521.0600, -44.625
1521.0700, -44.610
1521.0800, -44.604
1521.0900, -44.592
1521.1000, -44.583
1521.1100, -44.584
1521.1200, -44.571
1521.1300, -44.549
1521.1400, -44.529
1521.1500, -44.516
1521.1600, -44.501
1521.1700, -44.487
1521.1800, -44.483
1521.1900, -44.471
1521.2000, -44.463
1521.2100, -44.461
1521.2200, -44.443
1521.2300, -44.421
1521.2400, -44.424
1521.2500, -44.415
1521.2600, -44.390
1521.2700, -44.384
1521.2800, -44.375
1521.2900, -44.367
1521.3000, -44.352
1521.3100, -44.338
1521.3200, -44.331
1521.3300, -44.312
1521.3400, -44.301
1521.3500, -44.300
1521.3600, -44.300
1521.3700, -44.286
1521.3800, -44.265
1521.3900, -44.261
1521.4000, -44.254
1521.4100, -44.235
1521.4200, -44.217
1521.4300, -44.201
1521.4400, -44.180
1521.4500, -44.169
1521.4600, -44.167
1521.4700, -44.154
1521.4800, -44.132
1521.4900, -44.108
1521.5000, -44.099
1521.5100, -44.089
1521.5200, -44.072
1521.5300, -44.061
1521.5400, -44.049
1521.5500, -44.035
1521.5600, -44.020
1521.5700, -44.010
1521.5800, -44.004
1521.5900, -43.991
1521.6000, -43.977
1521.6100, -43.965
1521.6200, -43.959
1521.6300, -43.957
1521.6400, -43.954
1521.6500, -43.941
1521.6600, -43.925
1521.6700, -43.916
1521.6800, -43.915
1521.6900, -43.917
1521.7000, -43.909
1521.7100, -43.896
1521.7200, -43.888
1521.7300, -43.886
1521.7400, -43.886
1521.7500, -43.874
1521.7600, -43.864
1521.7700, -43.851
1521.7800, -43.835
1521.7900, -43.821
1521.8000, -43.809
1521.8100, -43.802
1521.8200, -43.790
1521.8300, -43.771
1521.8400, -43.753
1521.8500, -43.736
1521.8600, -43.722
1521.8700, -43.707
1521.8800, -43.687
1521.8900, -43.665
1521.9000, -43.649
1521.9100, -43.642
1521.9200, -43.636
1521.9300, -43.619
1521.9400, -43.593
1521.9500, -43.574
1521.9600, -43.558
1521.9700, -43.544
1521.9800, -43.534
1521.9900, -43.519
1522.0000, -43.502
1522.0100, -43.485
1522.0200, -43.471
1522.0300, -43.461
1522.0400, -43.448
1522.0500, -43.438
1522.0600, -43.425
1522.0700, -43.408
1522.0800, -43.396
1522.0900, -43.386
1522.1000, -43.377
1522.1100, -43.361
1522.1200, -43.344
1522.1300, -43.334
1522.1400, -43.327
1522.1500, -43.316
1522.1600, -43.298
1522.1700, -43.291
1522.1800, -43.279
1522.1900, -43.265
1522.2000, -43.256
1522.2100, -43.239
1522.2200, -43.222
1522.2300, -43.213
1522.2400, -43.205
1522.2500, -43.192
1522.2600, -43.192
1522.2700, -43.188
1522.2800, -43.172
1522.2900, -43.157
1522.3000, -43.141
1522.3100, -43.128
1522.3200, -43.112
1522.3300, -43.097
1522.3400, -43.082
1522.3500, -43.077
1522.3600, -43.077
1522.3700, -43.061
1522.3800, -43.047
1522.3900, -43.038
1522.4000, -43.030
1522.4100, -43.027
1522.4200, -43.023
1522.4300, -43.003
1522.4400, -42.984
1522.4500, -42.974
1522.4600, -42.958
1522.4700, -42.953
1522.4800, -42.949
1522.4900, -42.937
1522.5000, -42.921
1522.5100, -42.909
1522.5200, -42.906
1522.5300, -42.899
1522.5400, -42.890
1522.5500, -42.872
1522.5600, -42.847
1522.5700, -42.831
1522.5800, -42.821
1522.5900, -42.811
1522.6000, -42.795
1522.6100, -42.778
1522.6200, -42.766
1522.6300, -42.758
1522.6400, -42.749
1522.6500, -42.739
1522.6600, -42.726
1522.6700, -42.704
1522.6800, -42.688
1522.6900, -42.677
1522.7000, -42.673
1522.7100, -42.659
1522.7200, -42.639
1522.7300, -42.629
1522.7400, -42.620
1522.7500, -42.609
1522.7600, -42.598
1522.7700, -42.584
1522.7800, -42.567
1522.7900, -42.549
1522.8000, -42.537
1522.8100, -42.521
1522.8200, -42.505
1522.8300, -42.491
1522.8400, -42.477
1522.8500, -42.464
1522.8600, -42.455
1522.8700, -42.447
1522.8800, -42.436
1522.8900, -42.423
1522.9000, -42.403
1522.9100, -42.389
1522.9200, -42.377
1522.9300, -42.358
1522.9400, -42.344
1522.9500, -42.336
1522.9600, -42.329
1522.9700, -42.322
1522.9800, -42.314
1522.9900, -42.302
1523.0000, -42.290
1523.0100, -42.284
1523.0200, -42.279
1523.0300, -42.270
1523.0400, -42.257
1523.0500, -42.240
1523.0600, -42.219
1523.0700, -42.204
1523.0800, -42.192
1523.0900, -42.182
1523.1000, -42.175
1523.1100, -42.168
1523.1200, -42.159
1523.1300, -42.148
1523.1400, -42.135
1523.1500, -42.121
1523.1600, -42.106
1523.1700, -42.089
1523.1800, -42.072
1523.1900, -42.061
1523.2000, -42.046
1523.2100, -42.028
1523.2200, -42.015
1523.2300, -42.003
1523.2400, -41.991
1523.2500, -41.976
1523.2600, -41.966
1523.2700, -41.957
1523.2800, -41.944
1523.2900, -41.933
1523.3000, -41.918
1523.3100, -41.905
1523.3200, -41.890
1523.3300, -41.876
1523.3400, -41.864
1523.3500, -41.852
1523.3600, -41.841
1523.3700, -41.833
1523.3800, -41.822
1523.3900, -41.807
1523.4000, -41.794
1523.4100, -41.779
1523.4200, -41.763
1523.4300, -41.754
1523.4400, -41.746
1523.4500, -41.742
1523.4600, -41.732
1523.4700, -41.713
1523.4800, -41.702
1523.4900, -41.696
1523.5000, -41.686
1523.5100, -41.672
1523.5200, -41.660
1523.5300, -41.648
1523.5400, -41.638
1523.5500, -41.626
1523.5600, -41.612
1523.5700, -41.599
1523.5800, -41.591
1523.5900, -41.583
1523.6000, -41.577
1523.6100, -41.574
1523.6200, -41.561
1523.6300, -41.544
1523.6400, -41.533
1523.6500, -41.520
1523.6600, -41.505
1523.6700, -41.494
1523.6800, -41.479
1523.6900, -41.461
1523.7000, -41.444
1523.7100, -41.433
1523.7200, -41.422
1523.7300, -41.412
1523.7400, -41.402
1523.7500, -41.390
1523.7600, -41.379
1523.7700, -41.365
1523.7800, -41.348
1523.7900, -41.333
1523.8000, -41.315
1523.8100, -41.299
1523.8200, -41.288
1523.8300, -41.275
1523.8400, -41.257
1523.8500, -41.240
1523.8600, -41.226
1523.8700, -41.211
1523.8800, -41.199
1523.8900, -41.190
1523.9000, -41.184
1523.9100, -41.172
1523.9200, -41.160
1523.9300, -41.145
1523.9400, -41.127
1523.9500, -41.114
1523.9600, -41.106
1523.9700, -41.100
1523.9800, -41.089
1523.9900, -41.076
1524.0000, -41.068
1524.0100, -41.058
1524.0200, -41.044
1524.0300, -41.033
1524.0400, -41.026
1524.0500, -41.018
1524.0600, -41.011
1524.0700, -41.002
1524.0800, -40.988
1524.0900, -40.973
1524.1000, -40.961
1524.1100, -40.951
1524.1200, -40.937
1524.1300, -40.926
1524.1400, -40.915
1524.1500, -40.899
1524.1600, -40.881
1524.1700, -40.865
1524.1800, -40.850
1524.1900, -40.837
1524.2000, -40.822
1524.2100, -40.808
1524.2200, -40.798
1524.2300, -40.783
1524.2400, -40.768
1524.2500, -40.755
1524.2600, -40.742
1524.2700, -40.727
1524.2800, -40.714
1524.2900, -40.703
1524.3000, -40.686
1524.3100, -40.670
1524.3200, -40.656
1524.3300, -40.642
1524.3400, -40.629
1524.3500, -40.618
1524.3600, -40.610
1524.3700, -40.598
1524.3800, -40.587
1524.3900, -40.578
1524.4000, -40.567
1524.4100, -40.554
1524.4200, -40.541
1524.4300, -40.529
1524.4400, -40.517
1524.4500, -40.503
1524.4600, -40.489
1524.4700, -40.482
1524.4800, -40.473
1524.4900, -40.462
1524.5000, -40.453
1524.5100, -40.442
1524.5200, -40.431
1524.5300, -40.420
1524.5400, -40.408
1524.5500, -40.395
1524.5600, -40.379
1524.5700, -40.365
1524.5800, -40.356
1524.5900, -40.343
1524.6000, -40.330
1524.6100, -40.321
1524.6200, -40.312
1524.6300, -40.302
1524.6400, -40.289
1524.6500, -40.276
1524.6600, -40.264
1524.6700, -40.249
1524.6800, -40.232
1524.6900, -40.217
1524.7000, -40.202
1524.7100, -40.191
1524.7200, -40.179
1524.7300, -40.168
1524.7400, -40.158
1524.7500, -40.147
1524.7600, -40.138
1524.7700, -40.129
1524.7800, -40.116
1524.7900, -40.105
1524.8000, -40.094
1524.8100, -40.082
1524.8200, -40.064
1524.8300, -40.049
1524.8400, -40.037
1524.8500, -40.026
1524.8600, -40.017
1524.8700, -40.006
1524.8800, -39.997
1524.8900, -39.987
1524.9000, -39.974
1524.9100, -39.962
1524.9200, -39.950
1524.9300, -39.938
1524.9400, -39.922
1524.9500, -39.908
1524.9600, -39.892
1524.9700, -39.874
1524.9800, -39.862
1524.9900, -39.850
1525.0000, -39.837
1525.0100, -39.825
1525.0200, -39.817
1525.0300, -39.809
1525.0400, -39.795
1525.0500, -39.782
1525.0600, -39.769
1525.0700, -39.755
1525.0800, -39.742
1525.0900, -39.730
1525.1000, -39.718
1525.1100, -39.708
1525.1200, -39.698
1525.1300, -39.686
1525.1400, -39.677
1525.1500, -39.666
1525.1600, -39.656
1525.1700, -39.648
1525.1800, -39.633
1525.1900, -39.619
1525.2000, -39.608
1525.2100, -39.593
1525.2200, -39.578
1525.2300, -39.563
1525.2400, -39.553
1525.2500, -39.545
1525.2600, -39.534
1525.2700, -39.520
1525.2800, -39.505
1525.2900, -39.494
1525.3000, -39.481
1525.3100, -39.466
1525.3200, -39.453
1525.3300, -39.442
1525.3400, -39.430
1525.3500, -39.419
1525.3600, -39.406
1525.3700, -39.394
1525.3800, -39.385
1525.3900, -39.374
1525.4000, -39.363
1525.4100, -39.351
1525.4200, -39.339
1525.4300, -39.331
1525.4400, -39.319
1525.4500, -39.302
1525.4600, -39.285
1525.4700, -39.274
1525.4800, -39.265
1525.4900, -39.256
1525.5000, -39.246
1525.5100, -39.233
1525.5200, -39.218
1525.5300, -39.205
1525.5400, -39.191
1525.5500, -39.176
1525.5600, -39.166
1525.5700, -39.155
1525.5800, -39.142
1525.5900, -39.128
1525.6000, -39.113
1525.6100, -39.101
1525.6200, -39.089
1525.6300, -39.076
1525.6400, -39.064
1525.6500, -39.054
1525.6600, -39.045
1525.6700, -39.035
1525.6800, -39.023
1525.6900, -39.008
1525.7000, -38.998
1525.7100, -38.989
1525.7200, -38.979
1525.7300, -38.969
1525.7400, -38.958
1525.7500, -38.947
1525.7600, -38.937
1525.7700, -38.924
1525.7800, -38.913
1525.7900, -38.905
1525.8000, -38.894
1525.8100, -38.880
1525.8200, -38.868
1525.8300, -38.854
1525.8400, -38.842
1525.8500, -38.830
1525.8600, -38.818
1525.8700, -38.805
1525.8800, -38.795
1525.8900, -38.785
1525.9000, -38.771
1525.9100, -38.758
1525.9200, -38.744
1525.9300, -38.732
1525.9400, -38.722
1525.9500, -38.711
1525.9600, -38.698
1525.9700, -38.687
1525.9800, -38.675
1525.9900, -38.659
1526.0000, -38.646
1526.0100, -38.638
1526.0200, -38.627
1526.0300, -38.616
1526.0400, -38.606
1526.0500, -38.593
1526.0600, -38.581
1526.0700, -38.568
1526.0800, -38.556
1526.0900, -38.543
1526.1000, -38.532
1526.1100, -38.524
1526.1200, -38.513
1526.1300, -38.498
1526.1400, -38.486
1526.1500, -38.474
1526.1600, -38.460
1526.1700, -38.446
1526.1800, -38.434
1526.1900, -38.425
1526.2000, -38.414
1526.2100, -38.400
1526.2200, -38.387
1526.2300, -38.373
1526.2400, -38.357
1526.2500, -38.348
1526.2600, -38.340
1526.2700, -38.330
1526.2800, -38.317
1526.2900, -38.303
1526.3000, -38.290
1526.3100, -38.273
1526.3200, -38.256
1526.3300, -38.243
1526.3400, -38.229
1526.3500, -38.214
1526.3600, -38.203
1526.3700, -38.194
1526.3800, -38.184
1526.3900, -38.173
1526.4000, -38.160
1526.4100, -38.147
1526.4200, -38.137
1526.4300, -38.130
1526.4400, -38.121
1526.4500, -38.104
1526.4600, -38.089
1526.4700, -38.076
1526.4800, -38.064
1526.4900, -38.054
1526.5000, -38.041
1526.5100, -38.031
1526.5200, -38.024
1526.5300, -38.015
1526.5400, -38.007
1526.5500, -37.997
1526.5600, -37.985
1526.5700, -37.972
1526.5800, -37.957
1526.5900, -37.942
1526.6000, -37.931
1526.6100, -37.919
1526.6200, -37.905
1526.6300, -37.891
1526.6400, -37.880
1526.6500, -37.872
1526.6600, -37.861
1526.6700, -37.851
1526.6800, -37.839
1526.6900, -37.825
1526.7000, -37.813
1526.7100, -37.799
1526.7200, -37.788
1526.7300, -37.775
1526.7400, -37.761
1526.7500, -37.751
1526.7600, -37.741
1526.7700, -37.728
1526.7800, -37.717
1526.7900, -37.708
1526.8000, -37.697
1526.8100, -37.685
1526.8200, -37.672
1526.8300, -37.658
1526.8400, -37.642
1526.8500, -37.629
1526.8600, -37.615
1526.8700, -37.601
1526.8800, -37.589
1526.8900, -37.576
1526.9000, -37.567
1526.9100, -37.557
1526.9200, -37.544
1526.9300, -37.533
1526.9400, -37.519
1526.9500, -37.503
1526.9600, -37.488
1526.9700, -37.474
1526.9800, -37.460
1526.9900, -37.445
1527.0000, -37.432
1527.0100, -37.420
1527.0200, -37.410
1527.0300, -37.402
1527.0400, -37.391
1527.0500, -37.377
1527.0600, -37.367
1527.0700, -37.354
1527.0800, -37.340
1527.0900, -37.329
1527.1000, -37.314
1527.1100, -37.299
1527.1200, -37.287
1527.1300, -37.276
1527.1400, -37.267
1527.1500, -37.258
1527.1600, -37.249
1527.1700, -37.239
1527.1800, -37.227
1527.1900, -37.216
1527.2000, -37.204
1527.2100, -37.192
1527.2200, -37.180
1527.2300, -37.165
1527.2400, -37.153
1527.2500, -37.144
1527.2600, -37.132
1527.2700, -37.122
1527.2800, -37.112
1527.2900, -37.100
1527.3000, -37.090
1527.3100, -37.079
1527.3200, -37.067
1527.3300, -37.053
1527.3400, -37.039
1527.3500, -37.025
1527.3600, -37.013
1527.3700, -37.001
1527.3800, -36.991
1527.3900, -36.980
1527.4000, -36.967
1527.4100, -36.955
1527.4200, -36.943
1527.4300, -36.932
1527.4400, -36.920
1527.4500, -36.905
1527.4600, -36.892
1527.4700, -36.879
1527.4800, -36.865
1527.4900, -36.851
1527.5000, -36.836
1527.5100, -36.823
1527.5200, -36.811
1527.5300, -36.801
1527.5400, -36.789
1527.5500, -36.776
1527.5600, -36.764
1527.5700, -36.751
1527.5800, -36.737
1527.5900, -36.725
1527.6000, -36.712
1527.6100, -36.699
1527.6200, -36.687
1527.6300, -36.675
1527.6400, -36.664
1527.6500, -36.651
1527.6600, -36.641
1527.6700, -36.630
1527.6800, -36.618
1527.6900, -36.607
1527.7000, -36.596
1527.7100, -36.583
1527.7200, -36.568
1527.7300, -36.555
1527.7400, -36.545
1527.7500, -36.533
1527.7600, -36.520
1527.7700, -36.509
1527.7800, -36.498
1527.7900, -36.488
1527.8000, -36.478
1527.8100, -36.466
1527.8200, -36.453
1527.8300, -36.438
1527.8400, -36.424
1527.8500, -36.413
1527.8600, -36.401
1527.8700, -36.389
1527.8800, -36.378
1527.8900, -36.368
1527.9000, -36.358
1527.9100, -36.350
1527.9200, -36.340
1527.9300, -36.330
1527.9400, -36.319
1527.9500, -36.309
1527.9600, -36.297
1527.9700, -36.285
1527.9800, -36.274
1527.9900, -36.261
1528.0000, -36.250
1528.0100, -36.240
1528.0200, -36.231
1528.0300, -36.223
1528.0400, -36.215
1528.0500, -36.205
1528.0600, -36.194
1528.0700, -36.182
1528.0800, -36.169
1528.0900, -36.157
1528.1000, -36.145
1528.1100, -36.131
1528.1200, -36.119
1528.1300, -36.107
1528.1400, -36.094
1528.1500, -36.084
1528.1600, -36.074
1528.1700, -36.063
1528.1800, -36.052
1528.1900, -36.042
1528.2000, -36.030
1528.2100, -36.017
1528.2200, -36.003
1528.2300, -35.990
1528.2400, -35.976
1528.2500, -35.963
1528.2600, -35.952
1528.2700, -35.939
1528.2800, -35.927
1528.2900, -35.917
1528.3000, -35.906
1528.3100, -35.894
1528.3200, -35.882
1528.3300, -35.869
1528.3400, -35.856
1528.3500, -35.841
1528.3600, -35.827
1528.3700, -35.814
1528.3800, -35.800
1528.3900, -35.786
1528.4000, -35.775
1528.4100, -35.763
1528.4200, -35.751
1528.4300, -35.740
1528.4400, -35.729
1528.4500, -35.715
1528.4600, -35.702
1528.4700, -35.690
1528.4800, -35.675
1528.4900, -35.660
1528.5000, -35.649
1528.5100, -35.637
1528.5200, -35.624
1528.5300, -35.612
1528.5400, -35.602
1528.5500, -35.591
1528.5600, -35.580
1528.5700, -35.568
1528.5800, -35.556
1528.5900, -35.542
1528.6000, -35.528
1528.6100, -35.516
1528.6200, -35.505
1528.6300, -35.492
1528.6400, -35.481
1528.6500, -35.472
1528.6600, -35.462
1528.6700, -35.451
1528.6800, -35.442
1528.6900, -35.432
1528.7000, -35.419
1528.7100, -35.406
1528.7200, -35.395
1528.7300, -35.382
1528.7400, -35.369
1528.7500, -35.358
1528.7600, -35.347
1528.7700, -35.337
1528.7800, -35.326
1528.7900, -35.316
1528.8000, -35.306
1528.8100, -35.293
1528.8200, -35.281
1528.8300, -35.269
1528.8400, -35.256
1528.8500, -35.242
1528.8600, -35.228
1528.8700, -35.216
1528.8800, -35.203
1528.8900, -35.191
1528.9000, -35.181
1528.9100, -35.171
1528.9200, -35.160
1528.9300, -35.151
1528.9400, -35.142
1528.9500, -35.130
1528.9600, -35.118
1528.9700, -35.106
1528.9800, -35.094
1528.9900, -35.080
1529.0000, -35.069
1529.0100, -35.059
1529.0200, -35.049
1529.0300, -35.038
1529.0400, -35.028
1529.0500, -35.018
1529.0600, -35.006
1529.0700, -34.996
1529.0800, -34.985
1529.0900, -34.972
1529.1000, -34.958
1529.1100, -34.946
1529.1200, -34.933
1529.1300, -34.921
1529.1400, -34.909
1529.1500, -34.898
1529.1600, -34.888
1529.1700, -34.879
1529.1800, -34.869
1529.1900, -34.858
1529.2000, -34.846
1529.2100, -34.834
1529.2200, -34.822
1529.2300, -34.810
1529.2400, -34.799
1529.2500, -34.787
1529.2600, -34.775
1529.2700, -34.763
1529.2800, -34.753
1529.2900, -34.744
1529.3000, -34.735
1529.3100, -34.727
1529.3200, -34.717
1529.3300, -34.705
1529.3400, -34.692
1529.3500, -34.680
1529.3600, -34.666
1529.3700, -34.653
1529.3800, -34.641
1529.3900, -34.631
1529.4000, -34.620
1529.4100, -34.608
1529.4200, -34.598
1529.4300, -34.589
1529.4400, -34.579
1529.4500, -34.568
1529.4600, -34.557
1529.4700, -34.547
1529.4800, -34.534
1529.4900, -34.523
1529.5000, -34.511
1529.5100, -34.497
1529.5200, -34.485
1529.5300, -34.475
1529.5400, -34.465
1529.5500, -34.455
1529.5600, -34.445
1529.5700, -34.435
1529.5800, -34.423
1529.5900, -34.410
1529.6000, -34.399
1529.6100, -34.388
1529.6200, -34.373
1529.6300, -34.358
1529.6400, -34.346
1529.6500, -34.335
1529.6600, -34.322
1529.6700, -34.310
1529.6800, -34.300
1529.6900, -34.287
1529.7000, -34.274
1529.7100, -34.263
1529.7200, -34.250
1529.7300, -34.236
1529.7400, -34.221
1529.7500, -34.208
1529.7600, -34.195
1529.7700, -34.181
1529.7800, -34.169
1529.7900, -34.158
1529.8000, -34.145
1529.8100, -34.134
1529.8200, -34.124
1529.8300, -34.114
1529.8400, -34.101
1529.8500, -34.088
1529.8600, -34.076
1529.8700, -34.063
1529.8800, -34.049
1529.8900, -34.038
1529.9000, -34.027
1529.9100, -34.015
1529.9200, -34.003
1529.9300, -33.994
1529.9400, -33.984
1529.9500, -33.973
1529.9600, -33.962
1529.9700, -33.951
1529.9800, -33.938
1529.9900, -33.925
1530.0000, -33.914
1530.0100, -33.902
1530.0200, -33.889
1530.0300, -33.877
1530.0400, -33.867
1530.0500, -33.856
1530.0600, -33.845
1530.0700, -33.835
1530.0800, -33.825
1530.0900, -33.813
1530.1000, -33.801
1530.1100, -33.788
1530.1200, -33.775
1530.1300, -33.762
1530.1400, -33.751
1530.1500, -33.739
1530.1600, -33.726
1530.1700, -33.716
1530.1800, -33.707
1530.1900, -33.695
1530.2000, -33.684
1530.2100, -33.673
1530.2200, -33.663
1530.2300, -33.650
1530.2400, -33.637
1530.2500, -33.625
1530.2600, -33.612
1530.2700, -33.599
1530.2800, -33.587
1530.2900, -33.577
1530.3000, -33.566
1530.3100, -33.556
1530.3200, -33.547
1530.3300, -33.537
1530.3400, -33.523
1530.3500, -33.512
1530.3600, -33.501
1530.3700, -33.487
1530.3800, -33.473
1530.3900, -33.462
1530.4000, -33.449
1530.4100, -33.436
1530.4200, -33.425
1530.4300, -33.416
1530.4400, -33.406
1530.4500, -33.395
1530.4600, -33.385
1530.4700, -33.374
1530.4800, -33.361
1530.4900, -33.349
1530.5000, -33.336
1530.5100, -33.323
1530.5200, -33.308
1530.5300, -33.297
1530.5400, -33.287
1530.5500, -33.275
1530.5600, -33.263
1530.5700, -33.254
1530.5800, -33.244
1530.5900, -33.231
1530.6000, -33.220
1530.6100, -33.209
1530.6200, -33.195
1530.6300, -33.181
1530.6400, -33.168
1530.6500, -33.154
1530.6600, -33.141
1530.6700, -33.130
1530.6800, -33.119
1530.6900, -33.108
1530.7000, -33.097
1530.7100, -33.088
1530.7200, -33.077
1530.7300, -33.064
1530.7400, -33.051
1530.7500, -33.039
1530.7600, -33.025
1530.7700, -33.011
1530.7800, -33.000
1530.7900, -32.989
1530.8000, -32.977
1530.8100, -32.966
1530.8200, -32.956
1530.8300, -32.944
1530.8400, -32.933
1530.8500, -32.923
1530.8600, -32.912
1530.8700, -32.898
1530.8800, -32.884
1530.8900, -32.873
1530.9000, -32.860
1530.9100, -32.847
1530.9200, -32.836
1530.9300, -32.826
1530.9400, -32.814
1530.9500, -32.804
1530.9600, -32.796
1530.9700, -32.786
1530.9800, -32.772
1530.9900, -32.761
1531.0000, -32.748
1531.0100, -32.734
1531.0200, -32.721
1531.0300, -32.709
1531.0400, -32.698
1531.0500, -32.685
1531.0600, -32.673
1531.0700, -32.664
1531.0800, -32.652
1531.0900, -32.639
1531.1000, -32.629
1531.1100, -32.618
1531.1200, -32.604
1531.1300, -32.589
1531.1400, -32.577
1531.1500, -32.564
1531.1600, -32.549
1531.1700, -32.536
1531.1800, -32.526
1531.1900, -32.515
1531.2000, -32.504
1531.2100, -32.495
1531.2200, -32.485
1531.2300, -32.472
1531.2400, -32.458
1531.2500, -32.447
1531.2600, -32.434
1531.2700, -32.419
1531.2800, -32.407
1531.2900, -32.395
1531.3000, -32.382
1531.3100, -32.369
1531.3200, -32.358
1531.3300, -32.348
1531.3400, -32.336
1531.3500, -32.325
1531.3600, -32.314
1531.3700, -32.302
1531.3800, -32.288
1531.3900, -32.275
1531.4000, -32.262
1531.4100, -32.248
1531.4200, -32.235
1531.4300, -32.225
1531.4400, -32.215
1531.4500, -32.203
1531.4600, -32.193
1531.4700, -32.184
1531.4800, -32.173
1531.4900, -32.161
1531.5000, -32.150
1531.5100, -32.138
1531.5200, -32.124
1531.5300, -32.111
1531.5400, -32.100
1531.5500, -32.087
1531.5600, -32.074
1531.5700, -32.064
1531.5800, -32.055
1531.5900, -32.043
1531.6000, -32.032
1531.6100, -32.022
1531.6200, -32.010
1531.6300, -31.995
1531.6400, -31.983
1531.6500, -31.971
1531.6600, -31.957
1531.6700, -31.944
1531.6800, -31.934
1531.6900, -31.922
1531.7000, -31.909
1531.7100, -31.899
1531.7200, -31.889
1531.7300, -31.877
1531.7400, -31.864
1531.7500, -31.853
1531.7600, -31.841
1531.7700, -31.826
1531.7800, -31.811
1531.7900, -31.799
1531.8000, -31.786
1531.8100, -31.773
1531.8200, -31.762
1531.8300, -31.752
1531.8400, -31.740
1531.8500, -31.727
1531.8600, -31.716
1531.8700, -31.703
1531.8800, -31.689
1531.8900, -31.676
1531.9000, -31.664
1531.9100, -31.649
1531.9200, -31.635
1531.9300, -31.623
1531.9400, -31.612
1531.9500, -31.599
1531.9600, -31.588
1531.9700, -31.578
1531.9800, -31.567
1531.9900, -31.554
1532.0000, -31.542
1532.0100, -31.531
1532.0200, -31.516
1532.0300, -31.502
1532.0400, -31.489
1532.0500, -31.478
1532.0600, -31.465
1532.0700, -31.453
1532.0800, -31.442
1532.0900, -31.431
1532.1000, -31.419
1532.1100, -31.409
1532.1200, -31.400
1532.1300, -31.387
1532.1400, -31.374
1532.1500, -31.363
1532.1600, -31.350
1532.1700, -31.337
1532.1800, -31.324
1532.1900, -31.314
1532.2000, -31.303
1532.2100, -31.291
1532.2200, -31.283
1532.2300, -31.273
1532.2400, -31.262
1532.2500, -31.250
1532.2600, -31.239
1532.2700, -31.226
1532.2800, -31.213
1532.2900, -31.201
1532.3000, -31.189
1532.3100, -31.176
1532.3200, -31.164
1532.3300, -31.154
1532.3400, -31.144
1532.3500, -31.132
1532.3600, -31.121
1532.3700, -31.111
1532.3800, -31.099
1532.3900, -31.086
1532.4000, -31.073
1532.4100, -31.061
1532.4200, -31.047
1532.4300, -31.034
1532.4400, -31.023
1532.4500, -31.011
1532.4600, -30.999
1532.4700, -30.990
1532.4800, -30.980
1532.4900, -30.968
1532.5000, -30.956
1532.5100, -30.946
1532.5200, -30.933
1532.5300, -30.918
1532.5400, -30.904
1532.5500, -30.892
1532.5600, -30.878
1532.5700, -30.864
1532.5800, -30.854
1532.5900, -30.844
1532.6000, -30.832
1532.6100, -30.821
1532.6200, -30.811
1532.6300, -30.798
1532.6400, -30.784
1532.6500, -30.773
1532.6600, -30.761
1532.6700, -30.747
1532.6800, -30.734
1532.6900, -30.723
1532.7000, -30.711
1532.7100, -30.698
1532.7200, -30.688
1532.7300, -30.678
1532.7400, -30.667
1532.7500, -30.655
1532.7600, -30.645
1532.7700, -30.633
1532.7800, -30.619
1532.7900, -30.605
1532.8000, -30.593
1532.8100, -30.579
1532.8200, -30.565
1532.8300, -30.555
1532.8400, -30.546
1532.8500, -30.534
1532.8600, -30.522
1532.8700, -30.512
1532.8800, -30.501
1532.8900, -30.488
1532.9000, -30.475
1532.9100, -30.465
1532.9200, -30.451
1532.9300, -30.437
1532.9400, -30.425
1532.9500, -30.415
1532.9600, -30.403
1532.9700, -30.391
1532.9800, -30.382
1532.9900, -30.373
1533.0000, -30.361
1533.0100, -30.350
1533.0200, -30.339
1533.0300, -30.326
1533.0400, -30.310
1533.0500, -30.298
1533.0600, -30.286
1533.0700, -30.272
1533.0800, -30.259
1533.0900, -30.249
1533.1000, -30.238
1533.1100, -30.224
1533.1200, -30.213
1533.1300, -30.204
1533.1400, -30.191
1533.1500, -30.177
1533.1600, -30.164
1533.1700, -30.151
1533.1800, -30.136
1533.1900, -30.122
1533.2000, -30.110
1533.2100, -30.098
1533.2200, -30.084
1533.2300, -30.074
1533.2400, -30.064
1533.2500, -30.052
1533.2600, -30.039
1533.2700, -30.029
1533.2800, -30.016
1533.2900, -30.001
1533.3000, -29.988
1533.3100, -29.976
1533.3200, -29.961
1533.3300, -29.947
1533.3400, -29.937
1533.3500, -29.926
1533.3600, -29.913
1533.3700, -29.903
1533.3800, -29.894
1533.3900, -29.881
1533.4000, -29.867
1533.4100, -29.855
1533.4200, -29.843
1533.4300, -29.829
1533.4400, -29.815
1533.4500, -29.805
1533.4600, -29.795
1533.4700, -29.782
1533.4800, -29.772
1533.4900, -29.763
1533.5000, -29.752
1533.5100, -29.741
1533.5200, -29.731
1533.5300, -29.721
1533.5400, -29.707
1533.5500, -29.694
1533.5600, -29.683
1533.5700, -29.671
1533.5800, -29.658
1533.5900, -29.647
1533.6000, -29.638
1533.6100, -29.628
1533.6200, -29.617
1533.6300, -29.609
1533.6400, -29.600
1533.6500, -29.587
1533.6600, -29.575
1533.6700, -29.564
1533.6800, -29.553
1533.6900, -29.540
1533.7000, -29.527
1533.7100, -29.518
1533.7200, -29.507
1533.7300, -29.495
1533.7400, -29.486
1533.7500, -29.478
1533.7600, -29.466
1533.7700, -29.454
1533.7800, -29.444
1533.7900, -29.433
1533.8000, -29.419
1533.8100, -29.405
1533.8200, -29.394
1533.8300, -29.381
1533.8400, -29.368
1533.8500, -29.358
1533.8600, -29.348
1533.8700, -29.336
1533.8800, -29.323
1533.8900, -29.314
1533.9000, -29.303
1533.9100, -29.289
1533.9200, -29.277
1533.9300, -29.266
1533.9400, -29.252
1533.9500, -29.238
1533.9600, -29.226
1533.9700, -29.215
1533.9800, -29.202
1533.9900, -29.191
1534.0000, -29.182
1534.0100, -29.171
1534.0200, -29.158
1534.0300, -29.148
1534.0400, -29.137
1534.0500, -29.123
1534.0600, -29.109
1534.0700, -29.097
1534.0800, -29.085
1534.0900, -29.071
1534.1000, -29.060
1534.1100, -29.050
1534.1200, -29.038
1534.1300, -29.026
1534.1400, -29.018
1534.1500, -29.008
1534.1600, -28.995
1534.1700, -28.984
1534.1800, -28.974
1534.1900, -28.960
1534.2000, -28.946
1534.2100, -28.935
1534.2200, -28.925
1534.2300, -28.913
1534.2400, -28.901
1534.2500, -28.893
1534.2600, -28.883
1534.2700, -28.871
1534.2800, -28.861
1534.2900, -28.851
1534.3000, -28.839
1534.3100, -28.825
1534.3200, -28.814
1534.3300, -28.802
1534.3400, -28.789
1534.3500, -28.776
1534.3600, -28.766
1534.3700, -28.756
1534.3800, -28.744
1534.3900, -28.734
1534.4000, -28.725
1534.4100, -28.715
1534.4200, -28.702
1534.4300, -28.690
1534.4400, -28.679
1534.4500, -28.666
1534.4600, -28.652
1534.4700, -28.641
1534.4800, -28.630
1534.4900, -28.618
1534.5000, -28.607
1534.5100, -28.598
1534.5200, -28.588
1534.5300, -28.575
1534.5400, -28.564
1534.5500, -28.555
1534.5600, -28.542
1534.5700, -28.528
1534.5800, -28.516
1534.5900, -28.504
1534.6000, -28.491
1534.6100, -28.478
1534.6200, -28.469
1534.6300, -28.459
1534.6400, -28.447
1534.6500, -28.436
1534.6600, -28.427
1534.6700, -28.416
1534.6800, -28.402
1534.6900, -28.391
1534.7000, -28.380
1534.7100, -28.366
1534.7200, -28.353
1534.7300, -28.342
1534.7400, -28.331
1534.7500, -28.318
1534.7600, -28.307
1534.7700, -28.299
1534.7800, -28.288
1534.7900, -28.275
1534.8000, -28.265
1534.8100, -28.254
1534.8200, -28.239
1534.8300, -28.226
1534.8400, -28.215
1534.8500, -28.202
1534.8600, -28.189
1534.8700, -28.178
1534.8800, -28.170
1534.8900, -28.158
1534.9000, -28.146
1534.9100, -28.138
1534.9200, -28.128
1534.9300, -28.115
1534.9400, -28.103
1534.9500, -28.093
1534.9600, -28.081
1534.9700, -28.067
1534.9800, -28.056
1534.9900, -28.046
1535.0000, -28.034
1535.0100, -28.023
1535.0200, -28.015
1535.0300, -28.006
1535.0400, -27.993
1535.0500, -27.983
1535.0600, -27.973
1535.0700, -27.960
1535.0800, -27.946
1535.0900, -27.935
1535.1000, -27.924
1535.1100, -27.911
1535.1200, -27.898
1535.1300, -27.889
1535.1400, -27.880
1535.1500, -27.867
1535.1600, -27.857
1535.1700, -27.849
1535.1800, -27.837
1535.1900, -27.824
1535.2000, -27.813
1535.2100, -27.801
1535.2200, -27.787
1535.2300, -27.773
1535.2400, -27.763
1535.2500, -27.753
1535.2600, -27.741
1535.2700, -27.729
1535.2800, -27.720
1535.2900, -27.709
1535.3000, -27.696
1535.3100, -27.684
1535.3200, -27.673
1535.3300, -27.660
1535.3400, -27.646
1535.3500, -27.633
1535.3600, -27.622
1535.3700, -27.608
1535.3800, -27.595
1535.3900, -27.585
1535.4000, -27.575
1535.4100, -27.563
1535.4200, -27.552
1535.4300, -27.543
1535.4400, -27.531
1535.4500, -27.517
1535.4600, -27.504
1535.4700, -27.493
1535.4800, -27.480
1535.4900, -27.466
1535.5000, -27.456
1535.5100, -27.447
1535.5200, -27.434
1535.5300, -27.423
1535.5400, -27.414
1535.5500, -27.404
1535.5600, -27.391
1535.5700, -27.380
1535.5800, -27.370
1535.5900, -27.357
1535.6000, -27.344
1535.6100, -27.333
1535.6200, -27.322
1535.6300, -27.309
1535.6400, -27.298
1535.6500, -27.291
1535.6600, -27.281
1535.6700, -27.269
1535.6800, -27.261
1535.6900, -27.252
1535.7000, -27.239
1535.7100, -27.227
1535.7200, -27.217
1535.7300, -27.206
1535.7400, -27.193
1535.7500, -27.182
1535.7600, -27.173
1535.7700, -27.162
1535.7800, -27.151
1535.7900, -27.142
1535.8000, -27.134
1535.8100, -27.122
1535.8200, -27.111
1535.8300, -27.101
1535.8400, -27.089
1535.8500, -27.075
1535.8600, -27.063
1535.8700, -27.053
1535.8800, -27.041
1535.8900, -27.029
1535.9000, -27.020
1535.9100, -27.011
1535.9200, -26.999
1535.9300, -26.988
1535.9400, -26.980
1535.9500, -26.969
1535.9600, -26.956
1535.9700, -26.944
1535.9800, -26.933
1535.9900, -26.920
1536.0000, -26.906
1536.0100, -26.896
1536.0200, -26.886
1536.0300, -26.875
1536.0400, -26.863
1536.0500, -26.854
1536.0600, -26.845
1536.0700, -26.832
1536.0800, -26.819
1536.0900, -26.808
1536.1000, -26.795
1536.1100, -26.781
1536.1200, -26.768
1536.1300, -26.758
1536.1400, -26.745
1536.1500, -26.732
1536.1600, -26.722
1536.1700, -26.713
1536.1800, -26.702
1536.1900, -26.690
1536.2000, -26.680
1536.2100, -26.669
1536.2200, -26.655
1536.2300, -26.641
1536.2400, -26.630
1536.2500, -26.617
1536.2600, -26.603
1536.2700, -26.592
1536.2800, -26.582
1536.2900, -26.571
1536.3000, -26.558
1536.3100, -26.548
1536.3200, -26.538
1536.3300, -26.524
1536.3400, -26.511
1536.3500, -26.500
1536.3600, -26.488
1536.3700, -26.472
1536.3800, -26.459
1536.3900, -26.449
1536.4000, -26.436
1536.4100, -26.423
1536.4200, -26.414
1536.4300, -26.405
1536.4400, -26.393
1536.4500, -26.381
1536.4600, -26.372
1536.4700, -26.360
1536.4800, -26.345
1536.4900, -26.333
1536.5000, -26.322
1536.5100, -26.309
1536.5200, -26.296
1536.5300, -26.287
1536.5400, -26.277
1536.5500, -26.265
1536.5600, -26.253
1536.5700, -26.245
1536.5800, -26.234
1536.5900, -26.220
1536.6000, -26.209
1536.6100, -26.199
1536.6200, -26.185
1536.6300, -26.170
1536.6400, -26.160
1536.6500, -26.149
1536.6600, -26.137
1536.6700, -26.126
1536.6800, -26.118
1536.6900, -26.108
1536.7000, -26.095
1536.7100, -26.084
1536.7200, -26.075
1536.7300, -26.062
1536.7400, -26.048
1536.7500, -26.038
1536.7600, -26.027
1536.7700, -26.014
1536.7800, -26.002
1536.7900, -25.992
1536.8000, -25.982
1536.8100, -25.970
1536.8200, -25.960
1536.8300, -25.951
1536.8400, -25.940
1536.8500, -25.927
1536.8600, -25.915
1536.8700, -25.904
1536.8800, -25.891
1536.8900, -25.877
1536.9000, -25.866
1536.9100, -25.856
1536.9200, -25.845
1536.9300, -25.834
1536.9400, -25.825
1536.9500, -25.816
1536.9600, -25.804
1536.9700, -25.793
1536.9800, -25.784
1536.9900, -25.773
1537.0000, -25.759
1537.0100, -25.747
1537.0200, -25.738
1537.0300, -25.726
1537.0400, -25.714
1537.0500, -25.705
1537.0600, -25.697
1537.0700, -25.687
1537.0800, -25.676
1537.0900, -25.667
1537.1000, -25.658
1537.1100, -25.645
1537.1200, -25.633
1537.1300, -25.624
1537.1400, -25.612
1537.1500, -25.599
1537.1600, -25.589
1537.1700, -25.580
1537.1800, -25.569
1537.1900, -25.558
1537.2000, -25.550
1537.2100, -25.542
1537.2200, -25.530
1537.2300, -25.520
1537.2400, -25.511
1537.2500, -25.499
1537.2600, -25.484
1537.2700, -25.473
1537.2800, -25.464
1537.2900, -25.451
1537.3000, -25.439
1537.3100, -25.431
1537.3200, -25.422
1537.3300, -25.409
1537.3400, -25.398
1537.3500, -25.389
1537.3600, -25.377
1537.3700, -25.362
1537.3800, -25.350
1537.3900, -25.339
1537.4000, -25.325
1537.4100, -25.311
1537.4200, -25.301
1537.4300, -25.290
1537.4400, -25.277
1537.4500, -25.265
1537.4600, -25.257
1537.4700, -25.246
1537.4800, -25.232
1537.4900, -25.220
1537.5000, -25.208
1537.5100, -25.194
1537.5200, -25.179
1537.5300, -25.167
1537.5400, -25.156
1537.5500, -25.142
1537.5600, -25.129
1537.5700, -25.119
1537.5800, -25.109
1537.5900, -25.096
1537.6000, -25.084
1537.6100, -25.073
1537.6200, -25.061
1537.6300, -25.046
1537.6400, -25.033
1537.6500, -25.021
1537.6600, -25.008
1537.6700, -24.994
1537.6800, -24.983
1537.6900, -24.974
1537.7000, -24.963
1537.7100, -24.951
1537.7200, -24.941
1537.7300, -24.931
1537.7400, -24.918
1537.7500, -24.905
1537.7600, -24.894
1537.7700, -24.883
1537.7800, -24.869
1537.7900, -24.856
1537.8000, -24.846
1537.8100, -24.835
1537.8200, -24.823
1537.8300, -24.812
1537.8400, -24.804
1537.8500, -24.793
1537.8600, -24.780
1537.8700, -24.769
1537.8800, -24.759
1537.8900, -24.745
1537.9000, -24.731
1537.9100, -24.720
1537.9200, -24.709
1537.9300, -24.696
1537.9400, -24.684
1537.9500, -24.676
1537.9600, -24.665
1537.9700, -24.653
1537.9800, -24.643
1537.9900, -24.634
1538.0000, -24.621
1538.0100, -24.607
1538.0200, -24.597
1538.0300, -24.586
1538.0400, -24.571
1538.0500, -24.558
1538.0600, -24.549
1538.0700, -24.538
1538.0800, -24.525
1538.0900, -24.515
1538.1000, -24.507
1538.1100, -24.495
1538.1200, -24.482
1538.1300, -24.472
1538.1400, -24.461
1538.1500, -24.446
1538.1600, -24.433
1538.1700, -24.423
1538.1800, -24.412
1538.1900, -24.399
1538.2000, -24.388
1538.2100, -24.380
1538.2200, -24.369
1538.2300, -24.357
1538.2400, -24.348
1538.2500, -24.338
1538.2600, -24.325
1538.2700, -24.312
1538.2800, -24.302
1538.2900, -24.290
1538.3000, -24.276
1538.3100, -24.264
1538.3200, -24.255
1538.3300, -24.245
1538.3400, -24.233
1538.3500, -24.223
1538.3600, -24.214
1538.3700, -24.203
1538.3800, -24.190
1538.3900, -24.180
1538.4000, -24.169
1538.4100, -24.156
1538.4200, -24.143
1538.4300, -24.132
1538.4400, -24.121
1538.4500, -24.109
1538.4600, -24.098
1538.4700, -24.090
1538.4800, -24.081
1538.4900, -24.069
1538.5000, -24.058
1538.5100, -24.049
1538.5200, -24.037
1538.5300, -24.024
1538.5400, -24.012
1538.5500, -24.001
1538.5600, -23.989
1538.5700, -23.976
1538.5800, -23.966
1538.5900, -23.956
1538.6000, -23.945
1538.6100, -23.933
1538.6200, -23.924
1538.6300, -23.915
1538.6400, -23.902
1538.6500, -23.889
1538.6600, -23.879
1538.6700, -23.867
1538.6800, -23.852
1538.6900, -23.840
1538.7000, -23.830
1538.7100, -23.819
1538.7200, -23.806
1538.7300, -23.797
1538.7400, -23.788
1538.7500, -23.776
1538.7600, -23.763
1538.7700, -23.752
1538.7800, -23.741
1538.7900, -23.726
1538.8000, -23.712
1538.8100, -23.701
1538.8200, -23.689
1538.8300, -23.674
1538.8400, -23.661
1538.8500, -23.652
1538.8600, -23.640
1538.8700, -23.626
1538.8800, -23.616
1538.8900, -23.606
1538.9000, -23.591
1538.9100, -23.576
1538.9200, -23.564
1538.9300, -23.551
1538.9400, -23.535
1538.9500, -23.522
1538.9600, -23.513
1538.9700, -23.500
1538.9800, -23.486
1538.9900, -23.476
1539.0000, -23.467
1539.0100, -23.453
1539.0200, -23.439
1539.0300, -23.429
1539.0400, -23.417
1539.0500, -23.402
1539.0600, -23.388
1539.0700, -23.377
1539.0800, -23.364
1539.0900, -23.350
1539.1000, -23.339
1539.1100, -23.330
1539.1200, -23.319
1539.1300, -23.306
1539.1400, -23.296
1539.1500, -23.286
1539.1600, -23.272
1539.1700, -23.258
1539.1800, -23.248
1539.1900, -23.237
1539.2000, -23.223
1539.2100, -23.211
1539.2200, -23.202
1539.2300, -23.192
1539.2400, -23.180
1539.2500, -23.170
1539.2600, -23.162
1539.2700, -23.151
1539.2800, -23.139
1539.2900, -23.128
1539.3000, -23.117
1539.3100, -23.104
1539.3200, -23.091
1539.3300, -23.080
1539.3400, -23.070
1539.3500, -23.058
1539.3600, -23.047
1539.3700, -23.038
1539.3800, -23.028
1539.3900, -23.016
1539.4000, -23.005
1539.4100, -22.995
1539.4200, -22.983
1539.4300, -22.970
1539.4400, -22.957
1539.4500, -22.947
1539.4600, -22.935
1539.4700, -22.922
1539.4800, -22.911
1539.4900, -22.903
1539.5000, -22.892
1539.5100, -22.880
1539.5200, -22.870
1539.5300, -22.860
1539.5400, -22.847
1539.5500, -22.833
1539.5600, -22.822
1539.5700, -22.810
1539.5800, -22.796
1539.5900, -22.782
1539.6000, -22.773
1539.6100, -22.761
1539.6200, -22.747
1539.6300, -22.736
1539.6400, -22.728
1539.6500, -22.716
1539.6600, -22.702
1539.6700, -22.691
1539.6800, -22.681
1539.6900, -22.666
1539.7000, -22.651
1539.7100, -22.641
1539.7200, -22.630
1539.7300, -22.616
1539.7400, -22.604
1539.7500, -22.596
1539.7600, -22.585
1539.7700, -22.572
1539.7800, -22.562
1539.7900, -22.552
1539.8000, -22.539
1539.8100, -22.525
1539.8200, -22.514
1539.8300, -22.503
1539.8400, -22.488
1539.8500, -22.475
1539.8600, -22.465
1539.8700, -22.454
1539.8800, -22.441
1539.8900, -22.430
1539.9000, -22.421
1539.9100, -22.410
1539.9200, -22.397
1539.9300, -22.385
1539.9400, -22.374
1539.9500, -22.361
1539.9600, -22.347
1539.9700, -22.335
1539.9800, -22.325
1539.9900, -22.313
1540.0000, -22.301
1540.0100, -22.291
1540.0200, -22.281
1540.0300, -22.269
1540.0400, -22.257
1540.0500, -22.247
1540.0600, -22.236
1540.0700, -22.222
1540.0800, -22.208
1540.0900, -22.197
1540.1000, -22.184
1540.1100, -22.171
1540.1200, -22.159
1540.1300, -22.149
1540.1400, -22.139
1540.1500, -22.127
1540.1600, -22.116
1540.1700, -22.107
1540.1800, -22.095
1540.1900, -22.081
1540.2000, -22.069
1540.2100, -22.058
1540.2200, -22.045
1540.2300, -22.032
1540.2400, -22.021
1540.2500, -22.011
1540.2600, -21.999
1540.2700, -21.987
1540.2800, -21.978
1540.2900, -21.969
1540.3000, -21.956
1540.3100, -21.943
1540.3200, -21.933
1540.3300, -21.921
1540.3400, -21.905
1540.3500, -21.893
1540.3600, -21.883
1540.3700, -21.870
1540.3800, -21.856
1540.3900, -21.847
1540.4000, -21.838
1540.4100, -21.825
1540.4200, -21.813
1540.4300, -21.804
1540.4400, -21.793
1540.4500, -21.778
1540.4600, -21.765
1540.4700, -21.755
1540.4800, -21.743
1540.4900, -21.728
1540.5000, -21.718
1540.5100, -21.709
1540.5200, -21.698
1540.5300, -21.686
1540.5400, -21.677
1540.5500, -21.668
1540.5600, -21.655
1540.5700, -21.642
1540.5800, -21.632
1540.5900, -21.621
1540.6000, -21.606
1540.6100, -21.594
1540.6200, -21.585
1540.6300, -21.573
1540.6400, -21.561
1540.6500, -21.551
1540.6600, -21.543
1540.6700, -21.532
1540.6800, -21.520
1540.6900, -21.510
1540.7000, -21.500
1540.7100, -21.487
1540.7200, -21.474
1540.7300, -21.464
1540.7400, -21.453
1540.7500, -21.441
1540.7600, -21.430
1540.7700, -21.421
1540.7800, -21.412
1540.7900, -21.401
1540.8000, -21.390
1540.8100, -21.381
1540.8200, -21.370
1540.8300, -21.357
1540.8400, -21.345
1540.8500, -21.334
1540.8600, -21.322
1540.8700, -21.309
1540.8800, -21.297
1540.8900, -21.286
1540.9000, -21.275
1540.9100, -21.263
1540.9200, -21.253
1540.9300, -21.243
1540.9400, -21.231
1540.9500, -21.218
1540.9600, -21.206
1540.9700, -21.194
1540.9800, -21.180
1540.9900, -21.166
1541.0000, -21.154
1541.0100, -21.143
1541.0200, -21.130
1541.0300, -21.118
1541.0400, -21.108
1541.0500, -21.097
1541.0600, -21.084
1541.0700, -21.071
1541.0800, -21.060
1541.0900, -21.048
1541.1000, -21.033
1541.1100, -21.019
1541.1200, -21.008
1541.1300, -20.994
1541.1400, -20.979
1541.1500, -20.968
1541.1600, -20.958
1541.1700, -20.946
1541.1800, -20.933
1541.1900, -20.923
1541.2000, -20.913
1541.2100, -20.899
1541.2200, -20.885
1541.2300, -20.875
1541.2400, -20.863
1541.2500, -20.848
1541.2600, -20.836
1541.2700, -20.826
1541.2800, -20.814
1541.2900, -20.801
1541.3000, -20.791
1541.3100, -20.783
1541.3200, -20.772
1541.3300, -20.759
1541.3400, -20.749
1541.3500, -20.738
1541.3600, -20.723
1541.3700, -20.710
1541.3800, -20.700
1541.3900, -20.689
1541.4000, -20.675
1541.4100, -20.664
1541.4200, -20.656
1541.4300, -20.645
1541.4400, -20.633
1541.4500, -20.623
1541.4600, -20.614
1541.4700, -20.602
1541.4800, -20.589
1541.4900, -20.578
1541.5000, -20.567
1541.5100, -20.554
1541.5200, -20.541
1541.5300, -20.531
1541.5400, -20.522
1541.5500, -20.511
1541.5600, -20.501
1541.5700, -20.492
1541.5800, -20.482
1541.5900, -20.470
1541.6000, -20.458
1541.6100, -20.447
1541.6200, -20.436
1541.6300, -20.423
1541.6400, -20.410
1541.6500, -20.400
1541.6600, -20.389
1541.6700, -20.377
1541.6800, -20.367
1541.6900, -20.358
1541.7000, -20.348
1541.7100, -20.337
1541.7200, -20.326
1541.7300, -20.316
1541.7400, -20.304
1541.7500, -20.291
1541.7600, -20.279
1541.7700, -20.268
1541.7800, -20.257
1541.7900, -20.245
1541.8000, -20.235
1541.8100, -20.226
1541.8200, -20.216
1541.8300, -20.204
1541.8400, -20.194
1541.8500, -20.184
1541.8600, -20.172
1541.8700, -20.159
1541.8800, -20.148
1541.8900, -20.137
1541.9000, -20.123
1541.9100, -20.111
1541.9200, -20.101
1541.9300, -20.091
1541.9400, -20.079
1541.9500, -20.069
1541.9600, -20.061
1541.9700, -20.051
1541.9800, -20.037
1541.9900, -20.025
1542.0000, -20.016
1542.0100, -20.003
1542.0200, -19.988
1542.0300, -19.978
1542.0400, -19.969
1542.0500, -19.957
1542.0600, -19.944
1542.0700, -19.936
1542.0800, -19.927
1542.0900, -19.914
1542.1000, -19.902
1542.1100, -19.894
1542.1200, -19.882
1542.1300, -19.868
1542.1400, -19.855
1542.1500, -19.846
1542.1600, -19.833
1542.1700, -19.819
1542.1800, -19.810
1542.1900, -19.801
1542.2000, -19.790
1542.2100, -19.778
1542.2200, -19.769
1542.2300, -19.759
1542.2400, -19.746
1542.2500, -19.733
1542.2600, -19.723
1542.2700, -19.712
1542.2800, -19.698
1542.2900, -19.686
1542.3000, -19.677
1542.3100, -19.665
1542.3200, -19.653
1542.3300, -19.642
1542.3400, -19.633
1542.3500, -19.622
1542.3600, -19.609
1542.3700, -19.598
1542.3800, -19.587
1542.3900, -19.573
1542.4000, -19.559
1542.4100, -19.547
1542.4200, -19.536
1542.4300, -19.523
1542.4400, -19.511
1542.4500, -19.501
1542.4600, -19.490
1542.4700, -19.478
1542.4800, -19.466
1542.4900, -19.455
1542.5000, -19.444
1542.5100, -19.431
1542.5200, -19.418
1542.5300, -19.406
1542.5400, -19.394
1542.5500, -19.381
1542.5600, -19.368
1542.5700, -19.357
1542.5800, -19.346
1542.5900, -19.335
1542.6000, -19.323
1542.6100, -19.313
1542.6200, -19.301
1542.6300, -19.288
1542.6400, -19.275
1542.6500, -19.264
1542.6600, -19.251
1542.6700, -19.238
1542.6800, -19.226
1542.6900, -19.216
1542.7000, -19.205
1542.7100, -19.193
1542.7200, -19.183
1542.7300, -19.174
1542.7400, -19.163
1542.7500, -19.151
1542.7600, -19.141
1542.7700, -19.131
1542.7800, -19.118
1542.7900, -19.105
1542.8000, -19.095
1542.8100, -19.086
1542.8200, -19.074
1542.8300, -19.063
1542.8400, -19.055
1542.8500, -19.047
1542.8600, -19.035
1542.8700, -19.024
1542.8800, -19.016
1542.8900, -19.006
1542.9000, -18.992
1542.9100, -18.981
1542.9200, -18.972
1542.9300, -18.960
1542.9400, -18.946
1542.9500, -18.937
1542.9600, -18.929
1542.9700, -18.918
1542.9800, -18.906
1542.9900, -18.899
1543.0000, -18.890
1543.0100, -18.877
1543.0200, -18.865
1543.0300, -18.855
1543.0400, -18.844
1543.0500, -18.830
1543.0600, -18.818
1543.0700, -18.809
1543.0800, -18.798
1543.0900, -18.785
1543.1000, -18.775
1543.1100, -18.766
1543.1200, -18.755
1543.1300, -18.743
1543.1400, -18.732
1543.1500, -18.721
1543.1600, -18.708
1543.1700, -18.695
1543.1800, -18.683
1543.1900, -18.671
1543.2000, -18.659
1543.2100, -18.647
1543.2200, -18.637
1543.2300, -18.627
1543.2400, -18.617
1543.2500, -18.605
1543.2600, -18.595
1543.2700, -18.584
1543.2800, -18.572
1543.2900, -18.560
1543.3000, -18.548
1543.3100, -18.536
1543.3200, -18.524
1543.3300, -18.512
1543.3400, -18.501
1543.3500, -18.491
1543.3600, -18.480
1543.3700, -18.470
1543.3800, -18.460
1543.3900, -18.449
1543.4000, -18.437
1543.4100, -18.425
1543.4200, -18.413
1543.4300, -18.401
1543.4400, -18.388
1543.4500, -18.376
1543.4600, -18.366
1543.4700, -18.356
1543.4800, -18.344
1543.4900, -18.334
1543.5000, -18.325
1543.5100, -18.315
1543.5200, -18.303
1543.5300, -18.292
1543.5400, -18.282
1543.5500, -18.270
1543.5600, -18.256
1543.5700, -18.244
1543.5800, -18.235
1543.5900, -18.222
1543.6000, -18.209
1543.6100, -18.200
1543.6200, -18.191
1543.6300, -18.179
1543.6400, -18.166
1543.6500, -18.157
1543.6600, -18.146
1543.6700, -18.132
1543.6800, -18.118
1543.6900, -18.108
1543.7000, -18.096
1543.7100, -18.082
1543.7200, -18.070
1543.7300, -18.061
1543.7400, -18.050
1543.7500, -18.037
1543.7600, -18.027
1543.7700, -18.018
1543.7800, -18.006
1543.7900, -17.993
1543.8000, -17.982
1543.8100, -17.971
1543.8200, -17.958
1543.8300, -17.945
1543.8400, -17.934
1543.8500, -17.924
1543.8600, -17.911
1543.8700, -17.900
1543.8800, -17.890
1543.8900, -17.880
1543.9000, -17.868
1543.9100, -17.856
1543.9200, -17.845
1543.9300, -17.833
1543.9400, -17.820
1543.9500, -17.807
1543.9600, -17.795
1543.9700, -17.783
1543.9800, -17.771
1543.9900, -17.759
1544.0000, -17.749
1544.0100, -17.739
1544.0200, -17.727
1544.0300, -17.716
1544.0400, -17.705
1544.0500, -17.693
1544.0600, -17.681
1544.0700, -17.668
1544.0800, -17.656
1544.0900, -17.644
1544.1000, -17.631
1544.1100, -17.619
1544.1200, -17.608
1544.1300, -17.597
1544.1400, -17.585
1544.1500, -17.574
1544.1600, -17.564
1544.1700, -17.552
1544.1800, -17.539
1544.1900, -17.527
1544.2000, -17.515
1544.2100, -17.502
1544.2200, -17.489
1544.2300, -17.477
1544.2400, -17.467
1544.2500, -17.455
1544.2600, -17.444
1544.2700, -17.434
1544.2800, -17.425
1544.2900, -17.413
1544.3000, -17.401
1544.3100, -17.391
1544.3200, -17.380
1544.3300, -17.367
1544.3400, -17.354
1544.3500, -17.344
1544.3600, -17.333
1544.3700, -17.320
1544.3800, -17.308
1544.3900, -17.299
1544.4000, -17.289
1544.4100, -17.276
1544.4200, -17.265
1544.4300, -17.256
1544.4400, -17.243
1544.4500, -17.229
1544.4600, -17.216
1544.4700, -17.206
1544.4800, -17.192
1544.4900, -17.178
1544.5000, -17.167
1544.5100, -17.158
1544.5200, -17.146
1544.5300, -17.133
1544.5400, -17.123
1544.5500, -17.113
1544.5600, -17.100
1544.5700, -17.086
1544.5800, -17.075
1544.5900, -17.063
1544.6000, -17.048
1544.6100, -17.035
1544.6200, -17.024
1544.6300, -17.012
1544.6400, -16.999
1544.6500, -16.987
1544.6600, -16.977
1544.6700, -16.965
1544.6800, -16.952
1544.6900, -16.939
1544.7000, -16.927
1544.7100, -16.914
1544.7200, -16.900
1544.7300, -16.887
1544.7400, -16.874
1544.7500, -16.862
1544.7600, -16.850
1544.7700, -16.839
1544.7800, -16.828
1544.7900, -16.817
1544.8000, -16.806
1544.8100, -16.795
1544.8200, -16.783
1544.8300, -16.772
1544.8400, -16.759
1544.8500, -16.747
1544.8600, -16.735
1544.8700, -16.723
1544.8800, -16.712
1544.8900, -16.701
1544.9000, -16.691
1544.9100, -16.681
1544.9200, -16.670
1544.9300, -16.660
1544.9400, -16.649
1544.9500, -16.638
1544.9600, -16.626
1544.9700, -16.614
1544.9800, -16.603
1544.9900, -16.591
1545.0000, -16.579
1545.0100, -16.568
1545.0200, -16.558
1545.0300, -16.548
1545.0400, -16.537
1545.0500, -16.527
1545.0600, -16.517
1545.0700, -16.506
1545.0800, -16.494
1545.0900, -16.483
1545.1000, -16.472
1545.1100, -16.459
1545.1200, -16.446
1545.1300, -16.435
1545.1400, -16.424
1545.1500, -16.412
1545.1600, -16.400
1545.1700, -16.390
1545.1800, -16.380
1545.1900, -16.367
1545.2000, -16.355
1545.2100, -16.344
1545.2200, -16.333
1545.2300, -16.318
1545.2400, -16.304
1545.2500, -16.294
1545.2600, -16.282
1545.2700, -16.268
1545.2800, -16.257
1545.2900, -16.248
1545.3000, -16.236
1545.3100, -16.223
1545.3200, -16.213
1545.3300, -16.203
1545.3400, -16.189
1545.3500, -16.175
1545.3600, -16.164
1545.3700, -16.153
1545.3800, -16.139
1545.3900, -16.125
1545.4000, -16.115
1545.4100, -16.104
1545.4200, -16.091
1545.4300, -16.079
1545.4400, -16.069
1545.4500, -16.058
1545.4600, -16.044
1545.4700, -16.032
1545.4800, -16.020
1545.4900, -16.007
1545.5000, -15.993
1545.5100, -15.980
1545.5200, -15.968
1545.5300, -15.956
1545.5400, -15.944
1545.5500, -15.932
1545.5600, -15.922
1545.5700, -15.910
1545.5800, -15.898
1545.5900, -15.886
1545.6000, -15.874
1545.6100, -15.862
1545.6200, -15.849
1545.6300, -15.835
1545.6400, -15.822
1545.6500, -15.809
1545.6600, -15.797
1545.6700, -15.785
1545.6800, -15.773
1545.6900, -15.761
1545.7000, -15.750
1545.7100, -15.738
1545.7200, -15.725
1545.7300, -15.713
1545.7400, -15.700
1545.7500, -15.686
1545.7600, -15.673
1545.7700, -15.660
1545.7800, -15.648
1545.7900, -15.635
1545.8000, -15.623
1545.8100, -15.612
1545.8200, -15.600
1545.8300, -15.589
1545.8400, -15.577
1545.8500, -15.566
1545.8600, -15.554
1545.8700, -15.541
1545.8800, -15.528
1545.8900, -15.515
1545.9000, -15.501
1545.9100, -15.489
1545.9200, -15.478
1545.9300, -15.466
1545.9400, -15.454
1545.9500, -15.443
1545.9600, -15.433
1545.9700, -15.421
1545.9800, -15.407
1545.9900, -15.396
1546.0000, -15.385
1546.0100, -15.370
1546.0200, -15.356
1546.0300, -15.345
1546.0400, -15.334
1546.0500, -15.320
1546.0600, -15.307
1546.0700, -15.298
1546.0800, -15.288
1546.0900, -15.274
1546.1000, -15.262
1546.1100, -15.252
1546.1200, -15.239
1546.1300, -15.224
1546.1400, -15.211
1546.1500, -15.200
1546.1600, -15.186
1546.1700, -15.172
1546.1800, -15.160
1546.1900, -15.150
1546.2000, -15.137
1546.2100, -15.124
1546.2200, -15.113
1546.2300, -15.103
1546.2400, -15.090
1546.2500, -15.077
1546.2600, -15.064
1546.2700, -15.052
1546.2800, -15.039
1546.2900, -15.026
1546.3000, -15.015
1546.3100, -15.004
1546.3200, -14.993
1546.3300, -14.982
1546.3400, -14.972
1546.3500, -14.961
1546.3600, -14.950
1546.3700, -14.939
1546.3800, -14.927
1546.3900, -14.915
1546.4000, -14.903
1546.4100, -14.892
1546.4200, -14.880
1546.4300, -14.868
1546.4400, -14.858
1546.4500, -14.847
1546.4600, -14.837
1546.4700, -14.826
1546.4800, -14.816
1546.4900, -14.805
1546.5000, -14.794
1546.5100, -14.782
1546.5200, -14.771
1546.5300, -14.759
1546.5400, -14.747
1546.5500, -14.735
1546.5600, -14.724
1546.5700, -14.713
1546.5800, -14.702
1546.5900, -14.691
1546.6000, -14.681
1546.6100, -14.670
1546.6200, -14.658
1546.6300, -14.646
1546.6400, -14.634
1546.6500, -14.621
1546.6600, -14.608
1546.6700, -14.595
1546.6800, -14.582
1546.6900, -14.569
1546.7000, -14.557
1546.7100, -14.545
1546.7200, -14.532
1546.7300, -14.519
1546.7400, -14.507
1546.7500, -14.495
1546.7600, -14.480
1546.7700, -14.466
1546.7800, -14.453
1546.7900, -14.440
1546.8000, -14.425
1546.8100, -14.411
1546.8200, -14.399
1546.8300, -14.387
1546.8400, -14.372
1546.8500, -14.359
1546.8600, -14.349
1546.8700, -14.336
1546.8800, -14.322
1546.8900, -14.309
1546.9000, -14.297
1546.9100, -14.284
1546.9200, -14.268
1546.9300, -14.254
1546.9400, -14.243
1546.9500, -14.229
1546.9600, -14.215
1546.9700, -14.203
1546.9800, -14.192
1546.9900, -14.180
1547.0000, -14.167
1547.0100, -14.155
1547.0200, -14.143
1547.0300, -14.130
1547.0400, -14.116
1547.0500, -14.104
1547.0600, -14.091
1547.0700, -14.078
1547.0800, -14.066
1547.0900, -14.054
1547.1000, -14.042
1547.1100, -14.031
1547.1200, -14.019
1547.1300, -14.008
1547.1400, -13.996
1547.1500, -13.984
1547.1600, -13.972
1547.1700, -13.958
1547.1800, -13.945
1547.1900, -13.932
1547.2000, -13.919
1547.2100, -13.906
1547.2200, -13.893
1547.2300, -13.882
1547.2400, -13.871
1547.2500, -13.858
1547.2600, -13.846
1547.2700, -13.834
1547.2800, -13.822
1547.2900, -13.809
1547.3000, -13.795
1547.3100, -13.782
1547.3200, -13.770
1547.3300, -13.756
1547.3400, -13.743
1547.3500, -13.732
1547.3600, -13.720
1547.3700, -13.709
1547.3800, -13.697
1547.3900, -13.685
1547.4000, -13.673
1547.4100, -13.661
1547.4200, -13.647
1547.4300, -13.634
1547.4400, -13.621
1547.4500, -13.608
1547.4600, -13.595
1547.4700, -13.583
1547.4800, -13.570
1547.4900, -13.558
1547.5000, -13.547
1547.5100, -13.536
1547.5200, -13.523
1547.5300, -13.512
1547.5400, -13.500
1547.5500, -13.487
1547.5600, -13.473
1547.5700, -13.461
1547.5800, -13.449
1547.5900, -13.436
1547.6000, -13.423
1547.6100, -13.413
1547.6200, -13.402
1547.6300, -13.390
1547.6400, -13.378
1547.6500, -13.367
1547.6600, -13.356
1547.6700, -13.343
1547.6800, -13.329
1547.6900, -13.317
1547.7000, -13.305
1547.7100, -13.290
1547.7200, -13.277
1547.7300, -13.266
1547.7400, -13.254
1547.7500, -13.241
1547.7600, -13.229
1547.7700, -13.218
1547.7800, -13.207
1547.7900, -13.194
1547.8000, -13.181
1547.8100, -13.169
1547.8200, -13.156
1547.8300, -13.142
1547.8400, -13.130
1547.8500, -13.117
1547.8600, -13.106
1547.8700, -13.094
1547.8800, -13.083
1547.8900, -13.071
1547.9000, -13.060
1547.9100, -13.049
1547.9200, -13.037
1547.9300, -13.024
1547.9400, -13.012
1547.9500, -13.000
1547.9600, -12.986
1547.9700, -12.973
1547.9800, -12.961
1547.9900, -12.949
1548.0000, -12.937
1548.0100, -12.925
1548.0200, -12.913
1548.0300, -12.903
1548.0400, -12.891
1548.0500, -12.878
1548.0600, -12.865
1548.0700, -12.853
1548.0800, -12.840
1548.0900, -12.826
1548.1000, -12.813
1548.1100, -12.801
1548.1200, -12.789
1548.1300, -12.776
1548.1400, -12.763
1548.1500, -12.752
1548.1600, -12.740
1548.1700, -12.727
1548.1800, -12.714
1548.1900, -12.702
1548.2000, -12.688
1548.2100, -12.674
1548.2200, -12.659
1548.2300, -12.646
1548.2400, -12.632
1548.2500, -12.619
1548.2600, -12.605
1548.2700, -12.592
1548.2800, -12.579
1548.2900, -12.567
1548.3000, -12.554
1548.3100, -12.540
1548.3200, -12.527
1548.3300, -12.514
1548.3400, -12.500
1548.3500, -12.486
1548.3600, -12.471
1548.3700, -12.459
1548.3800, -12.446
1548.3900, -12.432
1548.4000, -12.419
1548.4100, -12.409
1548.4200, -12.397
1548.4300, -12.383
1548.4400, -12.370
1548.4500, -12.359
1548.4600, -12.346
1548.4700, -12.331
1548.4800, -12.318
1548.4900, -12.307
1548.5000, -12.294
1548.5100, -12.280
1548.5200, -12.268
1548.5300, -12.258
1548.5400, -12.247
1548.5500, -12.234
1548.5600, -12.223
1548.5700, -12.213
1548.5800, -12.201
1548.5900, -12.188
1548.6000, -12.176
1548.6100, -12.164
1548.6200, -12.152
1548.6300, -12.139
1548.6400, -12.128
1548.6500, -12.118
1548.6600, -12.107
1548.6700, -12.096
1548.6800, -12.085
1548.6900, -12.073
1548.7000, -12.062
1548.7100, -12.050
1548.7200, -12.037
1548.7300, -12.024
1548.7400, -12.011
1548.7500, -11.999
1548.7600, -11.985
1548.7700, -11.972
1548.7800, -11.960
1548.7900, -11.949
1548.8000, -11.937
1548.8100, -11.924
1548.8200, -11.913
1548.8300, -11.901
1548.8400, -11.888
1548.8500, -11.873
1548.8600, -11.860
1548.8700, -11.847
1548.8800, -11.833
1548.8900, -11.819
1548.9000, -11.806
1548.9100, -11.795
1548.9200, -11.783
1548.9300, -11.769
1548.9400, -11.757
1548.9500, -11.746
1548.9600, -11.734
1548.9700, -11.719
1548.9800, -11.706
1548.9900, -11.693
1549.0000, -11.679
1549.0100, -11.665
1549.0200, -11.651
1549.0300, -11.639
1549.0400, -11.627
1549.0500, -11.614
1549.0600, -11.602
1549.0700, -11.591
1549.0800, -11.578
1549.0900, -11.566
1549.1000, -11.553
1549.1100, -11.539
1549.1200, -11.526
1549.1300, -11.513
1549.1400, -11.501
1549.1500, -11.487
1549.1600, -11.474
1549.1700, -11.463
1549.1800, -11.451
1549.1900, -11.438
1549.2000, -11.425
1549.2100, -11.414
1549.2200, -11.402
1549.2300, -11.387
1549.2400, -11.374
1549.2500, -11.361
1549.2600, -11.347
1549.2700, -11.332
1549.2800, -11.319
1549.2900, -11.307
1549.3000, -11.294
1549.3100, -11.280
1549.3200, -11.268
1549.3300, -11.257
1549.3400, -11.243
1549.3500, -11.229
1549.3600, -11.216
1549.3700, -11.204
1549.3800, -11.190
1549.3900, -11.176
1549.4000, -11.162
1549.4100, -11.149
1549.4200, -11.136
1549.4300, -11.124
1549.4400, -11.111
1549.4500, -11.099
1549.4600, -11.087
1549.4700, -11.075
1549.4800, -11.061
1549.4900, -11.047
1549.5000, -11.034
1549.5100, -11.022
1549.5200, -11.008
1549.5300, -10.994
1549.5400, -10.981
1549.5500, -10.970
1549.5600, -10.957
1549.5700, -10.944
1549.5800, -10.933
1549.5900, -10.922
1549.6000, -10.910
1549.6100, -10.897
1549.6200, -10.885
1549.6300, -10.873
1549.6400, -10.861
1549.6500, -10.847
1549.6600, -10.834
1549.6700, -10.823
1549.6800, -10.812
1549.6900, -10.799
1549.7000, -10.787
1549.7100, -10.776
1549.7200, -10.765
1549.7300, -10.752
1549.7400, -10.739
1549.7500, -10.728
1549.7600, -10.716
1549.7700, -10.702
1549.7800, -10.688
1549.7900, -10.676
1549.8000, -10.663
1549.8100, -10.650
1549.8200, -10.637
1549.8300, -10.625
1549.8400, -10.614
1549.8500, -10.601
1549.8600, -10.589
1549.8700, -10.577
1549.8800, -10.564
1549.8900, -10.551
1549.9000, -10.538
1549.9100, -10.525
1549.9200, -10.512
1549.9300, -10.499
1549.9400, -10.488
1549.9500, -10.475
1549.9600, -10.462
1549.9700, -10.451
1549.9800, -10.440
1549.9900, -10.428
1550.0000, -10.415
1550.0100, -10.403
1550.0200, -10.392
1550.0300, -10.378
1550.0400, -10.365
1550.0500, -10.353
1550.0600, -10.342
1550.0700, -10.329
1550.0800, -10.317
1550.0900, -10.307
1550.1000, -10.297
1550.1100, -10.285
1550.1200, -10.273
1550.1300, -10.262
1550.1400, -10.251
1550.1500, -10.238
1550.1600, -10.226
1550.1700, -10.214
1550.1800, -10.202
1550.1900, -10.190
1550.2000, -10.178
1550.2100, -10.166
1550.2200, -10.155
1550.2300, -10.143
1550.2400, -10.132
1550.2500, -10.119
1550.2600, -10.107
1550.2700, -10.095
1550.2800, -10.082
1550.2900, -10.067
1550.3000, -10.053
1550.3100, -10.041
1550.3200, -10.028
1550.3300, -10.014
1550.3400, -10.000
1550.3500,  -9.989
1550.3600,  -9.977
1550.3700,  -9.963
1550.3800,  -9.949
1550.3900,  -9.937
1550.4000,  -9.925
1550.4100,  -9.910
1550.4200,  -9.895
1550.4300,  -9.881
1550.4400,  -9.869
1550.4500,  -9.854
1550.4600,  -9.839
1550.4700,  -9.826
1550.4800,  -9.814
1550.4900,  -9.801
1550.5000,  -9.787
1550.5100,  -9.774
1550.5200,  -9.762
1550.5300,  -9.748
1550.5400,  -9.732
1550.5500,  -9.718
1550.5600,  -9.706
1550.5700,  -9.692
1550.5800,  -9.677
1550.5900,  -9.664
1550.6000,  -9.653
1550.6100,  -9.641
1550.6200,  -9.628
1550.6300,  -9.616
1550.6400,  -9.605
1550.6500,  -9.593
1550.6600,  -9.580
1550.6700,  -9.567
1550.6800,  -9.555
1550.6900,  -9.542
1550.7000,  -9.529
1550.7100,  -9.516
1550.7200,  -9.505
1550.7300,  -9.493
1550.7400,  -9.481
1550.7500,  -9.470
1550.7600,  -9.458
1550.7700,  -9.446
1550.7800,  -9.434
1550.7900,  -9.422
1550.8000,  -9.408
1550.8100,  -9.395
1550.8200,  -9.383
1550.8300,  -9.371
1550.8400,  -9.358
1550.8500,  -9.345
1550.8600,  -9.334
1550.8700,  -9.322
1550.8800,  -9.310
1550.8900,  -9.298
1550.9000,  -9.287
1550.9100,  -9.275
1550.9200,  -9.262
1550.9300,  -9.249
1550.9400,  -9.237
1550.9500,  -9.224
1550.9600,  -9.211
1550.9700,  -9.199
1550.9800,  -9.187
1550.9900,  -9.175
1551.0000,  -9.163
1551.0100,  -9.151
1551.0200,  -9.139
1551.0300,  -9.127
1551.0400,  -9.116
1551.0500,  -9.104
1551.0600,  -9.090
1551.0700,  -9.077
1551.0800,  -9.065
1551.0900,  -9.053
1551.1000,  -9.040
1551.1100,  -9.027
1551.1200,  -9.017
1551.1300,  -9.007
1551.1400,  -8.995
1551.1500,  -8.983
1551.1600,  -8.973
1551.1700,  -8.963
1551.1800,  -8.950
1551.1900,  -8.937
1551.2000,  -8.925
1551.2100,  -8.915
1551.2200,  -8.903
1551.2300,  -8.889
1551.2400,  -8.878
1551.2500,  -8.868
1551.2600,  -8.856
1551.2700,  -8.843
1551.2800,  -8.832
1551.2900,  -8.823
1551.3000,  -8.811
1551.3100,  -8.798
1551.3200,  -8.785
1551.3300,  -8.774
1551.3400,  -8.762
1551.3500,  -8.748
1551.3600,  -8.735
1551.3700,  -8.725
1551.3800,  -8.714
1551.3900,  -8.701
1551.4000,  -8.689
1551.4100,  -8.679
1551.4200,  -8.668
1551.4300,  -8.655
1551.4400,  -8.643
1551.4500,  -8.631
1551.4600,  -8.619
1551.4700,  -8.606
1551.4800,  -8.593
1551.4900,  -8.580
1551.5000,  -8.568
1551.5100,  -8.556
1551.5200,  -8.544
1551.5300,  -8.532
1551.5400,  -8.520
1551.5500,  -8.509
1551.5600,  -8.497
1551.5700,  -8.484
1551.5800,  -8.470
1551.5900,  -8.458
1551.6000,  -8.445
1551.6100,  -8.432
1551.6200,  -8.419
1551.6300,  -8.407
1551.6400,  -8.396
1551.6500,  -8.384
1551.6600,  -8.372
1551.6700,  -8.361
1551.6800,  -8.350
1551.6900,  -8.339
1551.7000,  -8.326
1551.7100,  -8.314
1551.7200,  -8.302
1551.7300,  -8.289
1551.7400,  -8.276
1551.7500,  -8.264
1551.7600,  -8.251
1551.7700,  -8.240
1551.7800,  -8.228
1551.7900,  -8.216
1551.8000,  -8.204
1551.8100,  -8.192
1551.8200,  -8.180
1551.8300,  -8.167
1551.8400,  -8.153
1551.8500,  -8.140
1551.8600,  -8.127
1551.8700,  -8.113
1551.8800,  -8.099
1551.8900,  -8.086
1551.9000,  -8.075
1551.9100,  -8.062
1551.9200,  -8.048
1551.9300,  -8.036
1551.9400,  -8.026
1551.9500,  -8.013
1551.9600,  -7.998
1551.9700,  -7.984
1551.9800,  -7.972
1551.9900,  -7.959
1552.0000,  -7.944
1552.0100,  -7.930
1552.0200,  -7.919
1552.0300,  -7.907
1552.0400,  -7.893
1552.0500,  -7.879
1552.0600,  -7.868
1552.0700,  -7.857
1552.0800,  -7.844
1552.0900,  -7.830
1552.1000,  -7.818
1552.1100,  -7.807
1552.1200,  -7.794
1552.1300,  -7.779
1552.1400,  -7.767
1552.1500,  -7.757
1552.1600,  -7.746
1552.1700,  -7.733
1552.1800,  -7.723
1552.1900,  -7.714
1552.2000,  -7.703
1552.2100,  -7.691
1552.2200,  -7.680
1552.2300,  -7.670
1552.2400,  -7.659
1552.2500,  -7.646
1552.2600,  -7.634
1552.2700,  -7.624
1552.2800,  -7.613
1552.2900,  -7.601
1552.3000,  -7.590
1552.3100,  -7.579
1552.3200,  -7.569
1552.3300,  -7.558
1552.3400,  -7.548
1552.3500,  -7.536
1552.3600,  -7.524
1552.3700,  -7.512
1552.3800,  -7.500
1552.3900,  -7.487
1552.4000,  -7.475
1552.4100,  -7.464
1552.4200,  -7.453
1552.4300,  -7.441
1552.4400,  -7.429
1552.4500,  -7.418
1552.4600,  -7.406
1552.4700,  -7.394
1552.4800,  -7.382
1552.4900,  -7.370
1552.5000,  -7.358
1552.5100,  -7.345
1552.5200,  -7.332
1552.5300,  -7.318
1552.5400,  -7.305
1552.5500,  -7.293
1552.5600,  -7.280
1552.5700,  -7.268
1552.5800,  -7.255
1552.5900,  -7.243
1552.6000,  -7.231
1552.6100,  -7.218
1552.6200,  -7.204
1552.6300,  -7.192
1552.6400,  -7.180
1552.6500,  -7.167
1552.6600,  -7.153
1552.6700,  -7.142
1552.6800,  -7.131
1552.6900,  -7.119
1552.7000,  -7.105
1552.7100,  -7.095
1552.7200,  -7.086
1552.7300,  -7.075
1552.7400,  -7.062
1552.7500,  -7.051
1552.7600,  -7.041
1552.7700,  -7.029
1552.7800,  -7.015
1552.7900,  -7.003
1552.8000,  -6.994
1552.8100,  -6.984
1552.8200,  -6.971
1552.8300,  -6.959
1552.8400,  -6.950
1552.8500,  -6.940
1552.8600,  -6.928
1552.8700,  -6.915
1552.8800,  -6.905
1552.8900,  -6.895
1552.9000,  -6.882
1552.9100,  -6.868
1552.9200,  -6.857
1552.9300,  -6.847
1552.9400,  -6.834
1552.9500,  -6.821
1552.9600,  -6.810
1552.9700,  -6.801
1552.9800,  -6.790
1552.9900,  -6.777
1553.0000,  -6.765
1553.0100,  -6.754
1553.0200,  -6.741
1553.0300,  -6.727
1553.0400,  -6.715
1553.0500,  -6.703
1553.0600,  -6.690
1553.0700,  -6.678
1553.0800,  -6.666
1553.0900,  -6.654
1553.1000,  -6.642
1553.1100,  -6.630
1553.1200,  -6.618
1553.1300,  -6.606
1553.1400,  -6.594
1553.1500,  -6.582
1553.1600,  -6.570
1553.1700,  -6.557
1553.1800,  -6.544
1553.1900,  -6.532
1553.2000,  -6.521
1553.2100,  -6.509
1553.2200,  -6.498
1553.2300,  -6.488
1553.2400,  -6.477
1553.2500,  -6.466
1553.2600,  -6.454
1553.2700,  -6.442
1553.2800,  -6.431
1553.2900,  -6.419
1553.3000,  -6.407
1553.3100,  -6.395
1553.3200,  -6.383
1553.3300,  -6.372
1553.3400,  -6.361
1553.3500,  -6.349
1553.3600,  -6.338
1553.3700,  -6.328
1553.3800,  -6.318
1553.3900,  -6.306
1553.4000,  -6.293
1553.4100,  -6.282
1553.4200,  -6.271
1553.4300,  -6.258
1553.4400,  -6.244
1553.4500,  -6.234
1553.4600,  -6.225
1553.4700,  -6.213
1553.4800,  -6.200
1553.4900,  -6.189
1553.5000,  -6.180
1553.5100,  -6.169
1553.5200,  -6.155
1553.5300,  -6.143
1553.5400,  -6.133
1553.5500,  -6.122
1553.5600,  -6.107
1553.5700,  -6.094
1553.5800,  -6.083
1553.5900,  -6.073
1553.6000,  -6.059
1553.6100,  -6.046
1553.6200,  -6.036
1553.6300,  -6.027
1553.6400,  -6.015
1553.6500,  -6.001
1553.6600,  -5.989
1553.6700,  -5.980
1553.6800,  -5.968
1553.6900,  -5.954
1553.7000,  -5.942
1553.7100,  -5.933
1553.7200,  -5.923
1553.7300,  -5.910
1553.7400,  -5.899
1553.7500,  -5.890
1553.7600,  -5.881
1553.7700,  -5.869
1553.7800,  -5.858
1553.7900,  -5.849
1553.8000,  -5.839
1553.8100,  -5.826
1553.8200,  -5.814
1553.8300,  -5.803
1553.8400,  -5.793
1553.8500,  -5.781
1553.8600,  -5.769
1553.8700,  -5.759
1553.8800,  -5.749
1553.8900,  -5.737
1553.9000,  -5.725
1553.9100,  -5.714
1553.9200,  -5.702
1553.9300,  -5.691
1553.9400,  -5.678
1553.9500,  -5.666
1553.9600,  -5.654
1553.9700,  -5.641
1553.9800,  -5.629
1553.9900,  -5.617
1554.0000,  -5.606
1554.0100,  -5.594
1554.0200,  -5.583
1554.0300,  -5.571
1554.0400,  -5.559
1554.0500,  -5.546
1554.0600,  -5.534
1554.0700,  -5.521
1554.0800,  -5.508
1554.0900,  -5.495
1554.1000,  -5.483
1554.1100,  -5.470
1554.1200,  -5.459
1554.1300,  -5.447
1554.1400,  -5.434
1554.1500,  -5.423
1554.1600,  -5.413
1554.1700,  -5.402
1554.1800,  -5.389
1554.1900,  -5.377
1554.2000,  -5.366
1554.2100,  -5.355
1554.2200,  -5.342
1554.2300,  -5.329
1554.2400,  -5.320
1554.2500,  -5.311
1554.2600,  -5.300
1554.2700,  -5.288
1554.2800,  -5.280
1554.2900,  -5.272
1554.3000,  -5.261
1554.3100,  -5.248
1554.3200,  -5.238
1554.3300,  -5.230
1554.3400,  -5.220
1554.3500,  -5.207
1554.3600,  -5.196
1554.3700,  -5.188
1554.3800,  -5.178
1554.3900,  -5.166
1554.4000,  -5.155
1554.4100,  -5.148
1554.4200,  -5.140
1554.4300,  -5.129
1554.4400,  -5.117
1554.4500,  -5.109
1554.4600,  -5.100
1554.4700,  -5.089
1554.4800,  -5.076
1554.4900,  -5.066
1554.5000,  -5.059
1554.5100,  -5.049
1554.5200,  -5.037
1554.5300,  -5.027
1554.5400,  -5.019
1554.5500,  -5.010
1554.5600,  -4.997
1554.5700,  -4.986
1554.5800,  -4.977
1554.5900,  -4.967
1554.6000,  -4.955
1554.6100,  -4.942
1554.6200,  -4.931
1554.6300,  -4.920
1554.6400,  -4.908
1554.6500,  -4.897
1554.6600,  -4.886
1554.6700,  -4.876
1554.6800,  -4.865
1554.6900,  -4.853
1554.7000,  -4.842
1554.7100,  -4.831
1554.7200,  -4.819
1554.7300,  -4.807
1554.7400,  -4.796
1554.7500,  -4.785
1554.7600,  -4.774
1554.7700,  -4.763
1554.7800,  -4.753
1554.7900,  -4.742
1554.8000,  -4.732
1554.8100,  -4.722
1554.8200,  -4.712
1554.8300,  -4.702
1554.8400,  -4.692
1554.8500,  -4.681
1554.8600,  -4.670
1554.8700,  -4.659
1554.8800,  -4.648
1554.8900,  -4.637
1554.9000,  -4.627
1554.9100,  -4.618
1554.9200,  -4.608
1554.9300,  -4.597
1554.9400,  -4.587
1554.9500,  -4.578
1554.9600,  -4.568
1554.9700,  -4.556
1554.9800,  -4.545
1554.9900,  -4.536
1555.0000,  -4.526
1555.0100,  -4.514
1555.0200,  -4.502
1555.0300,  -4.493
1555.0400,  -4.484
1555.0500,  -4.472
1555.0600,  -4.461
1555.0700,  -4.452
1555.0800,  -4.443
1555.0900,  -4.431
1555.1000,  -4.418
1555.1100,  -4.407
1555.1200,  -4.397
1555.1300,  -4.386
1555.1400,  -4.372
1555.1500,  -4.361
1555.1600,  -4.352
1555.1700,  -4.341
1555.1800,  -4.328
1555.1900,  -4.316
1555.2000,  -4.307
1555.2100,  -4.298
1555.2200,  -4.286
1555.2300,  -4.274
1555.2400,  -4.264
1555.2500,  -4.255
1555.2600,  -4.243
1555.2700,  -4.230
1555.2800,  -4.220
1555.2900,  -4.212
1555.3000,  -4.202
1555.3100,  -4.190
1555.3200,  -4.180
1555.3300,  -4.173
1555.3400,  -4.163
1555.3500,  -4.151
1555.3600,  -4.140
1555.3700,  -4.132
1555.3800,  -4.123
1555.3900,  -4.111
1555.4000,  -4.099
1555.4100,  -4.090
1555.4200,  -4.081
1555.4300,  -4.070
1555.4400,  -4.059
1555.4500,  -4.050
1555.4600,  -4.042
1555.4700,  -4.032
1555.4800,  -4.022
1555.4900,  -4.012
1555.5000,  -4.003
1555.5100,  -3.993
1555.5200,  -3.982
1555.5300,  -3.972
1555.5400,  -3.962
1555.5500,  -3.953
1555.5600,  -3.943
1555.5700,  -3.934
1555.5800,  -3.925
1555.5900,  -3.915
1555.6000,  -3.905
1555.6100,  -3.895
1555.6200,  -3.886
1555.6300,  -3.876
1555.6400,  -3.864
1555.6500,  -3.853
1555.6600,  -3.843
1555.6700,  -3.833
1555.6800,  -3.821
1555.6900,  -3.811
1555.7000,  -3.802
1555.7100,  -3.793
1555.7200,  -3.783
1555.7300,  -3.772
1555.7400,  -3.764
1555.7500,  -3.755
1555.7600,  -3.744
1555.7700,  -3.733
1555.7800,  -3.724
1555.7900,  -3.717
1555.8000,  -3.707
1555.8100,  -3.696
1555.8200,  -3.688
1555.8300,  -3.682
1555.8400,  -3.673
1555.8500,  -3.663
1555.8600,  -3.655
1555.8700,  -3.650
1555.8800,  -3.643
1555.8900,  -3.632
1555.9000,  -3.622
1555.9100,  -3.615
1555.9200,  -3.608
1555.9300,  -3.598
1555.9400,  -3.588
1555.9500,  -3.581
1555.9600,  -3.575
1555.9700,  -3.567
1555.9800,  -3.557
1555.9900,  -3.548
1556.0000,  -3.542
1556.0100,  -3.534
1556.0200,  -3.523
1556.0300,  -3.514
1556.0400,  -3.507
1556.0500,  -3.500
1556.0600,  -3.489
1556.0700,  -3.478
1556.0800,  -3.470
1556.0900,  -3.463
1556.1000,  -3.453
1556.1100,  -3.443
1556.1200,  -3.435
1556.1300,  -3.428
1556.1400,  -3.417
1556.1500,  -3.405
1556.1600,  -3.395
1556.1700,  -3.385
1556.1800,  -3.375
1556.1900,  -3.363
1556.2000,  -3.353
1556.2100,  -3.343
1556.2200,  -3.333
1556.2300,  -3.322
1556.2400,  -3.311
1556.2500,  -3.302
1556.2600,  -3.292
1556.2700,  -3.282
1556.2800,  -3.271
1556.2900,  -3.261
1556.3000,  -3.250
1556.3100,  -3.239
1556.3200,  -3.229
1556.3300,  -3.219
1556.3400,  -3.210
1556.3500,  -3.200
1556.3600,  -3.191
1556.3700,  -3.183
1556.3800,  -3.174
1556.3900,  -3.164
1556.4000,  -3.155
1556.4100,  -3.146
1556.4200,  -3.137
1556.4300,  -3.127
1556.4400,  -3.118
1556.4500,  -3.109
1556.4600,  -3.101
1556.4700,  -3.091
1556.4800,  -3.082
1556.4900,  -3.074
1556.5000,  -3.068
1556.5100,  -3.060
1556.5200,  -3.050
1556.5300,  -3.042
1556.5400,  -3.035
1556.5500,  -3.027
1556.5600,  -3.017
1556.5700,  -3.007
1556.5800,  -3.001
1556.5900,  -2.994
1556.6000,  -2.984
1556.6100,  -2.974
1556.6200,  -2.968
1556.6300,  -2.962
1556.6400,  -2.952
1556.6500,  -2.942
1556.6600,  -2.934
1556.6700,  -2.928
1556.6800,  -2.919
1556.6900,  -2.907
1556.7000,  -2.898
1556.7100,  -2.890
1556.7200,  -2.881
1556.7300,  -2.870
1556.7400,  -2.860
1556.7500,  -2.853
1556.7600,  -2.847
1556.7700,  -2.837
1556.7800,  -2.826
1556.7900,  -2.818
1556.8000,  -2.811
1556.8100,  -2.802
1556.8200,  -2.791
1556.8300,  -2.782
1556.8400,  -2.775
1556.8500,  -2.768
1556.8600,  -2.757
1556.8700,  -2.747
1556.8800,  -2.741
1556.8900,  -2.734
1556.9000,  -2.726
1556.9100,  -2.717
1556.9200,  -2.710
1556.9300,  -2.704
1556.9400,  -2.695
1556.9500,  -2.685
1556.9600,  -2.676
1556.9700,  -2.669
1556.9800,  -2.661
1556.9900,  -2.652
1557.0000,  -2.644
1557.0100,  -2.638
1557.0200,  -2.631
1557.0300,  -2.623
1557.0400,  -2.615
1557.0500,  -2.608
1557.0600,  -2.601
1557.0700,  -2.593
1557.0800,  -2.584
1557.0900,  -2.577
1557.1000,  -2.569
1557.1100,  -2.560
1557.1200,  -2.552
1557.1300,  -2.544
1557.1400,  -2.537
1557.1500,  -2.529
1557.1600,  -2.522
1557.1700,  -2.515
1557.1800,  -2.507
1557.1900,  -2.498
1557.2000,  -2.489
1557.2100,  -2.480
1557.2200,  -2.472
1557.2300,  -2.463
1557.2400,  -2.453
1557.2500,  -2.445
1557.2600,  -2.438
1557.2700,  -2.429
1557.2800,  -2.420
1557.2900,  -2.411
1557.3000,  -2.405
1557.3100,  -2.397
1557.3200,  -2.388
1557.3300,  -2.379
1557.3400,  -2.372
1557.3500,  -2.364
1557.3600,  -2.354
1557.3700,  -2.344
1557.3800,  -2.337
1557.3900,  -2.331
1557.4000,  -2.323
1557.4100,  -2.314
1557.4200,  -2.307
1557.4300,  -2.301
1557.4400,  -2.293
1557.4500,  -2.283
1557.4600,  -2.275
1557.4700,  -2.269
1557.4800,  -2.263
1557.4900,  -2.253
1557.5000,  -2.244
1557.5100,  -2.237
1557.5200,  -2.231
1557.5300,  -2.223
1557.5400,  -2.214
1557.5500,  -2.207
1557.5600,  -2.203
1557.5700,  -2.197
1557.5800,  -2.187
1557.5900,  -2.179
1557.6000,  -2.173
1557.6100,  -2.166
1557.6200,  -2.157
1557.6300,  -2.148
1557.6400,  -2.142
1557.6500,  -2.136
1557.6600,  -2.128
1557.6700,  -2.118
1557.6800,  -2.111
1557.6900,  -2.105
1557.7000,  -2.097
1557.7100,  -2.087
1557.7200,  -2.079
1557.7300,  -2.072
1557.7400,  -2.064
1557.7500,  -2.053
1557.7600,  -2.043
1557.7700,  -2.035
1557.7800,  -2.027
1557.7900,  -2.018
1557.8000,  -2.009
1557.8100,  -2.002
1557.8200,  -1.996
1557.8300,  -1.987
1557.8400,  -1.978
1557.8500,  -1.970
1557.8600,  -1.963
1557.8700,  -1.955
1557.8800,  -1.947
1557.8900,  -1.939
1557.9000,  -1.933
1557.9100,  -1.926
1557.9200,  -1.918
1557.9300,  -1.911
1557.9400,  -1.905
1557.9500,  -1.899
1557.9600,  -1.893
1557.9700,  -1.887
1557.9800,  -1.882
1557.9900,  -1.876
1558.0000,  -1.868
1558.0100,  -1.861
1558.0200,  -1.856
1558.0300,  -1.850
1558.0400,  -1.844
1558.0500,  -1.838
1558.0600,  -1.833
1558.0700,  -1.829
1558.0800,  -1.823
1558.0900,  -1.816
1558.1000,  -1.811
1558.1100,  -1.808
1558.1200,  -1.802
1558.1300,  -1.795
1558.1400,  -1.790
1558.1500,  -1.786
1558.1600,  -1.779
1558.1700,  -1.771
1558.1800,  -1.764
1558.1900,  -1.760
1558.2000,  -1.756
1558.2100,  -1.748
1558.2200,  -1.741
1558.2300,  -1.736
1558.2400,  -1.731
1558.2500,  -1.722
1558.2600,  -1.713
1558.2700,  -1.706
1558.2800,  -1.701
1558.2900,  -1.694
1558.3000,  -1.684
1558.3100,  -1.676
1558.3200,  -1.670
1558.3300,  -1.664
1558.3400,  -1.655
1558.3500,  -1.647
1558.3600,  -1.641
1558.3700,  -1.636
1558.3800,  -1.628
1558.3900,  -1.618
1558.4000,  -1.610
1558.4100,  -1.604
1558.4200,  -1.597
1558.4300,  -1.587
1558.4400,  -1.579
1558.4500,  -1.574
1558.4600,  -1.569
1558.4700,  -1.561
1558.4800,  -1.553
1558.4900,  -1.547
1558.5000,  -1.542
1558.5100,  -1.534
1558.5200,  -1.525
1558.5300,  -1.519
1558.5400,  -1.514
1558.5500,  -1.507
1558.5600,  -1.498
1558.5700,  -1.491
1558.5800,  -1.486
1558.5900,  -1.481
1558.6000,  -1.474
1558.6100,  -1.468
1558.6200,  -1.464
1558.6300,  -1.459
1558.6400,  -1.452
1558.6500,  -1.445
1558.6600,  -1.439
1558.6700,  -1.433
1558.6800,  -1.427
1558.6900,  -1.420
1558.7000,  -1.414
1558.7100,  -1.409
1558.7200,  -1.402
1558.7300,  -1.395
1558.7400,  -1.389
1558.7500,  -1.384
1558.7600,  -1.378
1558.7700,  -1.370
1558.7800,  -1.363
1558.7900,  -1.357
1558.8000,  -1.350
1558.8100,  -1.341
1558.8200,  -1.333
1558.8300,  -1.327
1558.8400,  -1.322
1558.8500,  -1.315
1558.8600,  -1.308
1558.8700,  -1.302
1558.8800,  -1.297
1558.8900,  -1.290
1558.9000,  -1.282
1558.9100,  -1.275
1558.9200,  -1.271
1558.9300,  -1.265
1558.9400,  -1.256
1558.9500,  -1.250
1558.9600,  -1.245
1558.9700,  -1.240
1558.9800,  -1.233
1558.9900,  -1.226
1559.0000,  -1.222
1559.0100,  -1.218
1559.0200,  -1.212
1559.0300,  -1.205
1559.0400,  -1.199
1559.0500,  -1.196
1559.0600,  -1.190
1559.0700,  -1.182
1559.0800,  -1.176
1559.0900,  -1.173
1559.1000,  -1.170
1559.1100,  -1.165
1559.1200,  -1.159
1559.1300,  -1.155
1559.1400,  -1.152
1559.1500,  -1.148
1559.1600,  -1.141
1559.1700,  -1.137
1559.1800,  -1.135
1559.1900,  -1.132
1559.2000,  -1.125
1559.2100,  -1.120
1559.2200,  -1.116
1559.2300,  -1.113
1559.2400,  -1.108
1559.2500,  -1.103
1559.2600,  -1.099
1559.2700,  -1.097
1559.2800,  -1.093
1559.2900,  -1.086
1559.3000,  -1.081
1559.3100,  -1.078
1559.3200,  -1.073
1559.3300,  -1.067
1559.3400,  -1.061
1559.3500,  -1.058
1559.3600,  -1.054
1559.3700,  -1.048
1559.3800,  -1.042
1559.3900,  -1.038
1559.4000,  -1.034
1559.4100,  -1.029
1559.4200,  -1.024
1559.4300,  -1.020
1559.4400,  -1.017
1559.4500,  -1.011
1559.4600,  -1.005
1559.4700,  -1.000
1559.4800,  -0.996
1559.4900,  -0.991
1559.5000,  -0.986
1559.5100,  -0.982
1559.5200,  -0.979
1559.5300,  -0.975
1559.5400,  -0.969
1559.5500,  -0.965
1559.5600,  -0.962
1559.5700,  -0.959
1559.5800,  -0.954
1559.5900,  -0.949
1559.6000,  -0.946
1559.6100,  -0.943
1559.6200,  -0.938
1559.6300,  -0.932
1559.6400,  -0.930
1559.6500,  -0.928
1559.6600,  -0.925
1559.6700,  -0.921
1559.6800,  -0.917
1559.6900,  -0.916
1559.7000,  -0.912
1559.7100,  -0.906
1559.7200,  -0.901
1559.7300,  -0.898
1559.7400,  -0.896
1559.7500,  -0.890
1559.7600,  -0.884
1559.7700,  -0.881
1559.7800,  -0.878
1559.7900,  -0.872
1559.8000,  -0.866
1559.8100,  -0.861
1559.8200,  -0.858
1559.8300,  -0.853
1559.8400,  -0.846
1559.8500,  -0.839
1559.8600,  -0.833
1559.8700,  -0.829
1559.8800,  -0.822
1559.8900,  -0.815
1559.9000,  -0.809
1559.9100,  -0.806
1559.9200,  -0.802
1559.9300,  -0.794
1559.9400,  -0.788
1559.9500,  -0.783
1559.9600,  -0.778
1559.9700,  -0.771
1559.9800,  -0.764
1559.9900,  -0.758
1560.0000,  -0.754
1560.0100,  -0.748
1560.0200,  -0.740
1560.0300,  -0.734
1560.0400,  -0.730
1560.0500,  -0.726
1560.0600,  -0.720
1560.0700,  -0.714
1560.0800,  -0.710
1560.0900,  -0.707
1560.1000,  -0.700
1560.1100,  -0.694
1560.1200,  -0.689
1560.1300,  -0.686
1560.1400,  -0.681
1560.1500,  -0.676
1560.1600,  -0.673
1560.1700,  -0.671
1560.1800,  -0.668
1560.1900,  -0.664
1560.2000,  -0.661
1560.2100,  -0.659
1560.2200,  -0.657
1560.2300,  -0.653
1560.2400,  -0.650
1560.2500,  -0.648
1560.2600,  -0.645
1560.2700,  -0.641
1560.2800,  -0.637
1560.2900,  -0.635
1560.3000,  -0.633
1560.3100,  -0.630
1560.3200,  -0.627
1560.3300,  -0.624
1560.3400,  -0.622
1560.3500,  -0.618
1560.3600,  -0.613
1560.3700,  -0.609
1560.3800,  -0.607
1560.3900,  -0.604
1560.4000,  -0.599
1560.4100,  -0.595
1560.4200,  -0.592
1560.4300,  -0.589
1560.4400,  -0.585
1560.4500,  -0.580
1560.4600,  -0.578
1560.4700,  -0.576
1560.4800,  -0.572
1560.4900,  -0.566
1560.5000,  -0.562
1560.5100,  -0.560
1560.5200,  -0.556
1560.5300,  -0.550
1560.5400,  -0.546
1560.5500,  -0.544
1560.5600,  -0.543
1560.5700,  -0.539
1560.5800,  -0.534
1560.5900,  -0.532
1560.6000,  -0.530
1560.6100,  -0.527
1560.6200,  -0.523
1560.6300,  -0.520
1560.6400,  -0.519
1560.6500,  -0.518
1560.6600,  -0.514
1560.6700,  -0.510
1560.6800,  -0.509
1560.6900,  -0.509
1560.7000,  -0.508
1560.7100,  -0.505
1560.7200,  -0.503
1560.7300,  -0.504
1560.7400,  -0.503
1560.7500,  -0.500
1560.7600,  -0.496
1560.7700,  -0.495
1560.7800,  -0.495
1560.7900,  -0.492
1560.8000,  -0.489
1560.8100,  -0.487
1560.8200,  -0.487
1560.8300,  -0.485
1560.8400,  -0.481
1560.8500,  -0.478
1560.8600,  -0.477
1560.8700,  -0.476
1560.8800,  -0.473
1560.8900,  -0.469
1560.9000,  -0.467
1560.9100,  -0.465
1560.9200,  -0.461
1560.9300,  -0.457
1560.9400,  -0.454
1560.9500,  -0.452
1560.9600,  -0.450
1560.9700,  -0.446
1560.9800,  -0.443
1560.9900,  -0.441
1561.0000,  -0.438
1561.0100,  -0.434
1561.0200,  -0.430
1561.0300,  -0.428
1561.0400,  -0.425
1561.0500,  -0.422
1561.0600,  -0.417
1561.0700,  -0.414
1561.0800,  -0.411
1561.0900,  -0.408
1561.1000,  -0.404
1561.1100,  -0.402
1561.1200,  -0.401
1561.1300,  -0.398
1561.1400,  -0.394
1561.1500,  -0.391
1561.1600,  -0.390
1561.1700,  -0.387
1561.1800,  -0.383
1561.1900,  -0.380
1561.2000,  -0.379
1561.2100,  -0.379
1561.2200,  -0.376
1561.2300,  -0.372
1561.2400,  -0.371
1561.2500,  -0.371
1561.2600,  -0.368
1561.2700,  -0.365
1561.2800,  -0.364
1561.2900,  -0.363
1561.3000,  -0.361
1561.3100,  -0.357
1561.3200,  -0.353
1561.3300,  -0.351
1561.3400,  -0.350
1561.3500,  -0.347
1561.3600,  -0.343
1561.3700,  -0.342
1561.3800,  -0.341
1561.3900,  -0.339
1561.4000,  -0.334
1561.4100,  -0.331
1561.4200,  -0.329
1561.4300,  -0.327
1561.4400,  -0.323
1561.4500,  -0.319
1561.4600,  -0.317
1561.4700,  -0.316
1561.4800,  -0.313
1561.4900,  -0.309
1561.5000,  -0.306
1561.5100,  -0.305
1561.5200,  -0.304
1561.5300,  -0.300
1561.5400,  -0.296
1561.5500,  -0.294
1561.5600,  -0.292
1561.5700,  -0.288
1561.5800,  -0.283
1561.5900,  -0.281
1561.6000,  -0.280
1561.6100,  -0.279
1561.6200,  -0.276
1561.6300,  -0.273
1561.6400,  -0.273
1561.6500,  -0.272
1561.6600,  -0.270
1561.6700,  -0.267
1561.6800,  -0.267
1561.6900,  -0.268
1561.7000,  -0.267
1561.7100,  -0.265
1561.7200,  -0.264
1561.7300,  -0.265
1561.7400,  -0.266
1561.7500,  -0.266
1561.7600,  -0.267
1561.7700,  -0.269
1561.7800,  -0.271
1561.7900,  -0.271
1561.8000,  -0.271
1561.8100,  -0.271
1561.8200,  -0.272
1561.8300,  -0.272
1561.8400,  -0.271
1561.8500,  -0.271
1561.8600,  -0.273
1561.8700,  -0.273
1561.8800,  -0.272
1561.8900,  -0.271
1561.9000,  -0.271
1561.9100,  -0.272
1561.9200,  -0.270
1561.9300,  -0.269
1561.9400,  -0.269
1561.9500,  -0.269
1561.9600,  -0.266
1561.9700,  -0.263
1561.9800,  -0.262
1561.9900,  -0.262
1562.0000,  -0.260
1562.0100,  -0.258
1562.0200,  -0.256
1562.0300,  -0.256
1562.0400,  -0.255
1562.0500,  -0.252
1562.0600,  -0.249
1562.0700,  -0.248
1562.0800,  -0.247
1562.0900,  -0.245
1562.1000,  -0.241
1562.1100,  -0.239
1562.1200,  -0.239
1562.1300,  -0.237
1562.1400,  -0.233
1562.1500,  -0.231
1562.1600,  -0.231
1562.1700,  -0.231
1562.1800,  -0.230
1562.1900,  -0.227
1562.2000,  -0.226
1562.2100,  -0.226
1562.2200,  -0.225
1562.2300,  -0.223
1562.2400,  -0.222
1562.2500,  -0.223
1562.2600,  -0.224
1562.2700,  -0.224
1562.2800,  -0.222
1562.2900,  -0.223
1562.3000,  -0.224
1562.3100,  -0.224
1562.3200,  -0.223
1562.3300,  -0.223
1562.3400,  -0.225
1562.3500,  -0.226
1562.3600,  -0.225
1562.3700,  -0.223
1562.3800,  -0.224
1562.3900,  -0.225
1562.4000,  -0.225
1562.4100,  -0.224
1562.4200,  -0.225
1562.4300,  -0.227
1562.4400,  -0.228
1562.4500,  -0.227
1562.4600,  -0.226
1562.4700,  -0.227
1562.4800,  -0.228
1562.4900,  -0.227
1562.5000,  -0.226
1562.5100,  -0.227
1562.5200,  -0.228
1562.5300,  -0.227
1562.5400,  -0.226
1562.5500,  -0.226
1562.5600,  -0.227
1562.5700,  -0.227
1562.5800,  -0.226
1562.5900,  -0.226
1562.6000,  -0.226
1562.6100,  -0.225
1562.6200,  -0.223
1562.6300,  -0.221
1562.6400,  -0.220
1562.6500,  -0.220
1562.6600,  -0.219
1562.6700,  -0.217
1562.6800,  -0.217
1562.6900,  -0.218
1562.7000,  -0.217
1562.7100,  -0.216
1562.7200,  -0.216
1562.7300,  -0.217
1562.7400,  -0.218
1562.7500,  -0.217
1562.7600,  -0.216
1562.7700,  -0.217
1562.7800,  -0.219
1562.7900,  -0.219
1562.8000,  -0.219
1562.8100,  -0.221
1562.8200,  -0.224
1562.8300,  -0.227
1562.8400,  -0.228
1562.8500,  -0.229
1562.8600,  -0.231
1562.8700,  -0.233
1562.8800,  -0.233
1562.8900,  -0.233
1562.9000,  -0.235
1562.9100,  -0.238
1562.9200,  -0.239
1562.9300,  -0.240
1562.9400,  -0.240
1562.9500,  -0.243
1562.9600,  -0.245
1562.9700,  -0.247
1562.9800,  -0.248
1562.9900,  -0.249
1563.0000,  -0.252
1563.0100,  -0.253
1563.0200,  -0.253
1563.0300,  -0.253
1563.0400,  -0.254
1563.0500,  -0.256
1563.0600,  -0.258
1563.0700,  -0.258
1563.0800,  -0.260
1563.0900,  -0.262
1563.1000,  -0.264
1563.1100,  -0.264
1563.1200,  -0.263
1563.1300,  -0.265
1563.1400,  -0.266
1563.1500,  -0.266
1563.1600,  -0.266
1563.1700,  -0.266
1563.1800,  -0.268
1563.1900,  -0.268
1563.2000,  -0.268
1563.2100,  -0.269
1563.2200,  -0.271
1563.2300,  -0.274
1563.2400,  -0.274
1563.2500,  -0.275
1563.2600,  -0.276
1563.2700,  -0.278
1563.2800,  -0.279
1563.2900,  -0.279
1563.3000,  -0.281
1563.3100,  -0.283
1563.3200,  -0.286
1563.3300,  -0.287
1563.3400,  -0.289
1563.3500,  -0.292
1563.3600,  -0.294
1563.3700,  -0.296
1563.3800,  -0.297
1563.3900,  -0.299
1563.4000,  -0.302
1563.4100,  -0.303
1563.4200,  -0.304
1563.4300,  -0.305
1563.4400,  -0.307
1563.4500,  -0.309
1563.4600,  -0.310
1563.4700,  -0.312
1563.4800,  -0.316
1563.4900,  -0.318
1563.5000,  -0.319
1563.5100,  -0.319
1563.5200,  -0.321
1563.5300,  -0.324
1563.5400,  -0.325
1563.5500,  -0.325
1563.5600,  -0.326
1563.5700,  -0.329
1563.5800,  -0.330
1563.5900,  -0.330
1563.6000,  -0.330
1563.6100,  -0.332
1563.6200,  -0.334
1563.6300,  -0.334
1563.6400,  -0.334
1563.6500,  -0.335
1563.6600,  -0.336
1563.6700,  -0.336
1563.6800,  -0.334
1563.6900,  -0.334
1563.7000,  -0.335
1563.7100,  -0.336
1563.7200,  -0.336
1563.7300,  -0.336
1563.7400,  -0.337
1563.7500,  -0.339
1563.7600,  -0.341
1563.7700,  -0.342
1563.7800,  -0.343
1563.7900,  -0.346
1563.8000,  -0.350
1563.8100,  -0.352
1563.8200,  -0.354
1563.8300,  -0.356
1563.8400,  -0.360
1563.8500,  -0.364
1563.8600,  -0.367
1563.8700,  -0.370
1563.8800,  -0.375
1563.8900,  -0.380
1563.9000,  -0.384
1563.9100,  -0.387
1563.9200,  -0.390
1563.9300,  -0.395
1563.9400,  -0.399
1563.9500,  -0.401
1563.9600,  -0.405
1563.9700,  -0.409
1563.9800,  -0.414
1563.9900,  -0.417
1564.0000,  -0.419
1564.0100,  -0.423
1564.0200,  -0.428
1564.0300,  -0.433
1564.0400,  -0.436
1564.0500,  -0.440
1564.0600,  -0.444
1564.0700,  -0.448
1564.0800,  -0.451
1564.0900,  -0.453
1564.1000,  -0.457
1564.1100,  -0.461
1564.1200,  -0.465
1564.1300,  -0.468
1564.1400,  -0.471
1564.1500,  -0.475
1564.1600,  -0.478
1564.1700,  -0.480
1564.1800,  -0.482
1564.1900,  -0.485
1564.2000,  -0.488
1564.2100,  -0.489
1564.2200,  -0.490
1564.2300,  -0.493
1564.2400,  -0.495
1564.2500,  -0.497
1564.2600,  -0.499
1564.2700,  -0.502
1564.2800,  -0.506
1564.2900,  -0.509
1564.3000,  -0.511
1564.3100,  -0.514
1564.3200,  -0.517
1564.3300,  -0.521
1564.3400,  -0.523
1564.3500,  -0.525
1564.3600,  -0.530
1564.3700,  -0.535
1564.3800,  -0.539
1564.3900,  -0.542
1564.4000,  -0.546
1564.4100,  -0.551
1564.4200,  -0.556
1564.4300,  -0.559
1564.4400,  -0.563
1564.4500,  -0.568
1564.4600,  -0.573
1564.4700,  -0.576
1564.4800,  -0.579
1564.4900,  -0.582
1564.5000,  -0.586
1564.5100,  -0.591
1564.5200,  -0.594
1564.5300,  -0.598
1564.5400,  -0.604
1564.5500,  -0.609
1564.5600,  -0.613
1564.5700,  -0.616
1564.5800,  -0.619
1564.5900,  -0.624
1564.6000,  -0.628
1564.6100,  -0.631
1564.6200,  -0.634
1564.6300,  -0.637
1564.6400,  -0.641
1564.6500,  -0.645
1564.6600,  -0.647
1564.6700,  -0.650
1564.6800,  -0.654
1564.6900,  -0.658
1564.7000,  -0.660
1564.7100,  -0.662
1564.7200,  -0.664
1564.7300,  -0.666
1564.7400,  -0.667
1564.7500,  -0.668
1564.7600,  -0.669
1564.7700,  -0.672
1564.7800,  -0.675
1564.7900,  -0.678
1564.8000,  -0.680
1564.8100,  -0.682
1564.8200,  -0.686
1564.8300,  -0.689
1564.8400,  -0.691
1564.8500,  -0.694
1564.8600,  -0.698
1564.8700,  -0.702
1564.8800,  -0.705
1564.8900,  -0.708
1564.9000,  -0.712
1564.9100,  -0.717
1564.9200,  -0.721
1564.9300,  -0.725
1564.9400,  -0.730
1564.9500,  -0.736
1564.9600,  -0.740
1564.9700,  -0.744
1564.9800,  -0.747
1564.9900,  -0.752
1565.0000,  -0.757
1565.0100,  -0.760
1565.0200,  -0.764
1565.0300,  -0.769
1565.0400,  -0.774
1565.0500,  -0.778
1565.0600,  -0.782
1565.0700,  -0.786
1565.0800,  -0.792
1565.0900,  -0.797
1565.1000,  -0.801
1565.1100,  -0.805
1565.1200,  -0.810
1565.1300,  -0.814
1565.1400,  -0.818
1565.1500,  -0.822
1565.1600,  -0.826
1565.1700,  -0.831
1565.1800,  -0.836
1565.1900,  -0.840
1565.2000,  -0.844
1565.2100,  -0.849
1565.2200,  -0.853
1565.2300,  -0.857
1565.2400,  -0.860
1565.2500,  -0.864
1565.2600,  -0.868
1565.2700,  -0.872
1565.2800,  -0.875
1565.2900,  -0.878
1565.3000,  -0.882
1565.3100,  -0.887
1565.3200,  -0.891
1565.3300,  -0.895
1565.3400,  -0.899
1565.3500,  -0.905
1565.3600,  -0.910
1565.3700,  -0.915
1565.3800,  -0.919
1565.3900,  -0.924
1565.4000,  -0.930
1565.4100,  -0.935
1565.4200,  -0.940
1565.4300,  -0.946
1565.4400,  -0.952
1565.4500,  -0.959
1565.4600,  -0.965
1565.4700,  -0.970
1565.4800,  -0.977
1565.4900,  -0.984
1565.5000,  -0.991
1565.5100,  -0.997
1565.5200,  -1.003
1565.5300,  -1.009
1565.5400,  -1.016
1565.5500,  -1.021
1565.5600,  -1.026
1565.5700,  -1.033
1565.5800,  -1.040
1565.5900,  -1.047
1565.6000,  -1.053
1565.6100,  -1.060
1565.6200,  -1.067
1565.6300,  -1.073
1565.6400,  -1.078
1565.6500,  -1.084
1565.6600,  -1.090
1565.6700,  -1.096
1565.6800,  -1.101
1565.6900,  -1.106
1565.7000,  -1.110
1565.7100,  -1.116
1565.7200,  -1.120
1565.7300,  -1.125
1565.7400,  -1.130
1565.7500,  -1.135
1565.7600,  -1.140
1565.7700,  -1.143
1565.7800,  -1.146
1565.7900,  -1.150
1565.8000,  -1.153
1565.8100,  -1.156
1565.8200,  -1.159
1565.8300,  -1.162
1565.8400,  -1.167
1565.8500,  -1.171
1565.8600,  -1.174
1565.8700,  -1.178
1565.8800,  -1.183
1565.8900,  -1.188
1565.9000,  -1.193
1565.9100,  -1.197
1565.9200,  -1.202
1565.9300,  -1.207
1565.9400,  -1.212
1565.9500,  -1.216
1565.9600,  -1.221
1565.9700,  -1.227
1565.9800,  -1.233
1565.9900,  -1.239
1566.0000,  -1.246
1566.0100,  -1.252
1566.0200,  -1.259
1566.0300,  -1.265
1566.0400,  -1.271
1566.0500,  -1.276
1566.0600,  -1.282
1566.0700,  -1.289
1566.0800,  -1.295
1566.0900,  -1.301
1566.1000,  -1.307
1566.1100,  -1.314
1566.1200,  -1.321
1566.1300,  -1.328
1566.1400,  -1.335
1566.1500,  -1.342
1566.1600,  -1.350
1566.1700,  -1.357
1566.1800,  -1.363
1566.1900,  -1.369
1566.2000,  -1.376
1566.2100,  -1.382
1566.2200,  -1.388
1566.2300,  -1.394
1566.2400,  -1.401
1566.2500,  -1.408
1566.2600,  -1.414
1566.2700,  -1.420
1566.2800,  -1.425
1566.2900,  -1.430
1566.3000,  -1.436
1566.3100,  -1.441
1566.3200,  -1.446
1566.3300,  -1.451
1566.3400,  -1.456
1566.3500,  -1.460
1566.3600,  -1.465
1566.3700,  -1.470
1566.3800,  -1.475
1566.3900,  -1.481
1566.4000,  -1.487
1566.4100,  -1.492
1566.4200,  -1.498
1566.4300,  -1.504
1566.4400,  -1.510
1566.4500,  -1.515
1566.4600,  -1.520
1566.4700,  -1.527
1566.4800,  -1.533
1566.4900,  -1.540
1566.5000,  -1.546
1566.5100,  -1.553
1566.5200,  -1.560
1566.5300,  -1.566
1566.5400,  -1.573
1566.5500,  -1.580
1566.5600,  -1.587
1566.5700,  -1.595
1566.5800,  -1.601
1566.5900,  -1.608
1566.6000,  -1.615
1566.6100,  -1.622
1566.6200,  -1.629
1566.6300,  -1.637
1566.6400,  -1.644
1566.6500,  -1.653
1566.6600,  -1.661
1566.6700,  -1.669
1566.6800,  -1.677
1566.6900,  -1.685
1566.7000,  -1.693
1566.7100,  -1.700
1566.7200,  -1.708
1566.7300,  -1.715
1566.7400,  -1.723
1566.7500,  -1.731
1566.7600,  -1.737
1566.7700,  -1.744
1566.7800,  -1.751
1566.7900,  -1.759
1566.8000,  -1.766
1566.8100,  -1.772
1566.8200,  -1.779
1566.8300,  -1.785
1566.8400,  -1.791
1566.8500,  -1.797
1566.8600,  -1.802
1566.8700,  -1.808
1566.8800,  -1.814
1566.8900,  -1.820
1566.9000,  -1.826
1566.9100,  -1.832
1566.9200,  -1.838
1566.9300,  -1.845
1566.9400,  -1.851
1566.9500,  -1.857
1566.9600,  -1.864
1566.9700,  -1.871
1566.9800,  -1.878
1566.9900,  -1.884
1567.0000,  -1.890
1567.0100,  -1.897
1567.0200,  -1.904
1567.0300,  -1.911
1567.0400,  -1.918
1567.0500,  -1.925
1567.0600,  -1.933
1567.0700,  -1.941
1567.0800,  -1.948
1567.0900,  -1.955
1567.1000,  -1.962
1567.1100,  -1.970
1567.1200,  -1.977
1567.1300,  -1.984
1567.1400,  -1.991
1567.1500,  -1.999
1567.1600,  -2.006
1567.1700,  -2.014
1567.1800,  -2.021
1567.1900,  -2.029
1567.2000,  -2.038
1567.2100,  -2.046
1567.2200,  -2.054
1567.2300,  -2.062
1567.2400,  -2.070
1567.2500,  -2.078
1567.2600,  -2.085
1567.2700,  -2.092
1567.2800,  -2.099
1567.2900,  -2.107
1567.3000,  -2.114
1567.3100,  -2.122
1567.3200,  -2.129
1567.3300,  -2.137
1567.3400,  -2.144
1567.3500,  -2.150
1567.3600,  -2.157
1567.3700,  -2.164
1567.3800,  -2.170
1567.3900,  -2.177
1567.4000,  -2.183
1567.4100,  -2.189
1567.4200,  -2.196
1567.4300,  -2.202
1567.4400,  -2.209
1567.4500,  -2.217
1567.4600,  -2.225
1567.4700,  -2.233
1567.4800,  -2.240
1567.4900,  -2.247
1567.5000,  -2.255
1567.5100,  -2.262
1567.5200,  -2.270
1567.5300,  -2.277
1567.5400,  -2.285
1567.5500,  -2.293
1567.5600,  -2.302
1567.5700,  -2.311
1567.5800,  -2.319
1567.5900,  -2.328
1567.6000,  -2.337
1567.6100,  -2.347
1567.6200,  -2.356
1567.6300,  -2.365
1567.6400,  -2.374
1567.6500,  -2.383
1567.6600,  -2.392
1567.6700,  -2.401
1567.6800,  -2.410
1567.6900,  -2.420
1567.7000,  -2.430
1567.7100,  -2.441
1567.7200,  -2.451
1567.7300,  -2.461
1567.7400,  -2.472
1567.7500,  -2.482
1567.7600,  -2.492
1567.7700,  -2.501
1567.7800,  -2.511
1567.7900,  -2.520
1567.8000,  -2.529
1567.8100,  -2.538
1567.8200,  -2.547
1567.8300,  -2.556
1567.8400,  -2.565
1567.8500,  -2.574
1567.8600,  -2.582
1567.8700,  -2.591
1567.8800,  -2.599
1567.8900,  -2.606
1567.9000,  -2.613
1567.9100,  -2.620
1567.9200,  -2.626
1567.9300,  -2.633
1567.9400,  -2.640
1567.9500,  -2.647
1567.9600,  -2.654
1567.9700,  -2.661
1567.9800,  -2.668
1567.9900,  -2.676
1568.0000,  -2.683
1568.0100,  -2.690
1568.0200,  -2.697
1568.0300,  -2.705
1568.0400,  -2.712
1568.0500,  -2.719
1568.0600,  -2.727
1568.0700,  -2.734
1568.0800,  -2.741
1568.0900,  -2.749
1568.1000,  -2.757
1568.1100,  -2.766
1568.1200,  -2.774
1568.1300,  -2.783
1568.1400,  -2.792
1568.1500,  -2.800
1568.1600,  -2.808
1568.1700,  -2.817
1568.1800,  -2.825
1568.1900,  -2.834
1568.2000,  -2.843
1568.2100,  -2.852
1568.2200,  -2.861
1568.2300,  -2.870
1568.2400,  -2.880
1568.2500,  -2.889
1568.2600,  -2.899
1568.2700,  -2.909
1568.2800,  -2.919
1568.2900,  -2.928
1568.3000,  -2.937
1568.3100,  -2.946
1568.3200,  -2.955
1568.3300,  -2.964
1568.3400,  -2.972
1568.3500,  -2.981
1568.3600,  -2.990
1568.3700,  -2.999
1568.3800,  -3.007
1568.3900,  -3.016
1568.4000,  -3.024
1568.4100,  -3.032
1568.4200,  -3.040
1568.4300,  -3.047
1568.4400,  -3.055
1568.4500,  -3.062
1568.4600,  -3.069
1568.4700,  -3.076
1568.4800,  -3.083
1568.4900,  -3.090
1568.5000,  -3.097
1568.5100,  -3.105
1568.5200,  -3.113
1568.5300,  -3.121
1568.5400,  -3.128
1568.5500,  -3.136
1568.5600,  -3.144
1568.5700,  -3.151
1568.5800,  -3.159
1568.5900,  -3.166
1568.6000,  -3.174
1568.6100,  -3.182
1568.6200,  -3.190
1568.6300,  -3.199
1568.6400,  -3.207
1568.6500,  -3.216
1568.6600,  -3.226
1568.6700,  -3.235
1568.6800,  -3.245
1568.6900,  -3.255
1568.7000,  -3.265
1568.7100,  -3.274
1568.7200,  -3.284
1568.7300,  -3.294
1568.7400,  -3.304
1568.7500,  -3.314
1568.7600,  -3.325
1568.7700,  -3.336
1568.7800,  -3.347
1568.7900,  -3.358
1568.8000,  -3.369
1568.8100,  -3.381
1568.8200,  -3.392
1568.8300,  -3.403
1568.8400,  -3.413
1568.8500,  -3.424
1568.8600,  -3.434
1568.8700,  -3.444
1568.8800,  -3.454
1568.8900,  -3.464
1568.9000,  -3.474
1568.9100,  -3.485
1568.9200,  -3.495
1568.9300,  -3.506
1568.9400,  -3.516
1568.9500,  -3.526
1568.9600,  -3.535
1568.9700,  -3.544
1568.9800,  -3.553
1568.9900,  -3.562
1569.0000,  -3.572
1569.0100,  -3.581
1569.0200,  -3.590
1569.0300,  -3.600
1569.0400,  -3.610
1569.0500,  -3.619
1569.0600,  -3.629
1569.0700,  -3.639
1569.0800,  -3.649
1569.0900,  -3.659
1569.1000,  -3.669
1569.1100,  -3.678
1569.1200,  -3.687
1569.1300,  -3.696
1569.1400,  -3.706
1569.1500,  -3.715
1569.1600,  -3.725
1569.1700,  -3.736
1569.1800,  -3.746
1569.1900,  -3.757
1569.2000,  -3.767
1569.2100,  -3.777
1569.2200,  -3.787
1569.2300,  -3.798
1569.2400,  -3.808
1569.2500,  -3.818
1569.2600,  -3.828
1569.2700,  -3.839
1569.2800,  -3.850
1569.2900,  -3.860
1569.3000,  -3.871
1569.3100,  -3.881
1569.3200,  -3.893
1569.3300,  -3.904
1569.3400,  -3.914
1569.3500,  -3.925
1569.3600,  -3.935
1569.3700,  -3.946
1569.3800,  -3.955
1569.3900,  -3.965
1569.4000,  -3.974
1569.4100,  -3.984
1569.4200,  -3.994
1569.4300,  -4.003
1569.4400,  -4.012
1569.4500,  -4.021
1569.4600,  -4.030
1569.4700,  -4.039
1569.4800,  -4.047
1569.4900,  -4.056
1569.5000,  -4.064
1569.5100,  -4.072
1569.5200,  -4.080
1569.5300,  -4.087
1569.5400,  -4.095
1569.5500,  -4.103
1569.5600,  -4.111
1569.5700,  -4.118
1569.5800,  -4.126
1569.5900,  -4.135
1569.6000,  -4.143
1569.6100,  -4.151
1569.6200,  -4.158
1569.6300,  -4.166
1569.6400,  -4.174
1569.6500,  -4.182
1569.6600,  -4.190
1569.6700,  -4.198
1569.6800,  -4.207
1569.6900,  -4.215
1569.7000,  -4.224
1569.7100,  -4.233
1569.7200,  -4.242
1569.7300,  -4.252
1569.7400,  -4.261
1569.7500,  -4.271
1569.7600,  -4.280
1569.7700,  -4.290
1569.7800,  -4.301
1569.7900,  -4.311
1569.8000,  -4.321
1569.8100,  -4.331
1569.8200,  -4.342
1569.8300,  -4.353
1569.8400,  -4.365
1569.8500,  -4.376
1569.8600,  -4.387
1569.8700,  -4.398
1569.8800,  -4.409
1569.8900,  -4.420
1569.9000,  -4.431
1569.9100,  -4.442
1569.9200,  -4.452
1569.9300,  -4.463
1569.9400,  -4.473
1569.9500,  -4.483
1569.9600,  -4.493
1569.9700,  -4.504
1569.9800,  -4.515
1569.9900,  -4.525
1570.0000,  -4.535
1570.0100,  -4.545
1570.0200,  -4.555
1570.0300,  -4.565
1570.0400,  -4.574
1570.0500,  -4.583
1570.0600,  -4.593
1570.0700,  -4.603
1570.0800,  -4.612
1570.0900,  -4.622
1570.1000,  -4.631
1570.1100,  -4.641
1570.1200,  -4.651
1570.1300,  -4.661
1570.1400,  -4.671
1570.1500,  -4.681
1570.1600,  -4.691
1570.1700,  -4.700
1570.1800,  -4.709
1570.1900,  -4.718
1570.2000,  -4.727
1570.2100,  -4.737
1570.2200,  -4.746
1570.2300,  -4.756
1570.2400,  -4.766
1570.2500,  -4.777
1570.2600,  -4.788
1570.2700,  -4.798
1570.2800,  -4.809
1570.2900,  -4.820
1570.3000,  -4.830
1570.3100,  -4.841
1570.3200,  -4.852
1570.3300,  -4.863
1570.3400,  -4.874
1570.3500,  -4.885
1570.3600,  -4.897
1570.3700,  -4.909
1570.3800,  -4.921
1570.3900,  -4.934
1570.4000,  -4.946
1570.4100,  -4.958
1570.4200,  -4.970
1570.4300,  -4.982
1570.4400,  -4.993
1570.4500,  -5.003
1570.4600,  -5.014
1570.4700,  -5.025
1570.4800,  -5.037
1570.4900,  -5.048
1570.5000,  -5.058
1570.5100,  -5.070
1570.5200,  -5.081
1570.5300,  -5.092
1570.5400,  -5.102
1570.5500,  -5.113
1570.5600,  -5.124
1570.5700,  -5.134
1570.5800,  -5.144
1570.5900,  -5.153
1570.6000,  -5.162
1570.6100,  -5.172
1570.6200,  -5.181
1570.6300,  -5.191
1570.6400,  -5.201
1570.6500,  -5.211
1570.6600,  -5.221
1570.6700,  -5.231
1570.6800,  -5.240
1570.6900,  -5.249
1570.7000,  -5.258
1570.7100,  -5.267
1570.7200,  -5.276
1570.7300,  -5.284
1570.7400,  -5.293
1570.7500,  -5.302
1570.7600,  -5.312
1570.7700,  -5.321
1570.7800,  -5.331
1570.7900,  -5.341
1570.8000,  -5.351
1570.8100,  -5.362
1570.8200,  -5.372
1570.8300,  -5.381
1570.8400,  -5.391
1570.8500,  -5.402
1570.8600,  -5.412
1570.8700,  -5.422
1570.8800,  -5.432
1570.8900,  -5.443
1570.9000,  -5.455
1570.9100,  -5.466
1570.9200,  -5.477
1570.9300,  -5.487
1570.9400,  -5.499
1570.9500,  -5.510
1570.9600,  -5.520
1570.9700,  -5.530
1570.9800,  -5.541
1570.9900,  -5.551
1571.0000,  -5.561
1571.0100,  -5.571
1571.0200,  -5.580
1571.0300,  -5.591
1571.0400,  -5.602
1571.0500,  -5.612
1571.0600,  -5.622
1571.0700,  -5.632
1571.0800,  -5.643
1571.0900,  -5.653
1571.1000,  -5.662
1571.1100,  -5.671
1571.1200,  -5.681
1571.1300,  -5.691
1571.1400,  -5.701
1571.1500,  -5.710
1571.1600,  -5.720
1571.1700,  -5.730
1571.1800,  -5.740
1571.1900,  -5.750
1571.2000,  -5.760
1571.2100,  -5.770
1571.2200,  -5.781
1571.2300,  -5.790
1571.2400,  -5.800
1571.2500,  -5.809
1571.2600,  -5.819
1571.2700,  -5.829
1571.2800,  -5.839
1571.2900,  -5.849
1571.3000,  -5.860
1571.3100,  -5.872
1571.3200,  -5.884
1571.3300,  -5.895
1571.3400,  -5.906
1571.3500,  -5.918
1571.3600,  -5.930
1571.3700,  -5.942
1571.3800,  -5.954
1571.3900,  -5.966
1571.4000,  -5.978
1571.4100,  -5.991
1571.4200,  -6.003
1571.4300,  -6.015
1571.4400,  -6.028
1571.4500,  -6.041
1571.4600,  -6.054
1571.4700,  -6.067
1571.4800,  -6.080
1571.4900,  -6.092
1571.5000,  -6.105
1571.5100,  -6.117
1571.5200,  -6.128
1571.5300,  -6.139
1571.5400,  -6.151
1571.5500,  -6.163
1571.5600,  -6.175
1571.5700,  -6.186
1571.5800,  -6.198
1571.5900,  -6.209
1571.6000,  -6.221
1571.6100,  -6.232
1571.6200,  -6.243
1571.6300,  -6.254
1571.6400,  -6.265
1571.6500,  -6.276
1571.6600,  -6.285
1571.6700,  -6.295
1571.6800,  -6.305
1571.6900,  -6.315
1571.7000,  -6.326
1571.7100,  -6.335
1571.7200,  -6.345
1571.7300,  -6.355
1571.7400,  -6.366
1571.7500,  -6.375
1571.7600,  -6.384
1571.7700,  -6.393
1571.7800,  -6.403
1571.7900,  -6.412
1571.8000,  -6.420
1571.8100,  -6.429
1571.8200,  -6.439
1571.8300,  -6.449
1571.8400,  -6.458
1571.8500,  -6.468
1571.8600,  -6.478
1571.8700,  -6.490
1571.8800,  -6.502
1571.8900,  -6.512
1571.9000,  -6.522
1571.9100,  -6.534
1571.9200,  -6.545
1571.9300,  -6.557
1571.9400,  -6.567
1571.9500,  -6.579
1571.9600,  -6.591
1571.9700,  -6.604
1571.9800,  -6.617
1571.9900,  -6.628
1572.0000,  -6.641
1572.0100,  -6.654
1572.0200,  -6.667
1572.0300,  -6.678
1572.0400,  -6.690
1572.0500,  -6.702
1572.0600,  -6.714
1572.0700,  -6.725
1572.0800,  -6.736
1572.0900,  -6.747
1572.1000,  -6.759
1572.1100,  -6.771
1572.1200,  -6.783
1572.1300,  -6.794
1572.1400,  -6.806
1572.1500,  -6.817
1572.1600,  -6.829
1572.1700,  -6.839
1572.1800,  -6.850
1572.1900,  -6.860
1572.2000,  -6.871
1572.2100,  -6.882
1572.2200,  -6.892
1572.2300,  -6.902
1572.2400,  -6.913
1572.2500,  -6.923
1572.2600,  -6.934
1572.2700,  -6.944
1572.2800,  -6.954
1572.2900,  -6.964
1572.3000,  -6.974
1572.3100,  -6.984
1572.3200,  -6.992
1572.3300,  -7.001
1572.3400,  -7.011
1572.3500,  -7.021
1572.3600,  -7.031
1572.3700,  -7.041
1572.3800,  -7.051
1572.3900,  -7.062
1572.4000,  -7.074
1572.4100,  -7.084
1572.4200,  -7.095
1572.4300,  -7.106
1572.4400,  -7.118
1572.4500,  -7.130
1572.4600,  -7.141
1572.4700,  -7.153
1572.4800,  -7.165
1572.4900,  -7.179
1572.5000,  -7.191
1572.5100,  -7.203
1572.5200,  -7.216
1572.5300,  -7.230
1572.5400,  -7.244
1572.5500,  -7.257
1572.5600,  -7.269
1572.5700,  -7.281
1572.5800,  -7.295
1572.5900,  -7.307
1572.6000,  -7.319
1572.6100,  -7.331
1572.6200,  -7.344
1572.6300,  -7.358
1572.6400,  -7.370
1572.6500,  -7.382
1572.6600,  -7.395
1572.6700,  -7.408
1572.6800,  -7.421
1572.6900,  -7.433
1572.7000,  -7.445
1572.7100,  -7.457
1572.7200,  -7.470
1572.7300,  -7.481
1572.7400,  -7.492
1572.7500,  -7.503
1572.7600,  -7.515
1572.7700,  -7.527
1572.7800,  -7.539
1572.7900,  -7.550
1572.8000,  -7.561
1572.8100,  -7.573
1572.8200,  -7.584
1572.8300,  -7.594
1572.8400,  -7.604
1572.8500,  -7.614
1572.8600,  -7.625
1572.8700,  -7.636
1572.8800,  -7.646
1572.8900,  -7.656
1572.9000,  -7.667
1572.9100,  -7.678
1572.9200,  -7.689
1572.9300,  -7.700
1572.9400,  -7.712
1572.9500,  -7.724
1572.9600,  -7.735
1572.9700,  -7.747
1572.9800,  -7.758
1572.9900,  -7.769
1573.0000,  -7.781
1573.0100,  -7.793
1573.0200,  -7.805
1573.0300,  -7.816
1573.0400,  -7.828
1573.0500,  -7.841
1573.0600,  -7.854
1573.0700,  -7.866
1573.0800,  -7.877
1573.0900,  -7.889
1573.1000,  -7.901
1573.1100,  -7.913
1573.1200,  -7.924
1573.1300,  -7.935
1573.1400,  -7.946
1573.1500,  -7.957
1573.1600,  -7.969
1573.1700,  -7.979
1573.1800,  -7.990
1573.1900,  -8.003
1573.2000,  -8.015
1573.2100,  -8.027
1573.2200,  -8.037
1573.2300,  -8.047
1573.2400,  -8.059
1573.2500,  -8.070
1573.2600,  -8.079
1573.2700,  -8.088
1573.2800,  -8.099
1573.2900,  -8.110
1573.3000,  -8.120
1573.3100,  -8.129
1573.3200,  -8.138
1573.3300,  -8.150
1573.3400,  -8.161
1573.3500,  -8.171
1573.3600,  -8.179
1573.3700,  -8.189
1573.3800,  -8.199
1573.3900,  -8.209
1573.4000,  -8.217
1573.4100,  -8.225
1573.4200,  -8.235
1573.4300,  -8.247
1573.4400,  -8.257
1573.4500,  -8.267
1573.4600,  -8.278
1573.4700,  -8.290
1573.4800,  -8.302
1573.4900,  -8.313
1573.5000,  -8.324
1573.5100,  -8.336
1573.5200,  -8.349
1573.5300,  -8.361
1573.5400,  -8.372
1573.5500,  -8.383
1573.5600,  -8.396
1573.5700,  -8.409
1573.5800,  -8.422
1573.5900,  -8.435
1573.6000,  -8.448
1573.6100,  -8.462
1573.6200,  -8.475
1573.6300,  -8.488
1573.6400,  -8.500
1573.6500,  -8.512
1573.6600,  -8.525
1573.6700,  -8.537
1573.6800,  -8.549
1573.6900,  -8.562
1573.7000,  -8.574
1573.7100,  -8.588
1573.7200,  -8.601
1573.7300,  -8.614
1573.7400,  -8.627
1573.7500,  -8.640
1573.7600,  -8.653
1573.7700,  -8.666
1573.7800,  -8.678
1573.7900,  -8.690
1573.8000,  -8.701
1573.8100,  -8.713
1573.8200,  -8.724
1573.8300,  -8.735
1573.8400,  -8.747
1573.8500,  -8.759
1573.8600,  -8.771
1573.8700,  -8.782
1573.8800,  -8.793
1573.8900,  -8.804
1573.9000,  -8.815
1573.9100,  -8.826
1573.9200,  -8.836
1573.9300,  -8.845
1573.9400,  -8.855
1573.9500,  -8.866
1573.9600,  -8.877
1573.9700,  -8.887
1573.9800,  -8.897
1573.9900,  -8.909
1574.0000,  -8.922
1574.0100,  -8.935
1574.0200,  -8.946
1574.0300,  -8.957
1574.0400,  -8.970
1574.0500,  -8.983
1574.0600,  -8.995
1574.0700,  -9.006
1574.0800,  -9.018
1574.0900,  -9.031
1574.1000,  -9.045
1574.1100,  -9.058
1574.1200,  -9.070
1574.1300,  -9.083
1574.1400,  -9.098
1574.1500,  -9.112
1574.1600,  -9.124
1574.1700,  -9.136
1574.1800,  -9.149
1574.1900,  -9.163
1574.2000,  -9.176
1574.2100,  -9.187
1574.2200,  -9.199
1574.2300,  -9.212
1574.2400,  -9.226
1574.2500,  -9.238
1574.2600,  -9.251
1574.2700,  -9.264
1574.2800,  -9.278
1574.2900,  -9.291
1574.3000,  -9.302
1574.3100,  -9.314
1574.3200,  -9.326
1574.3300,  -9.338
1574.3400,  -9.350
1574.3500,  -9.360
1574.3600,  -9.371
1574.3700,  -9.382
1574.3800,  -9.393
1574.3900,  -9.404
1574.4000,  -9.415
1574.4100,  -9.425
1574.4200,  -9.436
1574.4300,  -9.447
1574.4400,  -9.457
1574.4500,  -9.466
1574.4600,  -9.475
1574.4700,  -9.484
1574.4800,  -9.494
1574.4900,  -9.503
1574.5000,  -9.513
1574.5100,  -9.523
1574.5200,  -9.533
1574.5300,  -9.544
1574.5400,  -9.555
1574.5500,  -9.565
1574.5600,  -9.576
1574.5700,  -9.587
1574.5800,  -9.599
1574.5900,  -9.609
1574.6000,  -9.620
1574.6100,  -9.631
1574.6200,  -9.642
1574.6300,  -9.654
1574.6400,  -9.665
1574.6500,  -9.676
1574.6600,  -9.688
1574.6700,  -9.701
1574.6800,  -9.714
1574.6900,  -9.725
1574.7000,  -9.737
1574.7100,  -9.749
1574.7200,  -9.761
1574.7300,  -9.773
1574.7400,  -9.783
1574.7500,  -9.795
1574.7600,  -9.807
1574.7700,  -9.820
1574.7800,  -9.832
1574.7900,  -9.843
1574.8000,  -9.856
1574.8100,  -9.870
1574.8200,  -9.883
1574.8300,  -9.895
1574.8400,  -9.906
1574.8500,  -9.919
1574.8600,  -9.932
1574.8700,  -9.943
1574.8800,  -9.953
1574.8900,  -9.963
1574.9000,  -9.976
1574.9100,  -9.989
1574.9200, -10.000
1574.9300, -10.010
1574.9400, -10.021
1574.9500, -10.034
1574.9600, -10.045
1574.9700, -10.055
1574.9800, -10.065
1574.9900, -10.076
1575.0000, -10.087
1575.0100, -10.098
1575.0200, -10.107
1575.0300, -10.118
1575.0400, -10.129
1575.0500, -10.142
1575.0600, -10.153
1575.0700, -10.165
1575.0800, -10.177
1575.0900, -10.191
1575.1000, -10.204
1575.1100, -10.216
1575.1200, -10.227
1575.1300, -10.240
1575.1400, -10.252
1575.1500, -10.265
1575.1600, -10.278
1575.1700, -10.291
1575.1800, -10.305
1575.1900, -10.319
1575.2000, -10.332
1575.2100, -10.346
1575.2200, -10.359
1575.2300, -10.373
1575.2400, -10.387
1575.2500, -10.400
1575.2600, -10.413
1575.2700, -10.425
1575.2800, -10.438
1575.2900, -10.451
1575.3000, -10.463
1575.3100, -10.476
1575.3200, -10.490
1575.3300, -10.504
1575.3400, -10.518
1575.3500, -10.531
1575.3600, -10.544
1575.3700, -10.556
1575.3800, -10.569
1575.3900, -10.581
1575.4000, -10.593
1575.4100, -10.604
1575.4200, -10.615
1575.4300, -10.627
1575.4400, -10.639
1575.4500, -10.650
1575.4600, -10.660
1575.4700, -10.671
1575.4800, -10.683
1575.4900, -10.695
1575.5000, -10.705
1575.5100, -10.714
1575.5200, -10.724
1575.5300, -10.735
1575.5400, -10.745
1575.5500, -10.754
1575.5600, -10.763
1575.5700, -10.774
1575.5800, -10.786
1575.5900, -10.797
1575.6000, -10.807
1575.6100, -10.818
1575.6200, -10.830
1575.6300, -10.843
1575.6400, -10.855
1575.6500, -10.865
1575.6600, -10.876
1575.6700, -10.889
1575.6800, -10.902
1575.6900, -10.912
1575.7000, -10.923
1575.7100, -10.935
1575.7200, -10.949
1575.7300, -10.963
1575.7400, -10.975
1575.7500, -10.987
1575.7600, -11.001
1575.7700, -11.015
1575.7800, -11.027
1575.7900, -11.038
1575.8000, -11.050
1575.8100, -11.063
1575.8200, -11.076
1575.8300, -11.089
1575.8400, -11.101
1575.8500, -11.114
1575.8600, -11.127
1575.8700, -11.141
1575.8800, -11.154
1575.8900, -11.167
1575.9000, -11.180
1575.9100, -11.193
1575.9200, -11.206
1575.9300, -11.218
1575.9400, -11.230
1575.9500, -11.241
1575.9600, -11.252
1575.9700, -11.264
1575.9800, -11.275
1575.9900, -11.287
1576.0000, -11.299
1576.0100, -11.310
1576.0200, -11.321
1576.0300, -11.332
1576.0400, -11.342
1576.0500, -11.353
1576.0600, -11.363
1576.0700, -11.373
1576.0800, -11.382
1576.0900, -11.392
1576.1000, -11.401
1576.1100, -11.411
1576.1200, -11.422
1576.1300, -11.432
1576.1400, -11.443
1576.1500, -11.454
1576.1600, -11.466
1576.1700, -11.477
1576.1800, -11.488
1576.1900, -11.498
1576.2000, -11.509
1576.2100, -11.521
1576.2200, -11.532
1576.2300, -11.542
1576.2400, -11.553
1576.2500, -11.566
1576.2600, -11.579
1576.2700, -11.591
1576.2800, -11.602
1576.2900, -11.614
1576.3000, -11.628
1576.3100, -11.642
1576.3200, -11.654
1576.3300, -11.665
1576.3400, -11.677
1576.3500, -11.691
1576.3600, -11.704
1576.3700, -11.715
1576.3800, -11.727
1576.3900, -11.740
1576.4000, -11.756
1576.4100, -11.770
1576.4200, -11.782
1576.4300, -11.795
1576.4400, -11.809
1576.4500, -11.823
1576.4600, -11.835
1576.4700, -11.847
1576.4800, -11.859
1576.4900, -11.872
1576.5000, -11.885
1576.5100, -11.895
1576.5200, -11.906
1576.5300, -11.918
1576.5400, -11.931
1576.5500, -11.943
1576.5600, -11.954
1576.5700, -11.965
1576.5800, -11.976
1576.5900, -11.988
1576.6000, -11.998
1576.6100, -12.008
1576.6200, -12.017
1576.6300, -12.027
1576.6400, -12.038
1576.6500, -12.048
1576.6600, -12.059
1576.6700, -12.070
1576.6800, -12.081
1576.6900, -12.092
1576.7000, -12.103
1576.7100, -12.114
1576.7200, -12.125
1576.7300, -12.136
1576.7400, -12.146
1576.7500, -12.156
1576.7600, -12.167
1576.7700, -12.177
1576.7800, -12.188
1576.7900, -12.199
1576.8000, -12.210
1576.8100, -12.222
1576.8200, -12.234
1576.8300, -12.246
1576.8400, -12.257
1576.8500, -12.269
1576.8600, -12.280
1576.8700, -12.292
1576.8800, -12.303
1576.8900, -12.314
1576.9000, -12.325
1576.9100, -12.337
1576.9200, -12.349
1576.9300, -12.361
1576.9400, -12.374
1576.9500, -12.386
1576.9600, -12.398
1576.9700, -12.411
1576.9800, -12.424
1576.9900, -12.436
1577.0000, -12.448
1577.0100, -12.458
1577.0200, -12.469
1577.0300, -12.480
1577.0400, -12.492
1577.0500, -12.503
1577.0600, -12.513
1577.0700, -12.524
1577.0800, -12.537
1577.0900, -12.549
1577.1000, -12.559
1577.1100, -12.568
1577.1200, -12.579
1577.1300, -12.592
1577.1400, -12.602
1577.1500, -12.611
1577.1600, -12.620
1577.1700, -12.631
1577.1800, -12.643
1577.1900, -12.654
1577.2000, -12.664
1577.2100, -12.675
1577.2200, -12.688
1577.2300, -12.701
1577.2400, -12.712
1577.2500, -12.723
1577.2600, -12.735
1577.2700, -12.748
1577.2800, -12.759
1577.2900, -12.770
1577.3000, -12.781
1577.3100, -12.793
1577.3200, -12.807
1577.3300, -12.819
1577.3400, -12.831
1577.3500, -12.844
1577.3600, -12.857
1577.3700, -12.871
1577.3800, -12.884
1577.3900, -12.897
1577.4000, -12.909
1577.4100, -12.922
1577.4200, -12.935
1577.4300, -12.947
1577.4400, -12.960
1577.4500, -12.973
1577.4600, -12.986
1577.4700, -12.999
1577.4800, -13.012
1577.4900, -13.026
1577.5000, -13.039
1577.5100, -13.052
1577.5200, -13.065
1577.5300, -13.077
1577.5400, -13.090
1577.5500, -13.102
1577.5600, -13.113
1577.5700, -13.125
1577.5800, -13.136
1577.5900, -13.147
1577.6000, -13.158
1577.6100, -13.169
1577.6200, -13.180
1577.6300, -13.192
1577.6400, -13.203
1577.6500, -13.214
1577.6600, -13.224
1577.6700, -13.234
1577.6800, -13.244
1577.6900, -13.253
1577.7000, -13.262
1577.7100, -13.272
1577.7200, -13.282
1577.7300, -13.292
1577.7400, -13.302
1577.7500, -13.312
1577.7600, -13.323
1577.7700, -13.334
1577.7800, -13.344
1577.7900, -13.353
1577.8000, -13.363
1577.8100, -13.375
1577.8200, -13.386
1577.8300, -13.395
1577.8400, -13.403
1577.8500, -13.413
1577.8600, -13.425
1577.8700, -13.437
1577.8800, -13.447
1577.8900, -13.458
1577.9000, -13.471
1577.9100, -13.485
1577.9200, -13.497
1577.9300, -13.507
1577.9400, -13.518
1577.9500, -13.531
1577.9600, -13.544
1577.9700, -13.556
1577.9800, -13.566
1577.9900, -13.578
1578.0000, -13.592
1578.0100, -13.605
1578.0200, -13.618
1578.0300, -13.629
1578.0400, -13.642
1578.0500, -13.657
1578.0600, -13.670
1578.0700, -13.681
1578.0800, -13.692
1578.0900, -13.703
1578.1000, -13.715
1578.1100, -13.726
1578.1200, -13.737
1578.1300, -13.747
1578.1400, -13.758
1578.1500, -13.770
1578.1600, -13.781
1578.1700, -13.792
1578.1800, -13.803
1578.1900, -13.813
1578.2000, -13.823
1578.2100, -13.833
1578.2200, -13.843
1578.2300, -13.853
1578.2400, -13.862
1578.2500, -13.871
1578.2600, -13.880
1578.2700, -13.890
1578.2800, -13.901
1578.2900, -13.911
1578.3000, -13.921
1578.3100, -13.932
1578.3200, -13.943
1578.3300, -13.953
1578.3400, -13.963
1578.3500, -13.973
1578.3600, -13.982
1578.3700, -13.993
1578.3800, -14.003
1578.3900, -14.013
1578.4000, -14.024
1578.4100, -14.035
1578.4200, -14.046
1578.4300, -14.058
1578.4400, -14.070
1578.4500, -14.083
1578.4600, -14.095
1578.4700, -14.108
1578.4800, -14.120
1578.4900, -14.132
1578.5000, -14.145
1578.5100, -14.157
1578.5200, -14.169
1578.5300, -14.181
1578.5400, -14.195
1578.5500, -14.209
1578.5600, -14.223
1578.5700, -14.236
1578.5800, -14.249
1578.5900, -14.264
1578.6000, -14.278
1578.6100, -14.291
1578.6200, -14.302
1578.6300, -14.314
1578.6400, -14.328
1578.6500, -14.341
1578.6600, -14.353
1578.6700, -14.363
1578.6800, -14.375
1578.6900, -14.388
1578.7000, -14.402
1578.7100, -14.414
1578.7200, -14.425
1578.7300, -14.438
1578.7400, -14.451
1578.7500, -14.462
1578.7600, -14.473
1578.7700, -14.483
1578.7800, -14.494
1578.7900, -14.506
1578.8000, -14.517
1578.8100, -14.528
1578.8200, -14.539
1578.8300, -14.551
1578.8400, -14.563
1578.8500, -14.575
1578.8600, -14.586
1578.8700, -14.598
1578.8800, -14.609
1578.8900, -14.621
1578.9000, -14.631
1578.9100, -14.642
1578.9200, -14.653
1578.9300, -14.663
1578.9400, -14.674
1578.9500, -14.686
1578.9600, -14.698
1578.9700, -14.711
1578.9800, -14.723
1578.9900, -14.735
1579.0000, -14.747
1579.0100, -14.760
1579.0200, -14.772
1579.0300, -14.784
1579.0400, -14.795
1579.0500, -14.807
1579.0600, -14.819
1579.0700, -14.832
1579.0800, -14.844
1579.0900, -14.856
1579.1000, -14.868
1579.1100, -14.881
1579.1200, -14.895
1579.1300, -14.907
1579.1400, -14.919
1579.1500, -14.931
1579.1600, -14.942
1579.1700, -14.953
1579.1800, -14.964
1579.1900, -14.975
1579.2000, -14.985
1579.2100, -14.996
1579.2200, -15.007
1579.2300, -15.018
1579.2400, -15.029
1579.2500, -15.041
1579.2600, -15.051
1579.2700, -15.061
1579.2800, -15.071
1579.2900, -15.082
1579.3000, -15.092
1579.3100, -15.101
1579.3200, -15.110
1579.3300, -15.119
1579.3400, -15.130
1579.3500, -15.140
1579.3600, -15.148
1579.3700, -15.158
1579.3800, -15.169
1579.3900, -15.181
1579.4000, -15.191
1579.4100, -15.200
1579.4200, -15.209
1579.4300, -15.220
1579.4400, -15.231
1579.4500, -15.240
1579.4600, -15.248
1579.4700, -15.258
1579.4800, -15.270
1579.4900, -15.282
1579.5000, -15.292
1579.5100, -15.302
1579.5200, -15.314
1579.5300, -15.328
1579.5400, -15.341
1579.5500, -15.352
1579.5600, -15.364
1579.5700, -15.376
1579.5800, -15.388
1579.5900, -15.400
1579.6000, -15.411
1579.6100, -15.424
1579.6200, -15.437
1579.6300, -15.450
1579.6400, -15.464
1579.6500, -15.477
1579.6600, -15.490
1579.6700, -15.503
1579.6800, -15.516
1579.6900, -15.528
1579.7000, -15.540
1579.7100, -15.553
1579.7200, -15.564
1579.7300, -15.575
1579.7400, -15.586
1579.7500, -15.598
1579.7600, -15.610
1579.7700, -15.622
1579.7800, -15.633
1579.7900, -15.645
1579.8000, -15.658
1579.8100, -15.671
1579.8200, -15.682
1579.8300, -15.692
1579.8400, -15.701
1579.8500, -15.712
1579.8600, -15.724
1579.8700, -15.734
1579.8800, -15.744
1579.8900, -15.753
1579.9000, -15.765
1579.9100, -15.776
1579.9200, -15.787
1579.9300, -15.798
1579.9400, -15.808
1579.9500, -15.819
1579.9600, -15.830
1579.9700, -15.840
1579.9800, -15.850
1579.9900, -15.859
1580.0000, -15.869
1580.0100, -15.879
1580.0200, -15.890
1580.0300, -15.901
1580.0400, -15.913
1580.0500, -15.925
1580.0600, -15.936
1580.0700, -15.948
1580.0800, -15.961
1580.0900, -15.974
1580.1000, -15.986
1580.1100, -15.997
1580.1200, -16.009
1580.1300, -16.022
1580.1400, -16.035
1580.1500, -16.046
1580.1600, -16.058
1580.1700, -16.071
1580.1800, -16.086
1580.1900, -16.100
1580.2000, -16.113
1580.2100, -16.125
1580.2200, -16.139
1580.2300, -16.153
1580.2400, -16.165
1580.2500, -16.176
1580.2600, -16.187
1580.2700, -16.199
1580.2800, -16.212
1580.2900, -16.224
1580.3000, -16.235
1580.3100, -16.247
1580.3200, -16.259
1580.3300, -16.272
1580.3400, -16.284
1580.3500, -16.295
1580.3600, -16.307
1580.3700, -16.318
1580.3800, -16.328
1580.3900, -16.339
1580.4000, -16.349
1580.4100, -16.359
1580.4200, -16.369
1580.4300, -16.379
1580.4400, -16.390
1580.4500, -16.401
1580.4600, -16.412
1580.4700, -16.423
1580.4800, -16.432
1580.4900, -16.442
1580.5000, -16.453
1580.5100, -16.463
1580.5200, -16.471
1580.5300, -16.480
1580.5400, -16.489
1580.5500, -16.499
1580.5600, -16.509
1580.5700, -16.519
1580.5800, -16.529
1580.5900, -16.539
1580.6000, -16.551
1580.6100, -16.563
1580.6200, -16.575
1580.6300, -16.585
1580.6400, -16.595
1580.6500, -16.607
1580.6600, -16.618
1580.6700, -16.629
1580.6800, -16.639
1580.6900, -16.649
1580.7000, -16.662
1580.7100, -16.674
1580.7200, -16.686
1580.7300, -16.698
1580.7400, -16.710
1580.7500, -16.723
1580.7600, -16.735
1580.7700, -16.746
1580.7800, -16.758
1580.7900, -16.770
1580.8000, -16.780
1580.8100, -16.790
1580.8200, -16.801
1580.8300, -16.813
1580.8400, -16.825
1580.8500, -16.836
1580.8600, -16.847
1580.8700, -16.859
1580.8800, -16.873
1580.8900, -16.885
1580.9000, -16.896
1580.9100, -16.906
1580.9200, -16.917
1580.9300, -16.929
1580.9400, -16.940
1580.9500, -16.949
1580.9600, -16.959
1580.9700, -16.970
1580.9800, -16.982
1580.9900, -16.993
1581.0000, -17.003
1581.0100, -17.014
1581.0200, -17.026
1581.0300, -17.038
1581.0400, -17.049
1581.0500, -17.059
1581.0600, -17.069
1581.0700, -17.079
1581.0800, -17.089
1581.0900, -17.099
1581.1000, -17.110
1581.1100, -17.121
1581.1200, -17.133
1581.1300, -17.146
1581.1400, -17.158
1581.1500, -17.171
1581.1600, -17.184
1581.1700, -17.196
1581.1800, -17.208
1581.1900, -17.220
1581.2000, -17.233
1581.2100, -17.246
1581.2200, -17.257
1581.2300, -17.268
1581.2400, -17.281
1581.2500, -17.294
1581.2600, -17.308
1581.2700, -17.321
1581.2800, -17.333
1581.2900, -17.346
1581.3000, -17.360
1581.3100, -17.373
1581.3200, -17.384
1581.3300, -17.394
1581.3400, -17.405
1581.3500, -17.417
1581.3600, -17.429
1581.3700, -17.440
1581.3800, -17.450
1581.3900, -17.461
1581.4000, -17.473
1581.4100, -17.486
1581.4200, -17.498
1581.4300, -17.508
1581.4400, -17.519
1581.4500, -17.529
1581.4600, -17.540
1581.4700, -17.550
1581.4800, -17.559
1581.4900, -17.567
1581.5000, -17.576
1581.5100, -17.586
1581.5200, -17.596
1581.5300, -17.605
1581.5400, -17.615
1581.5500, -17.625
1581.5600, -17.635
1581.5700, -17.644
1581.5800, -17.654
1581.5900, -17.663
1581.6000, -17.671
1581.6100, -17.679
1581.6200, -17.688
1581.6300, -17.698
1581.6400, -17.709
1581.6500, -17.718
1581.6600, -17.727
1581.6700, -17.738
1581.6800, -17.751
1581.6900, -17.763
1581.7000, -17.774
1581.7100, -17.785
1581.7200, -17.797
1581.7300, -17.809
1581.7400, -17.820
1581.7500, -17.831
1581.7600, -17.841
1581.7700, -17.853
1581.7800, -17.866
1581.7900, -17.878
1581.8000, -17.890
1581.8100, -17.903
1581.8200, -17.915
1581.8300, -17.928
1581.8400, -17.940
1581.8500, -17.952
1581.8600, -17.964
1581.8700, -17.975
1581.8800, -17.986
1581.8900, -17.996
1581.9000, -18.008
1581.9100, -18.019
1581.9200, -18.031
1581.9300, -18.041
1581.9400, -18.053
1581.9500, -18.066
1581.9600, -18.079
1581.9700, -18.091
1581.9800, -18.101
1581.9900, -18.110
1582.0000, -18.121
1582.0100, -18.132
1582.0200, -18.143
1582.0300, -18.151
1582.0400, -18.159
1582.0500, -18.169
1582.0600, -18.180
1582.0700, -18.191
1582.0800, -18.200
1582.0900, -18.209
1582.1000, -18.218
1582.1100, -18.229
1582.1200, -18.240
1582.1300, -18.249
1582.1400, -18.256
1582.1500, -18.264
1582.1600, -18.274
1582.1700, -18.284
1582.1800, -18.293
1582.1900, -18.302
1582.2000, -18.312
1582.2100, -18.324
1582.2200, -18.336
1582.2300, -18.348
1582.2400, -18.359
1582.2500, -18.371
1582.2600, -18.383
1582.2700, -18.395
1582.2800, -18.406
1582.2900, -18.418
1582.3000, -18.429
1582.3100, -18.441
1582.3200, -18.453
1582.3300, -18.465
1582.3400, -18.478
1582.3500, -18.492
1582.3600, -18.505
1582.3700, -18.517
1582.3800, -18.531
1582.3900, -18.545
1582.4000, -18.558
1582.4100, -18.569
1582.4200, -18.580
1582.4300, -18.592
1582.4400, -18.606
1582.4500, -18.618
1582.4600, -18.630
1582.4700, -18.641
1582.4800, -18.655
1582.4900, -18.669
1582.5000, -18.682
1582.5100, -18.694
1582.5200, -18.706
1582.5300, -18.719
1582.5400, -18.731
1582.5500, -18.742
1582.5600, -18.753
1582.5700, -18.763
1582.5800, -18.773
1582.5900, -18.783
1582.6000, -18.794
1582.6100, -18.805
1582.6200, -18.816
1582.6300, -18.827
1582.6400, -18.837
1582.6500, -18.846
1582.6600, -18.857
1582.6700, -18.868
1582.6800, -18.877
1582.6900, -18.885
1582.7000, -18.893
1582.7100, -18.903
1582.7200, -18.914
1582.7300, -18.923
1582.7400, -18.932
1582.7500, -18.941
1582.7600, -18.953
1582.7700, -18.966
1582.7800, -18.977
1582.7900, -18.987
1582.8000, -18.997
1582.8100, -19.008
1582.8200, -19.020
1582.8300, -19.031
1582.8400, -19.039
1582.8500, -19.048
1582.8600, -19.058
1582.8700, -19.071
1582.8800, -19.083
1582.8900, -19.093
1582.9000, -19.103
1582.9100, -19.113
1582.9200, -19.126
1582.9300, -19.138
1582.9400, -19.149
1582.9500, -19.157
1582.9600, -19.167
1582.9700, -19.178
1582.9800, -19.189
1582.9900, -19.198
1583.0000, -19.208
1583.0100, -19.218
1583.0200, -19.229
1583.0300, -19.241
1583.0400, -19.253
1583.0500, -19.265
1583.0600, -19.276
1583.0700, -19.286
1583.0800, -19.296
1583.0900, -19.306
1583.1000, -19.316
1583.1100, -19.326
1583.1200, -19.335
1583.1300, -19.343
1583.1400, -19.353
1583.1500, -19.363
1583.1600, -19.373
1583.1700, -19.382
1583.1800, -19.391
1583.1900, -19.401
1583.2000, -19.411
1583.2100, -19.421
1583.2200, -19.429
1583.2300, -19.437
1583.2400, -19.446
1583.2500, -19.455
1583.2600, -19.464
1583.2700, -19.473
1583.2800, -19.483
1583.2900, -19.494
1583.3000, -19.506
1583.3100, -19.517
1583.3200, -19.529
1583.3300, -19.541
1583.3400, -19.553
1583.3500, -19.564
1583.3600, -19.575
1583.3700, -19.586
1583.3800, -19.599
1583.3900, -19.610
1583.4000, -19.621
1583.4100, -19.631
1583.4200, -19.644
1583.4300, -19.658
1583.4400, -19.671
1583.4500, -19.683
1583.4600, -19.694
1583.4700, -19.708
1583.4800, -19.722
1583.4900, -19.735
1583.5000, -19.745
1583.5100, -19.755
1583.5200, -19.767
1583.5300, -19.780
1583.5400, -19.794
1583.5500, -19.805
1583.5600, -19.816
1583.5700, -19.828
1583.5800, -19.843
1583.5900, -19.858
1583.6000, -19.870
1583.6100, -19.881
1583.6200, -19.891
1583.6300, -19.904
1583.6400, -19.917
1583.6500, -19.928
1583.6600, -19.937
1583.6700, -19.946
1583.6800, -19.957
1583.6900, -19.969
1583.7000, -19.980
1583.7100, -19.990
1583.7200, -20.000
1583.7300, -20.011
1583.7400, -20.023
1583.7500, -20.033
1583.7600, -20.043
1583.7700, -20.052
1583.7800, -20.061
1583.7900, -20.071
1583.8000, -20.081
1583.8100, -20.091
1583.8200, -20.101
1583.8300, -20.112
1583.8400, -20.123
1583.8500, -20.135
1583.8600, -20.148
1583.8700, -20.160
1583.8800, -20.173
1583.8900, -20.184
1583.9000, -20.195
1583.9100, -20.207
1583.9200, -20.219
1583.9300, -20.230
1583.9400, -20.241
1583.9500, -20.252
1583.9600, -20.265
1583.9700, -20.279
1583.9800, -20.292
1583.9900, -20.304
1584.0000, -20.317
1584.0100, -20.331
1584.0200, -20.344
1584.0300, -20.356
1584.0400, -20.368
1584.0500, -20.380
1584.0600, -20.392
1584.0700, -20.403
1584.0800, -20.415
1584.0900, -20.427
1584.1000, -20.440
1584.1100, -20.453
1584.1200, -20.465
1584.1300, -20.478
1584.1400, -20.492
1584.1500, -20.505
1584.1600, -20.516
1584.1700, -20.526
1584.1800, -20.536
1584.1900, -20.548
1584.2000, -20.559
1584.2100, -20.568
1584.2200, -20.576
1584.2300, -20.584
1584.2400, -20.596
1584.2500, -20.608
1584.2600, -20.619
1584.2700, -20.627
1584.2800, -20.635
1584.2900, -20.645
1584.3000, -20.656
1584.3100, -20.666
1584.3200, -20.673
1584.3300, -20.679
1584.3400, -20.687
1584.3500, -20.698
1584.3600, -20.709
1584.3700, -20.717
1584.3800, -20.725
1584.3900, -20.735
1584.4000, -20.747
1584.4100, -20.760
1584.4200, -20.771
1584.4300, -20.780
1584.4400, -20.789
1584.4500, -20.800
1584.4600, -20.812
1584.4700, -20.822
1584.4800, -20.831
1584.4900, -20.840
1584.5000, -20.852
1584.5100, -20.864
1584.5200, -20.876
1584.5300, -20.888
1584.5400, -20.900
1584.5500, -20.912
1584.5600, -20.925
1584.5700, -20.937
1584.5800, -20.948
1584.5900, -20.958
1584.6000, -20.969
1584.6100, -20.980
1584.6200, -20.992
1584.6300, -21.004
1584.6400, -21.016
1584.6500, -21.028
1584.6600, -21.041
1584.6700, -21.054
1584.6800, -21.067
1584.6900, -21.080
1584.7000, -21.092
1584.7100, -21.103
1584.7200, -21.115
1584.7300, -21.126
1584.7400, -21.136
1584.7500, -21.146
1584.7600, -21.157
1584.7700, -21.168
1584.7800, -21.179
1584.7900, -21.190
1584.8000, -21.201
1584.8100, -21.213
1584.8200, -21.225
1584.8300, -21.235
1584.8400, -21.244
1584.8500, -21.254
1584.8600, -21.265
1584.8700, -21.276
1584.8800, -21.286
1584.8900, -21.294
1584.9000, -21.303
1584.9100, -21.315
1584.9200, -21.329
1584.9300, -21.341
1584.9400, -21.351
1584.9500, -21.362
1584.9600, -21.375
1584.9700, -21.389
1584.9800, -21.402
1584.9900, -21.412
1585.0000, -21.421
1585.0100, -21.432
1585.0200, -21.445
1585.0300, -21.459
1585.0400, -21.470
1585.0500, -21.479
1585.0600, -21.491
1585.0700, -21.505
1585.0800, -21.520
1585.0900, -21.533
1585.1000, -21.544
1585.1100, -21.555
1585.1200, -21.568
1585.1300, -21.582
1585.1400, -21.594
1585.1500, -21.603
1585.1600, -21.613
1585.1700, -21.625
1585.1800, -21.639
1585.1900, -21.652
1585.2000, -21.664
1585.2100, -21.675
1585.2200, -21.687
1585.2300, -21.701
1585.2400, -21.714
1585.2500, -21.725
1585.2600, -21.734
1585.2700, -21.744
1585.2800, -21.755
1585.2900, -21.766
1585.3000, -21.775
1585.3100, -21.785
1585.3200, -21.794
1585.3300, -21.805
1585.3400, -21.815
1585.3500, -21.826
1585.3600, -21.836
1585.3700, -21.847
1585.3800, -21.856
1585.3900, -21.865
1585.4000, -21.875
1585.4100, -21.884
1585.4200, -21.893
1585.4300, -21.902
1585.4400, -21.911
1585.4500, -21.921
1585.4600, -21.931
1585.4700, -21.942
1585.4800, -21.953
1585.4900, -21.965
1585.5000, -21.977
1585.5100, -21.988
1585.5200, -21.999
1585.5300, -22.010
1585.5400, -22.022
1585.5500, -22.032
1585.5600, -22.042
1585.5700, -22.051
1585.5800, -22.063
1585.5900, -22.076
1585.6000, -22.089
1585.6100, -22.100
1585.6200, -22.112
1585.6300, -22.125
1585.6400, -22.140
1585.6500, -22.153
1585.6600, -22.164
1585.6700, -22.174
1585.6800, -22.186
1585.6900, -22.199
1585.7000, -22.212
1585.7100, -22.224
1585.7200, -22.233
1585.7300, -22.244
1585.7400, -22.259
1585.7500, -22.274
1585.7600, -22.287
1585.7700, -22.298
1585.7800, -22.308
1585.7900, -22.321
1585.8000, -22.335
1585.8100, -22.347
1585.8200, -22.355
1585.8300, -22.362
1585.8400, -22.371
1585.8500, -22.384
1585.8600, -22.396
1585.8700, -22.405
1585.8800, -22.413
1585.8900, -22.422
1585.9000, -22.434
1585.9100, -22.447
1585.9200, -22.457
1585.9300, -22.464
1585.9400, -22.472
1585.9500, -22.482
1585.9600, -22.493
1585.9700, -22.502
1585.9800, -22.509
1585.9900, -22.517
1586.0000, -22.527
1586.0100, -22.539
1586.0200, -22.550
1586.0300, -22.561
1586.0400, -22.571
1586.0500, -22.581
1586.0600, -22.593
1586.0700, -22.604
1586.0800, -22.614
1586.0900, -22.624
1586.1000, -22.633
1586.1100, -22.644
1586.1200, -22.655
1586.1300, -22.666
1586.1400, -22.677
1586.1500, -22.689
1586.1600, -22.701
1586.1700, -22.714
1586.1800, -22.726
1586.1900, -22.739
1586.2000, -22.751
1586.2100, -22.763
1586.2200, -22.775
1586.2300, -22.786
1586.2400, -22.798
1586.2500, -22.810
1586.2600, -22.822
1586.2700, -22.835
1586.2800, -22.848
1586.2900, -22.860
1586.3000, -22.872
1586.3100, -22.886
1586.3200, -22.900
1586.3300, -22.913
1586.3400, -22.923
1586.3500, -22.933
1586.3600, -22.944
1586.3700, -22.957
1586.3800, -22.968
1586.3900, -22.977
1586.4000, -22.985
1586.4100, -22.995
1586.4200, -23.008
1586.4300, -23.021
1586.4400, -23.031
1586.4500, -23.038
1586.4600, -23.048
1586.4700, -23.060
1586.4800, -23.072
1586.4900, -23.080
1586.5000, -23.087
1586.5100, -23.093
1586.5200, -23.102
1586.5300, -23.114
1586.5400, -23.125
1586.5500, -23.133
1586.5600, -23.140
1586.5700, -23.150
1586.5800, -23.162
1586.5900, -23.175
1586.6000, -23.184
1586.6100, -23.191
1586.6200, -23.198
1586.6300, -23.209
1586.6400, -23.221
1586.6500, -23.230
1586.6600, -23.237
1586.6700, -23.244
1586.6800, -23.255
1586.6900, -23.269
1586.7000, -23.281
1586.7100, -23.291
1586.7200, -23.301
1586.7300, -23.312
1586.7400, -23.325
1586.7500, -23.338
1586.7600, -23.348
1586.7700, -23.357
1586.7800, -23.368
1586.7900, -23.380
1586.8000, -23.393
1586.8100, -23.404
1586.8200, -23.415
1586.8300, -23.427
1586.8400, -23.440
1586.8500, -23.453
1586.8600, -23.466
1586.8700, -23.478
1586.8800, -23.490
1586.8900, -23.501
1586.9000, -23.512
1586.9100, -23.523
1586.9200, -23.532
1586.9300, -23.542
1586.9400, -23.552
1586.9500, -23.563
1586.9600, -23.574
1586.9700, -23.585
1586.9800, -23.595
1586.9900, -23.607
1587.0000, -23.618
1587.0100, -23.629
1587.0200, -23.639
1587.0300, -23.648
1587.0400, -23.658
1587.0500, -23.669
1587.0600, -23.680
1587.0700, -23.688
1587.0800, -23.697
1587.0900, -23.707
1587.1000, -23.720
1587.1100, -23.733
1587.1200, -23.744
1587.1300, -23.753
1587.1400, -23.764
1587.1500, -23.777
1587.1600, -23.791
1587.1700, -23.801
1587.1800, -23.809
1587.1900, -23.817
1587.2000, -23.829
1587.2100, -23.843
1587.2200, -23.856
1587.2300, -23.865
1587.2400, -23.875
1587.2500, -23.887
1587.2600, -23.903
1587.2700, -23.919
1587.2800, -23.931
1587.2900, -23.941
1587.3000, -23.952
1587.3100, -23.966
1587.3200, -23.981
1587.3300, -23.994
1587.3400, -24.003
1587.3500, -24.013
1587.3600, -24.027
1587.3700, -24.043
1587.3800, -24.058
1587.3900, -24.070
1587.4000, -24.080
1587.4100, -24.092
1587.4200, -24.107
1587.4300, -24.122
1587.4400, -24.133
1587.4500, -24.141
1587.4600, -24.150
1587.4700, -24.161
1587.4800, -24.173
1587.4900, -24.183
1587.5000, -24.192
1587.5100, -24.201
1587.5200, -24.213
1587.5300, -24.226
1587.5400, -24.238
1587.5500, -24.247
1587.5600, -24.256
1587.5700, -24.266
1587.5800, -24.277
1587.5900, -24.286
1587.6000, -24.295
1587.6100, -24.303
1587.6200, -24.312
1587.6300, -24.322
1587.6400, -24.333
1587.6500, -24.343
1587.6600, -24.353
1587.6700, -24.364
1587.6800, -24.375
1587.6900, -24.387
1587.7000, -24.397
1587.7100, -24.406
1587.7200, -24.415
1587.7300, -24.425
1587.7400, -24.436
1587.7500, -24.446
1587.7600, -24.455
1587.7700, -24.464
1587.7800, -24.477
1587.7900, -24.491
1587.8000, -24.504
1587.8100, -24.515
1587.8200, -24.526
1587.8300, -24.538
1587.8400, -24.552
1587.8500, -24.566
1587.8600, -24.576
1587.8700, -24.584
1587.8800, -24.595
1587.8900, -24.609
1587.9000, -24.623
1587.9100, -24.635
1587.9200, -24.644
1587.9300, -24.655
1587.9400, -24.670
1587.9500, -24.686
1587.9600, -24.699
1587.9700, -24.708
1587.9800, -24.716
1587.9900, -24.727
1588.0000, -24.740
1588.0100, -24.752
1588.0200, -24.761
1588.0300, -24.768
1588.0400, -24.777
1588.0500, -24.789
1588.0600, -24.803
1588.0700, -24.815
1588.0800, -24.823
1588.0900, -24.831
1588.1000, -24.842
1588.1100, -24.855
1588.1200, -24.867
1588.1300, -24.874
1588.1400, -24.880
1588.1500, -24.887
1588.1600, -24.898
1588.1700, -24.910
1588.1800, -24.920
1588.1900, -24.927
1588.2000, -24.936
1588.2100, -24.948
1588.2200, -24.961
1588.2300, -24.971
1588.2400, -24.980
1588.2500, -24.988
1588.2600, -24.997
1588.2700, -25.009
1588.2800, -25.019
1588.2900, -25.028
1588.3000, -25.037
1588.3100, -25.047
1588.3200, -25.060
1588.3300, -25.072
1588.3400, -25.085
1588.3500, -25.097
1588.3600, -25.110
1588.3700, -25.123
1588.3800, -25.136
1588.3900, -25.149
1588.4000, -25.160
1588.4100, -25.172
1588.4200, -25.184
1588.4300, -25.198
1588.4400, -25.211
1588.4500, -25.223
1588.4600, -25.236
1588.4700, -25.250
1588.4800, -25.266
1588.4900, -25.280
1588.5000, -25.293
1588.5100, -25.305
1588.5200, -25.319
1588.5300, -25.333
1588.5400, -25.346
1588.5500, -25.356
1588.5600, -25.366
1588.5700, -25.377
1588.5800, -25.391
1588.5900, -25.404
1588.6000, -25.415
1588.6100, -25.425
1588.6200, -25.437
1588.6300, -25.451
1588.6400, -25.465
1588.6500, -25.477
1588.6600, -25.485
1588.6700, -25.493
1588.6800, -25.505
1588.6900, -25.518
1588.7000, -25.528
1588.7100, -25.536
1588.7200, -25.543
1588.7300, -25.554
1588.7400, -25.568
1588.7500, -25.581
1588.7600, -25.592
1588.7700, -25.600
1588.7800, -25.609
1588.7900, -25.621
1588.8000, -25.636
1588.8100, -25.647
1588.8200, -25.655
1588.8300, -25.661
1588.8400, -25.671
1588.8500, -25.685
1588.8600, -25.699
1588.8700, -25.710
1588.8800, -25.719
1588.8900, -25.729
1588.9000, -25.744
1588.9100, -25.760
1588.9200, -25.773
1588.9300, -25.783
1588.9400, -25.792
1588.9500, -25.804
1588.9600, -25.818
1588.9700, -25.832
1588.9800, -25.842
1588.9900, -25.851
1589.0000, -25.862
1589.0100, -25.876
1589.0200, -25.890
1589.0300, -25.903
1589.0400, -25.914
1589.0500, -25.926
1589.0600, -25.938
1589.0700, -25.951
1589.0800, -25.962
1589.0900, -25.972
1589.1000, -25.981
1589.1100, -25.992
1589.1200, -26.003
1589.1300, -26.014
1589.1400, -26.024
1589.1500, -26.034
1589.1600, -26.045
1589.1700, -26.057
1589.1800, -26.070
1589.1900, -26.080
1589.2000, -26.089
1589.2100, -26.099
1589.2200, -26.110
1589.2300, -26.120
1589.2400, -26.128
1589.2500, -26.135
1589.2600, -26.143
1589.2700, -26.154
1589.2800, -26.166
1589.2900, -26.176
1589.3000, -26.184
1589.3100, -26.193
1589.3200, -26.204
1589.3300, -26.217
1589.3400, -26.228
1589.3500, -26.236
1589.3600, -26.243
1589.3700, -26.251
1589.3800, -26.263
1589.3900, -26.275
1589.4000, -26.285
1589.4100, -26.292
1589.4200, -26.302
1589.4300, -26.316
1589.4400, -26.332
1589.4500, -26.346
1589.4600, -26.356
1589.4700, -26.365
1589.4800, -26.378
1589.4900, -26.393
1589.5000, -26.407
1589.5100, -26.418
1589.5200, -26.426
1589.5300, -26.436
1589.5400, -26.450
1589.5500, -26.466
1589.5600, -26.480
1589.5700, -26.491
1589.5800, -26.501
1589.5900, -26.514
1589.6000, -26.530
1589.6100, -26.545
1589.6200, -26.556
1589.6300, -26.564
1589.6400, -26.573
1589.6500, -26.586
1589.6600, -26.600
1589.6700, -26.611
1589.6800, -26.619
1589.6900, -26.627
1589.7000, -26.640
1589.7100, -26.655
1589.7200, -26.668
1589.7300, -26.678
1589.7400, -26.686
1589.7500, -26.697
1589.7600, -26.709
1589.7700, -26.720
1589.7800, -26.729
1589.7900, -26.736
1589.8000, -26.744
1589.8100, -26.754
1589.8200, -26.765
1589.8300, -26.775
1589.8400, -26.783
1589.8500, -26.792
1589.8600, -26.803
1589.8700, -26.815
1589.8800, -26.826
1589.8900, -26.835
1589.9000, -26.843
1589.9100, -26.853
1589.9200, -26.863
1589.9300, -26.874
1589.9400, -26.882
1589.9500, -26.891
1589.9600, -26.902
1589.9700, -26.916
1589.9800, -26.929
1589.9900, -26.942
1590.0000, -26.953
1590.0100, -26.965
1590.0200, -26.979
1590.0300, -26.994
1590.0400, -27.007
1590.0500, -27.016
1590.0600, -27.026
1590.0700, -27.039
1590.0800, -27.054
1590.0900, -27.067
1590.1000, -27.078
1590.1100, -27.088
1590.1200, -27.100
1590.1300, -27.117
1590.1400, -27.133
1590.1500, -27.146
1590.1600, -27.155
1590.1700, -27.164
1590.1800, -27.177
1590.1900, -27.192
1590.2000, -27.205
1590.2100, -27.213
1590.2200, -27.220
1590.2300, -27.231
1590.2400, -27.246
1590.2500, -27.262
1590.2600, -27.273
1590.2700, -27.281
1590.2800, -27.291
1590.2900, -27.304
1590.3000, -27.318
1590.3100, -27.329
1590.3200, -27.337
1590.3300, -27.343
1590.3400, -27.351
1590.3500, -27.362
1590.3600, -27.373
1590.3700, -27.382
1590.3800, -27.387
1590.3900, -27.394
1590.4000, -27.406
1590.4100, -27.419
1590.4200, -27.430
1590.4300, -27.437
1590.4400, -27.443
1590.4500, -27.451
1590.4600, -27.463
1590.4700, -27.474
1590.4800, -27.482
1590.4900, -27.488
1590.5000, -27.497
1590.5100, -27.510
1590.5200, -27.524
1590.5300, -27.536
1590.5400, -27.546
1590.5500, -27.556
1590.5600, -27.570
1590.5700, -27.584
1590.5800, -27.597
1590.5900, -27.608
1590.6000, -27.617
1590.6100, -27.629
1590.6200, -27.642
1590.6300, -27.655
1590.6400, -27.666
1590.6500, -27.676
1590.6600, -27.689
1590.6700, -27.702
1590.6800, -27.717
1590.6900, -27.730
1590.7000, -27.742
1590.7100, -27.753
1590.7200, -27.765
1590.7300, -27.779
1590.7400, -27.792
1590.7500, -27.801
1590.7600, -27.810
1590.7700, -27.822
1590.7800, -27.837
1590.7900, -27.851
1590.8000, -27.862
1590.8100, -27.872
1590.8200, -27.884
1590.8300, -27.898
1590.8400, -27.914
1590.8500, -27.926
1590.8600, -27.934
1590.8700, -27.942
1590.8800, -27.953
1590.8900, -27.967
1590.9000, -27.979
1590.9100, -27.987
1590.9200, -27.993
1590.9300, -28.003
1590.9400, -28.016
1590.9500, -28.031
1590.9600, -28.042
1590.9700, -28.049
1590.9800, -28.057
1590.9900, -28.068
1591.0000, -28.082
1591.0100, -28.094
1591.0200, -28.103
1591.0300, -28.110
1591.0400, -28.118
1591.0500, -28.131
1591.0600, -28.146
1591.0700, -28.159
1591.0800, -28.169
1591.0900, -28.179
1591.1000, -28.192
1591.1100, -28.209
1591.1200, -28.225
1591.1300, -28.237
1591.1400, -28.245
1591.1500, -28.255
1591.1600, -28.269
1591.1700, -28.284
1591.1800, -28.297
1591.1900, -28.307
1591.2000, -28.316
1591.2100, -28.329
1591.2200, -28.345
1591.2300, -28.360
1591.2400, -28.372
1591.2500, -28.383
1591.2600, -28.394
1591.2700, -28.407
1591.2800, -28.420
1591.2900, -28.430
1591.3000, -28.439
1591.3100, -28.448
1591.3200, -28.460
1591.3300, -28.473
1591.3400, -28.485
1591.3500, -28.496
1591.3600, -28.506
1591.3700, -28.517
1591.3800, -28.530
1591.3900, -28.542
1591.4000, -28.552
1591.4100, -28.560
1591.4200, -28.569
1591.4300, -28.580
1591.4400, -28.589
1591.4500, -28.596
1591.4600, -28.603
1591.4700, -28.611
1591.4800, -28.622
1591.4900, -28.635
1591.5000, -28.645
1591.5100, -28.652
1591.5200, -28.659
1591.5300, -28.669
1591.5400, -28.682
1591.5500, -28.693
1591.5600, -28.700
1591.5700, -28.706
1591.5800, -28.715
1591.5900, -28.727
1591.6000, -28.741
1591.6100, -28.752
1591.6200, -28.760
1591.6300, -28.770
1591.6400, -28.785
1591.6500, -28.802
1591.6600, -28.816
1591.6700, -28.827
1591.6800, -28.835
1591.6900, -28.845
1591.7000, -28.859
1591.7100, -28.874
1591.7200, -28.886
1591.7300, -28.894
1591.7400, -28.903
1591.7500, -28.916
1591.7600, -28.932
1591.7700, -28.948
1591.7800, -28.961
1591.7900, -28.970
1591.8000, -28.981
1591.8100, -28.995
1591.8200, -29.011
1591.8300, -29.024
1591.8400, -29.033
1591.8500, -29.040
1591.8600, -29.051
1591.8700, -29.065
1591.8800, -29.080
1591.8900, -29.092
1591.9000, -29.102
1591.9100, -29.112
1591.9200, -29.126
1591.9300, -29.142
1591.9400, -29.156
1591.9500, -29.165
1591.9600, -29.172
1591.9700, -29.181
1591.9800, -29.192
1591.9900, -29.204
1592.0000, -29.212
1592.0100, -29.219
1592.0200, -29.227
1592.0300, -29.238
1592.0400, -29.251
1592.0500, -29.263
1592.0600, -29.272
1592.0700, -29.280
1592.0800, -29.290
1592.0900, -29.302
1592.1000, -29.313
1592.1100, -29.322
1592.1200, -29.329
1592.1300, -29.338
1592.1400, -29.350
1592.1500, -29.364
1592.1600, -29.377
1592.1700, -29.387
1592.1800, -29.399
1592.1900, -29.413
1592.2000, -29.429
1592.2100, -29.444
1592.2200, -29.455
1592.2300, -29.465
1592.2400, -29.478
1592.2500, -29.493
1592.2600, -29.508
1592.2700, -29.519
1592.2800, -29.529
1592.2900, -29.540
1592.3000, -29.556
1592.3100, -29.573
1592.3200, -29.589
1592.3300, -29.600
1592.3400, -29.611
1592.3500, -29.625
1592.3600, -29.642
1592.3700, -29.658
1592.3800, -29.669
1592.3900, -29.678
1592.4000, -29.689
1592.4100, -29.703
1592.4200, -29.719
1592.4300, -29.734
1592.4400, -29.744
1592.4500, -29.753
1592.4600, -29.767
1592.4700, -29.783
1592.4800, -29.799
1592.4900, -29.811
1592.5000, -29.820
1592.5100, -29.829
1592.5200, -29.839
1592.5300, -29.852
1592.5400, -29.864
1592.5500, -29.872
1592.5600, -29.877
1592.5700, -29.886
1592.5800, -29.899
1592.5900, -29.912
1592.6000, -29.923
1592.6100, -29.931
1592.6200, -29.938
1592.6300, -29.949
1592.6400, -29.962
1592.6500, -29.973
1592.6600, -29.980
1592.6700, -29.984
1592.6800, -29.993
1592.6900, -30.004
1592.7000, -30.017
1592.7100, -30.028
1592.7200, -30.036
1592.7300, -30.045
1592.7400, -30.057
1592.7500, -30.072
1592.7600, -30.086
1592.7700, -30.095
1592.7800, -30.105
1592.7900, -30.114
1592.8000, -30.126
1592.8100, -30.138
1592.8200, -30.148
1592.8300, -30.156
1592.8400, -30.167
1592.8500, -30.180
1592.8600, -30.194
1592.8700, -30.208
1592.8800, -30.218
1592.8900, -30.228
1592.9000, -30.241
1592.9100, -30.255
1592.9200, -30.268
1592.9300, -30.278
1592.9400, -30.286
1592.9500, -30.295
1592.9600, -30.308
1592.9700, -30.321
1592.9800, -30.331
1592.9900, -30.339
1593.0000, -30.349
1593.0100, -30.362
1593.0200, -30.378
1593.0300, -30.391
1593.0400, -30.400
1593.0500, -30.406
1593.0600, -30.414
1593.0700, -30.426
1593.0800, -30.439
1593.0900, -30.447
1593.1000, -30.451
1593.1100, -30.458
1593.1200, -30.468
1593.1300, -30.481
1593.1400, -30.494
1593.1500, -30.503
1593.1600, -30.510
1593.1700, -30.519
1593.1800, -30.531
1593.1900, -30.545
1593.2000, -30.556
1593.2100, -30.561
1593.2200, -30.566
1593.2300, -30.574
1593.2400, -30.587
1593.2500, -30.601
1593.2600, -30.612
1593.2700, -30.619
1593.2800, -30.629
1593.2900, -30.643
1593.3000, -30.659
1593.3100, -30.673
1593.3200, -30.684
1593.3300, -30.692
1593.3400, -30.701
1593.3500, -30.715
1593.3600, -30.729
1593.3700, -30.741
1593.3800, -30.750
1593.3900, -30.758
1593.4000, -30.771
1593.4100, -30.788
1593.4200, -30.805
1593.4300, -30.819
1593.4400, -30.829
1593.4500, -30.840
1593.4600, -30.856
1593.4700, -30.872
1593.4800, -30.885
1593.4900, -30.894
1593.5000, -30.905
1593.5100, -30.918
1593.5200, -30.933
1593.5300, -30.948
1593.5400, -30.960
1593.5500, -30.970
1593.5600, -30.983
1593.5700, -30.997
1593.5800, -31.013
1593.5900, -31.026
1593.6000, -31.035
1593.6100, -31.044
1593.6200, -31.055
1593.6300, -31.067
1593.6400, -31.077
1593.6500, -31.085
1593.6600, -31.092
1593.6700, -31.102
1593.6800, -31.116
1593.6900, -31.129
1593.7000, -31.140
1593.7100, -31.147
1593.7200, -31.155
1593.7300, -31.166
1593.7400, -31.180
1593.7500, -31.190
1593.7600, -31.197
1593.7700, -31.202
1593.7800, -31.211
1593.7900, -31.224
1593.8000, -31.238
1593.8100, -31.249
1593.8200, -31.258
1593.8300, -31.268
1593.8400, -31.281
1593.8500, -31.297
1593.8600, -31.312
1593.8700, -31.322
1593.8800, -31.328
1593.8900, -31.338
1593.9000, -31.350
1593.9100, -31.364
1593.9200, -31.377
1593.9300, -31.386
1593.9400, -31.395
1593.9500, -31.407
1593.9600, -31.425
1593.9700, -31.442
1593.9800, -31.456
1593.9900, -31.466
1594.0000, -31.476
1594.0100, -31.488
1594.0200, -31.504
1594.0300, -31.518
1594.0400, -31.529
1594.0500, -31.537
1594.0600, -31.546
1594.0700, -31.559
1594.0800, -31.576
1594.0900, -31.591
1594.1000, -31.602
1594.1100, -31.612
1594.1200, -31.624
1594.1300, -31.640
1594.1400, -31.655
1594.1500, -31.665
1594.1600, -31.671
1594.1700, -31.678
1594.1800, -31.689
1594.1900, -31.700
1594.2000, -31.710
1594.2100, -31.717
1594.2200, -31.723
1594.2300, -31.732
1594.2400, -31.744
1594.2500, -31.757
1594.2600, -31.768
1594.2700, -31.775
1594.2800, -31.782
1594.2900, -31.792
1594.3000, -31.803
1594.3100, -31.811
1594.3200, -31.816
1594.3300, -31.820
1594.3400, -31.829
1594.3500, -31.842
1594.3600, -31.855
1594.3700, -31.864
1594.3800, -31.871
1594.3900, -31.882
1594.4000, -31.896
1594.4100, -31.910
1594.4200, -31.921
1594.4300, -31.930
1594.4400, -31.937
1594.4500, -31.948
1594.4600, -31.960
1594.4700, -31.973
1594.4800, -31.982
1594.4900, -31.990
1594.5000, -32.002
1594.5100, -32.017
1594.5200, -32.035
1594.5300, -32.050
1594.5400, -32.060
1594.5500, -32.070
1594.5600, -32.082
1594.5700, -32.098
1594.5800, -32.115
1594.5900, -32.125
1594.6000, -32.133
1594.6100, -32.143
1594.6200, -32.157
1594.6300, -32.173
1594.6400, -32.188
1594.6500, -32.199
1594.6600, -32.209
1594.6700, -32.221
1594.6800, -32.237
1594.6900, -32.252
1594.7000, -32.264
1594.7100, -32.272
1594.7200, -32.278
1594.7300, -32.287
1594.7400, -32.299
1594.7500, -32.313
1594.7600, -32.323
1594.7700, -32.329
1594.7800, -32.337
1594.7900, -32.348
1594.8000, -32.363
1594.8100, -32.377
1594.8200, -32.387
1594.8300, -32.395
1594.8400, -32.404
1594.8500, -32.416
1594.8600, -32.428
1594.8700, -32.437
1594.8800, -32.445
1594.8900, -32.452
1594.9000, -32.463
1594.9100, -32.476
1594.9200, -32.491
1594.9300, -32.502
1594.9400, -32.511
1594.9500, -32.520
1594.9600, -32.534
1594.9700, -32.549
1594.9800, -32.563
1594.9900, -32.572
1595.0000, -32.580
1595.0100, -32.590
1595.0200, -32.603
1595.0300, -32.616
1595.0400, -32.628
1595.0500, -32.638
1595.0600, -32.650
1595.0700, -32.666
1595.0800, -32.682
1595.0900, -32.697
1595.1000, -32.708
1595.1100, -32.719
1595.1200, -32.732
1595.1300, -32.747
1595.1400, -32.761
1595.1500, -32.773
1595.1600, -32.781
1595.1700, -32.790
1595.1800, -32.804
1595.1900, -32.819
1595.2000, -32.833
1595.2100, -32.843
1595.2200, -32.852
1595.2300, -32.864
1595.2400, -32.878
1595.2500, -32.893
1595.2600, -32.903
1595.2700, -32.909
1595.2800, -32.917
1595.2900, -32.927
1595.3000, -32.939
1595.3100, -32.950
1595.3200, -32.959
1595.3300, -32.966
1595.3400, -32.976
1595.3500, -32.990
1595.3600, -33.004
1595.3700, -33.017
1595.3800, -33.026
1595.3900, -33.033
1595.4000, -33.042
1595.4100, -33.054
1595.4200, -33.067
1595.4300, -33.078
1595.4400, -33.085
1595.4500, -33.091
1595.4600, -33.100
1595.4700, -33.114
1595.4800, -33.128
1595.4900, -33.139
1595.5000, -33.148
1595.5100, -33.158
1595.5200, -33.170
1595.5300, -33.185
1595.5400, -33.198
1595.5500, -33.206
1595.5600, -33.212
1595.5700, -33.222
1595.5800, -33.234
1595.5900, -33.249
1595.6000, -33.261
1595.6100, -33.272
1595.6200, -33.283
1595.6300, -33.297
1595.6400, -33.314
1595.6500, -33.331
1595.6600, -33.344
1595.6700, -33.355
1595.6800, -33.366
1595.6900, -33.380
1595.7000, -33.396
1595.7100, -33.410
1595.7200, -33.421
1595.7300, -33.431
1595.7400, -33.444
1595.7500, -33.461
1595.7600, -33.478
1595.7700, -33.492
1595.7800, -33.504
1595.7900, -33.515
1595.8000, -33.529
1595.8100, -33.543
1595.8200, -33.555
1595.8300, -33.563
1595.8400, -33.569
1595.8500, -33.579
1595.8600, -33.593
1595.8700, -33.606
1595.8800, -33.615
1595.8900, -33.625
1595.9000, -33.636
1595.9100, -33.647
1595.9200, -33.660
1595.9300, -33.672
1595.9400, -33.679
1595.9500, -33.684
1595.9600, -33.692
1595.9700, -33.704
1595.9800, -33.715
1595.9900, -33.724
1596.0000, -33.731
1596.0100, -33.740
1596.0200, -33.751
1596.0300, -33.766
1596.0400, -33.780
1596.0500, -33.791
1596.0600, -33.798
1596.0700, -33.808
1596.0800, -33.820
1596.0900, -33.832
1596.1000, -33.844
1596.1100, -33.853
1596.1200, -33.862
1596.1300, -33.872
1596.1400, -33.885
1596.1500, -33.902
1596.1600, -33.914
1596.1700, -33.925
1596.1800, -33.937
1596.1900, -33.951
1596.2000, -33.968
1596.2100, -33.985
1596.2200, -33.999
1596.2300, -34.009
1596.2400, -34.019
1596.2500, -34.032
1596.2600, -34.047
1596.2700, -34.062
1596.2800, -34.076
1596.2900, -34.088
1596.3000, -34.099
1596.3100, -34.115
1596.3200, -34.133
1596.3300, -34.148
1596.3400, -34.159
1596.3500, -34.167
1596.3600, -34.179
1596.3700, -34.194
1596.3800, -34.206
1596.3900, -34.216
1596.4000, -34.223
1596.4100, -34.230
1596.4200, -34.240
1596.4300, -34.253
1596.4400, -34.267
1596.4500, -34.277
1596.4600, -34.287
1596.4700, -34.298
1596.4800, -34.309
1596.4900, -34.322
1596.5000, -34.333
1596.5100, -34.337
1596.5200, -34.341
1596.5300, -34.348
1596.5400, -34.361
1596.5500, -34.375
1596.5600, -34.382
1596.5700, -34.387
1596.5800, -34.397
1596.5900, -34.410
1596.6000, -34.422
1596.6100, -34.434
1596.6200, -34.442
1596.6300, -34.449
1596.6400, -34.457
1596.6500, -34.469
1596.6600, -34.481
1596.6700, -34.490
1596.6800, -34.496
1596.6900, -34.503
1596.7000, -34.515
1596.7100, -34.531
1596.7200, -34.546
1596.7300, -34.560
1596.7400, -34.570
1596.7500, -34.581
1596.7600, -34.597
1596.7700, -34.613
1596.7800, -34.626
1596.7900, -34.637
1596.8000, -34.647
1596.8100, -34.659
1596.8200, -34.673
1596.8300, -34.688
1596.8400, -34.702
1596.8500, -34.714
1596.8600, -34.724
1596.8700, -34.738
1596.8800, -34.754
1596.8900, -34.771
1596.9000, -34.784
1596.9100, -34.794
1596.9200, -34.804
1596.9300, -34.814
1596.9400, -34.824
1596.9500, -34.836
1596.9600, -34.847
1596.9700, -34.856
1596.9800, -34.863
1596.9900, -34.875
1597.0000, -34.891
1597.0100, -34.904
1597.0200, -34.916
1597.0300, -34.926
1597.0400, -34.934
1597.0500, -34.943
1597.0600, -34.955
1597.0700, -34.966
1597.0800, -34.976
1597.0900, -34.983
1597.1000, -34.990
1597.1100, -35.002
1597.1200, -35.017
1597.1300, -35.029
1597.1400, -35.039
1597.1500, -35.052
1597.1600, -35.065
1597.1700, -35.080
1597.1800, -35.094
1597.1900, -35.103
1597.2000, -35.111
1597.2100, -35.122
1597.2200, -35.132
1597.2300, -35.145
1597.2400, -35.160
1597.2500, -35.171
1597.2600, -35.183
1597.2700, -35.196
1597.2800, -35.211
1597.2900, -35.228
1597.3000, -35.242
1597.3100, -35.255
1597.3200, -35.266
1597.3300, -35.281
1597.3400, -35.298
1597.3500, -35.310
1597.3600, -35.319
1597.3700, -35.328
1597.3800, -35.340
1597.3900, -35.358
1597.4000, -35.378
1597.4100, -35.392
1597.4200, -35.406
1597.4300, -35.417
1597.4400, -35.430
1597.4500, -35.448
1597.4600, -35.463
1597.4700, -35.473
1597.4800, -35.482
1597.4900, -35.490
1597.5000, -35.499
1597.5100, -35.512
1597.5200, -35.524
1597.5300, -35.533
1597.5400, -35.540
1597.5500, -35.549
1597.5600, -35.563
1597.5700, -35.579
1597.5800, -35.590
1597.5900, -35.596
1597.6000, -35.601
1597.6100, -35.609
1597.6200, -35.620
1597.6300, -35.631
1597.6400, -35.641
1597.6500, -35.647
1597.6600, -35.653
1597.6700, -35.662
1597.6800, -35.674
1597.6900, -35.689
1597.7000, -35.702
1597.7100, -35.710
1597.7200, -35.717
1597.7300, -35.726
1597.7400, -35.739
1597.7500, -35.752
1597.7600, -35.762
1597.7700, -35.770
1597.7800, -35.779
1597.7900, -35.790
1597.8000, -35.804
1597.8100, -35.819
1597.8200, -35.832
1597.8300, -35.843
1597.8400, -35.854
1597.8500, -35.868
1597.8600, -35.886
1597.8700, -35.902
1597.8800, -35.915
1597.8900, -35.925
1597.9000, -35.938
1597.9100, -35.956
1597.9200, -35.973
1597.9300, -35.988
1597.9400, -36.000
1597.9500, -36.009
1597.9600, -36.021
1597.9700, -36.036
1597.9800, -36.053
1597.9900, -36.067
1598.0000, -36.078
1598.0100, -36.088
1598.0200, -36.097
1598.0300, -36.112
1598.0400, -36.125
1598.0500, -36.131
1598.0600, -36.135
1598.0700, -36.143
1598.0800, -36.153
1598.0900, -36.164
1598.1000, -36.172
1598.1100, -36.177
1598.1200, -36.183
1598.1300, -36.193
1598.1400, -36.209
1598.1500, -36.224
1598.1600, -36.232
1598.1700, -36.237
1598.1800, -36.243
1598.1900, -36.250
1598.2000, -36.259
1598.2100, -36.268
1598.2200, -36.278
1598.2300, -36.285
1598.2400, -36.292
1598.2500, -36.305
1598.2600, -36.320
1598.2700, -36.332
1598.2800, -36.340
1598.2900, -36.346
1598.3000, -36.354
1598.3100, -36.366
1598.3200, -36.378
1598.3300, -36.388
1598.3400, -36.395
1598.3500, -36.401
1598.3600, -36.411
1598.3700, -36.425
1598.3800, -36.440
1598.3900, -36.455
1598.4000, -36.467
1598.4100, -36.480
1598.4200, -36.492
1598.4300, -36.503
1598.4400, -36.519
1598.4500, -36.530
1598.4600, -36.539
1598.4700, -36.552
1598.4800, -36.567
1598.4900, -36.585
1598.5000, -36.602
1598.5100, -36.614
1598.5200, -36.626
1598.5300, -36.640
1598.5400, -36.656
1598.5500, -36.675
1598.5600, -36.694
1598.5700, -36.709
1598.5800, -36.719
1598.5900, -36.728
1598.6000, -36.741
1598.6100, -36.754
1598.6200, -36.766
1598.6300, -36.777
1598.6400, -36.785
1598.6500, -36.797
1598.6600, -36.815
1598.6700, -36.826
1598.6800, -36.837
1598.6900, -36.846
1598.7000, -36.853
1598.7100, -36.864
1598.7200, -36.878
1598.7300, -36.886
1598.7400, -36.885
1598.7500, -36.886
1598.7600, -36.892
1598.7700, -36.901
1598.7800, -36.913
1598.7900, -36.924
1598.8000, -36.933
1598.8100, -36.936
1598.8200, -36.945
1598.8300, -36.958
1598.8400, -36.971
1598.8500, -36.980
1598.8600, -36.982
1598.8700, -36.990
1598.8800, -37.001
1598.8900, -37.015
1598.9000, -37.033
1598.9100, -37.044
1598.9200, -37.052
1598.9300, -37.064
1598.9400, -37.084
1598.9500, -37.104
1598.9600, -37.120
1598.9700, -37.132
1598.9800, -37.144
1598.9900, -37.157
1599.0000, -37.170
1599.0100, -37.183
1599.0200, -37.199
1599.0300, -37.214
1599.0400, -37.224
1599.0500, -37.236
1599.0600, -37.253
1599.0700, -37.269
1599.0800, -37.283
1599.0900, -37.294
1599.1000, -37.302
1599.1100, -37.312
1599.1200, -37.325
1599.1300, -37.339
1599.1400, -37.350
1599.1500, -37.359
1599.1600, -37.367
1599.1700, -37.376
1599.1800, -37.387
1599.1900, -37.399
1599.2000, -37.410
1599.2100, -37.420
1599.2200, -37.427
1599.2300, -37.437
1599.2400, -37.451
1599.2500, -37.466
1599.2600, -37.475
1599.2700, -37.477
1599.2800, -37.482
1599.2900, -37.490
1599.3000, -37.498
1599.3100, -37.510
1599.3200, -37.519
1599.3300, -37.525
1599.3400, -37.531
1599.3500, -37.538
1599.3600, -37.552
1599.3700, -37.565
1599.3800, -37.576
1599.3900, -37.583
1599.4000, -37.595
1599.4100, -37.611
1599.4200, -37.624
1599.4300, -37.636
1599.4400, -37.647
1599.4500, -37.657
1599.4600, -37.670
1599.4700, -37.689
1599.4800, -37.706
1599.4900, -37.724
1599.5000, -37.738
1599.5100, -37.750
1599.5200, -37.766
1599.5300, -37.780
1599.5400, -37.797
1599.5500, -37.809
1599.5600, -37.816
1599.5700, -37.828
1599.5800, -37.840
1599.5900, -37.855
1599.6000, -37.871
1599.6100, -37.885
1599.6200, -37.898
1599.6300, -37.908
1599.6400, -37.920
1599.6500, -37.938
1599.6600, -37.954
1599.6700, -37.962
1599.6800, -37.969
1599.6900, -37.978
1599.7000, -37.990
1599.7100, -38.007
1599.7200, -38.023
1599.7300, -38.035
1599.7400, -38.045
1599.7500, -38.062
1599.7600, -38.078
1599.7700, -38.092
1599.7800, -38.106
1599.7900, -38.114
1599.8000, -38.118
1599.8100, -38.126
1599.8200, -38.138
1599.8300, -38.151
1599.8400, -38.158
1599.8500, -38.161
1599.8600, -38.164
1599.8700, -38.171
1599.8800, -38.185
1599.8900, -38.198
1599.9000, -38.211
1599.9100, -38.221
1599.9200, -38.228
1599.9300, -38.239
1599.9400, -38.248
1599.9500, -38.256
1599.9600, -38.266
1599.9700, -38.273
1599.9800, -38.280
1599.9900, -38.292
1600.0000, -38.307
1600.0100, -38.321
1600.0200, -38.328
1600.0300, -38.342
1600.0400, -38.357
1600.0500, -38.371
1600.0600, -38.394
1600.0700, -38.413
1600.0800, -38.424
1600.0900, -38.438
1600.1000, -38.449
1600.1100, -38.457
1600.1200, -38.471
1600.1300, -38.487
1600.1400, -38.503
1600.1500, -38.518
1600.1600, -38.532
1600.1700, -38.548
1600.1800, -38.567
1600.1900, -38.582
1600.2000, -38.597
1600.2100, -38.613
1600.2200, -38.628
1600.2300, -38.641
1600.2400, -38.658
1600.2500, -38.673
1600.2600, -38.676
1600.2700, -38.686
1600.2800, -38.700
1600.2900, -38.709
1600.3000, -38.721
1600.3100, -38.735
1600.3200, -38.742
1600.3300, -38.746
1600.3400, -38.760
1600.3500, -38.775
1600.3600, -38.782
1600.3700, -38.789
1600.3800, -38.796
1600.3900, -38.806
1600.4000, -38.815
1600.4100, -38.825
1600.4200, -38.837
1600.4300, -38.843
1600.4400, -38.846
1600.4500, -38.855
1600.4600, -38.871
1600.4700, -38.884
1600.4800, -38.899
1600.4900, -38.910
1600.5000, -38.920
1600.5100, -38.934
1600.5200, -38.946
1600.5300, -38.964
1600.5400, -38.975
1600.5500, -38.983
1600.5600, -38.995
1600.5700, -39.006
1600.5800, -39.026
1600.5900, -39.043
1600.6000, -39.054
1600.6100, -39.069
1600.6200, -39.086
1600.6300, -39.102
1600.6400, -39.118
1600.6500, -39.132
1600.6600, -39.146
1600.6700, -39.159
1600.6800, -39.166
1600.6900, -39.180
1600.7000, -39.196
1600.7100, -39.207
1600.7200, -39.222
1600.7300, -39.233
1600.7400, -39.244
1600.7500, -39.258
1600.7600, -39.278
1600.7700, -39.301
1600.7800, -39.309
1600.7900, -39.319
1600.8000, -39.332
1600.8100, -39.341
1600.8200, -39.352
1600.8300, -39.367
1600.8400, -39.386
1600.8500, -39.401
1600.8600, -39.411
1600.8700, -39.426
1600.8800, -39.446
1600.8900, -39.460
1600.9000, -39.469
1600.9100, -39.482
1600.9200, -39.498
1600.9300, -39.515
1600.9400, -39.532
1600.9500, -39.547
1600.9600, -39.558
1600.9700, -39.562
1600.9800, -39.568
1600.9900, -39.579
1601.0000, -39.593
1601.0100, -39.604
1601.0200, -39.611
1601.0300, -39.621
1601.0400, -39.630
1601.0500, -39.638
1601.0600, -39.651
1601.0700, -39.662
1601.0800, -39.668
1601.0900, -39.678
1601.1000, -39.692
1601.1100, -39.702
1601.1200, -39.707
1601.1300, -39.713
1601.1400, -39.727
1601.1500, -39.739
1601.1600, -39.751
1601.1700, -39.770
1601.1800, -39.790
1601.1900, -39.804
1601.2000, -39.811
1601.2100, -39.827
1601.2200, -39.845
1601.2300, -39.857
1601.2400, -39.868
1601.2500, -39.885
1601.2600, -39.898
1601.2700, -39.908
1601.2800, -39.926
1601.2900, -39.946
1601.3000, -39.965
1601.3100, -39.986
1601.3200, -40.009
1601.3300, -40.026
1601.3400, -40.042
1601.3500, -40.058
1601.3600, -40.069
1601.3700, -40.081
1601.3800, -40.089
1601.3900, -40.103
1601.4000, -40.119
1601.4100, -40.130
1601.4200, -40.144
1601.4300, -40.166
1601.4400, -40.187
1601.4500, -40.192
1601.4600, -40.199
1601.4700, -40.213
1601.4800, -40.220
1601.4900, -40.225
1601.5000, -40.226
1601.5100, -40.226
1601.5200, -40.230
1601.5300, -40.243
1601.5400, -40.248
1601.5500, -40.253
1601.5600, -40.261
1601.5700, -40.265
1601.5800, -40.277
1601.5900, -40.290
1601.6000, -40.306
1601.6100, -40.318
1601.6200, -40.324
1601.6300, -40.328
1601.6400, -40.331
1601.6500, -40.346
1601.6600, -40.364
1601.6700, -40.374
1601.6800, -40.380
1601.6900, -40.394
1601.7000, -40.415
1601.7100, -40.431
1601.7200, -40.445
1601.7300, -40.449
1601.7400, -40.455
1601.7500, -40.469
1601.7600, -40.482
1601.7700, -40.502
1601.7800, -40.521
1601.7900, -40.531
1601.8000, -40.535
1601.8100, -40.547
1601.8200, -40.566
1601.8300, -40.580
1601.8400, -40.593
1601.8500, -40.608
1601.8600, -40.619
1601.8700, -40.633
1601.8800, -40.652
1601.8900, -40.666
1601.9000, -40.680
1601.9100, -40.690
1601.9200, -40.693
1601.9300, -40.704
1601.9400, -40.720
1601.9500, -40.734
1601.9600, -40.749
1601.9700, -40.760
1601.9800, -40.769
1601.9900, -40.782
1602.0000, -40.803
1602.0100, -40.812
1602.0200, -40.817
1602.0300, -40.831
1602.0400, -40.840
1602.0500, -40.843
1602.0600, -40.851
1602.0700, -40.864
1602.0800, -40.878
1602.0900, -40.884
1602.1000, -40.885
1602.1100, -40.897
1602.1200, -40.919
1602.1300, -40.932
1602.1400, -40.946
1602.1500, -40.961
1602.1600, -40.972
1602.1700, -40.979
1602.1800, -40.988
1602.1900, -41.004
1602.2000, -41.015
1602.2100, -41.030
1602.2200, -41.041
1602.2300, -41.048
1602.2400, -41.066
1602.2500, -41.086
1602.2600, -41.103
1602.2700, -41.114
1602.2800, -41.124
1602.2900, -41.137
1602.3000, -41.155
1602.3100, -41.169
1602.3200, -41.179
1602.3300, -41.196
1602.3400, -41.212
1602.3500, -41.224
1602.3600, -41.239
1602.3700, -41.250
1602.3800, -41.263
1602.3900, -41.270
1602.4000, -41.276
1602.4100, -41.289
1602.4200, -41.312
1602.4300, -41.333
1602.4400, -41.341
1602.4500, -41.351
1602.4600, -41.363
1602.4700, -41.377
1602.4800, -41.396
1602.4900, -41.414
1602.5000, -41.433
1602.5100, -41.454
1602.5200, -41.475
1602.5300, -41.491
1602.5400, -41.506
1602.5500, -41.515
1602.5600, -41.525
1602.5700, -41.541
1602.5800, -41.554
1602.5900, -41.567
1602.6000, -41.584
1602.6100, -41.592
1602.6200, -41.594
1602.6300, -41.599
1602.6400, -41.614
1602.6500, -41.629
1602.6600, -41.637
1602.6700, -41.653
1602.6800, -41.665
1602.6900, -41.663
1602.7000, -41.663
1602.7100, -41.665
1602.7200, -41.669
1602.7300, -41.677
1602.7400, -41.678
1602.7500, -41.681
1602.7600, -41.689
1602.7700, -41.697
1602.7800, -41.702
1602.7900, -41.720
1602.8000, -41.736
1602.8100, -41.745
1602.8200, -41.760
1602.8300, -41.775
1602.8400, -41.789
1602.8500, -41.803
1602.8600, -41.822
1602.8700, -41.830
1602.8800, -41.836
1602.8900, -41.852
1602.9000, -41.873
1602.9100, -41.894
1602.9200, -41.909
1602.9300, -41.920
1602.9400, -41.938
1602.9500, -41.967
1602.9600, -41.993
1602.9700, -42.010
1602.9800, -42.027
1602.9900, -42.031
1603.0000, -42.037
1603.0100, -42.050
1603.0200, -42.060
1603.0300, -42.069
1603.0400, -42.070
1603.0500, -42.070
1603.0600, -42.075
1603.0700, -42.090
1603.0800, -42.113
1603.0900, -42.139
1603.1000, -42.152
1603.1100, -42.155
1603.1200, -42.157
1603.1300, -42.170
1603.1400, -42.191
1603.1500, -42.194
1603.1600, -42.196
1603.1700, -42.209
1603.1800, -42.223
1603.1900, -42.233
1603.2000, -42.243
1603.2100, -42.266
1603.2200, -42.284
1603.2300, -42.294
1603.2400, -42.314
1603.2500, -42.327
1603.2600, -42.338
1603.2700, -42.349
1603.2800, -42.357
1603.2900, -42.356
1603.3000, -42.359
1603.3100, -42.377
1603.3200, -42.396
1603.3300, -42.404
1603.3400, -42.409
1603.3500, -42.418
1603.3600, -42.422
1603.3700, -42.422
1603.3800, -42.434
1603.3900, -42.453
1603.4000, -42.467
1603.4100, -42.478
1603.4200, -42.497
1603.4300, -42.516
1603.4400, -42.520
1603.4500, -42.525
1603.4600, -42.530
1603.4700, -42.528
1603.4800, -42.526
1603.4900, -42.535
1603.5000, -42.552
1603.5100, -42.562
1603.5200, -42.575
1603.5300, -42.585
1603.5400, -42.593
1603.5500, -42.608
1603.5600, -42.632
1603.5700, -42.661
1603.5800, -42.668
1603.5900, -42.669
1603.6000, -42.690
1603.6100, -42.708
1603.6200, -42.712
1603.6300, -42.722
1603.6400, -42.755
1603.6500, -42.800
1603.6600, -42.830
1603.6700, -42.856
1603.6800, -42.880
1603.6900, -42.898
1603.7000, -42.913
1603.7100, -42.928
1603.7200, -42.944
1603.7300, -42.960
1603.7400, -42.962
1603.7500, -42.967
1603.7600, -42.982
1603.7700, -42.988
1603.7800, -43.000
1603.7900, -43.012
1603.8000, -43.014
1603.8100, -43.015
1603.8200, -43.030
1603.8300, -43.043
1603.8400, -43.040
1603.8500, -43.034
1603.8600, -43.037
1603.8700, -43.041
1603.8800, -43.047
1603.8900, -43.059
1603.9000, -43.062
1603.9100, -43.069
1603.9200, -43.074
1603.9300, -43.093
1603.9400, -43.125
1603.9500, -43.140
1603.9600, -43.148
1603.9700, -43.159
1603.9800, -43.177
1603.9900, -43.201
1604.0000, -43.223
1604.0100, -43.244
1604.0200, -43.258
1604.0300, -43.264
1604.0400, -43.278
1604.0500, -43.287
1604.0600, -43.296
1604.0700, -43.317
1604.0800, -43.338
1604.0900, -43.353
1604.1000, -43.356
1604.1100, -43.367
1604.1200, -43.395
1604.1300, -43.401
1604.1400, -43.397
1604.1500, -43.420
1604.1600, -43.439
1604.1700, -43.446
1604.1800, -43.447
1604.1900, -43.450
1604.2000, -43.449
1604.2100, -43.444
1604.2200, -43.441
1604.2300, -43.463
1604.2400, -43.480
1604.2500, -43.492
1604.2600, -43.518
1604.2700, -43.527
1604.2800, -43.538
1604.2900, -43.544
1604.3000, -43.562
1604.3100, -43.582
1604.3200, -43.587
1604.3300, -43.601
1604.3400, -43.609
1604.3500, -43.604
1604.3600, -43.605
1604.3700, -43.618
1604.3800, -43.643
1604.3900, -43.664
1604.4000, -43.679
1604.4100, -43.687
1604.4200, -43.691
1604.4300, -43.686
1604.4400, -43.683
1604.4500, -43.691
1604.4600, -43.699
1604.4700, -43.706
1604.4800, -43.705
1604.4900, -43.719
1604.5000, -43.742
1604.5100, -43.747
1604.5200, -43.750
1604.5300, -43.774
1604.5400, -43.799
1604.5500, -43.803
1604.5600, -43.811
1604.5700, -43.840
1604.5800, -43.858
1604.5900, -43.856
1604.6000, -43.871
1604.6100, -43.906
1604.6200, -43.941
1604.6300, -43.969
1604.6400, -43.997
1604.6500, -44.010
1604.6600, -44.008
1604.6700, -44.023
1604.6800, -44.043
1604.6900, -44.042
1604.7000, -44.045
1604.7100, -44.048
1604.7200, -44.059
1604.7300, -44.071
1604.7400, -44.090
1604.7500, -44.123
1604.7600, -44.140
1604.7700, -44.143
1604.7800, -44.143
1604.7900, -44.168
1604.8000, -44.179
1604.8100, -44.174
1604.8200, -44.164
1604.8300, -44.154
1604.8400, -44.152
1604.8500, -44.161
1604.8600, -44.175
1604.8700, -44.182
1604.8800, -44.202
1604.8900, -44.225
1604.9000, -44.235
1604.9100, -44.259
1604.9200, -44.284
1604.9300, -44.292
1604.9400, -44.304
1604.9500, -44.317
1604.9600, -44.332
1604.9700, -44.332
1604.9800, -44.333
1604.9900, -44.321
1605.0000, -44.317
1605.0100, -44.331
1605.0200, -44.350
1605.0300, -44.376
1605.0400, -44.394
1605.0500, -44.409
1605.0600, -44.431
1605.0700, -44.443
1605.0800, -44.441
1605.0900, -44.446
1605.1000, -44.447
1605.1100, -44.451
1605.1200, -44.459
1605.1300, -44.461
1605.1400, -44.469
1605.1500, -44.484
1605.1600, -44.485
1605.1700, -44.496
1605.1800, -44.507
1605.1900, -44.527
1605.2000, -44.566
1605.2100, -44.601
1605.2200, -44.629
1605.2300, -44.637
1605.2400, -44.654
1605.2500, -44.665
1605.2600, -44.677
1605.2700, -44.713
1605.2800, -44.724
1605.2900, -44.730
1605.3000, -44.752
1605.3100, -44.784
1605.3200, -44.798
1605.3300, -44.785
1605.3400, -44.785
1605.3500, -44.803
1605.3600, -44.822
1605.3700, -44.829
1605.3800, -44.859
1605.3900, -44.880
1605.4000, -44.876
1605.4100, -44.873
1605.4200, -44.872
1605.4300, -44.891
1605.4400, -44.908
1605.4500, -44.930
1605.4600, -44.941
1605.4700, -44.942
1605.4800, -44.962
1605.4900, -44.982
1605.5000, -45.007
1605.5100, -44.997
1605.5200, -44.991
1605.5300, -45.036
1605.5400, -45.052
1605.5500, -45.039
1605.5600, -45.044
1605.5700, -45.068
1605.5800, -45.078
1605.5900, -45.074
1605.6000, -45.073
1605.6100, -45.073
1605.6200, -45.081
1605.6300, -45.101
1605.6400, -45.107
1605.6500, -45.105
1605.6600, -45.102
1605.6700, -45.111
1605.6800, -45.115
1605.6900, -45.118
1605.7000, -45.140
1605.7100, -45.175
1605.7200, -45.198
1605.7300, -45.203
1605.7400, -45.216
1605.7500, -45.237
1605.7600, -45.266
1605.7700, -45.275
1605.7800, -45.281
1605.7900, -45.320
1605.8000, -45.355
1605.8100, -45.375
1605.8200, -45.396
1605.8300, -45.415
1605.8400, -45.441
1605.8500, -45.466
1605.8600, -45.490
1605.8700, -45.499
1605.8800, -45.518
1605.8900, -45.538
1605.9000, -45.530
1605.9100, -45.538
1605.9200, -45.567
1605.9300, -45.600
1605.9400, -45.616
1605.9500, -45.618
1605.9600, -45.614
1605.9700, -45.612
1605.9800, -45.617
1605.9900, -45.609
1606.0000, -45.591
1606.0100, -45.595
1606.0200, -45.596
1606.0300, -45.590
1606.0400, -45.602
1606.0500, -45.617
1606.0600, -45.633
1606.0700, -45.655
1606.0800, -45.648
1606.0900, -45.656
1606.1000, -45.676
1606.1100, -45.676
1606.1200, -45.679
1606.1300, -45.677
1606.1400, -45.710
1606.1500, -45.729
1606.1600, -45.728
1606.1700, -45.762
1606.1800, -45.793
1606.1900, -45.829
1606.2000, -45.887
1606.2100, -45.908
1606.2200, -45.914
1606.2300, -45.926
1606.2400, -45.939
1606.2500, -45.960
1606.2600, -45.968
1606.2700, -45.979
1606.2800, -46.004
1606.2900, -46.032
1606.3000, -46.047
1606.3100, -46.061
1606.3200, -46.076
1606.3300, -46.098
1606.3400, -46.093
1606.3500, -46.108
1606.3600, -46.162
1606.3700, -46.192
1606.3800, -46.225
1606.3900, -46.245
1606.4000, -46.232
1606.4100, -46.251
1606.4200, -46.298
1606.4300, -46.325
1606.4400, -46.314
1606.4500, -46.313
1606.4600, -46.331
1606.4700, -46.330
1606.4800, -46.343
1606.4900, -46.352
1606.5000, -46.340
1606.5100, -46.328
1606.5200, -46.327
1606.5300, -46.339
1606.5400, -46.342
1606.5500, -46.355
1606.5600, -46.363
1606.5700, -46.327
1606.5800, -46.293
1606.5900, -46.292
1606.6000, -46.303
1606.6100, -46.319
1606.6200, -46.324
1606.6300, -46.332
1606.6400, -46.373
1606.6500, -46.407
1606.6600, -46.396
1606.6700, -46.415
1606.6800, -46.445
1606.6900, -46.470
1606.7000, -46.519
1606.7100, -46.557
1606.7200, -46.589
1606.7300, -46.584
1606.7400, -46.581
1606.7500, -46.585
1606.7600, -46.581
1606.7700, -46.617
1606.7800, -46.621
1606.7900, -46.636
1606.8000, -46.683
1606.8100, -46.675
1606.8200, -46.648
1606.8300, -46.657
1606.8400, -46.655
1606.8500, -46.632
1606.8600, -46.649
1606.8700, -46.667
1606.8800, -46.664
1606.8900, -46.642
1606.9000, -46.609
1606.9100, -46.626
1606.9200, -46.639
1606.9300, -46.652
1606.9400, -46.695
1606.9500, -46.731
1606.9600, -46.748
1606.9700, -46.752
1606.9800, -46.770
1606.9900, -46.774
1607.0000, -46.776
1607.0100, -46.795
1607.0200, -46.832
1607.0300, -46.847
1607.0400, -46.827
1607.0500, -46.859
1607.0600, -46.881
1607.0700, -46.854
1607.0800, -46.871
1607.0900, -46.924
1607.1000, -46.978
1607.1100, -46.979
1607.1200, -46.981
1607.1300, -46.996
1607.1400, -47.005
1607.1500, -47.028
1607.1600, -47.041
1607.1700, -47.062
1607.1800, -47.088
1607.1900, -47.100
1607.2000, -47.105
1607.2100, -47.121
1607.2200, -47.123
1607.2300, -47.117
1607.2400, -47.130
1607.2500, -47.125
1607.2600, -47.144
1607.2700, -47.186
1607.2800, -47.206
1607.2900, -47.207
1607.3000, -47.189
1607.3100, -47.195
1607.3200, -47.211
1607.3300, -47.227
1607.3400, -47.223
1607.3500, -47.197
1607.3600, -47.221
1607.3700, -47.257
1607.3800, -47.249
1607.3900, -47.265
1607.4000, -47.247
1607.4100, -47.242
1607.4200, -47.284
1607.4300, -47.301
1607.4400, -47.305
1607.4500, -47.311
1607.4600, -47.319
1607.4700, -47.331
1607.4800, -47.357
1607.4900, -47.377
1607.5000, -47.412
1607.5100, -47.424
1607.5200, -47.418
1607.5300, -47.444
1607.5400, -47.467
1607.5500, -47.476
1607.5600, -47.453
1607.5700, -47.453
1607.5800, -47.509
1607.5900, -47.518
1607.6000, -47.561
1607.6100, -47.609
1607.6200, -47.595
1607.6300, -47.604
1607.6400, -47.634
1607.6500, -47.653
1607.6600, -47.668
1607.6700, -47.672
1607.6800, -47.646
1607.6900, -47.646
1607.7000, -47.691
1607.7100, -47.722
1607.7200, -47.715
1607.7300, -47.701
1607.7400, -47.713
1607.7500, -47.727
1607.7600, -47.728
1607.7700, -47.730
1607.7800, -47.713
1607.7900, -47.724
1607.8000, -47.743
1607.8100, -47.727
1607.8200, -47.737
1607.8300, -47.790
1607.8400, -47.850
1607.8500, -47.858
1607.8600, -47.860
1607.8700, -47.883
1607.8800, -47.917
1607.8900, -47.967
1607.9000, -47.944
1607.9100, -47.922
1607.9200, -47.947
1607.9300, -47.963
1607.9400, -47.956
1607.9500, -47.976
1607.9600, -48.028
1607.9700, -48.048
1607.9800, -48.065
1607.9900, -48.096
1608.0000, -48.081
1608.0100, -48.090
1608.0200, -48.126
1608.0300, -48.103
1608.0400, -48.072
1608.0500, -48.100
1608.0600, -48.119
1608.0700, -48.136
1608.0800, -48.169
1608.0900, -48.174
1608.1000, -48.186
1608.1100, -48.252
1608.1200, -48.300
1608.1300, -48.301
1608.1400, -48.324
1608.1500, -48.325
1608.1600, -48.333
1608.1700, -48.364
1608.1800, -48.388
1608.1900, -48.408
1608.2000, -48.444
1608.2100, -48.429
1608.2200, -48.403
1608.2300, -48.445
1608.2400, -48.479
1608.2500, -48.507
1608.2600, -48.532
1608.2700, -48.495
1608.2800, -48.490
1608.2900, -48.514
1608.3000, -48.533
1608.3100, -48.550
1608.3200, -48.529
1608.3300, -48.514
1608.3400, -48.511
1608.3500, -48.508
1608.3600, -48.519
1608.3700, -48.511
1608.3800, -48.529
1608.3900, -48.545
1608.4000, -48.535
1608.4100, -48.563
1608.4200, -48.522
1608.4300, -48.428
1608.4400, -48.406
1608.4500, -48.372
1608.4600, -48.328
1608.4700, -48.370
1608.4800, -48.386
1608.4900, -48.385
1608.5000, -48.418
1608.5100, -48.394
1608.5200, -48.386
1608.5300, -48.438
1608.5400, -48.478
1608.5500, -48.484
1608.5600, -48.487
1608.5700, -48.519
1608.5800, -48.505
1608.5900, -48.479
1608.6000, -48.498
1608.6100, -48.527
1608.6200, -48.603
1608.6300, -48.659
1608.6400, -48.653
1608.6500, -48.659
1608.6600, -48.698
1608.6700, -48.699
1608.6800, -48.701
1608.6900, -48.703
1608.7000, -48.678
1608.7100, -48.682
1608.7200, -48.687
1608.7300, -48.672
1608.7400, -48.674
1608.7500, -48.769
1608.7600, -48.835
1608.7700, -48.847
1608.7800, -48.889
1608.7900, -48.911
1608.8000, -48.905
1608.8100, -48.922
1608.8200, -48.950
1608.8300, -48.994
1608.8400, -49.065
1608.8500, -49.161
1608.8600, -49.255
1608.8700, -49.321
1608.8800, -49.363
1608.8900, -49.359
1608.9000, -49.348
1608.9100, -49.335
1608.9200, -49.305
1608.9300, -49.298
1608.9400, -49.301
1608.9500, -49.251
1608.9600, -49.182
1608.9700, -49.151
1608.9800, -49.183
1608.9900, -49.215
1609.0000, -49.266
1609.0100, -49.255
1609.0200, -49.230
1609.0300, -49.269
1609.0400, -49.257
1609.0500, -49.233
1609.0600, -49.201
1609.0700, -49.176
1609.0800, -49.155
1609.0900, -49.168
1609.1000, -49.213
1609.1100, -49.299
1609.1200, -49.420
1609.1300, -49.485
1609.1400, -49.504
1609.1500, -49.539
1609.1600, -49.563
1609.1700, -49.569
1609.1800, -49.593
1609.1900, -49.622
1609.2000, -49.612
1609.2100, -49.640
1609.2200, -49.658
1609.2300, -49.632
1609.2400, -49.637
1609.2500, -49.680
1609.2600, -49.708
1609.2700, -49.712
1609.2800, -49.758
1609.2900, -49.796
1609.3000, -49.813
1609.3100, -49.822
1609.3200, -49.840
1609.3300, -49.845
1609.3400, -49.859
1609.3500, -49.868
1609.3600, -49.927
1609.3700, -49.977
1609.3800, -49.926
1609.3900, -49.869
1609.4000, -49.869
1609.4100, -49.894
1609.4200, -49.924
1609.4300, -49.938
1609.4400, -49.923
1609.4500, -49.857
1609.4600, -49.820
1609.4700, -49.886
1609.4800, -49.893
1609.4900, -49.873
1609.5000, -49.899
1609.5100, -49.892
1609.5200, -49.867
1609.5300, -49.895
1609.5400, -49.934
1609.5500, -49.877
1609.5600, -49.845
1609.5700, -49.886
1609.5800, -49.898
1609.5900, -49.973
1609.6000, -50.065
1609.6100, -50.116
1609.6200, -50.140
1609.6300, -50.139
1609.6400, -50.179
1609.6500, -50.219
1609.6600, -50.276
1609.6700, -50.263
1609.6800, -50.222
1609.6900, -50.247
1609.7000, -50.233
1609.7100, -50.188
1609.7200, -50.237
1609.7300, -50.272
1609.7400, -50.251
1609.7500, -50.352
1609.7600, -50.376
1609.7700, -50.326
1609.7800, -50.369
1609.7900, -50.374
1609.8000, -50.286
1609.8100, -50.227
1609.8200, -50.199
1609.8300, -50.202
1609.8400, -50.292
1609.8500, -50.344
1609.8600, -50.350
1609.8700, -50.388
1609.8800, -50.381
1609.8900, -50.293
1609.9000, -50.321
1609.9100, -50.405
1609.9200, -50.314
1609.9300, -50.261
1609.9400, -50.299
1609.9500, -50.306
1609.9600, -50.369
1609.9700, -50.420
1609.9800, -50.399
1609.9900, -50.363
1610.0000, -50.369
1610.0100, -50.460
1610.0200, -50.571
1610.0300, -50.605
1610.0400, -50.569
1610.0500, -50.619
1610.0600, -50.673
1610.0700, -50.660
1610.0800, -50.751
1610.0900, -50.854
1610.1000, -50.801
1610.1100, -50.836
1610.1200, -51.002
1610.1300, -51.094
1610.1400, -51.117
1610.1500, -51.087
1610.1600, -51.024
1610.1700, -51.029
1610.1800, -51.127
1610.1900, -51.138
1610.2000, -51.173
1610.2100, -51.209
1610.2200, -51.173
1610.2300, -51.259
1610.2400, -51.344
1610.2500, -51.287
1610.2600, -51.210
1610.2700, -51.170
1610.2800, -51.102
1610.2900, -51.140
1610.3000, -51.226
1610.3100, -51.116
1610.3200, -51.032
1610.3300, -51.008
1610.3400, -50.972
1610.3500, -51.058
1610.3600, -51.174
1610.3700, -51.215
1610.3800, -51.232
1610.3900, -51.249
1610.4000, -51.306
1610.4100, -51.370
1610.4200, -51.401
1610.4300, -51.421
1610.4400, -51.275
1610.4500, -51.170
1610.4600, -51.273
1610.4700, -51.446
1610.4800, -51.603
1610.4900, -51.630
1610.5000, -51.607
1610.5100, -51.657
1610.5200, -51.616
1610.5300, -51.621
1610.5400, -51.739
1610.5500, -51.719
1610.5600, -51.590
1610.5700, -51.513
1610.5800, -51.472
1610.5900, -51.504
1610.6000, -51.378
1610.6100, -51.203
1610.6200, -51.175
1610.6300, -51.063
1610.6400, -51.113
1610.6500, -51.283
1610.6600, -51.210
1610.6700, -51.083
1610.6800, -50.988
1610.6900, -50.970
1610.7000, -51.033
1610.7100, -51.104
1610.7200, -51.186
1610.7300, -51.222
1610.7400, -51.173
1610.7500, -51.072
1610.7600, -51.070
1610.7700, -51.097
1610.7800, -51.130
1610.7900, -51.190
1610.8000, -51.381
1610.8100, -51.474
1610.8200, -51.458
1610.8300, -51.532
1610.8400, -51.567
1610.8500, -51.572
1610.8600, -51.647
1610.8700, -51.697
1610.8800, -51.688
1610.8900, -51.709
1610.9000, -51.747
1610.9100, -51.736
1610.9200, -51.765
1610.9300, -51.784
1610.9400, -51.756
1610.9500, -51.889
1610.9600, -52.020
1610.9700, -52.045
1610.9800, -51.983
1610.9900, -51.997
1611.0000, -52.047
1611.0100, -52.129
1611.0200, -52.247
1611.0300, -52.242
1611.0400, -52.179
1611.0500, -52.118
1611.0600, -52.043
1611.0700, -52.012
1611.0800, -52.070
1611.0900, -52.025
1611.1000, -51.930
1611.1100, -51.893
1611.1200, -51.906
1611.1300, -51.897
1611.1400, -51.970
1611.1500, -52.009
1611.1600, -51.996
1611.1700, -52.066
1611.1800, -52.138
1611.1900, -52.137
1611.2000, -52.023
1611.2100, -51.979
1611.2200, -52.004
1611.2300, -52.018
1611.2400, -52.049
1611.2500, -52.051
1611.2600, -52.064
1611.2700, -52.102
1611.2800, -52.208
1611.2900, -52.344
1611.3000, -52.428
1611.3100, -52.449
1611.3200, -52.383
1611.3300, -52.317
1611.3400, -52.326
1611.3500, -52.448
1611.3600, -52.475
1611.3700, -52.447
1611.3800, -52.429
1611.3900, -52.362
1611.4000, -52.275
1611.4100, -52.232
1611.4200, -52.241
1611.4300, -52.225
1611.4400, -52.316
1611.4500, -52.439
1611.4600, -52.508
1611.4700, -52.581
1611.4800, -52.522
1611.4900, -52.484
1611.5000, -52.537
1611.5100, -52.625
1611.5200, -52.659
1611.5300, -52.778
1611.5400, -52.914
1611.5500, -52.734
1611.5600, -52.688
1611.5700, -52.700
1611.5800, -52.680
1611.5900, -52.774
1611.6000, -52.952
1611.6100, -53.093
1611.6200, -53.201
1611.6300, -53.390
1611.6400, -53.441
1611.6500, -53.475
1611.6600, -53.498
1611.6700, -53.450
1611.6800, -53.463
1611.6900, -53.573
1611.7000, -53.667
1611.7100, -53.580
1611.7200, -53.635
1611.7300, -53.680
1611.7400, -53.590
1611.7500, -53.741
1611.7600, -53.700
1611.7700, -53.656
1611.7800, -53.677
1611.7900, -53.632
1611.8000, -53.620
1611.8100, -53.513
1611.8200, -53.331
1611.8300, -53.217
1611.8400, -53.127
1611.8500, -53.026
1611.8600, -53.063
1611.8700, -53.085
1611.8800, -53.117
1611.8900, -53.097
1611.9000, -52.910
1611.9100, -52.852
1611.9200, -52.974
1611.9300, -53.079
1611.9400, -53.083
1611.9500, -53.047
1611.9600, -53.060
1611.9700, -53.146
1611.9800, -53.304
1611.9900, -53.422
1612.0000, -53.532
1612.0100, -53.605
1612.0200, -53.619
1612.0300, -53.807
1612.0400, -53.985
1612.0500, -54.035
1612.0600, -53.974
1612.0700, -53.890
1612.0800, -53.931
1612.0900, -54.016
1612.1000, -54.204
1612.1100, -54.308
1612.1200, -54.172
1612.1300, -54.106
1612.1400, -54.123
1612.1500, -54.174
1612.1600, -54.467
1612.1700, -54.575
1612.1800, -54.548
1612.1900, -54.466
1612.2000, -54.185
1612.2100, -54.140
1612.2200, -54.165
1612.2300, -53.987
1612.2400, -53.895
1612.2500, -53.917
1612.2600, -54.003
1612.2700, -54.138
1612.2800, -54.119
1612.2900, -54.098
1612.3000, -54.046
1612.3100, -54.087
1612.3200, -54.284
1612.3300, -54.201
1612.3400, -54.094
1612.3500, -54.083
1612.3600, -53.865
1612.3700, -53.672
1612.3800, -53.530
1612.3900, -53.538
1612.4000, -53.737
1612.4100, -53.826
1612.4200, -53.847
1612.4300, -53.825
1612.4400, -53.801
1612.4500, -53.820
1612.4600, -53.892
1612.4700, -53.898
1612.4800, -53.801
1612.4900, -53.711
1612.5000, -53.731
1612.5100, -53.820
1612.5200, -53.670
1612.5300, -53.601
1612.5400, -53.606
1612.5500, -53.600
1612.5600, -53.729
1612.5700, -53.881
1612.5800, -53.970
1612.5900, -54.021
1612.6000, -54.081
1612.6100, -53.946
1612.6200, -54.057
1612.6300, -54.372
1612.6400, -54.547
1612.6500, -54.744
1612.6600, -54.731
1612.6700, -54.646
1612.6800, -54.724
1612.6900, -54.734
1612.7000, -54.814
1612.7100, -54.814
1612.7200, -54.827
1612.7300, -55.015
1612.7400, -55.145
1612.7500, -55.308
1612.7600, -55.357
1612.7700, -55.365
1612.7800, -55.406
1612.7900, -55.341
1612.8000, -55.397
1612.8100, -55.901
1612.8200, -55.946
1612.8300, -55.803
1612.8400, -55.727
1612.8500, -55.440
1612.8600, -55.598
1612.8700, -55.848
1612.8800, -55.979
1612.8900, -56.072
1612.9000, -55.869
1612.9100, -55.914
1612.9200, -56.273
1612.9300, -56.263
1612.9400, -56.215
1612.9500, -55.873
1612.9600, -55.740
1612.9700, -55.961
1612.9800, -55.980
1612.9900, -56.004
1613.0000, -55.867
1613.0100, -55.675
1613.0200, -55.769
1613.0300, -55.780
1613.0400, -55.917
1613.0500, -56.058
1613.0600, -55.677
1613.0700, -55.620
1613.0800, -55.579
1613.0900, -55.385
1613.1000, -55.310
1613.1100, -55.233
1613.1200, -54.948
1613.1300, -54.795
1613.1400, -54.873
1613.1500, -55.172
1613.1600, -55.314
1613.1700, -55.120
1613.1800, -55.266
1613.1900, -55.479
1613.2000, -55.484
1613.2100, -55.374
1613.2200, -55.243
1613.2300, -55.066
1613.2400, -54.955
1613.2500, -55.128
1613.2600, -55.394
1613.2700, -55.307
1613.2800, -55.221
1613.2900, -55.319
1613.3000, -55.494
1613.3100, -55.693
1613.3200, -55.955
1613.3300, -56.063
1613.3400, -55.930
1613.3500, -55.839
1613.3600, -55.922
1613.3700, -55.916
1613.3800, -55.777
1613.3900, -55.747
1613.4000, -55.894
1613.4100, -56.174
1613.4200, -56.102
1613.4300, -56.031
1613.4400, -56.065
1613.4500, -55.820
1613.4600, -55.650
1613.4700, -55.751
1613.4800, -55.907
1613.4900, -55.921
1613.5000, -56.002
1613.5100, -56.013
1613.5200, -55.834
1613.5300, -56.072
1613.5400, -56.320
1613.5500, -56.195
1613.5600, -56.133
1613.5700, -56.438
1613.5800, -56.427
1613.5900, -56.159
1613.6000, -55.812
1613.6100, -55.395
1613.6200, -55.416
1613.6300, -55.636
1613.6400, -55.570
1613.6500, -55.285
1613.6600, -55.235
1613.6700, -55.390
1613.6800, -55.534
1613.6900, -55.706
1613.7000, -55.803
1613.7100, -55.701
1613.7200, -55.764
1613.7300, -55.747
1613.7400, -55.546
1613.7500, -55.702
1613.7600, -55.867
1613.7700, -55.648
1613.7800, -55.504
1613.7900, -55.604
1613.8000, -55.961
1613.8100, -56.156
1613.8200, -56.042
1613.8300, -55.911
1613.8400, -55.904
1613.8500, -56.117
1613.8600, -56.060
1613.8700, -55.835
1613.8800, -55.736
1613.8900, -55.677
1613.9000, -55.639
1613.9100, -55.417
1613.9200, -55.288
1613.9300, -55.451
1613.9400, -55.800
1613.9500, -55.746
1613.9600, -55.416
1613.9700, -55.172
1613.9800, -55.073
1613.9900, -55.077
1614.0000, -54.890
1614.0100, -54.709
1614.0200, -54.519
1614.0300, -54.351
1614.0400, -54.473
1614.0500, -54.764
1614.0600, -54.973
1614.0700, -54.843
1614.0800, -54.558
1614.0900, -54.614
1614.1000, -54.743
1614.1100, -55.121
1614.1200, -55.408
1614.1300, -55.059
1614.1400, -54.739
1614.1500, -54.711
1614.1600, -54.830
1614.1700, -55.080
1614.1800, -55.278
1614.1900, -55.184
1614.2000, -55.084
1614.2100, -55.154
1614.2200, -55.381
1614.2300, -55.652
1614.2400, -55.717
1614.2500, -55.508
1614.2600, -55.392
1614.2700, -55.721
1614.2800, -56.346
1614.2900, -56.192
1614.3000, -55.872
1614.3100, -55.661
1614.3200, -55.411
1614.3300, -55.774
1614.3400, -56.193
1614.3500, -56.340
1614.3600, -56.582
1614.3700, -56.762
1614.3800, -56.848
1614.3900, -57.047
1614.4000, -57.261
1614.4100, -57.305
1614.4200, -57.319
1614.4300, -57.472
1614.4400, -57.685
1614.4500, -58.263
1614.4600, -58.564
1614.4700, -58.342
1614.4800, -57.704
1614.4900, -57.441
1614.5000, -57.763
1614.5100, -57.786
1614.5200, -57.624
1614.5300, -57.072
1614.5400, -56.828
1614.5500, -56.661
1614.5600, -56.477
1614.5700, -56.374
1614.5800, -56.418
1614.5900, -56.588
1614.6000, -56.905
1614.6100, -57.467
1614.6200, -57.715
1614.6300, -57.590
1614.6400, -57.463
1614.6500, -57.446
1614.6600, -57.488
1614.6700, -57.678
1614.6800, -58.013
1614.6900, -58.352
1614.7000, -58.272
1614.7100, -58.676
1614.7200, -59.385
1614.7300, -59.806
1614.7400, -59.658
1614.7500, -59.619
1614.7600, -60.107
1614.7700, -60.403
1614.7800, -60.351
1614.7900, -59.847
1614.8000, -59.170
1614.8100, -58.744
1614.8200, -58.448
1614.8300, -58.693
1614.8400, -58.784
1614.8500, -58.330
1614.8600, -58.141
1614.8700, -57.901
1614.8800, -57.708
1614.8900, -57.714
1614.9000, -57.730
1614.9100, -57.733
1614.9200, -57.709
1614.9300, -57.435
1614.9400, -57.520
1614.9500, -57.793
1614.9600, -57.587
1614.9700, -57.338
1614.9800, -57.390
1614.9900, -57.425
1615.0000, -57.189
1615.0100, -57.037
1615.0200, -57.529
1615.0300, -57.460
1615.0400, -57.115
1615.0500, -57.149
1615.0600, -57.028
1615.0700, -57.040
1615.0800, -57.239
1615.0900, -57.509
1615.1000, -57.411
1615.1100, -56.813
1615.1200, -56.719
1615.1300, -57.187
1615.1400, -57.230
1615.1500, -57.038
1615.1600, -56.928
1615.1700, -57.018
1615.1800, -57.037
1615.1900, -57.230
1615.2000, -57.672
1615.2100, -57.399
1615.2200, -56.845
1615.2300, -56.783
1615.2400, -56.633
1615.2500, -56.510
1615.2600, -56.748
1615.2700, -56.688
1615.2800, -56.597
1615.2900, -56.660
1615.3000, -56.840
1615.3100, -57.206
1615.3200, -57.228
1615.3300, -57.345
1615.3400, -57.388
1615.3500, -57.394
1615.3600, -57.372
1615.3700, -57.354
1615.3800, -57.822
1615.3900, -57.970
1615.4000, -57.726
1615.4100, -58.055
1615.4200, -58.474
1615.4300, -58.787
1615.4400, -59.472
1615.4500, -59.881
1615.4600, -59.923
1615.4700, -60.678
1615.4800, -61.036
1615.4900, -60.375
1615.5000, -60.345
1615.5100, -60.665
1615.5200, -61.197
1615.5300, -60.461
1615.5400, -60.065
1615.5500, -60.209
1615.5600, -60.359
1615.5700, -60.407
1615.5800, -59.190
1615.5900, -58.420
1615.6000, -58.611
1615.6100, -58.824
1615.6200, -58.685
1615.6300, -58.890
1615.6400, -58.672
1615.6500, -58.092
1615.6600, -58.396
1615.6700, -58.072
1615.6800, -57.477
1615.6900, -57.765
1615.7000, -58.165
1615.7100, -58.192
1615.7200, -58.021
1615.7300, -58.338
1615.7400, -58.712
1615.7500, -58.532
1615.7600, -58.595
1615.7700, -58.600
1615.7800, -58.558
1615.7900, -58.846
1615.8000, -59.089
1615.8100, -59.365
1615.8200, -59.679
1615.8300, -59.579
1615.8400, -59.691
1615.8500, -59.771
1615.8600, -59.064
1615.8700, -59.231
1615.8800, -59.766
1615.8900, -59.595
1615.9000, -58.978
1615.9100, -58.439
1615.9200, -58.416
1615.9300, -57.999
1615.9400, -57.757
1615.9500, -58.075
1615.9600, -58.401
1615.9700, -58.935
1615.9800, -59.325
1615.9900, -59.432
1616.0000, -59.471
1616.0100, -59.609
1616.0200, -59.728
1616.0300, -59.412
1616.0400, -59.605
1616.0500, -61.058
1616.0600, -62.896
1616.0700, -63.581
1616.0800, -63.863
1616.0900, -63.660
1616.1000, -64.230
1616.1100, -64.639
1616.1200, -63.967
1616.1300, -64.705
1616.1400, -64.700
1616.1500, -64.492
1616.1600, -63.203
1616.1700, -61.747
1616.1800, -62.920
1616.1900, -64.329
1616.2000, -64.289
1616.2100, -64.650
1616.2200, -63.906
1616.2300, -63.133
1616.2400, -63.261
1616.2500, -62.800
1616.2600, -61.153
1616.2700, -60.421
1616.2800, -60.855
1616.2900, -61.833
1616.3000, -61.860
1616.3100, -61.471
1616.3200, -61.329
1616.3300, -61.329
1616.3400, -61.889
1616.3500, -62.185
1616.3600, -61.847
1616.3700, -61.876
1616.3800, -60.876
1616.3900, -60.180
1616.4000, -60.324
1616.4100, -59.259
1616.4200, -59.097
1616.4300, -59.745
1616.4400, -59.242
1616.4500, -58.176
1616.4600, -57.810
1616.4700, -57.846
1616.4800, -57.897
1616.4900, -57.588
1616.5000, -57.297
1616.5100, -57.717
1616.5200, -57.849
1616.5300, -58.050
1616.5400, -58.035
1616.5500, -57.730
1616.5600, -58.075
1616.5700, -58.298
1616.5800, -58.455
1616.5900, -58.741
1616.6000, -58.431
1616.6100, -58.875
1616.6200, -59.655
1616.6300, -59.167
1616.6400, -58.747
1616.6500, -58.993
1616.6600, -59.365
1616.6700, -59.194
1616.6800, -58.574
1616.6900, -58.548
1616.7000, -58.866
1616.7100, -58.725
1616.7200, -58.994
1616.7300, -59.117
1616.7400, -59.310
1616.7500, -59.123
1616.7600, -58.581
1616.7700, -58.790
1616.7800, -59.053
1616.7900, -58.895
1616.8000, -59.057
1616.8100, -59.478
1616.8200, -59.500
1616.8300, -59.708
1616.8400, -60.646
1616.8500, -61.014
1616.8600, -60.560
1616.8700, -60.587
1616.8800, -60.700
1616.8900, -60.585
1616.9000, -60.475
1616.9100, -60.425
1616.9200, -59.844
1616.9300, -59.202
1616.9400, -59.395
1616.9500, -60.354
1616.9600, -60.856
1616.9700, -60.851
1616.9800, -60.644
1616.9900, -60.304
1617.0000, -60.396
1617.0100, -59.721
1617.0200, -58.990
1617.0300, -59.210
1617.0400, -59.363
1617.0500, -60.040
1617.0600, -60.786
1617.0700, -61.094
1617.0800, -62.409
1617.0900, -63.390
1617.1000, -64.186
1617.1100, -64.222
1617.1200, -64.874
1617.1300, -72.444
1617.1400, -71.169
1617.1500, -65.137
1617.1600, -64.421
1617.1700, -62.698
1617.1800, -61.865
1617.1900, -61.948
1617.2000, -61.143
1617.2100, -61.715
1617.2200, -62.617
1617.2300, -61.691
1617.2400, -61.175
1617.2500, -60.410
1617.2600, -60.209
1617.2700, -60.351
1617.2800, -59.469
1617.2900, -58.919
1617.3000, -58.156
1617.3100, -58.106
1617.3200, -58.353
1617.3300, -57.578
1617.3400, -57.730
1617.3500, -58.259
1617.3600, -58.144
1617.3700, -58.743
1617.3800, -59.670
1617.3900, -60.693
1617.4000, -61.611
1617.4100, -60.724
1617.4200, -60.470
1617.4300, -60.789
1617.4400, -60.345
1617.4500, -60.424
1617.4600, -60.606
1617.4700, -60.711
1617.4800, -60.540
1617.4900, -59.568
1617.5000, -59.773
1617.5100, -59.923
1617.5200, -59.801
1617.5300, -60.373
1617.5400, -59.803
1617.5500, -59.671
1617.5600, -59.750
1617.5700, -58.867
1617.5800, -58.119
1617.5900, -57.671
1617.6000, -57.800
1617.6100, -58.315
1617.6200, -58.362
1617.6300, -58.751
1617.6400, -59.567
1617.6500, -59.302
1617.6600, -58.583
1617.6700, -58.287
1617.6800, -58.788
1617.6900, -59.655
1617.7000, -59.725
1617.7100, -59.826
1617.7200, -59.704
1617.7300, -59.189
1617.7400, -59.521
1617.7500, -60.217
1617.7600, -60.445
1617.7700, -60.911
1617.7800, -61.930
1617.7900, -61.654
1617.8000, -60.741
1617.8100, -60.356
1617.8200, -60.073
1617.8300, -59.872
1617.8400, -59.583
1617.8500, -60.290
1617.8600, -62.336
1617.8700, -63.878
1617.8800, -63.575
1617.8900, -63.195
1617.9000, -63.945
1617.9100, -65.214
1617.9200, -68.525
1617.9300,-210.000
1617.9400, -70.072
1617.9500, -64.843
1617.9600, -68.616
1617.9700, -77.899
1617.9800, -71.245
1617.9900,-210.000
1618.0000,-210.000
1618.0100,-210.000
1618.0200,-210.000
1618.0300,-210.000
1618.0400,-210.000
1618.0500,-210.000
1618.0600,-210.000
1618.0700,-210.000
1618.0800,-210.000
1618.0900,-210.000
1618.1000,-210.000
1618.1100,-210.000
1618.1200,-210.000
1618.1300,-210.000
1618.1400,-210.000
1618.1500,-210.000
1618.1600,-210.000
1618.1700,-210.000
1618.1800,-210.000
1618.1900,-210.000
1618.2000,-210.000
1618.2100,-210.000
1618.2200,-210.000
1618.2300,-210.000
1618.2400,-210.000
1618.2500,-210.000
1618.2600, -68.029
1618.2700, -68.337
1618.2800, -68.208
1618.2900, -67.482
1618.3000, -67.540
1618.3100, -68.972
1618.3200, -70.905
1618.3300, -67.127
1618.3400, -68.669
1618.3500, -68.907
1618.3600, -68.078
1618.3700, -74.786
1618.3800,-210.000
1618.3900,-210.000
1618.4000,-210.000
1618.4100,-210.000
1618.4200,-210.000
1618.4300,-210.000
1618.4400,-210.000
1618.4500,-210.000
1618.4600,-210.000
1618.4700,-210.000
1618.4800,-210.000
1618.4900,-210.000
1618.5000,-210.000
1618.5100,-210.000
1618.5200,-210.000
1618.5300,-210.000
1618.5400, -69.381
1618.5500, -64.807
1618.5600, -64.586
1618.5700, -65.032
1618.5800, -63.391
1618.5900, -63.142
1618.6000, -61.775
1618.6100, -61.867
1618.6200, -63.310
1618.6300, -63.072
1618.6400, -63.330
1618.6500, -62.865
1618.6600, -61.691
1618.6700, -61.041
1618.6800, -60.329
1618.6900, -59.322
1618.7000, -59.709
1618.7100, -60.237
1618.7200, -59.916
1618.7300, -60.771
1618.7400, -62.144
1618.7500, -63.075
1618.7600, -62.913
1618.7700, -62.454
1618.7800, -62.363
1618.7900, -61.854
1618.8000, -61.538
1618.8100, -60.343
1618.8200, -59.651
1618.8300, -60.212
1618.8400, -59.822
1618.8500, -59.415
1618.8600, -59.424
1618.8700, -59.090
1618.8800, -59.495
1618.8900, -60.967
1618.9000, -61.397
1618.9100, -60.860
1618.9200, -61.162
1618.9300, -60.626
1618.9400, -60.184
1618.9500, -60.339
1618.9600, -60.775
1618.9700, -60.549
1618.9800, -60.575
1618.9900, -61.188
1619.0000, -61.663
1619.0100, -62.128
1619.0200, -62.142
1619.0300, -61.728
1619.0400, -62.752
1619.0500, -64.092
1619.0600, -64.851
1619.0700,-210.000
1619.0800,-210.000
1619.0900, -70.879
1619.1000, -66.373
1619.1100, -69.704
1619.1200, -69.108
1619.1300, -73.326
1619.1400,-210.000
1619.1500,-210.000
1619.1600,-210.000
1619.1700,-210.000
1619.1800,-210.000
1619.1900,-210.000
1619.2000,-210.000
1619.2100,-210.000
1619.2200,-210.000
1619.2300,-210.000
1619.2400,-210.000
1619.2500,-210.000
1619.2600,-210.000
1619.2700,-210.000
1619.2800,-210.000
1619.2900,-210.000
1619.3000,-210.000
1619.3100,-210.000
1619.3200,-210.000
1619.3300,-210.000
1619.3400,-210.000
1619.3500,-210.000
1619.3600,-210.000
1619.3700,-210.000
1619.3800,-210.000
1619.3900,-210.000
1619.4000,-210.000
1619.4100,-210.000
1619.4200,-210.000
1619.4300,-210.000
1619.4400,-210.000
1619.4500,-210.000
1619.4600,-210.000
1619.4700,-210.000
1619.4800,-210.000
1619.4900,-210.000
1619.5000, -77.200
1619.5100, -76.889
1619.5200, -71.480
1619.5300, -73.090
1619.5400, -72.074
1619.5500, -71.563
1619.5600, -71.026
1619.5700, -66.422
1619.5800, -63.883
1619.5900, -65.098
1619.6000, -69.664
1619.6100, -70.588
1619.6200, -72.187
1619.6300, -67.834
1619.6400, -65.368
1619.6500, -63.557
1619.6600, -62.757
1619.6700, -62.998
1619.6800, -61.803
1619.6900, -62.364
1619.7000, -63.772
1619.7100, -64.297
1619.7200, -65.191
1619.7300, -63.288
1619.7400, -64.160
1619.7500, -65.316
1619.7600, -64.306
1619.7700, -66.349
1619.7800,-210.000
1619.7900, -67.220
1619.8000, -63.457
1619.8100, -63.204
1619.8200, -62.816
1619.8300, -62.831
1619.8400, -63.434
1619.8500, -63.974
1619.8600, -63.378
1619.8700, -63.359
1619.8800, -64.935
1619.8900, -63.609
1619.9000, -62.398
1619.9100, -64.126
1619.9200, -65.479
1619.9300, -64.617
1619.9400, -62.816
1619.9500, -62.535
1619.9600, -63.430
1619.9700, -63.154
1619.9800, -63.186
1619.9900, -66.150
1620.0000, -66.856
1620.0100, -64.848
1620.0200, -64.399
1620.0300, -64.386
1620.0400, -64.043
1620.0500, -62.940
1620.0600, -62.856
1620.0700, -63.036
1620.0800, -61.983
1620.0900, -63.081
1620.1000, -71.156
1620.1100, -65.776
1620.1200, -62.526
1620.1300, -63.702
1620.1400, -65.673
1620.1500, -65.921
1620.1600, -66.640
1620.1700, -66.539
1620.1800, -63.681
1620.1900, -62.906
1620.2000, -64.248
1620.2100, -66.213
1620.2200, -68.902
1620.2300, -70.197
1620.2400, -68.118
1620.2500,-210.000
1620.2600,-210.000
1620.2700,-210.000
1620.2800,-210.000
1620.2900,-210.000
1620.3000,-210.000
1620.3100,-210.000
1620.3200,-210.000
1620.3300,-210.000
1620.3400, -75.763
1620.3500, -65.350
1620.3600, -63.123
1620.3700, -63.200
1620.3800, -63.455
1620.3900, -62.463
1620.4000, -60.785
1620.4100, -60.213
1620.4200, -60.070
1620.4300, -60.227
1620.4400, -60.761
1620.4500, -60.124
1620.4600, -59.229
1620.4700, -59.213
1620.4800, -59.121
1620.4900, -58.401
1620.5000, -58.235
1620.5100, -58.807
1620.5200, -59.378
1620.5300, -59.266
1620.5400, -59.535
1620.5500, -60.678
1620.5600, -61.386
1620.5700, -61.930
1620.5800, -63.853
1620.5900, -63.485
1620.6000, -64.511
1620.6100, -67.533
1620.6200, -65.749
1620.6300, -65.229
1620.6400, -68.164
1620.6500, -78.098
1620.6600, -76.415
1620.6700, -75.607
1620.6800,-210.000
1620.6900,-210.000
1620.7000,-210.000
1620.7100,-210.000
1620.7200,-210.000
1620.7300,-210.000
1620.7400,-210.000
1620.7500,-210.000
1620.7600,-210.000
1620.7700,-210.000
1620.7800,-210.000
1620.7900,-210.000
1620.8000,-210.000
1620.8100, -77.837
1620.8200,-210.000
1620.8300,-210.000
1620.8400,-210.000
1620.8500,-210.000
1620.8600,-210.000
1620.8700,-210.000
1620.8800,-210.000
1620.8900,-210.000
1620.9000,-210.000
1620.9100,-210.000
1620.9200,-210.000
1620.9300,-210.000
1620.9400,-210.000
1620.9500,-210.000
1620.9600,-210.000
1620.9700,-210.000
1620.9800,-210.000
1620.9900,-210.000
1621.0000,-210.000
1621.0100,-210.000
1621.0200,-210.000
1621.0300,-210.000
1621.0400,-210.000
1621.0500,-210.000
1621.0600,-210.000
1621.0700,-210.000
1621.0800,-210.000
1621.0900, -75.803
1621.1000, -68.627
1621.1100, -67.975
1621.1200, -68.737
1621.1300, -71.664
1621.1400,-210.000
1621.1500,-210.000
1621.1600,-210.000
1621.1700,-210.000
1621.1800, -82.324
1621.1900,-210.000
1621.2000, -67.984
1621.2100, -63.075
1621.2200, -62.135
1621.2300, -62.801
1621.2400, -62.391
1621.2500, -61.079
1621.2600, -60.866
1621.2700, -60.888
1621.2800, -60.585
1621.2900, -60.199
1621.3000, -60.368
1621.3100, -60.304
1621.3200, -59.626
1621.3300, -59.163
1621.3400, -58.813
1621.3500, -58.772
1621.3600, -58.766
1621.3700, -59.140
1621.3800, -59.841
1621.3900, -60.428
1621.4000, -61.056
1621.4100, -61.227
1621.4200, -60.754
1621.4300, -60.235
1621.4400, -60.473
1621.4500, -61.031
1621.4600, -61.072
1621.4700, -61.255
1621.4800, -61.890
1621.4900, -64.525
1621.5000, -65.543
1621.5100, -63.146
1621.5200, -63.148
1621.5300, -65.050
1621.5400, -64.200
1621.5500, -62.741
1621.5600, -61.999
1621.5700, -60.960
1621.5800, -60.358
1621.5900, -60.328
1621.6000, -60.711
1621.6100, -61.539
1621.6200, -62.134
1621.6300, -62.084
1621.6400, -61.585
1621.6500, -61.199
1621.6600, -61.265
1621.6700, -60.329
1621.6800, -59.887
1621.6900, -59.898
1621.7000, -60.119
1621.7100, -61.026
1621.7200, -61.964
1621.7300, -62.314
1621.7400, -61.642
1621.7500, -61.582
1621.7600, -63.034
1621.7700, -64.703
1621.7800, -65.371
1621.7900, -64.843
1621.8000, -64.075
1621.8100, -65.199
1621.8200, -69.349
1621.8300, -74.551
1621.8400,-210.000
1621.8500,-210.000
1621.8600,-210.000
1621.8700,-210.000
1621.8800,-210.000
1621.8900,-210.000
1621.9000,-210.000
1621.9100,-210.000
1621.9200,-210.000
1621.9300, -69.330
1621.9400, -70.519
1621.9500,-210.000
1621.9600,-210.000
1621.9700,-210.000
1621.9800, -66.945
1621.9900, -63.244
1622.0000, -63.215
1622.0100, -63.379
1622.0200, -62.167
1622.0300, -62.343
1622.0400, -62.633
1622.0500, -60.614
1622.0600, -59.618
1622.0700, -60.091
1622.0800, -60.411
1622.0900, -60.299
1622.1000, -60.613
1622.1100, -60.158
1622.1200, -59.718
1622.1300, -60.905
1622.1400, -61.872
1622.1500, -60.528
1622.1600, -59.625
1622.1700, -60.040
1622.1800, -60.723
1622.1900, -61.767
1622.2000, -62.073
1622.2100, -61.513
1622.2200, -60.784
1622.2300, -61.182
1622.2400, -61.977
1622.2500, -63.344
1622.2600, -65.846
1622.2700, -65.236
1622.2800, -62.966
1622.2900, -63.547
1622.3000, -63.675
1622.3100, -63.496
1622.3200, -64.727
1622.3300, -64.242
1622.3400, -64.434
1622.3500, -64.413
1622.3600, -65.405
1622.3700, -67.697
1622.3800,-210.000
1622.3900,-210.000
1622.4000,-210.000
1622.4100, -75.892
1622.4200,-210.000
1622.4300, -85.806
1622.4400, -64.501
1622.4500, -62.530
1622.4600, -62.327
1622.4700, -63.132
1622.4800, -69.200
1622.4900, -76.066
1622.5000, -67.863
1622.5100, -70.974
1622.5200, -72.136
1622.5300, -67.934
1622.5400, -65.244
1622.5500, -67.644
1622.5600, -68.840
1622.5700, -64.676
1622.5800, -61.853
1622.5900, -60.417
1622.6000, -61.048
1622.6100, -62.501
1622.6200, -62.534
1622.6300, -62.337
1622.6400, -63.662
1622.6500, -66.679
1622.6600, -65.051
1622.6700, -62.931
1622.6800, -62.624
1622.6900, -62.808
1622.7000, -64.033
1622.7100, -64.327
1622.7200, -63.700
1622.7300, -64.806
1622.7400, -66.528
1622.7500, -66.435
1622.7600, -66.202
1622.7700, -68.869
1622.7800,-210.000
1622.7900,-210.000
1622.8000,-210.000
1622.8100,-210.000
1622.8200, -70.981
1622.8300,-210.000
1622.8400,-210.000
1622.8500, -75.047
1622.8600, -80.975
1622.8700,-210.000
1622.8800,-210.000
1622.8900, -74.215
1622.9000, -67.960
1622.9100, -66.400
1622.9200, -70.977
1622.9300, -68.220
1622.9400, -64.510
1622.9500, -63.196
1622.9600, -62.861
1622.9700, -62.494
1622.9800, -61.226
1622.9900, -60.725
1623.0000, -61.073
1623.0100, -62.052
1623.0200, -62.647
1623.0300, -62.229
1623.0400, -62.300
1623.0500, -62.846
1623.0600, -63.059
1623.0700, -65.052
1623.0800, -67.823
1623.0900, -66.383
1623.1000, -68.511
1623.1100, -72.962
1623.1200, -64.612
1623.1300, -63.472
1623.1400, -66.576
1623.1500, -71.727
1623.1600,-210.000
1623.1700,-210.000
1623.1800,-210.000
1623.1900,-210.000
1623.2000,-210.000
1623.2100,-210.000
1623.2200,-210.000
1623.2300,-210.000
1623.2400,-210.000
1623.2500,-210.000
1623.2600,-210.000
1623.2700,-210.000
1623.2800,-210.000
1623.2900,-210.000
1623.3000,-210.000
1623.3100,-210.000
1623.3200,-210.000
1623.3300,-210.000
1623.3400,-210.000
1623.3500,-210.000
1623.3600,-210.000
1623.3700, -73.838
1623.3800, -67.686
1623.3900, -65.422
1623.4000, -62.856
1623.4100, -61.277
1623.4200, -61.359
1623.4300, -61.423
1623.4400, -62.383
1623.4500, -62.985
1623.4600, -62.365
1623.4700, -62.937
1623.4800, -63.955
1623.4900, -63.107
1623.5000, -61.963
1623.5100, -61.571
1623.5200, -61.742
1623.5300, -62.699
1623.5400, -62.340
1623.5500, -61.618
1623.5600, -61.037
1623.5700, -61.731
1623.5800, -63.595
1623.5900, -64.539
1623.6000, -65.637
1623.6100, -66.752
1623.6200, -65.793
1623.6300, -65.898
1623.6400, -66.724
1623.6500, -64.822
1623.6600, -63.251
1623.6700, -62.642
1623.6800, -62.313
1623.6900, -61.644
1623.7000, -62.706
1623.7100, -63.825
1623.7200, -61.736
1623.7300, -60.809
1623.7400, -61.218
1623.7500, -61.593
1623.7600, -63.495
1623.7700, -64.755
1623.7800, -63.303
1623.7900, -62.166
1623.8000, -61.663
1623.8100, -61.784
1623.8200, -61.687
1623.8300, -61.630
1623.8400, -61.657
1623.8500, -62.073
1623.8600, -62.031
1623.8700, -61.466
1623.8800, -60.050
1623.8900, -59.814
1623.9000, -60.244
1623.9100, -60.738
1623.9200, -62.759
1623.9300, -63.077
1623.9400, -63.262
1623.9500, -64.105
1623.9600, -62.740
1623.9700, -62.582
1623.9800, -62.911
1623.9900, -64.015
1624.0000, -66.522
1624.0100, -66.528
1624.0200, -69.243
1624.0300, -68.197
1624.0400, -64.337
1624.0500, -64.138
1624.0600, -69.019
1624.0700,-210.000
1624.0800,-210.000
1624.0900,-210.000
1624.1000,-210.000
1624.1100,-210.000
1624.1200,-210.000
1624.1300,-210.000
1624.1400,-210.000
1624.1500,-210.000
1624.1600,-210.000
1624.1700,-210.000
1624.1800,-210.000
1624.1900,-210.000
1624.2000, -69.303
1624.2100, -67.773
1624.2200, -65.414
1624.2300, -66.869
1624.2400, -84.148
1624.2500, -73.153
1624.2600, -66.552
1624.2700, -65.768
1624.2800, -67.152
1624.2900, -69.625
1624.3000, -69.360
1624.3100, -65.567
1624.3200, -62.763
1624.3300, -62.214
1624.3400, -62.353
1624.3500, -62.078
1624.3600, -61.811
1624.3700, -61.187
1624.3800, -62.672
1624.3900, -67.543
1624.4000, -66.912
1624.4100, -67.315
1624.4200, -69.224
1624.4300, -65.190
1624.4400, -64.130
1624.4500, -64.913
1624.4600, -67.295
1624.4700, -77.519
1624.4800, -74.787
1624.4900, -72.609
1624.5000, -69.647
1624.5100, -66.079
1624.5200, -66.428
1624.5300, -66.597
1624.5400, -64.672
1624.5500, -65.214
1624.5600, -74.255
1624.5700,-210.000
1624.5800, -65.876
1624.5900, -63.611
1624.6000, -63.974
1624.6100, -62.867
1624.6200, -63.344
1624.6300, -65.707
1624.6400, -67.249
1624.6500, -66.094
1624.6600, -64.202
1624.6700, -62.694
1624.6800, -61.762
1624.6900, -61.619
1624.7000, -62.481
1624.7100, -63.286
1624.7200, -64.626
1624.7300, -66.431
1624.7400, -67.822
1624.7500, -67.866
1624.7600, -65.682
1624.7700, -67.218
1624.7800, -69.224
1624.7900, -65.634
1624.8000, -65.471
1624.8100, -68.706
1624.8200, -66.314
1624.8300, -63.583
1624.8400, -62.290
1624.8500, -62.268
1624.8600, -62.003
1624.8700, -61.058
1624.8800, -61.653
1624.8900, -62.197
1624.9000, -61.530
1624.9100, -61.627
1624.9200, -61.391
1624.9300, -61.070
1624.9400, -61.017
1624.9500, -61.346
1624.9600, -60.334
1624.9700, -59.258
1624.9800, -60.167
1624.9900, -61.106
1625.0000, -61.218
1625.0100, -61.125
1625.0200, -60.952
1625.0300, -60.512
1625.0400, -60.384
1625.0500, -60.558
1625.0600, -61.167
1625.0700, -61.995
1625.0800, -61.910
1625.0900, -61.420
1625.1000, -61.899
1625.1100, -62.924
1625.1200, -64.039
1625.1300, -64.104
1625.1400, -65.198
1625.1500, -65.568
1625.1600, -64.744
1625.1700, -65.011
1625.1800, -61.711
1625.1900, -60.651
1625.2000, -61.566
1625.2100, -62.203
1625.2200, -62.102
1625.2300, -62.387
1625.2400, -62.039
1625.2500, -61.269
1625.2600, -60.831
1625.2700, -59.664
1625.2800, -59.441
1625.2900, -59.908
1625.3000, -59.391
1625.3100, -59.175
1625.3200, -59.564
1625.3300, -59.443
1625.3400, -58.675
1625.3500, -58.183
1625.3600, -58.368
1625.3700, -58.611
1625.3800, -59.297
1625.3900, -59.891
1625.4000, -59.630
1625.4100, -59.466
1625.4200, -59.855
1625.4300, -60.489
1625.4400, -61.248
1625.4500, -61.655
1625.4600, -61.853
1625.4700, -64.875
1625.4800, -65.133
1625.4900, -63.083
1625.5000, -64.089
1625.5100, -63.563
1625.5200, -61.265
1625.5300, -60.812
1625.5400, -61.427
1625.5500, -61.681
1625.5600, -62.470
1625.5700, -62.880
1625.5800, -61.744
1625.5900, -60.322
1625.6000, -59.784
1625.6100, -59.523
1625.6200, -58.869
1625.6300, -58.931
1625.6400, -59.681
1625.6500, -60.550
1625.6600, -60.643
1625.6700, -60.091
1625.6800, -60.405
1625.6900, -60.766
1625.7000, -60.973
1625.7100, -61.075
1625.7200, -61.474
1625.7300, -62.749
1625.7400, -64.156
1625.7500, -66.264
1625.7600, -66.628
1625.7700, -69.832
1625.7800,-210.000
1625.7900,-210.000
1625.8000,-210.000
1625.8100,-210.000
1625.8200,-210.000
1625.8300,-210.000
1625.8400,-210.000
1625.8500, -70.950
1625.8600, -63.255
1625.8700, -63.624
1625.8800, -64.293
1625.8900, -64.807
1625.9000, -65.384
1625.9100, -63.987
1625.9200, -63.642
1625.9300, -62.375
1625.9400, -61.307
1625.9500, -60.417
1625.9600, -59.988
1625.9700, -59.843
1625.9800, -59.334
1625.9900, -60.198
1626.0000, -61.610
1626.0100, -62.688
1626.0200, -61.861
1626.0300, -60.237
1626.0400, -59.763
1626.0500, -60.627
1626.0600, -63.030
1626.0700, -64.693
1626.0800, -65.100
1626.0900, -63.232
1626.1000, -62.913
1626.1100, -64.245
1626.1200, -64.830
1626.1300, -65.229
1626.1400, -64.234
1626.1500, -63.569
1626.1600, -65.637
1626.1700, -68.054
1626.1800, -68.783
1626.1900, -66.561
1626.2000, -64.788
1626.2100, -64.251
1626.2200, -65.073
1626.2300, -69.808
1626.2400, -72.765
1626.2500, -68.845
1626.2600, -66.964
1626.2700, -63.938
1626.2800, -63.465
1626.2900, -67.441
1626.3000, -65.141
1626.3100, -64.051
1626.3200, -65.463
1626.3300, -66.420
1626.3400,-210.000
1626.3500,-210.000
1626.3600,-210.000
1626.3700, -72.965
1626.3800,-210.000
1626.3900,-210.000
1626.4000, -69.436
1626.4100, -68.056
1626.4200, -77.066
1626.4300,-210.000
1626.4400, -74.600
1626.4500, -74.339
1626.4600,-210.000
1626.4700,-210.000
1626.4800, -66.532
1626.4900, -61.877
1626.5000, -60.855
1626.5100, -60.845
1626.5200, -60.638
1626.5300, -60.824
1626.5400, -60.284
1626.5500, -59.162
1626.5600, -59.221
1626.5700, -59.559
1626.5800, -59.233
1626.5900, -59.217
1626.6000, -59.960
1626.6100, -60.068
1626.6200, -59.435
1626.6300, -58.985
1626.6400, -58.716
1626.6500, -58.585
1626.6600, -57.872
1626.6700, -57.801
1626.6800, -58.550
1626.6900, -59.793
1626.7000, -61.582
1626.7100, -61.740
1626.7200, -61.394
1626.7300, -61.110
1626.7400, -61.534
1626.7500, -64.905
1626.7600, -69.391
1626.7700, -71.082
1626.7800, -72.028
1626.7900,-210.000
1626.8000, -68.987
1626.8100, -63.410
1626.8200, -64.514
1626.8300, -66.691
1626.8400, -67.559
1626.8500, -71.188
1626.8600,-210.000
1626.8700,-210.000
1626.8800, -71.844
1626.8900, -68.418
1626.9000, -68.679
1626.9100, -82.006
1626.9200,-210.000
1626.9300, -77.990
1626.9400, -69.633
1626.9500, -63.935
1626.9600, -62.146
1626.9700, -61.734
1626.9800, -61.451
1626.9900, -60.609
1627.0000, -60.125
1627.0100, -61.089
1627.0200, -60.859
1627.0300, -60.093
1627.0400, -60.035
1627.0500, -60.634
1627.0600, -61.715
1627.0700, -62.107
1627.0800, -62.856
1627.0900, -62.178
1627.1000, -61.070
1627.1100, -61.044
1627.1200, -61.847
1627.1300, -62.136
1627.1400, -60.990
1627.1500, -61.408
1627.1600, -60.901
1627.1700, -60.198
1627.1800, -60.640
1627.1900, -60.997
1627.2000, -61.541
1627.2100, -61.937
1627.2200, -61.727
1627.2300, -61.509
1627.2400, -61.147
1627.2500, -60.040
1627.2600, -59.048
1627.2700, -58.893
1627.2800, -59.411
1627.2900, -59.384
1627.3000, -58.878
1627.3100, -58.551
1627.3200, -58.319
1627.3300, -58.293
1627.3400, -58.851
1627.3500, -58.706
1627.3600, -58.778
1627.3700, -59.880
1627.3800, -61.452
1627.3900, -61.900
1627.4000, -61.186
1627.4100, -60.175
1627.4200, -59.627
1627.4300, -59.806
1627.4400, -60.205
1627.4500, -60.721
1627.4600, -60.986
1627.4700, -60.567
1627.4800, -60.798
1627.4900, -62.139
1627.5000, -62.440
1627.5100, -61.386
1627.5200, -60.367
1627.5300, -60.278
1627.5400, -60.014
1627.5500, -59.788
1627.5600, -59.608
1627.5700, -58.922
1627.5800, -58.433
1627.5900, -58.207
1627.6000, -58.087
1627.6100, -58.419
1627.6200, -58.666
1627.6300, -58.822
1627.6400, -58.691
1627.6500, -58.125
1627.6600, -58.344
1627.6700, -59.299
1627.6800, -58.720
1627.6900, -58.033
1627.7000, -58.241
1627.7100, -58.398
1627.7200, -58.165
1627.7300, -57.697
1627.7400, -58.038
1627.7500, -58.548
1627.7600, -59.226
1627.7700, -59.852
1627.7800, -58.899
1627.7900, -58.692
1627.8000, -59.027
1627.8100, -59.301
1627.8200, -59.824
1627.8300, -60.536
1627.8400, -62.843
1627.8500, -64.403
1627.8600, -62.942
1627.8700, -61.540
1627.8800, -62.192
1627.8900, -64.169
1627.9000, -63.499
1627.9100, -65.245
1627.9200, -72.394
1627.9300,-210.000
1627.9400,-210.000
1627.9500, -69.238
1627.9600, -73.141
1627.9700, -67.599
1627.9800, -66.360
1627.9900, -68.345
1628.0000,-210.000
1628.0100,-210.000
1628.0200,-210.000
1628.0300,-210.000
1628.0400,-210.000
1628.0500,-210.000
1628.0600,-210.000
1628.0700,-210.000
1628.0800, -68.116
1628.0900, -63.886
1628.1000, -64.172
1628.1100, -62.322
1628.1200, -62.328
1628.1300, -62.687
1628.1400, -61.691
1628.1500, -61.934
1628.1600, -61.358
1628.1700, -60.821
1628.1800, -61.308
1628.1900, -61.377
1628.2000, -60.431
1628.2100, -59.858
1628.2200, -59.564
1628.2300, -59.126
1628.2400, -58.293
1628.2500, -57.669
1628.2600, -57.756
1628.2700, -58.059
1628.2800, -58.272
1628.2900, -58.825
1628.3000, -59.554
1628.3100, -60.116
1628.3200, -60.476
1628.3300, -61.174
1628.3400, -61.485
1628.3500, -61.414
1628.3600, -60.827
1628.3700, -62.420
1628.3800, -67.205
1628.3900, -70.280
1628.4000, -68.343
1628.4100, -63.869
1628.4200, -63.964
1628.4300, -64.290
1628.4400, -66.032
1628.4500, -73.101
1628.4600, -69.832
1628.4700, -68.036
1628.4800, -67.261
1628.4900, -65.878
1628.5000, -64.945
1628.5100, -66.858
1628.5200, -65.427
1628.5300, -61.824
1628.5400, -61.842
1628.5500, -63.912
1628.5600, -65.120
1628.5700, -62.533
1628.5800, -60.457
1628.5900, -60.169
1628.6000, -60.588
1628.6100, -60.496
1628.6200, -59.747
1628.6300, -59.216
1628.6400, -58.973
1628.6500, -59.176
1628.6600, -59.754
1628.6700, -59.528
1628.6800, -59.030
1628.6900, -59.379
1628.7000, -59.468
1628.7100, -59.001
1628.7200, -58.818
1628.7300, -58.820
1628.7400, -59.275
1628.7500, -59.142
1628.7600, -58.523
1628.7700, -58.998
1628.7800, -59.437
1628.7900, -59.081
1628.8000, -59.139
1628.8100, -60.644
1628.8200, -63.340
1628.8300, -65.570
1628.8400, -67.178
1628.8500, -66.452
1628.8600, -65.207
1628.8700, -66.115
1628.8800, -68.354
1628.8900, -67.265
1628.9000, -65.374
1628.9100, -64.095
1628.9200, -65.448
1628.9300,-210.000
1628.9400,-210.000
1628.9500, -72.337
1628.9600,-210.000
1628.9700, -73.659
1628.9800, -71.087
1628.9900,-210.000
1629.0000,-210.000
1629.0100,-210.000
1629.0200, -65.027
1629.0300, -63.368
1629.0400, -64.287
1629.0500, -64.795
1629.0600, -64.829
1629.0700, -63.796
1629.0800, -65.043
1629.0900, -66.718
1629.1000, -66.660
1629.1100, -69.501
1629.1200, -67.995
1629.1300, -64.200
1629.1400, -61.913
1629.1500, -61.669
1629.1600, -61.564
1629.1700, -60.790
1629.1800, -59.950
1629.1900, -59.764
1629.2000, -60.627
1629.2100, -60.653
1629.2200, -61.352
1629.2300, -61.235
1629.2400, -61.466
1629.2500, -62.679
1629.2600, -61.454
1629.2700, -60.866
1629.2800, -60.546
1629.2900, -60.027
1629.3000, -59.967
1629.3100, -60.391
1629.3200, -60.554
1629.3300, -60.829
1629.3400, -62.020
1629.3500, -63.192
1629.3600, -63.441
1629.3700, -64.371
1629.3800, -70.306
1629.3900, -70.437
1629.4000, -63.538
1629.4100, -62.335
1629.4200, -61.328
1629.4300, -61.808
1629.4400, -62.751
1629.4500, -61.234
1629.4600, -61.731
1629.4700, -65.150
1629.4800, -73.042
1629.4900,-210.000
1629.5000,-210.000
1629.5100,-210.000
1629.5200,-210.000
1629.5300, -75.002
1629.5400, -67.601
1629.5500,-210.000
1629.5600,-210.000
1629.5700,-210.000
1629.5800,-210.000
1629.5900,-210.000
1629.6000,-210.000
1629.6100,-210.000
1629.6200,-210.000
1629.6300,-210.000
1629.6400,-210.000
1629.6500,-210.000
1629.6600,-210.000
1629.6700,-210.000
1629.6800,-210.000
1629.6900,-210.000
1629.7000,-210.000
1629.7100,-210.000
1629.7200,-210.000
1629.7300,-210.000
1629.7400,-210.000
1629.7500,-210.000
1629.7600, -66.156
1629.7700, -64.344
1629.7800, -64.999
1629.7900, -64.433
1629.8000, -63.303
1629.8100, -61.953
1629.8200, -60.045
1629.8300, -60.351
1629.8400, -61.953
1629.8500, -61.995
1629.8600, -61.643
1629.8700, -60.793
1629.8800, -60.636
1629.8900, -60.876
1629.9000, -60.293
1629.9100, -59.926
1629.9200, -60.521
1629.9300, -61.519
1629.9400, -62.737
1629.9500, -64.925
1629.9600, -67.651
1629.9700, -67.270
1629.9800, -66.243
1629.9900, -69.147
1630.0000, -68.438
1630.0100, -66.681
1630.0200, -74.199
1630.0300,-210.000
1630.0400,-210.000
1630.0500,-210.000
1630.0600,-210.000
1630.0700,-210.000
1630.0800,-210.000
1630.0900,-210.000
1630.1000,-210.000
1630.1100,-210.000
1630.1200,-210.000
1630.1300,-210.000
1630.1400,-210.000
1630.1500,-210.000
1630.1600,-210.000
1630.1700,-210.000
1630.1800,-210.000
1630.1900,-210.000
1630.2000,-210.000
1630.2100,-210.000
1630.2200,-210.000
1630.2300,-210.000
1630.2400,-210.000
1630.2500,-210.000
1630.2600,-210.000
1630.2700,-210.000
1630.2800,-210.000
1630.2900,-210.000
1630.3000,-210.000
1630.3100,-210.000
1630.3200, -68.936
1630.3300, -68.044
1630.3400, -65.978
1630.3500, -67.942
1630.3600, -69.340
1630.3700, -64.931
1630.3800, -69.520
1630.3900, -72.942
1630.4000, -63.638
1630.4100, -63.116
1630.4200, -64.867
1630.4300, -70.685
1630.4400,-210.000
1630.4500,-210.000
1630.4600, -66.155
1630.4700, -62.969
1630.4800, -61.451
1630.4900, -61.559
1630.5000, -61.380
1630.5100, -61.304
1630.5200, -60.947
1630.5300, -59.845
1630.5400, -59.736
1630.5500, -59.050
1630.5600, -58.568
1630.5700, -58.406
1630.5800, -58.004
1630.5900, -58.040
1630.6000, -58.531
1630.6100, -58.876
1630.6200, -58.614
1630.6300, -58.232
1630.6400, -57.827
1630.6500, -57.856
1630.6600, -58.211
1630.6700, -59.155
1630.6800, -60.249
1630.6900, -60.879
1630.7000, -62.632
1630.7100, -64.734
1630.7200, -66.353
1630.7300, -73.124
1630.7400,-210.000
1630.7500,-210.000
1630.7600,-210.000
1630.7700,-210.000
1630.7800,-210.000
1630.7900,-210.000
1630.8000,-210.000
1630.8100,-210.000
1630.8200,-210.000
1630.8300,-210.000
1630.8400,-210.000
1630.8500,-210.000
1630.8600,-210.000
1630.8700,-210.000
1630.8800,-210.000
1630.8900,-210.000
1630.9000,-210.000
1630.9100,-210.000
1630.9200,-210.000
1630.9300,-210.000
1630.9400,-210.000
1630.9500,-210.000
1630.9600,-210.000
1630.9700,-210.000
1630.9800,-210.000
1630.9900,-210.000
1631.0000,-210.000
1631.0100,-210.000
1631.0200,-210.000
1631.0300,-210.000
1631.0400, -69.037
1631.0500, -72.851
1631.0600,-210.000
1631.0700,-210.000
1631.0800,-210.000
1631.0900, -65.047
1631.1000, -62.603
1631.1100, -61.987
1631.1200, -62.421
1631.1300, -63.123
1631.1400, -62.300
1631.1500, -61.417
1631.1600, -61.591
1631.1700, -62.363
1631.1800, -61.164
1631.1900, -60.810
1631.2000, -61.475
1631.2100, -61.979
1631.2200, -64.691
1631.2300, -67.758
1631.2400, -66.456
1631.2500, -63.568
1631.2600, -62.050
1631.2700, -61.778
1631.2800, -61.311
1631.2900, -60.976
1631.3000, -61.879
1631.3100, -62.733
1631.3200, -62.706
1631.3300, -64.123
1631.3400, -66.897
1631.3500, -88.987
1631.3600,-210.000
1631.3700,-210.000
1631.3800,-210.000
1631.3900,-210.000
1631.4000,-210.000
1631.4100,-210.000
1631.4200,-210.000
1631.4300,-210.000
1631.4400,-210.000
1631.4500,-210.000
1631.4600,-210.000
1631.4700,-210.000
1631.4800,-210.000
1631.4900,-210.000
1631.5000,-210.000
1631.5100,-210.000
1631.5200,-210.000
1631.5300,-210.000
1631.5400,-210.000
1631.5500,-210.000
1631.5600,-210.000
1631.5700,-210.000
1631.5800,-210.000
1631.5900,-210.000
1631.6000,-210.000
1631.6100,-210.000
1631.6200,-210.000
1631.6300,-210.000
1631.6400,-210.000
1631.6500,-210.000
1631.6600,-210.000
1631.6700,-210.000
1631.6800,-210.000
1631.6900,-210.000
1631.7000,-210.000
1631.7100,-210.000
1631.7200,-210.000
1631.7300,-210.000
1631.7400,-210.000
1631.7500,-210.000
1631.7600,-210.000
1631.7700,-210.000
1631.7800,-210.000
1631.7900,-210.000
1631.8000,-210.000
1631.8100,-210.000
1631.8200,-210.000
1631.8300,-210.000
1631.8400,-210.000
1631.8500,-210.000
1631.8600,-210.000
1631.8700,-210.000
1631.8800,-210.000
1631.8900,-210.000
1631.9000,-210.000
1631.9100,-210.000
1631.9200,-210.000
1631.9300,-210.000
1631.9400,-210.000
1631.9500, -69.561
1631.9600, -63.578
1631.9700, -61.679
1631.9800, -61.321
1631.9900, -61.587
1632.0000, -61.198
1632.0100, -61.331
1632.0200, -62.731
1632.0300, -64.158
1632.0400, -65.705
1632.0500, -63.931
1632.0600, -63.379
1632.0700, -62.650
1632.0800, -61.679
1632.0900, -62.028
1632.1000, -61.013
1632.1100, -61.045
1632.1200, -61.534
1632.1300, -60.679
1632.1400, -60.331
1632.1500, -61.312
1632.1600, -62.115
1632.1700, -61.825
1632.1800, -61.925
1632.1900, -63.859
1632.2000, -63.978
1632.2100, -62.499
1632.2200, -61.990
1632.2300, -61.547
1632.2400, -60.378
1632.2500, -59.102
1632.2600, -58.830
1632.2700, -59.445
1632.2800, -60.776
1632.2900, -61.368
1632.3000, -61.851
1632.3100, -63.604
1632.3200, -63.735
1632.3300, -63.773
1632.3400, -64.326
1632.3500, -63.154
1632.3600, -63.541
1632.3700, -64.422
1632.3800, -64.968
1632.3900, -63.909
1632.4000, -66.188
1632.4100,-210.000
1632.4200, -68.974
1632.4300, -65.458
1632.4400, -67.331
1632.4500,-210.000
1632.4600,-210.000
1632.4700,-210.000
1632.4800,-210.000
1632.4900,-210.000
1632.5000,-210.000
1632.5100, -66.104
1632.5200, -65.596
1632.5300, -64.960
1632.5400, -63.029
1632.5500, -62.277
1632.5600, -62.946
1632.5700, -63.072
1632.5800, -61.152
1632.5900, -60.263
1632.6000, -60.320
1632.6100, -60.179
1632.6200, -60.182
1632.6300, -59.488
1632.6400, -59.620
1632.6500, -59.833
1632.6600, -59.883
1632.6700, -60.771
1632.6800, -60.354
1632.6900, -59.809
1632.7000, -59.766
1632.7100, -58.825
1632.7200, -58.386
1632.7300, -59.111
1632.7400, -59.883
1632.7500, -60.656
1632.7600, -61.094
1632.7700, -61.887
1632.7800, -64.608
1632.7900, -64.786
1632.8000, -62.610
1632.8100, -60.874
1632.8200, -60.243
1632.8300, -60.773
1632.8400, -60.182
1632.8500, -58.960
1632.8600, -58.408
1632.8700, -58.403
1632.8800, -58.692
1632.8900, -58.434
1632.9000, -58.983
1632.9100, -60.840
1632.9200, -61.325
1632.9300, -60.466
1632.9400, -61.076
1632.9500, -61.441
1632.9600, -60.840
1632.9700, -61.349
1632.9800, -61.821
1632.9900, -63.154
1633.0000, -62.899
1633.0100, -66.111
1633.0200,-210.000
1633.0300, -70.317
1633.0400,-210.000
1633.0500,-210.000
1633.0600,-210.000
1633.0700,-210.000
1633.0800,-210.000
1633.0900,-210.000
1633.1000,-210.000
1633.1100,-210.000
1633.1200,-210.000
1633.1300,-210.000
1633.1400,-210.000
1633.1500,-210.000
1633.1600,-210.000
1633.1700,-210.000
1633.1800,-210.000
1633.1900,-210.000
1633.2000,-210.000
1633.2100,-210.000
1633.2200, -69.218
1633.2300,-210.000
1633.2400,-210.000
1633.2500,-210.000
1633.2600,-210.000
1633.2700,-210.000
1633.2800,-210.000
1633.2900,-210.000
1633.3000,-210.000
1633.3100,-210.000
1633.3200,-210.000
1633.3300,-210.000
1633.3400,-210.000
1633.3500,-210.000
1633.3600,-210.000
1633.3700,-210.000
1633.3800,-210.000
1633.3900,-210.000
1633.4000,-210.000
1633.4100,-210.000
1633.4200,-210.000
1633.4300,-210.000
1633.4400,-210.000
1633.4500,-210.000
1633.4600,-210.000
1633.4700,-210.000
1633.4800,-210.000
1633.4900,-210.000
1633.5000,-210.000
1633.5100,-210.000
1633.5200,-210.000
1633.5300,-210.000
1633.5400,-210.000
1633.5500,-210.000
1633.5600,-210.000
1633.5700,-210.000
1633.5800,-210.000
1633.5900,-210.000
1633.6000,-210.000
1633.6100, -82.208
1633.6200,-210.000
1633.6300,-210.000
1633.6400,-210.000
1633.6500,-210.000
1633.6600, -69.101
1633.6700, -66.500
1633.6800, -67.035
1633.6900, -66.268
1633.7000, -70.579
1633.7100,-210.000
1633.7200, -75.394
1633.7300, -70.681
1633.7400, -64.554
1633.7500, -63.776
1633.7600, -66.624
1633.7700, -66.954
1633.7800, -67.439
1633.7900, -66.864
1633.8000, -67.487
1633.8100, -69.008
1633.8200, -68.697
1633.8300, -65.922
1633.8400, -63.948
1633.8500, -63.416
1633.8600, -62.861
1633.8700, -61.934
1633.8800, -62.418
1633.8900, -62.661
1633.9000, -62.138
1633.9100, -63.713
1633.9200, -66.412
1633.9300, -68.075
1633.9400, -81.775
1633.9500,-210.000
1633.9600,-210.000
1633.9700,-210.000
1633.9800,-210.000
1633.9900,-210.000
1634.0000,-210.000
1634.0100,-210.000
1634.0200,-210.000
1634.0300,-210.000
1634.0400,-210.000
1634.0500,-210.000
1634.0600,-210.000
1634.0700,-210.000
1634.0800,-210.000
1634.0900,-210.000
1634.1000,-210.000
1634.1100,-210.000
1634.1200,-210.000
1634.1300,-210.000
1634.1400,-210.000
1634.1500,-210.000
1634.1600,-210.000
1634.1700,-210.000
1634.1800,-210.000
1634.1900,-210.000
1634.2000,-210.000
1634.2100,-210.000
1634.2200,-210.000
1634.2300,-210.000
1634.2400,-210.000
1634.2500,-210.000
1634.2600,-210.000
1634.2700,-210.000
1634.2800,-210.000
1634.2900,-210.000
1634.3000,-210.000
1634.3100,-210.000
1634.3200,-210.000
1634.3300,-210.000
1634.3400,-210.000
1634.3500,-210.000
1634.3600,-210.000
1634.3700,-210.000
1634.3800,-210.000
1634.3900,-210.000
1634.4000,-210.000
1634.4100, -77.962
1634.4200,-210.000
1634.4300,-210.000
1634.4400,-210.000
1634.4500,-210.000
1634.4600,-210.000
1634.4700,-210.000
1634.4800,-210.000
1634.4900,-210.000
1634.5000,-210.000
1634.5100,-210.000
1634.5200,-210.000
1634.5300,-210.000
1634.5400,-210.000
1634.5500,-210.000
1634.5600,-210.000
1634.5700,-210.000
1634.5800,-210.000
1634.5900,-210.000
1634.6000,-210.000
1634.6100,-210.000
1634.6200,-210.000
1634.6300,-210.000
1634.6400,-210.000
1634.6500,-210.000
1634.6600,-210.000
1634.6700,-210.000
1634.6800,-210.000
1634.6900,-210.000
1634.7000,-210.000
1634.7100,-210.000
1634.7200,-210.000
1634.7300,-210.000
1634.7400,-210.000
1634.7500,-210.000
1634.7600,-210.000
1634.7700,-210.000
1634.7800,-210.000
1634.7900,-210.000
1634.8000,-210.000
1634.8100,-210.000
1634.8200,-210.000
1634.8300,-210.000
1634.8400,-210.000
1634.8500,-210.000
1634.8600,-210.000
1634.8700, -79.379
1634.8800,-210.000
1634.8900, -68.386
1634.9000, -65.757
1634.9100, -68.004
1634.9200, -69.470
1634.9300, -65.020
1634.9400, -62.539
1634.9500, -62.134
1634.9600, -61.067
1634.9700, -60.018
1634.9800, -60.032
1634.9900, -59.700
1635.0000, -59.138
1635.0100, -59.103
1635.0200, -59.224
1635.0300, -60.126
1635.0400, -60.695
1635.0500, -61.584
1635.0600, -62.677
1635.0700, -62.754
1635.0800, -65.439
1635.0900, -72.927
1635.1000, -73.336
1635.1100, -65.470
1635.1200, -62.367
1635.1300, -62.288
1635.1400, -65.221
1635.1500, -71.389
1635.1600, -75.850
1635.1700,-210.000
1635.1800,-210.000
1635.1900,-210.000
1635.2000,-210.000
1635.2100,-210.000
1635.2200, -67.029
1635.2300, -68.855
1635.2400,-210.000
1635.2500, -66.724
1635.2600, -66.199
1635.2700, -68.797
1635.2800, -65.188
1635.2900, -62.856
1635.3000, -62.437
1635.3100, -62.683
1635.3200, -63.263
1635.3300, -64.236
1635.3400, -63.254
1635.3500, -62.959
1635.3600, -64.744
1635.3700, -65.824
1635.3800, -64.430
1635.3900, -66.007
1635.4000, -74.580
1635.4100,-210.000
1635.4200,-210.000
1635.4300,-210.000
1635.4400,-210.000
1635.4500,-210.000
1635.4600,-210.000
1635.4700,-210.000
1635.4800,-210.000
1635.4900,-210.000
1635.5000, -77.921
1635.5100, -73.828
1635.5200, -69.804
1635.5300, -68.213
1635.5400,-210.000
1635.5500, -70.943
1635.5600, -63.845
1635.5700, -62.121
1635.5800, -61.652
1635.5900, -62.684
1635.6000, -61.966
1635.6100, -61.602
1635.6200, -61.315
1635.6300, -60.669
1635.6400, -60.124
1635.6500, -58.354
1635.6600, -57.676
1635.6700, -57.805
1635.6800, -57.971
1635.6900, -58.289
1635.7000, -58.269
1635.7100, -58.074
1635.7200, -58.928
1635.7300, -59.055
1635.7400, -59.045
1635.7500, -58.953
1635.7600, -59.359
1635.7700, -60.248
1635.7800, -60.122
1635.7900, -59.258
1635.8000, -58.787
1635.8100, -60.074
1635.8200, -63.257
1635.8300, -65.515
1635.8400, -63.607
1635.8500, -67.834
1635.8600,-210.000
1635.8700,-210.000
1635.8800,-210.000
1635.8900, -72.740
1635.9000,-210.000
1635.9100,-210.000
1635.9200, -76.445
1635.9300,-210.000
1635.9400,-210.000
1635.9500,-210.000
1635.9600,-210.000
1635.9700,-210.000
1635.9800,-210.000
1635.9900,-210.000
1636.0000,-210.000
1636.0100,-210.000
1636.0200, -64.756
1636.0300, -62.960
1636.0400, -71.876
1636.0500,-210.000
1636.0600,-210.000
1636.0700, -69.949
1636.0800,-210.000
1636.0900,-210.000
1636.1000,-210.000
1636.1100,-210.000
1636.1200,-210.000
1636.1300,-210.000
1636.1400,-210.000
1636.1500,-210.000
1636.1600,-210.000
1636.1700,-210.000
1636.1800,-210.000
1636.1900,-210.000
1636.2000,-210.000
1636.2100,-210.000
1636.2200,-210.000
1636.2300,-210.000
1636.2400,-210.000
1636.2500,-210.000
1636.2600,-210.000
1636.2700,-210.000
1636.2800,-210.000
1636.2900,-210.000
1636.3000,-210.000
1636.3100,-210.000
1636.3200,-210.000
1636.3300,-210.000
1636.3400,-210.000
1636.3500,-210.000
1636.3600,-210.000
1636.3700,-210.000
1636.3800,-210.000
1636.3900,-210.000
1636.4000,-210.000
1636.4100,-210.000
1636.4200,-210.000
1636.4300,-210.000
1636.4400,-210.000
1636.4500,-210.000
1636.4600,-210.000
1636.4700,-210.000
1636.4800,-210.000
1636.4900, -65.210
1636.5000, -62.958
1636.5100, -65.548
1636.5200, -68.825
1636.5300,-210.000
1636.5400,-210.000
1636.5500,-210.000
1636.5600,-210.000
1636.5700,-210.000
1636.5800,-210.000
1636.5900,-210.000
1636.6000,-210.000
1636.6100,-210.000
1636.6200,-210.000
1636.6300,-210.000
1636.6400,-210.000
1636.6500,-210.000
1636.6600,-210.000
1636.6700,-210.000
1636.6800,-210.000
1636.6900,-210.000
1636.7000,-210.000
1636.7100, -66.734
1636.7200, -62.432
1636.7300, -61.642
1636.7400, -63.056
1636.7500, -64.772
1636.7600, -62.657
1636.7700, -63.148
1636.7800, -65.143
1636.7900, -63.511
1636.8000, -63.676
1636.8100, -69.168
1636.8200, -74.828
1636.8300, -65.598
1636.8400, -63.228
1636.8500, -62.377
1636.8600, -62.633
1636.8700, -62.825
1636.8800, -61.559
1636.8900, -60.787
1636.9000, -63.944
1636.9100, -76.235
1636.9200,-210.000
1636.9300,-210.000
1636.9400, -73.379
1636.9500,-210.000
1636.9600,-210.000
1636.9700, -76.986
1636.9800, -68.590
1636.9900, -64.549
1637.0000, -62.014
1637.0100, -62.066
1637.0200, -61.646
1637.0300, -61.297
1637.0400, -61.623
1637.0500, -64.833
1637.0600, -92.517
1637.0700, -70.460
1637.0800, -75.347
1637.0900,-210.000
1637.1000,-210.000
1637.1100,-210.000
1637.1200,-210.000
1637.1300, -67.015
1637.1400, -65.381
1637.1500, -61.231
1637.1600, -60.872
1637.1700, -64.714
1637.1800, -65.678
1637.1900, -67.296
1637.2000, -76.730
1637.2100, -67.466
1637.2200, -69.288
1637.2300,-210.000
1637.2400,-210.000
1637.2500,-210.000
1637.2600,-210.000
1637.2700, -72.094
1637.2800, -75.998
1637.2900,-210.000
1637.3000,-210.000
1637.3100,-210.000
1637.3200,-210.000
1637.3300,-210.000
1637.3400,-210.000
1637.3500,-210.000
1637.3600,-210.000
1637.3700,-210.000
1637.3800,-210.000
1637.3900,-210.000
1637.4000,-210.000
1637.4100,-210.000
1637.4200, -80.227
1637.4300, -63.527
1637.4400, -60.635
1637.4500, -59.629
1637.4600, -60.756
1637.4700, -64.072
1637.4800, -64.797
1637.4900, -62.540
1637.5000, -62.021
1637.5100, -61.766
1637.5200, -60.930
1637.5300, -60.013
1637.5400, -59.036
1637.5500, -58.674
1637.5600, -58.999
1637.5700, -58.579
1637.5800, -58.646
1637.5900, -59.283
1637.6000, -59.121
1637.6100, -59.698
1637.6200, -60.427
1637.6300, -61.465
1637.6400, -62.920
1637.6500, -61.845
1637.6600, -61.251
1637.6700, -60.552
1637.6800, -59.442
1637.6900, -59.896
1637.7000, -60.412
1637.7100, -59.534
1637.7200, -58.923
1637.7300, -59.015
1637.7400, -60.209
1637.7500, -61.076
1637.7600, -60.015
1637.7700, -59.657
1637.7800, -59.238
1637.7900, -59.250
1637.8000, -60.266
1637.8100, -60.802
1637.8200, -61.640
1637.8300, -62.973
1637.8400, -63.958
1637.8500, -72.642
1637.8600,-210.000
1637.8700,-210.000
1637.8800,-210.000
1637.8900,-210.000
1637.9000, -66.930
1637.9100, -69.153
1637.9200,-210.000
1637.9300,-210.000
1637.9400,-210.000
1637.9500,-210.000
1637.9600,-210.000
1637.9700,-210.000
1637.9800,-210.000
1637.9900,-210.000
1638.0000,-210.000
1638.0100,-210.000
1638.0200,-210.000
1638.0300, -71.828
1638.0400, -73.593
1638.0500, -69.982
1638.0600, -63.682
1638.0700, -64.248
1638.0800, -75.171
1638.0900,-210.000
1638.1000,-210.000
1638.1100, -69.978
1638.1200, -71.094
1638.1300,-210.000
1638.1400, -68.458
1638.1500, -65.789
1638.1600, -91.510
1638.1700,-210.000
1638.1800,-210.000
1638.1900,-210.000
1638.2000, -67.407
1638.2100, -65.240
1638.2200, -68.954
1638.2300,-210.000
1638.2400,-210.000
1638.2500, -69.232
1638.2600,-210.000
1638.2700,-210.000
1638.2800,-210.000
1638.2900,-210.000
1638.3000,-210.000
1638.3100,-210.000
1638.3200,-210.000
1638.3300, -73.645
1638.3400, -73.014
1638.3500,-210.000
1638.3600,-210.000
1638.3700,-210.000
1638.3800,-210.000
1638.3900, -66.498
1638.4000, -67.427
1638.4100, -70.550
1638.4200,-210.000
1638.4300,-210.000
1638.4400, -71.214
1638.4500,-210.000
1638.4600,-210.000
1638.4700,-210.000
1638.4800,-210.000
1638.4900,-210.000
1638.5000,-210.000
1638.5100,-210.000
1638.5200,-210.000
1638.5300,-210.000
1638.5400,-210.000
1638.5500,-210.000
1638.5600,-210.000
1638.5700,-210.000
1638.5800,-210.000
1638.5900,-210.000
1638.6000,-210.000
1638.6100,-210.000
1638.6200,-210.000
1638.6300,-210.000
1638.6400,-210.000
1638.6500,-210.000
1638.6600,-210.000
1638.6700,-210.000
1638.6800,-210.000
1638.6900,-210.000
1638.7000,-210.000
1638.7100,-210.000
1638.7200,-210.000
1638.7300,-210.000
1638.7400,-210.000
1638.7500, -62.164
1638.7600, -60.343
1638.7700, -59.817
1638.7800, -58.251
1638.7900, -58.223
1638.8000, -58.261
1638.8100, -57.719
1638.8200, -57.200
1638.8300, -57.552
1638.8400, -58.142
1638.8500, -58.484
1638.8600, -59.256
1638.8700, -60.865
1638.8800, -61.248
1638.8900, -61.445
1638.9000, -62.174
1638.9100, -64.023
1638.9200, -66.160
1638.9300, -64.500
1638.9400, -65.239
1638.9500, -68.490
1638.9600, -80.104
1638.9700,-210.000
1638.9800,-210.000
1638.9900,-210.000
1639.0000,-210.000
1639.0100,-210.000
1639.0200,-210.000
1639.0300,-210.000
1639.0400,-210.000
1639.0500,-210.000
1639.0600,-210.000
1639.0700, -74.017
1639.0800, -73.721
1639.0900,-210.000
1639.1000,-210.000
1639.1100,-210.000
1639.1200,-210.000
1639.1300,-210.000
1639.1400,-210.000
1639.1500,-210.000
1639.1600, -70.900
1639.1700, -63.271
1639.1800, -63.222
1639.1900, -68.710
1639.2000,-210.000
1639.2100,-210.000
1639.2200, -75.223
1639.2300, -65.047
1639.2400, -65.866
1639.2500,-210.000
1639.2600,-210.000
1639.2700,-210.000
1639.2800,-210.000
1639.2900, -77.843
1639.3000, -61.911
1639.3100, -60.533
1639.3200, -62.144
1639.3300, -63.644
1639.3400, -72.502
1639.3500,-210.000
1639.3600,-210.000
1639.3700,-210.000
1639.3800,-210.000
1639.3900,-210.000
1639.4000,-210.000
1639.4100,-210.000
1639.4200, -67.515
1639.4300, -65.259
1639.4400, -63.500
1639.4500, -61.633
1639.4600, -61.675
1639.4700, -61.957
1639.4800, -62.282
1639.4900, -63.580
1639.5000,-210.000
1639.5100,-210.000
1639.5200,-210.000
1639.5300, -74.670
1639.5400, -64.169
1639.5500, -63.089
1639.5600, -67.425
1639.5700,-210.000
1639.5800,-210.000
1639.5900,-210.000
1639.6000,-210.000
1639.6100,-210.000
1639.6200,-210.000
1639.6300,-210.000
1639.6400,-210.000
1639.6500,-210.000
1639.6600,-210.000
1639.6700,-210.000
1639.6800,-210.000
1639.6900,-210.000
1639.7000, -74.203
1639.7100, -63.689
1639.7200, -61.279
1639.7300, -61.385
1639.7400, -62.919
1639.7500, -63.076
1639.7600, -62.389
1639.7700, -61.412
1639.7800, -60.598
1639.7900, -60.275
1639.8000, -59.201
1639.8100, -58.223
1639.8200, -57.956
1639.8300, -58.194
1639.8400, -58.555
1639.8500, -57.859
1639.8600, -57.789
1639.8700, -58.926
1639.8800, -59.463
1639.8900, -59.497
1639.9000, -60.621
1639.9100, -62.584
1639.9200, -69.570
1639.9300,-210.000
1639.9400,-210.000
1639.9500,-210.000
1639.9600, -74.537
1639.9700, -62.593
1639.9800, -62.192
1639.9900, -66.575
1640.0000,-210.000
