wavelength,in,out
5995849.16,-81.948664181019,-81.94866311527831
2997924.58,-81.94863567340137,-81.94863693946455
1998616.3866666665,-81.94849742214068,-81.9484945668771
1498962.29,-81.94809330691037,-81.94806590539507
1199169.8320000002,-81.94734824831231,-81.94731990276553
999308.1933333332,-81.94691005252263,-81.94683061363416
856549.88,-81.94858642717433,-81.94859676481558
749481.145,-81.94371645368297,-81.94347112532144
666205.4622222222,-81.93907965333726,-81.93881401885365
599584.9160000001,-81.9369337698984,-81.936691173472
545077.1963636363,-81.94450892014252,-81.94457461880971
499654.0966666666,-81.9316818502419,-81.93002949015668
461219.1661538462,-81.93777681997783,-81.93785761354154
428274.94,-81.94370745115235,-81.94368318719076
399723.27733333333,-81.89774513844951,-81.89676561714198
374740.5725,-81.85237087828254,-81.84984388655799
352697.00941176474,-81.9053520324067,-81.90474195296302
333102.7311111111,-81.90827752338284,-81.90664901841016
315571.00842105265,-81.92364439537748,-81.92322807911783
299792.45800000004,-81.92219423141988,-81.9209560959156
285516.62666666665,-81.94263554379235,-81.94244941395017
272538.59818181815,-81.79621359768136,-81.79393568100848
260689.0939130435,-81.92928835830206,-81.92896117407129
249827.0483333333,-81.91360192591928,-81.91280712463923
239833.96639999998,-81.43027262805172,-81.41748365507131
230609.5830769231,-81.83272236145847,-81.82869225025557
222068.48740740743,-81.84682587933149,-81.84399169463863
214137.47,-81.93686208371808,-81.93671233344956
206753.41931034482,-81.40377973079534,-81.3887036974299
199861.63866666667,-81.360968493465,-81.34946282731035
193414.48903225808,-81.90669171551333,-81.9067508385436
187370.28625,-81.55188263307586,-81.54091099033896
181692.39878787877,-81.86869882280256,-81.86640611582736
176348.50470588237,-81.50443086958408,-81.49529721522929
171309.976,-81.0157226670443,-80.99607345812494
166551.36555555556,-81.49770495091154,-81.48961367307787
162049.9772972973,-81.44909965547576,-81.43707527693961
157785.50421052633,-81.93286057661372,-81.93254971490792
153739.72205128206,-81.3823114087998,-81.36863035363974
149896.22900000002,-80.16557182514786,-80.13494434488881
146240.22341463412,-81.90813033972167,-81.90674548522624
142758.31333333332,-80.81373280221187,-80.7892223625518
139438.35255813954,-81.92457683690922,-81.92440207218185
136269.29909090907,-80.96267954330715,-80.9462994612657
133241.09244444445,-81.37725713987639,-81.36563776957478
130344.54695652175,-81.01019580679666,-80.98826400002322
127571.25872340426,-80.98928981788144,-80.9754653417509
124913.52416666666,-81.92424427695728,-81.92304358323155
122364.26857142858,-81.26525372826232,-81.25227251604689
119916.98319999999,-81.69841094843447,-81.69332618236184
117565.66980392157,-80.31325820860381,-80.27976815697444
115304.79153846155,-80.10159294965662,-80.05286840021559
113129.22943396226,-80.99532380652168,-80.97696007574997
111034.24370370372,-81.43023443906007,-81.42064052636515
109015.43927272726,-81.64254658127875,-81.63560602700882
107068.735,-78.39860098467499,-78.3417105671471
105190.33614035088,-78.19239954222927,-78.13513936957592
103376.70965517241,-81.11801533288927,-81.10187328299047
101624.5620338983,-81.85017152060264,-81.84756344284942
99930.81933333333,-81.39899070921119,-81.3884934328107
98292.60918032787,-81.44936518820815,-81.43675214728763
96707.24451612904,-81.25659140115006,-81.239919016278
95172.20888888888,-81.67287284397331,-81.66660411748926
93685.143125,-79.39583596386676,-79.35231635148183
92243.83323076923,-80.0694940128618,-80.03689346288222
90846.19939393939,-79.05391620788889,-79.00654477029177
89490.28597014926,-78.7035376482935,-78.6547283258305
88174.25235294118,-79.49871017509342,-79.45869282056599
86896.36463768117,-80.90985681146746,-80.88846754933978
85654.988,-80.86304905481721,-80.83336154095339
84448.57971830986,-78.94371655742977,-78.89009585513598
83275.68277777778,-77.87823629126338,-77.81161106537057
82134.92000000001,-79.8547650271526,-79.8185074548541
81024.98864864865,-80.84784298651248,-80.81635112051565
79944.65546666666,-77.19638477543081,-77.11721127262753
78892.75210526316,-78.0798478166934,-78.01773229692866
77868.17090909091,-81.77950920325513,-81.77841612328938
76869.86102564103,-78.95869567940555,-78.90859884403118
75896.82481012658,-79.05105114028372,-79.00234339984716
74948.11450000001,-80.62097901489277,-80.59638185833118
74022.82913580247,-78.74466277762669,-78.68836550579475
73120.11170731706,-81.05266513359065,-81.02709629784117
72239.14650602409,-77.12083084363344,-77.05311301847148
71379.15666666666,-79.76813311302804,-79.72528801232103
70539.40188235295,-81.40456633887011,-81.39729731034537
69719.17627906977,-72.8312970159282,-72.74156420121518
68917.80643678161,-80.49458762575058,-80.46829381858741
68134.64954545454,-78.56293717812393,-78.50186274411463
67369.09168539326,-77.07494511961234,-77.00542437805997
66620.54622222223,-77.93500345351622,-77.88434703665997
65888.4523076923,-79.22479758385798,-79.19241531603153
65172.273478260875,-74.44436630153426,-74.37350672801664
64471.496344086016,-75.68888294197366,-75.60466604390571
63785.62936170213,-80.84118021388791,-80.81632872131853
63114.20168421053,-81.63157249481638,-81.63272550403325
62456.76208333333,-75.88784747975289,-75.81421499547285
61812.877938144324,-75.3173883561498,-75.242389210329
61182.13428571429,-74.64006422698843,-74.55930791150168
60564.13292929293,-75.88693079800522,-75.80959171437173
59958.491599999994,-76.9778703295111,-76.90038116603974
59364.84316831683,-77.71942306465523,-77.65302860071121
58782.834901960785,-78.46449210203433,-78.41394246457388
58212.12776699029,-73.66604433831917,-73.57851637233505
57652.395769230774,-75.75921347350213,-75.68677498227724
57103.325333333334,-77.98535164703397,-77.92758577303009
56564.61471698113,-77.15501720968085,-77.08429018642765
56035.973457943925,-78.55846067124465,-78.50873871136646
55517.12185185186,-79.58804474416725,-79.58732723304435
55007.79045871559,-79.56551380933821,-79.5329951575748
54507.71963636363,-79.18881152518112,-79.1342545965971
54016.659099099095,-80.62713351646993,-80.60010554877154
53534.3675,-72.69259202259538,-72.60252686693822
53060.612035398226,-78.75491937411131,-78.7126198575388
52595.16807017544,-76.50058231697103,-76.43862860196735
52137.818782608694,-75.00259841029212,-74.91725860441564
51688.354827586205,-78.4639183336432,-78.40151845910556
51246.57401709402,-76.89664859299226,-76.82678674489209
50812.28101694915,-75.15593767890503,-75.07575757939877
50385.28705882353,-74.83217665826884,-74.74647372638968
49965.40966666667,-75.36395961610343,-75.29289269969586
49552.47239669421,-77.16741352385235,-77.10464860189641
49146.304590163934,-73.23593327943483,-73.15432284324986
48746.74113821138,-79.72213301264627,-79.67812622470792
48353.62225806452,-72.26917133047532,-72.17863512359527
47966.79328,-76.40600984899355,-76.34620948246611
47586.10444444444,-72.48957377401508,-72.40313518872487
47211.41070866142,-71.17134783151259,-71.08239697490335
46842.5715625,-69.81109213834559,-69.71684773103054
46479.45085271318,-74.93101348555864,-74.86007378092266
46121.916615384616,-72.38116157870128,-72.28912313326116
45769.84091603054,-71.83111677678481,-71.74116730050643
45423.09969696969,-70.91095346335128,-70.83574013255317
45081.57263157894,-73.75610422973138,-73.66989353707778
44745.14298507463,-70.69220515047489,-70.59644419642693
44413.69748148148,-80.95283165796444,-80.93330645838209
44087.12617647059,-80.21230683696386,-80.18310774690617
43765.322335766425,-80.97311999354649,-80.94721890728214
43448.18231884058,-77.63467944069718,-77.57153177300493
43135.6054676259,-71.73081654697056,-71.63820011267218
42827.494,-75.6312679076919,-75.5546301146144
42523.75290780142,-72.17666384204016,-72.08791849807353
42224.28985915493,-73.10510344306353,-73.01894061665875
41929.0151048951,-67.9304260773854,-67.83702710322503
41637.84138888889,-78.40435975223984,-78.35024091332646
41350.68386206897,-81.84949439181294,-81.84775870321475
41067.46000000001,-70.21984685036163,-70.12404058670067
40788.089523809525,-73.19603331808177,-73.10508623887655
40512.494324324325,-76.62343724394513,-76.54378459611569
40240.598389261744,-70.14774780537782,-70.03726751268236
39972.32773333333,-78.3294547340851,-78.27819412775993
39707.61033112583,-77.0893244307275,-77.02490435757646
39446.37605263158,-81.88705283070912,-81.88608503999335
39188.55660130719,-74.97420041455642,-74.89880702750712
38934.08545454546,-76.7010241673115,-76.63083380092094
38682.89780645161,-75.8972213817302,-75.81534054809843
38434.930512820516,-73.98588027163667,-73.90452175159642
38190.12203821656,-73.1890777467437,-73.10126736378048
37948.41240506329,-65.91072399910324,-65.81270357415038
37709.743144654094,-72.02818998282721,-71.9387484834141
37474.057250000005,-73.93148720098738,-73.8408375451307
37241.29913043478,-69.37847447415025,-69.2861029687971
37011.414567901236,-67.29271139521855,-67.19548839220779
36784.35067484663,-75.93211617298094,-75.86393197706484
36560.05585365853,-70.3416274986797,-70.24986066894756
36338.479757575755,-72.47543433841848,-72.38801975779624
36119.573253012044,-76.77514476925232,-76.72701391589261
35903.28838323353,-73.73847249827348,-73.64899774200283
35689.57833333333,-64.45680475661551,-64.35784257635409
35478.397396449705,-74.25587054879334,-74.17480963209597
35269.700941176474,-72.14869356934516,-72.05848348343635
35063.44538011696,-70.87310213263207,-70.78069952628614
34859.588139534884,-75.91484852427622,-75.8354810526625
34658.0876300578,-72.2645356281193,-72.17723060974483
34458.903218390806,-69.32151266032513,-69.22545851617217
34261.9952,-69.18093363194883,-69.08780281044717
34067.32477272727,-72.78667040671597,-72.69803491556705
33874.85401129944,-70.71023769848058,-70.61740826230589
33684.54584269663,-64.66179571212619,-64.56392222217927
33496.36402234637,-73.49190190375815,-73.40405567271362
33310.27311111111,-70.91123684251546,-70.81953637688788
33126.23845303868,-73.05896396593918,-72.97152202970285
32944.22615384615,-67.3849213369587,-67.28847510165757
32764.20306010929,-71.66971602177013,-71.57916079345274
32586.136739130437,-67.57970466025772,-67.4838852656603
32409.99545945946,-76.99282173281169,-76.92557730864534
32235.748172043008,-67.34439921777052,-67.24675655762279
32063.364491978606,-68.85502948436853,-68.76038558707454
31892.814680851065,-73.10015549019296,-73.01358811248166
31724.069629629626,-73.21989184847088,-73.13260143965012
31557.100842105265,-68.52458812906336,-68.42602524685459
31391.88041884817,-73.27377537226879,-73.18575960049459
31228.381041666664,-65.27694490422543,-65.17991339710265
31066.575958549223,-67.81693893438016,-67.72053927284703
30906.438969072162,-60.318840188369265,-60.21970726460988
30747.94441025641,-73.22523973929428,-73.13733604373344
30591.067142857144,-60.47744596045264,-60.37818585283274
30435.782538071064,-75.38359840898788,-75.30434503540819
30282.066464646465,-79.50068885580338,-79.4567016383589
30129.895276381907,-75.43447980715528,-75.35668192537752
29979.245799999997,-69.60118097997467,-69.50692355936592
29830.095323383084,-70.02871929010753,-69.93460152325814
29682.421584158415,-79.20983256601146,-79.16278849465643
29536.20275862069,-64.9047344742428,-64.80672803788546
29391.417450980392,-68.94023769031794,-68.84520066403904
29248.04468292683,-72.7730969079676,-72.6851943671462
29106.063883495146,-69.03293833498212,-68.93792751756125
28965.454879227054,-71.67601781892442,-71.58533675818062
28826.197884615387,-66.8164623668166,-66.71932779544251
28688.273492822966,-64.74263821856381,-64.64440517254899
28551.662666666667,-67.42133739963425,-67.32483886912802
28416.34672985782,-70.5345708846858,-70.44172552073006
28282.307358490565,-63.56332528466622,-63.46470733549437
28149.526572769955,-75.7228544457705,-75.64697102106679
28017.986728971962,-62.56501964061799,-62.466294667419035
27887.670511627904,-65.81292688152244,-65.7150709400858
27758.56092592593,-73.46357835434476,-73.37823487045354
27630.64129032258,-70.22184088678931,-70.12766179662479
27503.895229357797,-73.143213331763,-73.05698533045823
27378.306666666667,-68.50645873619281,-68.41111584990405
27253.859818181816,-64.29561761716981,-64.1971673396901
27130.539185520363,-59.909248318143526,-59.810413516481745
27008.329549549548,-75.26394668803304,-75.18351840832035
26887.215964125564,-68.66232871124144,-68.56598396542454
26767.18375,-80.23388535766883,-80.20286906011232
26648.21848888889,-62.39798252178012,-62.29913912428462
26530.306017699113,-66.77433791125607,-66.67201019193745
26413.43242290749,-63.41751619315055,-63.31928151303954
26297.58403508772,-65.78015875549077,-65.68240481707174
26182.747423580786,-65.61049932744983,-65.5120089344759
26068.909391304347,-72.27052379685038,-72.18131835933285
25956.05696969697,-70.62182389492007,-70.5298042570114
25844.177413793102,-69.44594426058997,-69.3495433999553
25733.258197424893,-61.48117075369767,-61.38159070923824
25623.28700854701,-64.45969684128171,-64.36255417231074
25514.25174468085,-68.42723380741926,-68.32970593964374
25406.140508474575,-68.30062513035192,-68.20510474258946
25298.94160337553,-69.98011998741178,-69.88378663720157
25192.643529411765,-71.63806649395694,-71.5475348572504
25087.234979079498,-69.21933577244629,-69.1255699567081
24982.704833333333,-61.645933827860674,-61.54701230349717
24879.042157676347,-68.52240100975156,-68.42865256039364
24776.236198347106,-63.89532643303197,-63.79618207003885
24674.27637860082,-62.57916892023029,-62.48025038653428
24573.152295081967,-69.20226159625106,-69.10882644947155
24472.853714285717,-63.93416777013873,-63.835803766611306
24373.37056910569,-68.53375115958248,-68.43703575977848
24274.692955465587,-63.37683333385699,-63.277077543993855
24176.81112903226,-61.56761658724842,-61.46941072824784
24079.71550200803,-63.29598486706165,-63.19736238886561
23983.39664,-64.83166036481951,-64.73229491650015
23887.845258964142,-63.7172375969662,-63.62023146432763
23793.05222222222,-66.01826897248385,-65.92342637143976
23699.008537549405,-73.99199212630508,-73.9110845851276
23605.70535433071,-68.85371655959982,-68.75638654417135
23513.13396078431,-62.714069030393475,-62.61484197464445
23421.28578125,-66.30581286958203,-66.20786114002708
23330.152373540855,-67.57031691330768,-67.47553654384897
23239.72542635659,-68.28745458147115,-68.18965436380812
23149.99675675676,-69.41139042574473,-69.31721958356933
23060.958307692308,-61.6485730175133,-61.54872866566522
22972.60214559387,-70.52348568099005,-70.43172143803771
22884.92045801527,-65.42864574644203,-65.32909957808998
22797.905551330798,-69.30364083702675,-69.21141009668496
22711.549848484847,-63.74078534902644,-63.64286295158006
22625.845886792453,-65.64995288044231,-65.55363885295198
22540.78631578947,-65.63324543831654,-65.53938798681726
22456.363895131086,-61.14725540975185,-61.04715880812641
22372.571492537314,-60.35056897193833,-60.247560830102756
22289.40208178439,-69.40993699908167,-69.32079480351364
22206.84874074074,-65.39629627686723,-65.30045430472147
22124.904649446493,-68.42554588470894,-68.33587205515586
22043.563088235296,-74.00452233773724,-73.91444374287595
21962.817435897436,-69.8968955790318,-69.8030740512679
21882.661167883212,-66.76885949771558,-66.6701025158463
21803.087854545454,-65.10973026419639,-65.01261287039141
21724.09115942029,-60.65696828668793,-60.55663806781972
21645.66483754513,-60.426577559011164,-60.32540667069752
21567.80273381295,-61.70787836994309,-61.61043844081034
21490.498781362006,-72.56796880716671,-72.47762466290082
21413.747,-74.81272410731775,-74.73593989878468
21337.54149466192,-63.81955728029142,-63.72105328745083
21261.87645390071,-72.06895226274928,-71.98338550232442
21186.746148409893,-68.73318966464903,-68.63526634621938
21112.144929577466,-72.37793615774187,-72.2811590251262
21038.067228070173,-70.3912386271635,-70.30284034358185
20964.50755244755,-62.08417004628136,-61.982341903788736
20891.460487804878,-65.45225913896898,-65.3934032003696
20818.920694444445,-59.75746433998013,-59.65508576837469
20746.882906574392,-68.76099834162248,-68.67388708900184
20675.341931034483,-62.540352102118604,-62.44330136906949
20604.29264604811,-75.31788558827866,-75.23162452853613
20533.730000000003,-60.1386375787918,-60.04034361070764
20463.649010238907,-64.93557788308523,-64.83519887701452
20394.044761904763,-62.75077703471017,-62.65257828295604
20324.912406779662,-63.029561473595194,-62.9293169981343
20256.247162162163,-62.359110760283855,-62.260919984569696
20188.04430976431,-77.94166895138657,-77.89219236147396
20120.299194630872,-57.348026513565586,-57.24859495494674
20053.00722408027,-63.098236728007166,-62.99295897222562
19986.163866666666,-59.615096665832866,-59.521213450882286
19919.764651162794,-61.10832076204558,-61.00739952822572
19853.805165562913,-73.22625884270339,-73.1423592605319
19788.28105610561,-68.16653939881978,-68.069952110192
19723.18802631579,-65.1114487989647,-65.00573165073983
19658.521836065574,-64.97155426779987,-64.8861148254886
19594.278300653594,-61.594636223710225,-61.49254901663805
19530.45328990228,-72.10387906524791,-72.02929079803572
19467.04272727273,-59.893983238458404,-59.794196378774885
19404.042588996766,-71.7844386674379,-71.68913669414071
19341.448903225806,-60.92353596017104,-60.8294972108787
19279.257749196142,-73.32876002573057,-73.25594272270818
19217.465256410258,-63.852492681231084,-63.770865297244214
19156.067603833864,-62.835628678866826,-62.71836011969175
19095.06101910828,-61.64816199716016,-61.55291397039245
19034.441777777778,-64.06581855938008,-63.96489887837798
18974.206202531645,-70.970490882573,-70.86954502911378
18914.35066246057,-74.03885571070676,-73.94642461313502
18854.871572327047,-70.7112237836901,-70.60403098140416
18795.765391849527,-67.59988530851122,-67.50689006361254
18737.028625000003,-67.77153308350408,-67.67101090981653
18678.65781931464,-59.03765985083702,-58.941712478912436
18620.64956521739,-67.20796509557299,-67.12426819933582
18563.00049535604,-59.8648953443648,-59.763194588502174
18505.707283950618,-58.790886301321635,-58.68782417792927
18448.766646153843,-59.901887469628136,-59.793725007443626
18392.175337423316,-65.10743739437463,-65.01046341817444
18335.9301529052,-65.09839850654573,-65.00346438562069
18280.027926829265,-62.07116022765568,-61.973207482881506
18224.465531914895,-68.00385828422226,-67.92150628545254
18169.239878787877,-54.71982654356195,-54.61478528227808
18114.347915407856,-65.31900471787453,-65.12137413065791
18059.786626506022,-67.40236456667837,-67.34354601568081
18005.553033033033,-62.496268843120035,-62.38957173033576
17951.644191616764,-64.83695514855161,-64.74054074956761
17898.05719402985,-68.14005911546543,-68.04978338238759
17844.789166666666,-60.223010479083726,-60.1281077386726
17791.837270029675,-66.93636310485233,-66.82521717573927
17739.198698224853,-65.49297692484335,-65.39643477828177
17686.870678466075,-66.68770469982762,-66.59303538740402
17634.850470588237,-64.24921696456106,-64.15319507589287
17583.135366568913,-61.43062075055526,-61.334315878038566
17531.72269005848,-61.17446455301244,-61.07695327630951
17480.609795918364,-55.4395805368557,-55.3378838087621
17429.794069767442,-63.98746217913593,-63.88016249585074
17379.27292753623,-75.96174786354975,-75.90181364881299
17329.0438150289,-63.684734667522875,-63.584874483976265
17279.104207492794,-65.2946093773978,-65.19306469835318
17229.451609195403,-60.46880170143372,-60.36609418164976
17180.083553008597,-65.2029042293373,-65.1128073940116
17130.9976,-63.02498922521697,-62.89273333392275
17082.19133903134,-64.91496223584126,-64.82523050032553
17033.662386363634,-60.79407970999152,-60.69401448564365
16985.408385269122,-56.00737503668988,-55.906588194333594
16937.42700564972,-62.959763997904574,-62.85674031370671
16889.71594366197,-63.76264864989564,-63.666126298596495
16842.272921348314,-62.05673384095364,-61.95761738119698
16795.09568627451,-56.84416284929445,-56.740406882934664
16748.182011173187,-63.659271166230994,-63.56287147643012
16701.529693593315,-69.05220698146057,-68.94888915743216
16655.136555555557,-67.66742866020975,-67.56823764296756
16609.000443213296,-66.19296992520059,-66.08859663044997
16563.11922651934,-65.26935627624088,-65.17143464065366
16517.490798898074,-57.75826098237512,-57.66237573955867
16472.113076923077,-62.939246042099924,-62.846114874403
16426.984,-60.04908989153547,-59.950947073378344
16382.101530054644,-59.81624264840731,-59.71402602217849
16337.463651226157,-63.12916192532394,-63.02565442670179
16293.068369565219,-60.69529060641979,-60.587959187094256
16248.913712737129,-60.0450902683845,-59.959127584732684
16204.99772972973,-62.55341070394964,-62.460950061341165
16161.318490566036,-60.300402330389474,-60.19506309554471
16117.874086021504,-61.37959881026738,-61.28021643848514
16074.662627345844,-72.53962618019547,-72.50472352024302
16031.682245989303,-60.32167378414489,-60.22491154007413
15988.931093333335,-63.9403163681835,-63.83116155069159
15946.407340425532,-66.52829278532725,-66.42009351556304
15904.109177718832,-57.1811190643006,-57.08680073743362
15862.034814814813,-57.5609786603258,-57.4681455920573
15820.18248021108,-60.31331927193661,-60.205922571302736
15778.550421052632,-55.921480643724166,-55.821028024875076
15737.136902887141,-63.44026103701027,-63.347952126375574
15695.940209424085,-61.32690057782973,-61.229095079038714
15654.95864229765,-59.690908369203854,-59.59097224022314
15614.190520833332,-57.98414810892113,-57.879502501829094
15573.634181818183,-59.47103206165279,-59.3876462075816
15533.287979274612,-53.90977527790811,-53.809886423782885
15493.150284237727,-73.08693703575575,-72.97290698474212
15453.219484536081,-59.395321882926325,-59.30037503201062
15413.493984575836,-58.631198563320325,-58.52716379855609
15373.972205128204,-63.562568957264816,-63.44298700802399
15334.652583120205,-63.24729356941167,-63.164639846101224
15295.533571428572,-52.86691631305173,-52.76816182419883
15256.613638676845,-57.73026761238084,-57.62854302719971
15217.891269035532,-57.47927555083133,-57.381116099124526
15179.364962025316,-57.81291507976489,-57.71400400948191
15141.033232323232,-61.66659579075797,-61.5810135991468
15102.894609571787,-61.15261774368888,-61.05246344728006
15064.947638190954,-61.63835486903086,-61.5316483935507
15027.190877192981,-59.67026552645301,-59.57829666317737
14989.622899999998,-64.98092433097024,-64.88015616111049
14952.242294264339,-64.3914755622233,-64.31684827472453
14915.047661691542,-56.112356161718665,-56.01204155403393
14878.037617866004,-65.63343592693813,-65.52095543328328
14841.210792079208,-58.90914889692077,-58.80838142489138
14804.565827160493,-61.180456421455645,-61.07352349741676
14768.101379310345,-59.07627686908698,-58.984375791498266
14731.816117936118,-61.230764951098436,-61.13137580299151
14695.708725490196,-64.23768714193487,-64.14514837913093
14659.777897310514,-58.32184440326283,-58.21748586657294
14624.022341463415,-78.42653280435361,-78.33102580859939
14588.440778588807,-62.45297617866599,-62.347233551593646
14553.031941747573,-59.58738650540529,-59.486961370687524
14517.794576271186,-60.831487882910935,-60.7305411786847
14482.727439613527,-59.499737094698375,-59.4109208226168
14447.82930120482,-58.49961005055643,-58.401603352961914
14413.098942307694,-63.426776859407724,-63.34300777007458
14378.5351558753,-59.546039940846796,-59.43590169534987
14344.136746411483,-72.31824162375973,-72.18291426201633
14309.902529832936,-60.81483440493717,-60.709387311976954
14275.831333333334,-59.77078612135655,-59.67537123026061
14241.921995249406,-57.19143780274028,-57.097714711192125
14208.17336492891,-54.24153060148031,-54.13701882532611
14174.584302600473,-60.68461553301729,-60.59702319378526
14141.153679245283,-60.43766885500706,-60.333013973447734
14107.880376470588,-68.07243457826316,-67.98137769194999
14074.763286384978,-54.96067281579995,-54.8565535968183
14041.80131147541,-60.46279535985296,-60.375363671355544
14008.993364485981,-66.2040221819514,-66.10494821169551
13976.338368298368,-72.19283914103626,-72.05355281962854
13943.835255813952,-55.16109941536898,-55.068412702248835
13911.482969837587,-68.22384179060502,-68.13287688607282
13879.280462962965,-65.26100803124932,-65.14355028346482
13847.226697459584,-52.918327573713995,-52.82251136490079
13815.32064516129,-57.76307706600424,-57.658433576655014
13783.561287356322,-60.07588381368798,-59.98794446789172
13751.947614678898,-73.85265238672933,-73.8137791057626
13720.478627002289,-53.64476483466764,-53.543330025653276
13689.153333333334,-63.68417849414219,-63.5695354248294
13657.970751708428,-56.527535007843014,-56.41684269984147
13626.929909090908,-70.06363672190004,-69.98270013408505
13596.029841269841,-62.89527276165846,-62.783500192283114
13565.269592760182,-58.49011871679751,-58.41888459231812
13534.64821670429,-55.97770840472349,-55.825255762162854
13504.164774774774,-54.67153293628114,-54.57169782111988
13473.818337078652,-62.7900056442363,-62.70070291252678
13443.607982062782,-62.374383723177445,-62.28021410428836
13413.53279642058,-57.25583523193866,-57.15672315126871
13383.591875,-56.526966674047785,-56.42834626596472
13353.784320712695,-62.18638050979523,-62.08369117613937
13324.109244444446,-60.031443921773175,-59.93569725888311
13294.565764966741,-60.168678065265325,-60.07107961781399
13265.153008849556,-55.350986787209834,-55.25061280773288
13235.870110375276,-52.207019396435996,-52.106314089510036
13206.716211453744,-71.34359245744646,-71.21181993684714
13177.690461538461,-53.148966789271,-53.05091797556865
13148.79201754386,-52.245819218352366,-52.15402373953769
13120.020043763676,-55.41433163713968,-55.30192273330631
13091.373711790393,-60.05418871810495,-59.947287968673024
13062.85220043573,-65.18243051436535,-65.0270379684744
13034.454695652174,-56.24354475977593,-56.13852909333632
13006.180390455533,-60.49289427785409,-60.41667452080618
12978.028484848484,-59.50076752888053,-59.375998210639025
12949.99818574514,-60.78582028556666,-60.42645109289897
12922.088706896551,-54.701834456484036,-54.63001450410833
12894.299268817203,-76.33431310015841,-76.26532357077592
12866.629098712447,-67.33929983777675,-67.2288326387437
12839.077430406853,-56.07500584720769,-55.985086231581434
12811.643504273505,-60.24029686148312,-60.168270565831804
12784.32656716418,-57.947634718948976,-57.834269429655095
12757.125872340424,-54.088903768319355,-54.000501995438455
12730.04067940552,-52.77219721399216,-52.67482081754763
12703.070254237287,-58.5450403058599,-58.4323727644438
12676.213868921775,-64.49351479582118,-64.40784862158553
12649.470801687765,-54.9596550981302,-54.862095975468876
12622.840336842106,-64.59274019076985,-64.4617122182034
12596.321764705883,-59.969811467022524,-59.8647332802755
12569.914381551363,-60.593432947448704,-60.49899779196339
12543.617489539749,-58.847492068503854,-58.7470818344821
12517.430396659707,-63.51642883898988,-63.40077615488538
12491.352416666667,-56.45721923867852,-56.357050958020935
12465.38286902287,-55.2313220925645,-55.13837878260095
12439.521078838174,-58.71533272587659,-58.62913249766676
12413.766376811594,-50.60692533648792,-50.50782531913002
12388.118099173553,-54.92145825734319,-54.821619896801096
12362.575587628866,-60.99704030220978,-60.903866050128144
12337.13818930041,-61.89193030808222,-61.79424507013333
12311.805256673511,-61.63487892902718,-61.54993555780497
12286.576147540984,-61.173653985596005,-61.066074844418225
12261.450224948876,-69.40781946510482,-69.29059663367347
12236.426857142858,-67.10525153402655,-66.97836555668847
12211.505417515275,-57.84581288418933,-57.74548550898591
12186.685284552845,-72.85931222203446,-72.78456185189445
12161.96584178499,-54.474264827845914,-54.378822980325864
12137.346477732794,-57.43957958490911,-57.33376004969857
12112.826585858586,-58.38176750855713,-58.28388382923892
12088.40556451613,-63.179617070497486,-63.091648170274354
12064.082816901408,-52.90712772611967,-52.81201075085822
12039.857751004016,-53.50830315006063,-53.40267410505943
12015.729779559118,-60.778902698272404,-60.65859500915842
11991.69832,-52.10785366153546,-52.01460679293389
11967.762794411177,-61.75491791278323,-61.65066570388204
11943.922629482071,-59.786934732748634,-59.66844762109598
11920.177256461233,-51.89075454879013,-51.79365921295074
11896.52611111111,-52.891668486482686,-52.78600016398134
11872.968633663366,-55.86167636135134,-55.7614207560827
11849.504268774703,-59.52409778582792,-59.43701388161186
11826.132465483235,-58.932696542145024,-58.83161228784191
11802.852677165354,-54.10618917223353,-54.00679861628252
11779.664361493124,-55.99673738982004,-55.88402320198519
11756.566980392156,-59.9308556484137,-59.84645440543632
11733.56,-55.249779631899386,-55.15591691320479
11710.642890625,-58.78752822944604,-58.6613205249691
11687.815126705653,-54.268173873837796,-54.14923638095051
11665.076186770428,-50.545666215031915,-50.450612627346814
11642.425553398058,-57.63940305224769,-57.54862320798141
11619.862713178294,-56.837942752903174,-56.72923280754618
11597.387156673114,-52.025340617035326,-51.92624888974537
11574.99837837838,-58.73661793984131,-58.63840389336228
11552.695876685933,-54.46349383741851,-54.36232142415405
11530.479153846154,-55.62220373496855,-55.53498152026411
11508.347715930902,-61.22384407508126,-61.10727910060818
11486.301072796936,-61.19101387602562,-61.086007856452355
11464.338738049713,-53.780359944119695,-53.683967376338316
11442.460229007635,-57.879955868973994,-57.761246086813216
11420.665066666666,-54.85912921374354,-54.76126114396153
11398.952775665399,-66.01491515287243,-65.92956830776872
11377.322884250474,-54.69828715340405,-54.59789057192681
11355.774924242423,-51.00663213612354,-50.91046677304443
11334.30843100189,-67.33930968923052,-67.22409634790627
11312.922943396226,-57.943292523375376,-57.84986359096159
11291.61800376648,-59.27609035608707,-59.18452322168018
11270.393157894736,-52.14445108440471,-52.0468575445738
11249.247954971857,-65.77412664522932,-65.50711619590673
11228.181947565543,-56.76367267362947,-56.67103428446423
11207.194691588786,-52.470257131571586,-52.362995142326284
11186.285746268657,-54.929095322837654,-54.83702429663661
11165.454674115455,-57.18223510612869,-57.08621547053856
11144.701040892194,-62.549684918758274,-62.454277337010254
11124.024415584416,-62.33579597143101,-62.255320496433356
11103.42437037037,-51.75566860868925,-51.657077226432946
11082.900480591497,-55.253147018997694,-55.1498726905172
11062.452324723246,-55.991438951495994,-55.88779772741778
11042.079484346224,-56.60781164883987,-56.50883697851815
11021.781544117648,-58.82624495048559,-58.707446615353675
11001.55809174312,-52.88949102923853,-52.787119662669326
10981.408717948718,-56.132930006233934,-56.03891769531286
10961.333016453384,-52.786233092167166,-52.68281210578978
10941.330583941606,-57.020603404360045,-56.94469397100464
10921.40102003643,-50.61145323420031,-50.510880817537796
10901.543927272727,-55.21474674345346,-55.12465347369361
10881.758911070781,-54.394283396230676,-54.28925196384297
10862.045579710146,-58.043807130242655,-57.94304020700052
10842.403544303797,-47.59750646964811,-47.497787067343054
10822.832418772565,-70.55177842942045,-70.6140599345918
10803.33181981982,-51.561587895030684,-51.46527533076183
10783.901366906475,-60.041762966611046,-59.94132584705885
10764.540682226212,-62.83744696548395,-62.74637072317823
10745.249390681003,-54.25905241539853,-54.16322913375582
10726.027119856888,-67.52642697908205,-67.44273223118829
10706.8735,-57.562403692742905,-57.46723274236193
10687.78816399287,-59.331358670425445,-59.2389165747217
10668.77074733096,-54.1777076085347,-54.077859831268526
10649.820888099466,-53.83180642684128,-53.726806052681425
10630.938226950355,-50.79157732326841,-50.705010549217675
10612.122407079647,-52.20782066183595,-52.093538325065865
10593.373074204947,-55.13136480247009,-55.02492910486278
10574.689876543209,-48.70184963313865,-48.603232805465794
10556.072464788733,-57.18923114798962,-57.09462512825279
10537.52049209139,-59.94445089806446,-59.81836882531819
10519.033614035086,-64.31853106558718,-64.1769018293043
10500.611488616461,-50.67668547920637,-50.58372476826291
10482.253776223775,-55.70002523536367,-55.596842215490895
10463.960139616056,-54.050871105480965,-53.953262747904304
10445.730243902439,-55.189487287963075,-55.079929258538826
10427.56375652174,-48.69721802621855,-48.59790121934263
10409.460347222222,-55.46566609745118,-55.37633431789895
10391.419688041595,-56.46646490018263,-56.375620311452096
10373.441453287196,-58.73574341470412,-58.62811712962174
10355.525319516408,-56.510064225596565,-56.410537850972744
10337.670965517242,-56.09532788344488,-55.9904689009778
10319.878072289157,-66.1111857381217,-66.057184742881
10302.146323024055,-53.48422897568905,-53.38014589191964
10284.47540308748,-62.114138140598826,-61.99153933775993
10266.865000000002,-51.684606560755824,-51.593017645882114
10249.314803418803,-58.96757133435757,-58.86560608676304
10231.824505119454,-54.79673160048618,-54.69913808575568
10214.393798977853,-59.0340642379265,-58.92690648961691
10197.022380952381,-56.39167930998683,-56.290638245554206
10179.709949066213,-72.72881445571575,-72.64471668085493
10162.456203389831,-52.5974610976309,-52.49784776521015
10145.260846023688,-53.71827696394108,-53.61370255196961
10128.123581081081,-61.24329117736825,-61.15776115555859
10111.044114671164,-63.82799327156165,-63.72450139999445
10094.022154882156,-53.82293567918252,-53.728180064460204
10077.057411764707,-53.09314968906101,-52.98919102167217
10060.149597315436,-56.63422991498423,-56.53558516146943
10043.298425460636,-52.97540384156362,-52.872716696934944
10026.503612040135,-60.31422506293863,-60.20009770172824
10009.764874791319,-47.676798468315596,-47.5722391182441
9993.081933333333,-51.83524262022637,-51.74942527989462
9976.454509151414,-62.1011400123695,-62.02673706584794
9959.882325581397,-54.20301852188844,-54.09232499333392
9943.365107794361,-49.42190347062176,-49.33017483448275
9926.902582781457,-56.47444257520026,-56.367592855262544
9910.494479338842,-64.22294806018489,-64.11712334476003
9894.140528052805,-54.294698857857995,-54.208175881161495
9877.840461285008,-55.14555968249512,-55.063241922973404
9861.594013157895,-54.53738839130453,-54.45133052382245
9845.40091954023,-48.41089485109747,-48.30987876037453
9829.260918032787,-47.12791749434301,-47.024401279174
9813.173747954173,-58.61165395023134,-58.52487130356256
9797.139150326797,-59.119568028268375,-59.016031490790695
9781.15686786297,-56.69760532634329,-56.60414943506548
9765.22664495114,-60.756254155145015,-60.66872049771332
9749.348227642276,-50.740685670413356,-50.64626295793279
9733.521363636364,-57.57974780967815,-57.45637556697771
9717.745802269043,-57.762301891378044,-57.65124329087685
9702.021294498383,-60.42535932631448,-60.31019176698452
9686.347592891761,-50.737466543363084,-50.63991853741602
9670.724451612903,-57.57962932469228,-57.46231497979325
9655.151626409017,-56.991334939784835,-56.882170902620445
9639.628874598071,-53.78473262698425,-53.68613809053652
9624.15595505618,-56.9352677895027,-56.84703301476391
9608.732628205129,-58.09507054938534,-58.00098755630093
9593.358656,-50.228326320153414,-50.12334305964508
9578.033801916932,-54.670442225501134,-54.575510094502036
9562.75783094099,-66.16630976765133,-66.0790140983528
9547.53050955414,-67.8292276125339,-67.73168733728541
9532.35160572337,-52.544236822908246,-52.442669828638046
9517.220888888889,-47.39008617446363,-47.291590242400176
9502.138129952456,-51.660725583692155,-51.55587978738329
9487.103101265822,-60.56115152632903,-60.489201854206115
9472.115576619273,-76.44924921979073,-76.37096213904731
9457.175331230284,-58.98748740249458,-58.914164320895466
9442.282141732283,-48.99442038474787,-48.882994531737054
9427.435786163524,-53.05678573975389,-52.958431523042876
9412.636043956043,-62.81851073571944,-62.71935952202311
9397.882695924764,-70.83739716026638,-70.73230239772572
9383.175524256652,-55.82133448027581,-55.72997619667011
9368.514312500001,-56.48626758618467,-56.38939844661668
9353.898845553822,-54.93276329590036,-54.82588414978893
9339.32890965732,-57.045942983007635,-56.9282206390955
9324.804292379471,-61.68801036011273,-61.61685861858335
9310.324782608695,-64.79922897411187,-64.74835551207566
9295.890170542636,-60.64303612350601,-60.569573229458356
9281.50024767802,-51.122334927136635,-51.022338556271094
9267.154806800618,-51.89524886818997,-51.7994274598439
9252.853641975309,-52.991625063424706,-52.896842340975766
9238.59654853621,-58.74975666324151,-58.63037117769811
9224.383323076921,-53.4335501807458,-53.34236749506819
9210.213763440861,-54.494612801890625,-54.39343475406902
9196.087668711658,-53.015073025279705,-52.924970972976595
9182.004839203675,-52.604638643884456,-52.4908851218719
9167.9650764526,-52.031370156356346,-51.94724644619414
9153.968183206107,-59.644630279669755,-59.5515056127215
9140.013963414633,-50.28515164508575,-50.178218161974755
9126.102222222222,-60.04253031155967,-59.905282491280914
9112.232765957448,-49.49196834819439,-49.39875527329495
9098.40540212443,-58.783116924794044,-58.67497460559689
9084.619939393939,-53.57016224382268,-53.498057321848464
9070.876187594555,-52.17308767356916,-52.073052002109634
9057.173957703928,-50.687478699814605,-50.59206030490303
9043.51306184012,-73.04150777494716,-73.02007704462561
9029.893313253011,-59.418433226574436,-59.322811808326364
9016.31452631579,-58.25019921875919,-58.13087540379318
9002.776516516516,-59.56242887976576,-59.44589167579336
8989.279100449776,-52.960584537794134,-52.87472786133135
8975.822095808382,-49.46601032267252,-49.36174119129434
8962.405321375187,-53.65384049872718,-53.55395023956264
8949.028597014925,-59.567498331019166,-59.43154396583928
8935.69174366617,-51.62232795125534,-51.520152063512214
8922.394583333333,-54.918944250726454,-54.81775552557578
8909.136939078751,-69.46532227023242,-69.39402722561418
8895.918635014837,-51.490373830386304,-51.39480404748171
8882.739496296295,-50.91208338837971,-50.80741715152216
8869.599349112426,-56.58107745556153,-56.438003686299325
8856.498020679468,-46.100324947730755,-45.99653242796988
8843.435339233038,-51.67017465071409,-51.573695403225415
8830.411134020618,-53.65827654894862,-53.571601083973846
8817.425235294118,-61.908912426209085,-61.81736206734938
8804.477474302495,-52.14268977603045,-52.04811496977236
8791.567683284457,-56.53231207869747,-56.41254451970046
8778.6956954612,-53.12199301198437,-52.9678153906447
8765.86134502924,-57.12214913358976,-57.09174953445914
8753.064467153285,-51.45426041824196,-51.351832400066556
8740.304897959182,-61.08805299000919,-60.99067381355512
8727.58247452693,-52.93124692555962,-52.82916128248034
8714.897034883721,-49.56119651457253,-49.462684193683046
8702.248417997098,-52.862518525919015,-52.77408689749983
8689.636463768114,-51.35519811594013,-51.248214141699904
8677.061013024602,-50.722130302720856,-50.61534466110395
8664.52190751445,-56.54583857124804,-56.456050993449296
8652.01898989899,-51.164600429549736,-51.069204006152844
8639.552103746397,-68.37370045156597,-68.2583046158942
8627.12109352518,-47.721625954998714,-47.625222045036665
8614.725804597701,-51.72229704563934,-51.627578887290426
8602.366083213774,-50.82775388830753,-50.72491942433321
8590.041776504298,-48.84561241052792,-48.748902078694144
8577.752732474964,-48.2658369601195,-48.161153006465426
8565.4988,-61.58406593380157,-61.52066444204205
8553.279828815976,-47.35584994983999,-47.257244403347485
8541.09566951567,-62.40540712532179,-62.21371282215004
8528.946173541963,-49.295128624203855,-49.208007026158114
8516.831193181817,-44.83577397519481,-44.73020811354796
8504.750581560284,-64.65723485804953,-64.59338872102812
8492.704192634561,-53.18731048410409,-53.09904148943117
8480.691881188119,-58.87169211126239,-58.74902786172997
8468.71350282486,-51.55774620685692,-51.46296790096953
8456.768913963328,-48.70227010694079,-48.59886106661121
8444.857971830985,-53.765082945559314,-53.66055578147085
8432.98053445851,-49.69804437560025,-49.596485460818215
8421.136460674157,-51.067860839386626,-50.98310749409812
8409.325610098176,-51.905156106198106,-51.8119179871657
8397.547843137256,-46.4737036793142,-46.363347498970185
8385.803020979021,-57.63691376919347,-57.58078007856672
8374.091005586593,-49.255412428140076,-49.158923643318005
8362.411659693165,-57.41141626176368,-57.33561231373285
8350.764846796657,-62.696258034683595,-62.580979118913646
8339.150431154381,-50.70623237242323,-50.612805059059596
8327.568277777778,-51.63531015440272,-51.52538775597132
8316.018252427184,-49.536696143484036,-49.4260923671777
8304.500221606648,-50.84963854792896,-50.76770107283561
8293.014052558783,-65.02162050122037,-64.86067255968096
8281.55961325967,-52.56404212086893,-52.47351178979413
8270.136772413793,-49.66733012091082,-49.568087451604
8258.745399449037,-58.38402302076919,-58.284880196319065
8247.385364511692,-54.51816621064738,-54.414400341333945
8236.056538461538,-52.31840135771468,-52.22736376219261
8224.758792866942,-50.342194760293225,-50.239740103023124
8213.492,-45.357954033375265,-45.257141897089255
8202.256032831738,-50.912309293805876,-50.81747422781008
8191.050765027322,-50.070351115777314,-49.977591745085206
8179.876070941337,-56.66893735759838,-56.55862227555615
8168.731825613078,-66.80284348869894,-66.70120630210316
8157.617904761904,-64.06506134913842,-63.97395993174142
8146.534184782609,-49.680952151173884,-49.57952016895008
8135.480542740841,-48.7174208219033,-48.61493394986145
8124.456856368564,-49.31307871878538,-49.21910850705599
8113.463004059539,-50.8220026607771,-50.70753844730329
8102.498864864865,-46.28688788029818,-46.214653414299605
8091.564318488529,-61.141695426997856,-61.33404332396394
8080.659245283018,-53.22119164106731,-53.13069031402405
8069.7835262449535,-53.36200676447184,-53.24590528098015
8058.937043010752,-61.39953612535153,-61.30850214399037
8048.119677852348,-49.39462698023637,-49.28830089817281
8037.331313672922,-54.26273950202615,-54.13518793629693
8026.571834002678,-54.50694682701898,-54.43302795514545
8015.841122994651,-55.151334924448676,-55.085845634974405
8005.139065420562,-54.259567420571145,-54.14244427648849
7994.465546666667,-67.23792273049155,-67.15224847329229
7983.820452729694,-54.40410284343058,-54.29830863445481
7973.203670212766,-57.41630792358127,-57.28362519288736
7962.615086321382,-48.06918896484889,-47.96138399479493
7952.054588859416,-49.36587260183096,-49.24188117226579
7941.522066225166,-44.9858505855707,-44.87755411277844
7931.017407407407,-55.20146594031631,-55.149604871254766
7920.540501981505,-53.398913703658636,-53.322118705347194
7910.09124010554,-50.27497879350493,-50.15778093845013
7899.669512516469,-48.30212663616079,-48.19902876837362
7889.275210526316,-59.932292035771624,-59.88065083365275
7878.908226018398,-46.43260670250025,-46.33709889160447
7868.568451443571,-61.028408544204396,-60.912516745409775
7858.2557798165135,-63.23114039915369,-63.16703216999643
7847.9701047120425,-47.40063935705204,-47.28307583079315
7837.711320261437,-57.556255655887114,-57.22628815796433
7827.479321148825,-52.952393848118916,-53.31346117087337
7817.274002607562,-46.5988329137535,-46.530061649113904
7807.095260416666,-48.348966400162126,-48.26640133911654
7796.94299089727,-46.40766922014642,-46.30328442523596
7786.817090909091,-51.03730288960712,-50.94219915172515
7776.717457846952,-49.55008757814407,-49.45171030259131
7766.643989637306,-51.250832752224554,-51.14028843958637
7756.596584734799,-53.16934973520195,-53.05061532754833
7746.575142118863,-51.55616461129618,-51.43918787524261
7736.579561290322,-48.096189005474386,-47.99906490129818
7726.6097422680405,-55.475693358348835,-55.37056455190783
7716.665585585585,-49.38625551440201,-49.289441858906955
7706.746992287918,-52.645029973841915,-52.53867036200337
7696.853863928112,-51.83680377044779,-51.72535906965838
7686.986102564102,-52.43521212374928,-52.33390483030284
7677.143610755442,-47.40928734866061,-47.31118967049825
7667.326291560103,-53.82520913783283,-53.72235189346689
7657.53404853129,-49.40814370608878,-49.30671007275173
7647.766785714286,-47.575470263759044,-47.48061936311886
7638.024407643313,-56.325367637702314,-56.232763756125465
7628.306819338422,-48.84399308736498,-48.74526389802132
7618.613926302414,-45.177316142621734,-45.079116643688096
7608.945634517766,-53.25224065205235,-53.14380130168077
7599.3018504435995,-51.535254029657736,-51.432845927620846
7589.682481012658,-55.02940337042905,-54.94824606734046
7580.087433628319,-57.111607229002786,-57.043809616328375
7570.516616161616,-55.02055872009559,-54.916575391145315
7560.969936948298,-55.14286858892815,-55.02869028854671
7551.447304785894,-61.90301499335037,-61.842598996691706
7541.948628930818,-50.47640089331297,-50.38768452122484
7532.473819095477,-53.87716318812694,-53.77070006631699
7523.022785445421,-49.15030156676265,-49.05551390766401
7513.595438596491,-55.85106494077097,-55.7700091355248
7504.191689612015,-54.30758611781884,-54.197334225310115
7494.811449999999,-51.391215905802525,-51.282069899484824
7485.454631710361,-46.600900509085946,-46.49967448473477
7476.121147132169,-53.81707068794849,-53.71754013245079
7466.810909090909,-49.872848095687445,-49.77527605380173
7457.523830845771,-53.24143916756792,-53.14197971898646
7448.259826086956,-48.548863873725864,-48.444163877475845
7439.018808933002,-56.49790149953621,-56.3968779215849
7429.800693928129,-56.48914988347981,-56.380248233699305
7420.605396039604,-47.561323091998716,-47.46553024060471
7411.43283065513,-50.2394631888197,-50.147949295051134
7402.282913580247,-45.428218660044465,-45.32610131727425
7393.155561035758,-53.255403456669384,-53.14523904707799
7384.050689655172,-59.7032709292494,-59.62893905930555
7374.968216482164,-56.81191292683745,-56.72634503848583
7365.908058968059,-69.81013752542684,-69.79371848334726
7356.870134969325,-48.21858352961526,-48.10921976892264
7347.854362745098,-52.519870035332005,-52.42437480111353
7338.860660954712,-44.09936733206847,-44.00406779722108
7329.888948655257,-53.13940798159619,-53.0107818792673
7320.939145299146,-63.55583447238824,-63.453152569037925
7312.011170731707,-49.454527253718496,-49.36192283309073
7303.104945188795,-55.80237954726131,-55.72040508490464
7294.2203892944035,-51.00525125739749,-50.91652067417418
7285.357424058324,-43.788663253586904,-43.68534592996973
7276.5159708737865,-57.26219862902188,-57.17164731594143
7267.695951515151,-51.11829976733371,-51.00758291257067
7258.897288135593,-54.7587080739943,-54.647746233957534
7250.119903264812,-61.80660231014802,-61.70641932300738
7241.363719806764,-54.43390260788907,-54.34711418341824
7232.6286610373945,-45.29578586387491,-45.192328030134846
7223.91465060241,-49.00709369102985,-48.89564431762277
7215.221612515042,-48.35115637754318,-48.24232518322107
7206.549471153847,-58.03329019189543,-57.971241748203695
7197.898151260504,-65.32107719959681,-65.11912783127865
7189.26757793765,-43.37056928686472,-43.27645979775657
7180.657676646706,-48.783371451302386,-48.67000510201761
7172.068373205741,-49.89799778448922,-49.78513384085714
7163.4995937873355,-46.50585419966389,-46.41175629017981
7154.951264916468,-54.518195604992215,-54.43952943681741
7146.423313468415,-50.00151554690193,-49.89007410370222
7137.915666666667,-60.15700457085801,-60.02648442009506
7129.4282520808565,-49.8804166201695,-49.77203793832125
7120.960997624703,-44.5080022145918,-44.41213901041836
7112.513831553974,-52.286561788388454,-52.188805434608824
7104.086682464455,-50.849803967389974,-50.757047969539755
7095.679479289941,-63.76213965961513,-63.617598620882475
7087.292151300237,-44.5696216521752,-44.469024919782996
7078.924628099173,-65.7149900534743,-65.57577824476265
7070.576839622641,-54.610589199879044,-54.5074000753098
7062.248716136632,-44.75950321269163,-44.66416729458719
7053.940188235294,-49.80575620402904,-49.70154191932939
7045.6511868390135,-65.36822239116326,-65.22961735674512
7037.381643192489,-51.01189378904978,-50.90421407268509
7029.131488862837,-59.386176551860714,-59.26444493289536
7020.900655737705,-51.485804406468034,-51.39253439191931
7012.689076023392,-60.33402718350162,-60.24357286123676
7004.496682242991,-52.65554670877323,-52.54929455968407
6996.323407234539,-55.80190537253257,-55.68994704367218
6988.169184149184,-60.57576867937347,-60.499983451058014
6980.03394644936,-49.97055182239366,-49.87590157514573
6971.917627906976,-45.27352180806405,-45.16946499925423
6963.820162601625,-57.38795550788318,-57.27520715177489
6955.7414849187935,-49.69487556053717,-49.59762923749442
6947.681529548087,-60.886974689485,-60.77572104832758
6939.640231481482,-56.23223711432648,-56.13935508928269
6931.617526011561,-47.22019747697176,-47.12179190168048
6923.613348729792,-51.27924842738072,-51.17958773739194
6915.627635524797,-47.23013919905354,-47.12954117555465
6907.660322580645,-52.30763418902332,-52.20893698175941
6899.711346375144,-45.97318739093596,-45.87312189218777
6891.780643678161,-43.84901012865397,-43.7489524228357
6883.868151549943,-61.033743285594156,-60.918499968543856
6875.973807339449,-43.044172540400226,-42.946256090329044
6868.097548682703,-52.3076410700089,-52.21378059544695
6860.239313501144,-48.269599087433946,-48.17250816120115
6852.399039999999,-49.63611517512594,-49.529572763067776
6844.576666666667,-52.6456604388584,-52.54443529737689
6836.7721322690995,-50.61571499636635,-50.50955546882015
6828.985375854214,-49.60564103188561,-49.50158825074614
6821.216336746303,-63.33351869168045,-63.201405178984416
6813.464954545454,-55.9227892182803,-55.81739414732114
6805.731169125994,-46.98544825407281,-46.875344141768764
6798.014920634921,-43.682019635753235,-43.58062788978525
6790.316149490373,-53.304309961389535,-53.22074696625363
6782.634796380091,-57.937385001058246,-57.80805601658956
6774.970802259887,-48.40444623297553,-48.3137086181773
6767.324108352145,-46.01594983010078,-45.913775761022734
6759.6946561443065,-48.64098005312853,-48.53421553779343
6752.082387387387,-47.61902398024323,-47.521192534409565
6744.487244094488,-47.3091274250513,-47.21085360156097
6736.909168539326,-53.47549350083794,-53.355645299277555
6729.34810325477,-45.0755904813163,-44.978518230558095
6721.803991031391,-45.919094623336164,-45.82299829118692
6714.276774916014,-57.318800924512786,-57.218182956120685
6706.76639821029,-51.944841942575394,-51.839081734573924
6699.272804469274,-59.74661136792737,-59.66390696183542
6691.7959375,-53.31439054924071,-53.21318542269508
6684.33574136009,-54.62548642061252,-54.524027962155614
6676.892160356348,-45.67982485912002,-45.58101539827349
6669.465139043382,-52.37507454697639,-52.27481448086273
6662.054622222223,-47.69004712328707,-47.58922499236205
6654.660554938957,-61.47849135548232,-61.37001046656367
6647.2828824833705,-44.08544423965911,-43.986550599325554
6639.921550387597,-79.90574254646067,-79.89848793742259
6632.576504424778,-53.55704364611104,-53.45559070364051
6625.2476906077345,-52.29823239420806,-52.202258392870746
6617.935055187638,-44.530639424044224,-44.43002398046009
6610.638544652701,-49.185952788186896,-49.085824006416786
6603.358105726872,-50.58528791379756,-50.48360881826106
6596.093685368536,-54.88007288463554,-54.78366552302323
6588.8452307692305,-52.995987786249415,-52.89596943249818
6581.612689352361,-44.33277958244828,-44.23411225933695
6574.39600877193,-48.27966828818482,-48.17781096797508
6567.195136911282,-63.7582752158544,-63.67098334397811
6560.010021881838,-52.125381790993416,-52.024744882680054
6552.840612021858,-53.73362430706875,-53.63484741296689
6545.6868558951965,-53.03633198293274,-52.9366937629802
6538.548702290077,-49.92421341751201,-49.82158554534654
6531.426100217865,-52.9239775999681,-52.82428148779975
6524.318998911861,-54.136185759491056,-54.04485457549792
6517.227347826087,-49.1992617675828,-49.08947567039861
6510.151096634094,-52.115051269452906,-52.016387177978245
6503.090195227766,-57.950474230764414,-57.871471387545895
6496.044593716143,-70.71118613798792,-70.71114713049157
6489.014242424242,-49.199234705583606,-49.100126221560615
6481.999091891892,-52.70656274444987,-52.6143546369416
6474.99909287257,-44.64155669984744,-44.54056311464815
6468.014196332255,-69.32834112365798,-69.21669973486932
6461.044353448276,-51.727293361681674,-51.63199676853982
6454.089515608181,-45.40873348470102,-45.30903621561707
6447.149634408602,-48.343942404939085,-48.23944605031919
6440.224661654135,-60.19129082463989,-60.08300210557921
6433.314549356223,-53.50821619127264,-53.41353968589094
6426.419249732047,-53.08537007715684,-52.98824841837275
6419.538715203426,-49.82231345616593,-49.72523645518764
6412.672898395722,-58.91830112625307,-58.81145938434277
6405.821752136752,-46.4955236805048,-46.39293963623207
6398.9852294557095,-49.181004451985345,-49.0779774129992
6392.16328358209,-44.03779900454428,-43.936649554538874
6385.355867944622,-63.27399668461946,-63.164640084845175
6378.562936170212,-52.0217969538413,-51.926409253197406
6371.784442082891,-48.90818549326683,-48.8058006371637
6365.02033970276,-47.7121268978823,-47.62063445290316
6358.270583244963,-50.88429664475824,-50.78088815299243
6351.535127118644,-47.03327187626648,-46.93504313455689
6344.813925925926,-48.38408691265657,-48.27430795323694
6338.106934460888,-49.420423831685426,-49.32551461128544
6331.414107708554,-53.68355837073209,-53.61098343229831
6324.735400843882,-45.898514018637414,-45.8030746362286
6318.070769230769,-48.746900499336604,-48.591396910456965
6311.420168421053,-50.00781499461216,-49.9197719733681
6304.783554153522,-46.86760796966102,-46.768868152505135
6298.160882352941,-47.57911444909651,-47.480277869249406
6291.552109129067,-48.53190215384008,-48.4349639587315
6284.957190775682,-44.737790099913056,-44.63714147518435
6278.376083769634,-48.28282589288533,-48.18088540755171
6271.8087447698745,-52.00138826751133,-51.90432204900621
6265.25513061651,-48.26931258544137,-48.16812133986916
6258.715198329854,-56.25847965199277,-56.151243935438984
6252.1889051094895,-50.5762611323713,-50.474925015413405
6245.676208333333,-47.33498958389872,-47.23647672964704
6239.1770655567125,-52.87278353434657,-52.76121339346905
6232.691434511435,-48.870358250357995,-48.771943728848996
6226.21927310488,-48.052830070211414,-47.95579543331921
6219.760539419087,-47.08959349186871,-46.991046097378316
6213.315191709845,-51.02282197314217,-50.92005994603359
6206.883188405797,-49.173181539554676,-49.072924536058466
6200.464488107548,-50.45646976577258,-50.35761591210819
6194.059049586776,-47.0818654688007,-46.982599394339516
6187.6668317853455,-49.105109813516194,-49.002684735986676
6181.287793814433,-60.53137640398954,-60.42138442221493
6174.921894953655,-52.96667625908496,-52.864517697135724
6168.569094650205,-52.18717995086733,-52.086669617437096
6162.229352517986,-43.218838614288515,-43.11852030469102
6155.902628336756,-50.4524372797532,-50.35422550092282
6149.588882051283,-61.842190491031076,-61.74339116962305
6143.288073770492,-55.05279536736673,-54.956279179319765
6137.000163766632,-51.17862823639625,-51.07767527329442
6130.725112474438,-61.452884246881624,-61.31070813715216
6124.462880490296,-59.18142819711308,-59.05526218172541
6118.213428571429,-57.650119137425506,-57.54096635655837
6111.976717635067,-54.182480899140884,-54.08434767979419
6105.752708757637,-43.683416843019174,-43.585534822001264
6099.541363173957,-54.395884370953624,-54.300036312223384
6093.342642276422,-54.36360184707125,-54.26936578573181
6087.156507614213,-42.69771259176328,-42.598201540812155
6080.982920892495,-46.02433926632544,-45.92490251019781
6074.821843971631,-52.41853734430627,-52.31226997063173
6068.673238866397,-53.95035561077053,-53.85203307617307
6062.537067745197,-56.64282059379671,-56.538617722530134
6056.413292929293,-52.48554839209562,-52.37845913241149
6050.301876892028,-44.03457620457364,-43.934706073315894
6044.202782258065,-46.25535851290822,-46.15165099739413
6038.115971802618,-39.32298712615223,-39.22287407683574
6032.041408450704,-46.06314153242299,-45.961216708628385
6025.9790552763825,-42.78328095680594,-42.68291974031227
6019.928875502008,-51.57341255204655,-51.46303312847833
6013.890832497493,-48.88356388412531,-48.77896717328868
6007.864889779559,-52.91312700378411,-52.81342977398593
6001.851011011011,-55.40122071760548,-55.30400025784182
5995.84916,-46.30865580198291,-46.213549528039394
5989.859300699301,-51.976205426840224,-51.88138943504792
5983.881397205589,-50.80992275484489,-50.701674280559004
5977.915413758724,-49.63882441132587,-49.545951138923
5971.9613147410355,-47.746080680121665,-47.63929851333286
5966.019064676617,-48.57988672159904,-48.47245530296637
5960.088628230616,-47.63386569357327,-47.542092089931984
5954.16997020854,-43.47671488225642,-43.37784987842822
5948.263055555555,-48.77247305284753,-48.670176646573836
5942.367849355797,-53.01350147209142,-52.91781828836791
5936.484316831683,-56.02165271387865,-55.91805944579524
5930.612423343225,-51.14563104829044,-51.05987037442928
5924.752134387351,-48.15872267836998,-48.064610445519705
5918.903415597236,-44.55625761176434,-44.45084434847807
5913.066232741618,-51.73980032198362,-51.6513917300684
5907.240551724138,-45.278617948257065,-45.17461525609188
5901.426338582677,-55.99964662042338,-55.917070188679006
5895.623559488693,-48.73920870419589,-48.6317474593386
5889.832180746562,-42.19969611310991,-42.098552824697194
5884.052168792934,-55.821694458777685,-55.712207384378715
5878.283490196078,-54.26137757703215,-54.144879415705404
5872.52611165524,-53.26170149512082,-53.1763210277562
5866.78,-44.30626339780294,-44.20308315918514
5861.045122189638,-43.9221011133843,-43.824701198297234
5855.3214453125,-49.59133348724258,-49.49506875129951
5849.608936585366,-47.96673419744509,-47.868631085791165
5843.907563352826,-52.81496624187453,-52.716645541600954
5838.21729308666,-42.72963005175454,-42.63036785349219
5832.538093385214,-59.46744399901142,-59.36037391575171
5826.869931972789,-51.29672379102992,-51.1951622548721
5821.212776699029,-48.532875375708514,-48.43445115292515
5815.566595538312,-43.72463533515831,-43.62314122539745
5809.931356589147,-49.139484574864795,-49.053371095941046
5804.307028073572,-47.5433151771925,-47.445739409838964
5798.693578336557,-40.477542522835435,-40.38312251145659
5793.090975845411,-49.68553256150953,-49.57407617322191
5787.49918918919,-47.64468076030683,-47.55024968985957
5781.918187078109,-46.55730504272138,-46.469919959997114
5776.347938342967,-43.56565372944674,-43.46042895484764
5770.788411934552,-45.15071612977961,-45.04470277232075
5765.239576923077,-63.496767465080936,-63.41669827436395
5759.701402497599,-42.425159096759,-42.32569928925939
5754.173857965451,-49.960505510837706,-49.85103800330454
5748.656912751678,-52.491356340260936,-52.383379396251925
5743.150536398468,-55.740529400285354,-55.633380637319036
5737.654698564593,-44.11655191665277,-44.023474152426175
5732.169369024857,-58.03054260695815,-57.908656809441354
5726.694517669533,-47.59136920093077,-47.47892975402722
5721.230114503817,-46.09371616860717,-45.99247771501099
5715.776129647283,-51.60969937165633,-51.511154090526944
5710.332533333333,-53.533936229744214,-53.46026098255713
5704.899295908659,-49.73431016062959,-49.66092476732702
5699.476387832699,-50.527045075987175,-50.42905939711311
5694.063779677113,-54.13462231554037,-54.00311561847154
5688.661442125237,-41.261185099417546,-41.16666130362738
5683.269345971564,-45.34802659730887,-45.248809698291026
5677.887462121212,-44.58185801587983,-44.487038205788465
5672.515761589404,-52.77034112010044,-52.67187586914649
5667.154215500945,-45.24751675763734,-45.14462736542639
5661.802795089708,-44.59738349400594,-44.50489083208218
5656.461471698113,-51.31453899495828,-51.19967962625627
5651.130216776626,-59.295026122347124,-59.192120938800215
5645.80900188324,-45.84105650139294,-45.742588917409435
5640.497798682974,-48.74739940848828,-48.636185937924765
5635.196578947368,-46.43863108540744,-46.34323110803085
5629.90531455399,-53.85007903670963,-53.757333398826674
5624.623977485929,-50.958701311765836,-50.85005630345064
5619.352539831302,-47.270048393121144,-47.16395606553952
5614.0909737827715,-46.018959234161386,-45.922053537133124
5608.839251637044,-55.74817936762061,-55.665390690059255
5603.597345794393,-43.97229843892846,-43.8717010262004
5598.36522875817,-47.16371320369389,-47.05991238171934
5593.1428731343285,-57.382888996460494,-57.28443491411535
5587.930251630942,-54.426374463535055,-54.316280848328134
5582.727337057728,-46.964976746019815,-46.87150401062131
5577.534102325581,-55.482934417216526,-55.37375491398147
5572.350520446097,-51.94534280870447,-51.847744248998694
5567.176564531105,-46.37159731861753,-46.26669483846986
5562.012207792208,-47.429609987058384,-47.32591046169007
5556.857423540315,-45.52904904284803,-45.42914802138846
5551.712185185185,-48.244906941111125,-48.14463677780965
5546.5764662349675,-49.07354182564005,-48.97637138087647
5541.450240295749,-49.14143654750366,-49.039142873236884
5536.3334810710985,-54.281401929160936,-54.18554408989182
5531.226162361623,-52.722726139436176,-52.633135357684
5526.128258064516,-45.109823522491766,-45.007379823979974
5521.039742173112,-48.70246237067481,-48.60935494579748
5515.960588776449,-44.92453981382353,-44.82776830045502
5510.890772058824,-46.83479359248396,-46.73117105689629
5505.8302662993565,-51.54989731699088,-51.44771394957256
5500.77904587156,-58.92666941069804,-58.81487895094857
5495.737085242897,-52.94687099230559,-52.84154279975154
5490.704358974359,-39.82892203963108,-39.72956955632897
5485.680841720036,-48.54068523387319,-48.44400689346229
5480.666508226692,-47.80710461191465,-47.70335991963326
5475.6613333333335,-55.37446685191223,-55.28292536031107
5470.665291970803,-50.34232281141546,-50.239392950713906
5465.678359161348,-53.17180407092876,-53.07941513152183
5460.700510018215,-48.60450891184344,-48.50091345532367
5455.731719745223,-47.01792900600357,-46.92430414055862
5450.771963636364,-51.798863553136854,-51.70650847055232
5445.821217075386,-50.9449087808933,-50.83828016328043
5440.879455535391,-48.92038821321164,-48.819091156023276
5435.946654578423,-41.831810359528546,-41.736931288928375
5431.022789855073,-45.811662877119645,-45.711393576293815
5426.107837104072,-43.739049870198,-43.63130151403384
5421.201772151899,-60.04154263654233,-59.90646211448227
5416.304570912376,-56.54591884048453,-56.46504348797883
5411.416209386282,-54.42874629856961,-54.33133221328505
5406.536663660955,-40.543061674227985,-40.441654857369755
5401.66590990991,-49.18067633395775,-49.071429263378874
5396.8039243924395,-58.04015634841885,-57.918346781443816
5391.950683453238,-43.66275828135856,-43.55866005181592
5387.106163522013,-41.40854241905707,-41.31038227984409
5382.270341113106,-43.973417861320186,-43.879439411485734
5377.443192825112,-50.073983945780114,-49.975491593508295
5372.624695340502,-45.32780646903986,-45.20887340682525
5367.814825425246,-42.96762203891011,-42.87668448938963
5363.013559928444,-51.4795537988886,-51.38661521378414
5358.220875781948,-54.34138440805454,-54.291606131501865
5353.43675,-51.77130365161524,-51.692336252891565
5348.661159678858,-62.34200372182367,-62.3058113762461
5343.894081996435,-40.257071944365705,-40.15558788361692
5339.135494211932,-47.57109394018907,-47.46706110171205
5334.38537366548,-49.6426204431737,-49.53338969573706
5329.6436977777785,-57.01016134637642,-56.918219356748736
5324.910444049733,-50.69704397094749,-50.616010500487235
5320.185590062112,-58.055760533996406,-57.93813562221031
5315.469113475177,-42.31118557186265,-42.20989194979343
5310.760992028343,-45.78481572683624,-45.6697352002722
5306.0612035398235,-52.70075226477975,-52.601910757833835
5301.369725906277,-45.42860053105089,-45.33083736593487
5296.686537102473,-43.172604570555265,-43.07836544646348
5292.011615180935,-44.795750599231596,-44.69941824253
5287.344938271604,-48.54842654774946,-48.461190078058124
5282.686484581498,-47.54387621021182,-47.44621741028645
5278.036232394366,-46.02589179247941,-45.939885573826345
5273.394160070361,-58.17984225289881,-58.14151767806372
5268.760246045695,-50.89280740183541,-50.81077683303552
5264.134468832309,-48.31697833373816,-48.21327674840832
5259.516807017543,-45.272491392509366,-45.1738158863384
5254.907239263804,-46.7488918622531,-46.657287204633505
5250.305744308231,-41.30956685566703,-41.21496691608796
5245.71230096238,-42.68767331305425,-42.58730561907784
5241.126888111888,-47.009250299784,-46.898897717101434
5236.549484716157,-42.468627487822275,-42.36146654898532
5231.980069808028,-44.34031627570634,-44.23704193277432
5227.418622493461,-43.89011579080345,-43.77256962326284
5222.865121951219,-53.44273395978182,-53.396687333264694
5218.31954743255,-41.14775399031301,-41.057865927658824
5213.78187826087,-52.218020611753005,-52.08761999262775
5209.252093831451,-50.88052780483791,-50.78589255901163
5204.730173611111,-42.59322189842844,-42.49365715154046
5200.216097137902,-43.60541349924158,-43.50049020797461
5195.709844020797,-50.44476510509513,-50.347830545479994
5191.211393939394,-44.11026265751194,-44.01680550724028
5186.720726643598,-59.15564331923666,-59.031975891577915
5182.2378219533275,-56.33262220762039,-56.215156763333496
5177.762659758204,-52.68058515207913,-52.56419271772238
5173.295220017256,-55.81743657762861,-55.74203964957859
5168.835482758621,-53.339908520518165,-53.2011785322437
5164.383428079243,-46.08413498547286,-45.99718529372156
5159.9390361445785,-54.48984002516529,-54.39601097138963
5155.502287188306,-47.941908214693385,-47.8409264149913
5151.073161512028,-43.24267727175781,-43.13815434116616
5146.651639484979,-50.41815874182923,-50.30108724548511
5142.23770154374,-47.5178661517845,-47.42729225716734
5137.8313281919445,-51.74602396973957,-51.63265748778913
5133.432500000001,-47.19048129381376,-47.08194936932192
5129.041197604791,-51.17905333513441,-51.156570247608684
5124.657401709402,-48.172928472719875,-48.13708302648111
5120.2810930828355,-60.27236783146081,-60.13640329728774
5115.912252559727,-47.008831844954514,-46.893586179975884
5111.5508610400675,-49.481849467371276,-49.3892956802474
5107.196899488927,-44.76325039311932,-44.66703000927832
5102.85034893617,-57.06907707652182,-56.985612482126285
5098.511190476191,-57.564346906212236,-57.42011265261836
5094.17940526763,-50.30791279710901,-50.2200075058539
5089.8549745331065,-43.21768092299099,-43.113263948223434
5085.537879558949,-45.720188166210264,-45.625787556796425
5081.2281016949155,-40.39826531323128,-40.2975124780114
5076.925622353938,-42.91535938780159,-42.81692082958121
5072.630423011844,-42.32691776762253,-42.23043532271676
5068.3424852071,-50.66555951747388,-50.55064866782321
5064.061790540541,-45.36281279713917,-45.268785167085284
5059.788320675106,-52.979261022858466,-52.88180058641801
5055.522057335582,-45.78286397754441,-45.67757266450876
5051.262982308341,-46.18289683262192,-46.08555539628286
5047.011077441078,-44.4197364469308,-44.31675076829323
5042.766324642557,-49.71269468206275,-49.60648597394571
5038.528705882353,-43.16089773029573,-43.06613509120619
5034.298203190596,-43.784275526036126,-43.67774861634085
5030.074798657718,-43.46544902993391,-43.36609820592325
5025.8584744342,-47.630069585495434,-47.5094886675886
5021.649212730318,-42.75605174588098,-42.66786791929961
5017.4469958159,-40.95251171242221,-40.85640833301717
5013.251806020067,-41.12197168484171,-41.019895998479385
5009.063625730994,-60.10561643053664,-59.99883725367026
5004.8824373956595,-38.46012742388105,-38.363905869572775
5000.708223519599,-50.5047466821472,-50.372479307333535
4996.5409666666665,-41.25605304144851,-41.14760145755248
4992.380649458784,-49.559317210814825,-49.47511854756742
4988.227254575707,-48.73491670634321,-48.61925185080982
4984.08076475478,-49.37969587609983,-49.281821086281795
4979.941162790698,-44.59888377157681,-44.49232611025168
4975.80843153527,-41.93410335419826,-41.84069070475307
4971.682553897181,-52.98579798817171,-52.87321619918292
4967.563512841756,-43.490214640541595,-43.39146815054973
4963.451291390728,-47.177323586621284,-47.09744865531481
4959.3458726220015,-44.067326513405945,-43.95887767354843
4955.247239669421,-44.95436254506352,-44.85886547291442
4951.155375722544,-46.681669576083195,-46.580025741249656
4947.070264026403,-49.245915874856806,-49.1582182397038
4942.991887881286,-54.932624867880705,-54.82090919609861
4938.920230642504,-52.28308645117865,-52.180009692596954
4934.855275720165,-46.88010204458071,-46.77778782112411
4930.797006578948,-55.375208871229276,-55.23091336413172
4926.74540673788,-67.99408113786156,-67.7056325241537
4922.700459770115,-38.02060790745806,-37.92358712711503
4918.662149302708,-61.448998066204766,-61.36582218146047
4914.630459016394,-41.59363594226424,-41.490478525609646
4910.605372645373,-44.44390177985203,-44.34693815783474
4906.586873977087,-53.022088670444035,-52.88110406310598
4902.574946852003,-45.56598110551515,-45.483428490694095
4898.569575163398,-50.21184907624085,-50.09253006818942
4894.570742857143,-48.35913193880366,-48.254196531151464
4890.578433931485,-47.292670846471125,-47.19173189179959
4886.592632436838,-45.1319988666407,-45.03983314977005
4882.61332247557,-46.54740640738292,-46.43358369094234
4878.64048820179,-44.768369765473054,-44.66968518007293
4874.674113821138,-42.385573561861904,-42.29453583596366
4870.714183590577,-41.03613467137684,-40.92725653500061
4866.760681818182,-50.50333682710273,-50.4087154034966
4862.813592862935,-54.68221400579422,-54.61840187870705
4858.872901134521,-48.780789412028625,-48.701196960963145
4854.938591093118,-42.22782988258747,-42.12225331338571
4851.010647249192,-51.2656146569408,-51.14645003902656
4847.089054163299,-40.49941756660199,-40.40036564125221
4843.173796445881,-44.251687345568754,-44.15314082765765
4839.264858757062,-50.181832275207356,-50.09992583110916
4835.3622258064515,-50.37897217343844,-50.266035599640915
4831.465882352941,-50.87407413906023,-50.787506707893456
4827.575813204508,-51.360030144382435,-51.258263627719046
4823.6920032180215,-44.008236634622946,-43.91330520737658
4819.8144372990355,-42.928091270554674,-42.81975736891498
4815.943100401606,-43.69989704767566,-43.59849376922834
4812.07797752809,-53.41380980225016,-53.33567964389839
4808.219053728949,-46.778222720771126,-46.684691720902535
4804.3663141025645,-40.60186306890121,-40.502030837657244
4800.519743795036,-44.82186746275646,-44.71826540420723
4796.679328,-49.84258809208116,-49.74980586610276
4792.845051958433,-52.66310710319219,-52.57634742100798
4789.016900958466,-47.898199960689496,-47.802140788122486
4785.194860335196,-40.917367002890856,-40.81720050148819
4781.378915470495,-43.07745592022148,-42.976203775010035
4777.569051792829,-49.42296305462018,-49.32114962005157
4773.76525477707,-47.7906763318491,-47.68899979229407
4769.967509944312,-53.330913961466436,-53.259490113370035
4766.175802861685,-43.15784655299173,-43.05438846891833
4762.3901191421755,-49.36382200243487,-49.25579566914236
4758.6104444444445,-44.95051153799052,-44.84544098098574
4754.83676447264,-40.53756776933595,-40.44173995097982
4751.069064976228,-45.41341649605742,-45.30265248333747
4747.307331749802,-54.29940189698233,-54.191660929369945
4743.551550632911,-47.097897696929365,-47.00937945786491
4739.801707509881,-42.32151017699478,-42.22186766408025
4736.057788309637,-53.73240023974178,-53.612706616012915
4732.319779005525,-58.99833740604653,-58.891216943730385
4728.587665615142,-52.07852207544933,-51.98814930464967
4724.861434200157,-42.18436327724747,-42.080894670669565
4721.1410708661415,-47.64897238837442,-47.552871430759225
4717.426561762391,-51.62957749679826,-51.52579836119021
4713.717893081762,-41.804146389120106,-41.706485339136734
4710.015051060487,-41.20925554646932,-41.10645045144163
4706.3180219780215,-56.46583024446322,-56.2968185440789
4702.626792156862,-43.827211521015855,-43.74251164160465
4698.941347962382,-40.14737347521476,-40.04741695835516
4695.2616758026625,-38.16612425590519,-38.063323859776474
4691.587762128326,-47.67141606647773,-47.59362732243507
4687.919593432369,-44.892579109002995,-44.78756901402481
4684.257156250001,-43.99712806441151,-43.883978853210536
4680.60043715847,-36.436850887575034,-36.338950709810305
4676.949422776911,-47.8673210099969,-47.75673394044297
4673.304099766173,-42.42271427358834,-42.32836608473845
4669.66445482866,-59.433204752381144,-59.29352105796586
4666.030474708171,-42.636255374318566,-42.5321161894618
4662.4021461897355,-46.61340583331081,-46.51291014190632
4658.779456099456,-39.21225797395998,-39.117207036281584
4655.162391304348,-44.40353881113161,-44.29073214248483
4651.55093871218,-52.11176645857226,-52.02095875279308
4647.945085271318,-46.97447916919104,-46.87577410591699
4644.344817970565,-44.96777801167859,-44.87555555814093
4640.75012383901,-44.156298690456495,-44.04863095028087
4637.160989945863,-47.685018751904536,-47.58666437701932
4633.577403400309,-40.51895982466199,-40.42162808858261
4629.999351351352,-38.26903889353345,-38.162686099952296
4626.4268209876545,-46.14828907164521,-46.04980397776079
4622.859799537394,-46.07838494266393,-45.97132571685857
4619.298274268105,-41.60833773038412,-41.50312223118142
4615.742232486527,-40.417519664972545,-40.316847206574565
4612.191661538461,-45.32395318955808,-45.22632402669247
4608.646548808609,-50.15225790254861,-50.06200688739638
4605.1068817204305,-43.58598630882112,-43.48661713804252
4601.572647735994,-46.787601049844525,-46.69016878974777
4598.043834355829,-42.179454022823776,-42.05303831003154
4594.520429118774,-44.23400665080082,-44.14549499438478
4591.002419601838,-37.64911559332104,-37.54369433930033
4587.489793420045,-41.124328376822334,-41.03841839149821
4583.9825382263,-54.40881536035481,-54.36917434171822
4580.4806417112295,-52.201991110045796,-52.09566997036164
4576.9840916030535,-46.82273260479708,-46.73013522158395
4573.49287566743,-43.48460247916178,-43.385765302541515
4570.006981707316,-44.949027143415194,-44.843963047795924
4566.526397562833,-48.516915681710955,-48.400485605446804
4563.051111111111,-36.576036823584886,-36.477488651676126
4559.581110266159,-44.985058053460406,-44.89371492608727
4556.116382978724,-44.81177226829699,-44.72367740877304
4552.656917236142,-47.027339665990255,-46.91502028176613
4549.202701062215,-44.608954223251956,-44.507209475636
4545.753722517059,-46.16351462617449,-46.05404658009887
4542.309969696969,-42.26425580719349,-42.16911479975043
4538.871430734292,-42.93378762411625,-42.834625174253105
4535.438093797277,-50.02315199796972,-49.933541893482854
4532.009947089947,-54.407843540253154,-54.29647184709229
4528.586978851964,-52.776312141122176,-52.67581507316849
4525.169177358491,-52.71983477427865,-52.6318491877491
4521.75653092006,-42.437059098088255,-42.34078759481183
4518.349027882442,-44.27791099692148,-44.18166905138038
4514.9466566265055,-41.7098801877069,-41.60770301028653
4511.549405568096,-47.830778374029464,-47.721811526042515
4508.157263157895,-59.64953076992991,-59.51979905366555
4504.770217881292,-53.85392781747355,-53.74566237290388
4501.388258258258,-55.51487267262418,-55.433878145027236
4498.011372843211,-54.41595737483682,-54.319366000718944
4494.639550224888,-62.78746917324541,-62.68658770360561
4491.272779026218,-44.10987931044146,-44.01013304748305
4487.911047904191,-47.28383485695606,-47.18943072903805
4484.554345549738,-46.849870304537134,-46.742661164148885
4481.202660687593,-39.867837259381915,-39.76864209319889
4477.855982076176,-43.186162154807604,-43.08489782639971
4474.514298507463,-41.80763459543691,-41.707571097032215
4471.17759880686,-55.250566038276745,-55.132255450996965
4467.845871833085,-43.71216295363784,-43.61263733193938
4464.519106478034,-42.016279398528,-41.91805301559084
4461.197291666666,-47.08989382049241,-46.99617179658388
4457.8804163568775,-39.212058798805444,-39.10999411209919
4454.568469539376,-47.60204419902881,-47.5055332458404
4451.261440237565,-44.578322405233294,-44.48271327790819
4447.959317507419,-47.362768065461395,-47.27120924587696
4444.66209043736,-50.2164208322922,-50.104291838842855
4441.369748148148,-49.72874382692957,-49.628853746078065
4438.082279792747,-41.44798503388246,-41.34637496638628
4434.799674556213,-46.21067191281311,-46.11305435628735
4431.52192165558,-43.73515405683422,-43.63378814986466
4428.249010339734,-55.65069275976684,-55.5482122420094
4424.980929889299,-42.29048227940878,-42.190000985309396
4421.717669616519,-51.992922908414116,-51.87437361197691
4418.459218865143,-49.286989601973275,-49.178459800522816
4415.205567010309,-42.06237077667889,-41.964729473987504
4411.956703458426,-51.36077460609168,-51.266281252312766
4408.712617647059,-41.89951637163044,-41.80175658895557
4405.47329904482,-50.552239577889864,-50.45562208302756
4402.238737151248,-38.07389810216209,-37.97278201992994
4399.008921496698,-41.89209483868315,-41.79464750902976
4395.783841642228,-46.28591385025088,-46.18674429392409
4392.563487179487,-41.8897144522394,-41.78989518787181
4389.3478477306,-50.17415528093146,-50.06096026222359
4386.136912948062,-45.496864772448916,-45.39318734062873
4382.93067251462,-42.92706415200119,-42.83090328754203
4379.72911614317,-48.48661024359073,-48.385724902045965
4376.532233576642,-52.13318330256142,-52.02347168935047
4373.340014587892,-42.78991039921509,-42.68145845155895
4370.152448979591,-41.06791311012934,-40.969486862521066
4366.969526584122,-37.32153054976153,-37.22386541479476
4363.791237263465,-39.27940855988261,-39.17677433599992
4360.617570909091,-45.183351159390654,-45.092860701040664
4357.4485174418605,-42.19140776405679,-42.097813882509385
4354.284066811911,-40.619432148932034,-40.51799563783824
4351.124208998549,-53.54559675027316,-53.44916942413205
4347.968934010152,-42.37680262424702,-42.27795452334745
4344.818231884057,-46.67510352348371,-46.56852586015599
4341.672092686459,-44.695911544647075,-44.59893425562562
4338.530506512301,-42.90820329090205,-42.80655558324183
4335.393463485177,-48.1238354692894,-48.017591111166965
4332.260953757225,-47.134304294002774,-47.03248091035918
4329.132967509025,-39.83811234048336,-39.736973485934314
4326.009494949495,-41.71977110435343,-41.62306352024832
4322.890526315789,-41.804233082254584,-41.70295283740985
4319.776051873198,-41.60222402200999,-41.50498310196876
4316.666061915046,-48.00767578139339,-47.90535499805269
4313.56054676259,-56.0807766034918,-55.994389195634525
4310.459496764917,-43.967307897647586,-43.8644865497409
4307.362902298851,-39.608122823537556,-39.5088305960072
4304.270753768844,-42.757883962356246,-42.657831173563224
4301.183041606887,-43.7278996793204,-43.6245593859327
4298.0997562724015,-39.86863197099156,-39.7696985501439
4295.020888252149,-43.47990848690419,-43.379683900335536
4291.946428060129,-45.35001976533049,-45.24967952281769
4288.876366237482,-50.49958911333563,-50.39970286123152
4285.810693352395,-48.473223904284495,-48.37008130480659
4282.7494,-39.51188551646477,-39.412144927974325
4279.692476802285,-49.03511388297976,-48.93484895390675
4276.639914407988,-40.082271281950895,-39.98076495204974
4273.591703492516,-41.74501986639622,-41.64922460355105
4270.547834757835,-38.70805446566713,-38.605782752684874
4267.508298932385,-51.9467846389001,-51.8612225581051
4264.473086770981,-46.145315608113904,-46.046112594761
4261.4421890547255,-49.76022173668274,-49.65544693540936
4258.4155965909085,-45.983041232400026,-45.88391509065305
4255.393300212917,-49.34968637394137,-49.257877586711274
4252.375290780142,-39.630670660490225,-39.53123936953948
4249.361559177888,-44.925547689227855,-44.822251711353076
4246.3520963172805,-48.50098724790753,-48.4064013746909
4243.346893135174,-46.639605588791156,-46.53856341856927
4240.345940594059,-37.47761407462279,-37.37753845348293
4237.3492296819795,-47.24150364921185,-47.13664436118209
4234.35675141243,-52.47498080474615,-52.37140441558965
4231.368496824277,-43.26265270143391,-43.163759725169555
4228.384456981664,-47.57999086385773,-47.481172464292925
4225.404622973925,-42.76471198071032,-42.6626867389832
4222.428985915492,-43.30136942316027,-43.201572090238116
4219.457536945813,-44.2151302830341,-44.11694346899499
4216.490267229255,-45.99250028197265,-45.891926488665135
4213.527167955025,-41.613505787696184,-41.511920803797366
4210.568230337079,-43.753315280124426,-43.65609475546354
4207.613445614035,-47.86422373335425,-47.76374513673234
4204.662805049088,-60.41955468763037,-60.31941122100024
4201.716299929923,-46.049526190335726,-45.95291828216746
4198.773921568628,-39.3601747321904,-39.25863458295929
4195.835661301609,-48.17503980434965,-48.075969291595115
4192.901510489511,-42.61979372544873,-42.5197619856594
4189.971460517121,-47.38088177119208,-47.281564599467075
4187.045502793297,-45.39360920812926,-45.294801600762966
4184.123628750872,-47.56594819102155,-47.466842115616075
4181.205829846583,-47.924793912896874,-47.82460265949565
4178.292097560975,-49.485409074000145,-49.38673921938194
4175.382423398329,-47.880874020194895,-47.77825240067948
4172.47679888657,-38.58208981079419,-38.48218169283267
4169.575215577191,-40.52978746663986,-40.430607997278784
4166.67766504517,-41.48127928413537,-41.38017162619347
4163.784138888889,-39.056042019695965,-38.95587757538597
4160.894628730048,-50.418811469356356,-50.32234918458376
4158.009126213592,-47.529123388266086,-47.42949482100188
4155.127623007623,-43.02261404915568,-42.92219502195435
4152.250110803324,-50.71547107829478,-50.61439385081674
4149.376581314878,-47.867116528726385,-47.7667786688816
4146.5070262793915,-40.26338222444481,-40.1636926444305
4143.641437456808,-48.46667440902989,-48.36551539306258
4140.779806629835,-42.0245486260812,-41.92456849607423
4137.9221256038645,-42.431429107395914,-42.33162708916525
4135.068386206896,-40.03027614710952,-39.93012458870599
4132.2185802894555,-38.90850029451549,-38.80851073932293
4129.3726997245185,-46.654876819310445,-46.55490947863554
4126.530736407433,-41.31742123460505,-41.21742324099047
4123.692682255846,-40.29880229996208,-40.19878379256552
4120.858529209621,-50.20954799195023,-50.10938380042593
4118.028269230769,-44.13652480360754,-44.03629238137346
4115.201894303364,-38.215958777542866,-38.11615067397388
4112.379396433471,-49.860925171007736,-49.76071459091402
4109.5607676490745,-40.18442317068589,-40.08465631587249
4106.746,-43.682718533459976,-43.5821297265134
4103.935085557837,-41.87692311393964,-41.77645703830676
4101.128016415869,-49.08235329405214,-48.98052053501216
4098.324784688995,-44.357059216830564,-44.257441999753965
4095.525382513661,-38.26983545123356,-38.17006406890597
4092.729802047781,-46.149778838798724,-46.050952874473225
4089.9380354706686,-42.510223939792056,-42.41021660245433
4087.1500749829584,-49.170904352787275,-49.072589129318786
4084.365912806539,-43.45718181555061,-43.35778772079682
4081.5855411844796,-52.282333545790195,-52.18414697598253
4078.808952380952,-53.52843657071038,-53.42701534098951
4076.0361386811696,-38.822790381329824,-38.719706344032616
4073.2670923913047,-39.83821330926399,-39.737023818573405
4070.5018058384253,-40.43249310922069,-40.334464378629704
4067.7402713704205,-39.6909900395939,-39.591581869156116
4064.982481355932,-48.26765711253965,-48.167648875333114
4062.228428184282,-43.481687244484746,-43.381014676058285
4059.4781042654026,-50.59562697514774,-50.48958524778355
4056.7315020297697,-40.12858237024339,-40.02860582470173
4053.98861392833,-51.537469924880256,-51.43710690369234
4051.2494324324325,-41.067192481887375,-40.96720218537688
4048.5139500337614,-37.75214816745718,-37.653035710845515
4045.7821592442647,-45.28942424236145,-45.18174503944475
4043.054052596089,-36.829912461889805,-36.731266943627205
4040.329622641509,-41.316364412251446,-41.216617791786845
4037.608861952862,-44.47392355529466,-44.37154526808892
4034.8917631224767,-41.69542731583901,-41.59629384164607
4032.1783187626097,-50.41686549437135,-50.314707583406104
4029.468521505376,-44.913810343422156,-44.8156654967858
4026.7623640026864,-42.4229017209159,-42.32096121933675
4024.059838926174,-48.10507161039827,-48.001230872580564
4021.360938967136,-43.11911435842056,-43.02268376614374
4018.665656836461,-39.90300034298106,-39.80199155482448
4015.9739852645685,-46.1102469283682,-46.01512092275529
4013.285917001339,-45.69182417713186,-45.5888786021806
4010.6014448160536,-37.981162864755774,-37.88052401564339
4007.9205614973257,-45.83080111064406,-45.72947706980996
4005.24325985304,-44.02878249007746,-43.93358057791913
4002.569532710281,-36.974437759585456,-36.87290352609703
3999.899372915277,-44.191718151823935,-44.095841561642274
3997.2327733333336,-38.816971313271765,-38.71659465900653
3994.569726848767,-40.05266274024301,-39.95419767591302
3991.910226364847,-62.344582884139456,-62.229837519868724
3989.254264803726,-47.09791148462985,-47.00179222748888
3986.601835106383,-42.585252805360014,-42.4822085546824
3983.9529302325586,-39.84989330010781,-39.750283536922254
3981.307543160691,-47.877650259046206,-47.795105465585934
3978.665666887857,-40.685804567485306,-40.585758587318296
3976.027294429708,-46.727854202513115,-46.634723602824735
3973.392418820411,-39.979150659315124,-39.8793202116038
3970.761033112583,-46.30749308761993,-46.20420008029744
3968.1331303772336,-38.31601343196128,-38.21223119171354
3965.5087037037033,-41.514388821150774,-41.42157159134679
3962.8877461996035,-47.52336821262473,-47.42133972601299
3960.2702509907526,-47.622536653731956,-47.538853535517305
3957.6562112211222,-37.51549414621989,-37.41220732034405
3955.04562005277,-41.410405949457285,-41.31110440056945
3952.438470665788,-44.161636288976396,-44.05919255578196
3949.8347562582344,-47.95830287609819,-47.852928465088766
3947.2344700460826,-41.64439620734446,-41.54327913023677
3944.637605263158,-38.72447660487968,-38.62302022763622
3942.0441551610784,-40.34667097257069,-40.253871862254854
3939.454113009199,-39.30742357369037,-39.20815722350572
3936.86747209455,-37.56278869225811,-37.46157353423105
3934.2842257217853,-50.09425864451943,-50.01991278700932
3931.7043672131144,-40.80197409220277,-40.70220025020056
3929.1278899082567,-36.157895891153444,-36.054767822487534
3926.5547871643744,-45.464294947605296,-45.37293167417083
3923.9850523560212,-48.061376811941656,-47.97742608542269
3921.418678875082,-39.961453681544796,-39.865227107164046
3918.8556601307187,-42.629969939434815,-42.529992008855274
3916.295989549314,-39.89536583272259,-39.79762984358693
3913.7396605744125,-39.32089881401343,-39.21746867624783
3911.186666666667,-41.1535893691544,-41.053328303509474
3908.637001303781,-42.916925371361756,-42.8175745516301
3906.090657980456,-56.51075294464651,-56.425073235462136
3903.547630208333,-50.36866469005578,-50.26941165383293
3901.0079115159406,-41.753018375112404,-41.65034866472793
3898.471495448635,-54.00765993574329,-53.9426974698046
3895.938375568551,-46.812494448969616,-46.720467846795756
3893.4085454545457,-43.16173639595398,-43.053138255892705
3890.8819987021416,-39.93313612442121,-39.83652361260671
3888.358728923476,-39.71413633587473,-39.60461487602713
3885.838729747246,-39.07933254856742,-38.9834606986894
3883.321994818653,-42.332357829632414,-42.23494408531194
3880.808517799353,-43.31825044267687,-43.226545403057386
3878.2982923673994,-42.7034789058372,-42.596991530000636
3875.7913122171944,-49.277139739736796,-49.19311176922092
3873.2875710594317,-57.49987363800018,-57.43316636228393
3870.7870626210456,-45.98232152636929,-45.89076787931576
3868.289780645161,-38.436718241340415,-38.33468362576822
3865.795718891038,-39.82433540071433,-39.72620973961624
3863.3048711340202,-50.35474059845562,-50.25330565197795
3860.817231165486,-60.84459911204151,-60.69680677118315
3858.3327927927926,-44.85668093079529,-44.76794791839659
3855.8515498392285,-36.10064464976226,-35.9986148858717
3853.373496143959,-51.99190011657079,-51.93064585367988
3850.898625561978,-45.47750128684386,-45.376340612451926
3848.426931964056,-49.582356038938244,-49.50351833397717
3845.95840923669,-49.454046955783255,-49.36394168561965
3843.493051282051,-45.39604039883817,-45.28794148422911
3841.0308520179374,-49.0160685401418,-48.905725876811815
3838.571805377721,-44.217540626677064,-44.1190340474934
3836.1159053103,-39.879830309798436,-39.77347646209661
3833.6631457800513,-40.89345035556299,-40.80173930906646
3831.213520766773,-50.229689553577444,-50.10863656661333
3828.767024265645,-41.530066166156914,-41.42461582303535
3826.323650287173,-45.479086276980084,-45.382120934223295
3823.883392857143,-39.266723020595194,-39.167750807528265
3821.446246016571,-72.55593374353923,-72.2119429247556
3819.0122038216564,-48.497752673628256,-48.40103361566078
3816.5812603437303,-45.94414981182108,-45.84215854978767
3814.153409669211,-46.243599739008445,-46.167375555688054
3811.728645899555,-41.97214981935029,-41.85184905114737
3809.306963151207,-36.527819858183776,-36.42981150669563
3806.8883555555553,-60.013069270457706,-59.85796074645806
3804.472817258883,-45.555661717616985,-45.4630395199528
3802.060342422321,-45.77876109856267,-45.675401451149455
3799.6509252217998,-39.33821145216952,-39.24255298640976
3797.2445598480053,-49.19439223208413,-49.10383244972168
3794.841240506329,-44.1037131980316,-43.99606387072269
3792.440961416825,-43.83272053389892,-43.74552747772965
3790.0437168141593,-52.64410337634568,-52.51044176183022
3787.649500947568,-40.95160964812594,-40.8458032618707
3785.258308080808,-42.99875669383245,-42.92089871784127
3782.870132492114,-40.539313908634156,-40.42705568972137
3780.484968474149,-40.21533469240008,-40.11796082862999
3778.1028103339636,-51.00837238612267,-50.91670848565305
3775.723652392947,-40.75230968489673,-40.65064878723682
3773.3474889867844,-49.91797977601591,-49.86019226348374
3770.974314465409,-44.82218473134468,-44.71359014223556
3768.6041231929603,-44.045592367715344,-43.94818386905688
3766.2369095477384,-49.153600207548905,-49.06244454369009
3763.8726679221595,-44.98487627751557,-44.87697868223536
3761.5113927227103,-48.91275342224135,-48.80987934858781
3759.153078369906,-43.15263179959619,-43.044702271071614
3756.7977192982453,-46.07462288373769,-45.98763556658592
3754.445309956168,-45.010104143152816,-44.92275547920984
3752.0958448060073,-36.97886675291268,-36.881305588366345
3749.7493183239526,-45.55767650558464,-45.43605611313542
3747.4057249999996,-44.587183159451214,-44.48875409893465
3745.065059337914,-47.248647155368374,-47.13641126626531
3742.7273158551807,-45.302534569927545,-45.20141275334832
3740.3924890829694,-48.34875909811085,-48.24804836646108
3738.0605735660847,-41.124167351077645,-41.025554599248935
3735.7315638629284,-44.57298920528122,-44.481732582063714
3733.4054545454546,-43.991290524338,-43.91140214666537
3731.0822401991286,-47.419640847620016,-47.29439323204191
3728.7619154228855,-57.283823969293834,-57.176227817422145
3726.444474829086,-41.278534942426816,-41.17133246975759
3724.129913043478,-46.89622119304072,-46.79363095308999
3721.8182247051523,-50.79646329318784,-50.614699134505386
3719.509404466501,-42.18506743415544,-42.100400729017636
3717.2034469931805,-38.41616464970913,-38.327080850205775
3714.9003469640643,-40.26864834565559,-40.140514327205594
3712.6000990712073,-36.504342225525264,-36.412443868358324
3710.302698019802,-45.75563423285318,-45.66859154881156
3708.0081385281387,-41.47772313806176,-41.38231522438723
3705.716415327565,-36.09331564647171,-35.98551603438271
3703.427523162446,-40.323445359957375,-40.215307224759144
3701.1414567901234,-45.54435142454879,-45.43425267017493
3698.8582109808763,-45.900510681959204,-45.80870947960223
3696.577780517879,-45.21707529063313,-45.134036227883186
3694.3001601971655,-37.90831798736595,-37.79772150916314
3692.025344827586,-44.12761219928147,-44.05049781684626
3689.7533292307694,-51.245565527092495,-51.11342439855615
3687.484108241082,-35.332492066604985,-35.23655281106447
3685.2176767055935,-47.60167296172524,-47.472155678588805
3682.9540294840294,-41.85229909784833,-41.760650847853
3680.693161448741,-41.752776651125586,-41.64816538510088
3678.4350674846623,-39.739598507122864,-39.63112150274323
3676.17974248927,-42.837414785530015,-42.74334157520953
3673.927181372549,-45.99403250930867,-45.90600709224178
3671.6773790569505,-44.14529426123654,-44.0505813331949
3669.430330477356,-42.723851087370306,-42.617012964025534
3667.1860305810396,-46.73917938423712,-46.66341554905027
3664.9444743276285,-58.63227255916051,-58.460471024992685
3662.7056566890656,-43.23260271063741,-43.13675592075508
3660.469572649573,-54.612306787111905,-54.52170341968481
3658.236217205613,-49.879751931026064,-49.76965204059461
3656.0055853658537,-37.62663292331088,-37.53246320708995
3653.7776721511273,-45.28350618770703,-45.1826623003049
3651.5524725943974,-46.045924239935815,-45.92991755283127
3649.3299817407183,-41.0265790581697,-40.92576806323332
3647.1101946472018,-49.702365183345634,-49.5502777066378
3644.8931063829787,-52.10792383356319,-52.05876288649738
3642.678712029162,-46.4134701510241,-46.35650338339674
3640.46700667881,-37.04378017361036,-36.94839657539565
3638.2579854368933,-40.470936736302704,-40.36348688642893
3636.051643420255,-46.38527259426782,-46.268845354290576
3633.8479757575756,-39.705962857197775,-39.60698298753569
3631.6469775893397,-41.4790156766952,-41.362581000130305
3629.4486440677965,-44.166075543910026,-44.11701597021873
3627.2529703569267,-40.72558338300438,-40.61288071452607
3625.059951632406,-41.01817324379134,-40.91562462557958
3622.869583081571,-38.50390092037294,-38.40797863702183
3620.681859903382,-42.49457763658161,-42.36735500771506
3618.496777308389,-46.50156753806361,-46.427340533478414
3616.3143305186973,-47.24888809721391,-47.17077217043787
3614.1345147679326,-49.69488650144474,-49.60801189719423
3611.957325301205,-41.550867679195235,-41.4488876151956
3609.782757375075,-46.55347979953645,-46.42801894904697
3607.610806257521,-39.583922274683275,-39.49609094244356
3605.4414672279013,-51.08771604954306,-50.88944866143153
3603.2747355769234,-40.74662794878425,-40.66401326601785
3601.110606606607,-43.34869849990723,-43.22843815024284
3598.949075630252,-64.34657309283467,-64.18251402106394
3596.7901379724053,-50.49594940067287,-50.396160380068395
3594.633788968825,-40.30197085984885,-40.19200360733252
3592.480023966447,-44.82454559454622,-44.79890780581478
3590.328838323353,-38.57726589504601,-38.45570546797997
3588.180227408737,-36.33805808392994,-36.23783949970236
3586.0341866028707,-43.975852969590946,-43.95960686721041
3583.890711297071,-37.35331385073174,-37.246158201778385
3581.7497968936677,-43.55372356641713,-43.45092132885382
3579.6114388059705,-40.90566295915734,-40.79961951175652
3577.475632458234,-41.77809558730293,-41.656632639121526
3575.342373285629,-36.015296012047216,-35.91163477137509
3573.2116567342073,-37.757566477791656,-37.631843098258926
3571.0834782608695,-32.592304030892635,-32.50283559044304
3568.9578333333334,-55.399256711710635,-55.13837141511847
3566.834717430101,-49.36820895497179,-49.264061428887075
3564.7141260404283,-44.09912328874684,-43.96231463798178
3562.59605466429,-38.62273484389,-38.54414472421389
3560.4804988123515,-42.295062525083566,-42.196577751035235
3558.3674540059346,-38.40037816961727,-38.305794410112995
3556.256915776987,-50.4580263431986,-50.3182683771483
3554.1488796680496,-38.17647802716668,-38.09903333800601
3552.0433412322277,-40.08527163512052,-39.93808064058881
3549.9402960331554,-37.18297357365837,-37.08616377224597
3547.8397396449705,-43.36471718424967,-43.25685641033435
3545.7416676522766,-39.57181207497949,-39.503437761179256
3543.6460756501183,-35.48386081757043,-35.38950632372469
3541.5529592439457,-42.156681080010785,-42.005963423108014
3539.4623140495864,-44.53529274137621,-44.425141072950154
3537.374135693215,-37.47425336587425,-37.35574974223165
3535.2884198113206,-47.72291841552989,-47.729512168901365
3533.2051620506777,-38.236015644293374,-38.126005117682226
3531.124358068316,-39.02868989493844,-38.920595696936786
3529.046003531489,-38.03607861526565,-37.935388277628235
3526.970094117647,-42.85238299142408,-42.77899400181714
3524.8966255144032,-40.81258794047908,-40.686953798744455
3522.8255934195067,-48.34115795185697,-48.13580228372983
3520.75699354081,-37.70639953064209,-37.62151364516497
3518.6908215962444,-50.14720031609458,-50.06943764210631
3516.627073313783,-47.507819794224176,-47.41619973149032
3514.5657444314184,-39.86376189944029,-39.75539344914934
3512.5068306971293,-40.98395814283036,-40.92338317633984
3510.4503278688526,-42.89689680978741,-42.78800088491114
3508.396231714453,-42.63632862089911,-42.53638307388674
3506.344538011696,-39.160987806700106,-39.06305460459315
3504.2952425482176,-44.453505503015364,-44.40316392080028
3502.2483411214953,-44.15400690185733,-44.01205671775803
3500.2038295388206,-50.401167857264014,-50.471904958625984
3498.1617036172697,-38.295717488143325,-38.2036148377223
3496.1219591836734,-33.827935669386065,-33.72118863296255
3494.084592074592,-40.09270406525012,-40.00796504394371
3492.049598136284,-37.48276797724223,-37.34762508740552
3490.01697322468,-51.592040011434264,-51.27596482339787
3487.986713205352,-37.90760230908258,-37.83882055461787
3485.958813953488,-40.209290980240965,-40.07209695208037
3483.933271353864,-36.6806628907821,-36.5976615868651
3481.9100813008126,-42.89666295781471,-42.78350463781145
3479.8892396982005,-42.04914097384473,-41.908008852444155
3477.8707424593968,-44.49912169740402,-44.428255403726254
3475.8545855072466,-34.58663908235202,-34.51014091883262
3473.8407647740437,-43.04538699276132,-42.86686894951133
3471.8292762015058,-35.71316058420966,-35.62516013942734
3469.820115740741,-44.82230214359457,-44.74637885439817
3467.813279352227,-35.85191564504491,-35.7453962859435
3465.8087630057803,-42.053429456269825,-41.886396505881166
3463.8065626805314,-47.65592632987553,-47.558869765161475
3461.806674364896,-38.59455509171816,-38.48434050771003
3459.8090940565494,-44.45127990129457,-44.336085213970094
3457.8138177623987,-38.094639711591455,-38.025270683606536
3455.8208414985593,-38.98304973804305,-38.85224142128844
3453.8301612903224,-49.161014044484816,-49.113553903672866
3451.8417731721356,-47.55604253435895,-47.503401858240395
3449.855673187572,-43.0114248549195,-42.902461517034695
3447.8718573893043,-49.265042582062975,-49.236451275839684
3445.8903218390806,-41.16322560182694,-41.05045435764639
3443.9110626076967,-36.8111251939808,-36.69009773763854
3441.9340757749715,-52.00523142091545,-52.24828436159764
3439.9593574297187,-34.79399774693427,-34.69555996377336
3437.9869036697246,-45.986801304420666,-45.93915137545879
3436.0167106017193,-46.64216557638996,-46.61231997559325
3434.0487743413514,-57.20592828491259,-56.848293260948296
3432.0830910131654,-42.11533210423583,-41.99075032959506
3430.119656750572,-45.865729200168616,-45.826331835029535
3428.158467695826,-40.30223649220868,-40.1666045345756
3426.1995199999997,-40.108535841079615,-40.03385994949845
3424.2428098229584,-68.05630432743119,-68.47787556717152
3422.2883333333334,-44.85557139418533,-44.75836254611771
3420.3360867085,-40.06483903639072,-39.93609451414328
3418.3860661345498,-35.8661063448627,-35.79946513927659
3416.438267806268,-43.638898373611156,-43.397138034151155
3414.492687927107,-36.992315188922575,-36.851122163160355
3412.5493227091633,-32.89808089924888,-32.81820396864724
3410.6081683731513,-48.68946176485271,-48.477502373282036
3408.66922114838,-43.25865095553421,-43.14245389883514
3406.732477272727,-39.08077209802498,-39.01323392371576
3404.797932992618,-40.72753711689707,-40.61302404988835
3402.865584562997,-46.764666920929486,-46.639578854952944
3400.935428247306,-40.36545572467871,-40.266531934652775
3399.0074603174603,-47.644748784382315,-47.6697606303653
3397.0816770538245,-43.0264893282358,-42.824929286648924
3395.1580747451867,-39.61678979662288,-39.52853387538643
3393.236649688738,-37.001788902468846,-36.85487942116997
3391.3173981900454,-35.05239805610283,-34.96238542857846
3389.40031656303,-42.045078628039036,-41.9822108999506
3387.4854011299435,-36.48316882943986,-36.37054994111962
3385.572648221344,-41.214342572583845,-41.16356725830339
3383.6620541760726,-38.98618276091075,-38.86425588162716
3381.7536153412298,-37.490896933390374,-37.405373390926755
3379.8473280721532,-42.79639166197693,-42.69652908684883
3377.9431887323944,-53.18093588974223,-52.9858005432926
3376.0411936936935,-40.8770692484628,-40.76959200713044
3374.14133933596,-50.12612346050945,-49.9135386191446
3372.243622047244,-42.8269392019284,-42.75089936398656
3370.3480382237212,-49.40764812836771,-49.32392330252257
3368.454584269663,-46.216774394081725,-46.12145644920601
3366.5632565974174,-32.16981444414442,-32.06805881789673
3364.674051627385,-49.18457870284696,-49.01856069825622
3362.7869657879974,-40.85816346370579,-40.76247725593133
3360.9019955156955,-39.94407623674367,-39.86532296680984
3359.019137254902,-38.577832797,-38.512274136088465
3357.138387458007,-44.192679232693806,-44.08076979807551
3355.2597425853382,-39.91926816480246,-39.84548849229198
3353.383199105145,-36.35632258712643,-36.274634581646254
3351.508753493572,-37.15340811759667,-37.01152601236167
3349.636402234637,-33.33610880644575,-33.22063866301288
3347.7661418202124,-45.73354671477328,-45.85818582631323
3345.89796875,-57.44004951051208,-57.47415289239389
3344.031879531511,-35.15063563090253,-35.05967598035515
3342.167870680045,-42.9457478555084,-42.88744291516066
3340.305938718663,-36.356405701173045,-36.21930922755125
3338.446080178174,-39.92825377980229,-39.871440811163254
3336.5882915971065,-40.183426975772605,-40.034796726864485
3334.732569521691,-39.50146056802684,-39.438162461869936
3332.8789105058363,-52.73686157080952,-52.650051499501885
3331.0273111111114,-48.9967826179349,-48.88429620666936
3329.1777679067186,-43.88341397546431,-43.78347427883652
3327.3302774694785,-37.50726141163089,-37.420350451209785
3325.484836383805,-42.52538661018603,-42.527236498692545
3323.6414412416852,-35.20622946836771,-35.136318827384756
3321.8000886426594,-43.16979400001024,-42.879840154216865
3319.9607751937983,-37.536415500321525,-37.36173414030979
3318.123497509685,-33.449906934356264,-33.34783615586123
3316.288252212389,-39.4282332063007,-39.37918876846463
3314.455035931454,-45.000245553514546,-44.851353940984964
3312.6238453038673,-38.718085535286704,-38.62630995024641
3310.7946769740474,-45.4209032434113,-45.35628837353879
3308.967527593819,-42.3083275740628,-42.19388507435126
3307.142393822394,-39.34136176747255,-39.2069466513927
3305.3192723263505,-39.295376036412065,-39.21318914884178
3303.498159779614,-41.75884902028183,-41.74625671495831
3301.679052863436,-48.94211603344776,-48.73001423486987
3299.861948266373,-51.459523394421026,-51.343194585828556
3298.046842684268,-44.31869626504094,-44.19879975094152
3296.233732820231,-40.503450081671744,-40.40863248921691
3294.4226153846153,-43.31696536157453,-43.19078317199153
3292.6134870950027,-40.10834643628034,-40.04160360807451
3290.8063446761803,-49.552767515719026,-49.652703228010196
3289.0011848601207,-41.68779806767664,-41.53421175949687
3287.198004385965,-46.877011363324456,-46.90805126448454
3285.3968,-40.753970305531126,-40.70324114061761
3283.597568455641,-37.01914326515204,-36.897086351027426
3281.8003065134103,-43.05572731948833,-42.89022145922142
3280.005010940919,-39.15255335431452,-39.07185675097348
3278.2116785128483,-42.761929057042025,-42.65491615665478
3276.420306010929,-38.069621318745064,-37.98610236423697
3274.630890223921,-39.59359015044326,-39.456436827950924
3272.8434279475982,-40.524401062088444,-40.39371169326107
3271.0579159847243,-36.2843718903015,-36.19856001501209
3269.2743511450385,-46.90594013799539,-46.95164296181231
3267.4927302452315,-38.47181029696581,-38.44911401143928
3265.7130501089323,-44.53592634252372,-44.316550372998634
3263.935307566685,-38.75813814046289,-38.60699702709728
3262.1594994559305,-40.781886762092356,-40.668983728768254
3260.3856226209896,-40.615585768129435,-40.49767243870211
3258.6136739130434,-40.9948820731192,-40.873934067780326
3256.843650190114,-44.22211011341601,-44.16772987027561
3255.075548317047,-46.94500532661665,-46.80524541994755
3253.309365165491,-43.98982531645599,-43.83704854628995
3251.545097613883,-49.64429114284572,-49.22286322149186
3249.7827425474256,-34.936606842743615,-34.836147731209806
3248.0222968580715,-39.992746527918726,-39.897873390320555
3246.2637574445043,-46.32386821046937,-46.32852156325144
3244.507121212121,-43.76809678981347,-43.75307143572279
3242.7523850730126,-37.36551561872314,-37.233619769403006
3240.999545945946,-40.04254893092569,-40.002977205059025
3239.248600756348,-35.006556411339815,-34.901222254265164
3237.499546436285,-47.573280043189484,-47.55533825104534
3235.752379924447,-46.78851457503667,-46.61248678443171
3234.0070981661274,-38.116134134220644,-38.00495334725149
3232.2636981132073,-44.3780353235163,-44.31035474922011
3230.522176724138,-43.296528983275394,-43.27723301620951
3228.78253096392,-45.10076292059854,-45.1164422939908
3227.0447578040903,-42.60101287101703,-42.524977580126844
3225.3088542227,-34.649488127341456,-34.523821192242664
3223.574817204301,-46.12393658236091,-46.0214500210913
3221.842643739925,-44.42841037794709,-44.30352883770915
3220.1123308270676,-34.02380332486321,-33.90988961035502
3218.3838754696726,-46.82916929789472,-46.793218101241635
3216.6572746781117,-35.97018596655106,-35.89141409156478
3214.932525469169,-46.45232069021118,-46.396880273842115
3213.2096248660237,-41.193942526088975,-41.00504445848385
3211.488569898232,-41.64514651334555,-41.56401996071939
3209.769357601713,-41.004701710396986,-40.91805704228777
3208.0519850187266,-43.728179099036154,-43.598845321391664
3206.336449197861,-45.7792507267546,-45.77273915241845
3204.6227471940138,-40.19580145401632,-40.11804927333414
3202.910876068376,-44.76471913645206,-44.71409787697327
3201.2008328884144,-52.08853358753761,-51.73774666261873
3199.4926147278547,-39.60857040419772,-39.57524660458223
3197.7862186666666,-47.776317357748766,-47.8568643386986
3196.081641791045,-35.069185169580706,-34.95506303458477
3194.3788811933937,-35.053843154764124,-34.96321111676836
3192.677933972311,-40.733917489315516,-40.676287794899494
3190.9787972325703,-40.55888745423137,-40.37603143765246
3189.281468085106,-36.73609644448722,-36.61237238083204
3187.585943646996,-46.01476088026617,-46.12013432988745
3185.8922210414453,-41.61465660638474,-41.573030275039585
3184.2002973977696,-38.63999737681526,-38.5223990477145
3182.51016985138,-45.077494393225564,-44.92294113149221
3180.8218355437666,-47.09956463392872,-47.00580762475785
3179.1352916224814,-45.33599921192395,-45.21194763234341
3177.4505352411234,-36.857954216103124,-36.78625743606345
3175.767563559322,-34.68035325267975,-34.54235230171473
3174.086373742721,-42.294188770309816,-42.30458220316821
3172.406962962963,-50.942644545274234,-50.53893403494821
3170.7293283976733,-37.81576047222255,-37.797751855895385
3169.053467230444,-35.38700488337865,-35.297731754020035
3167.379376650819,-37.21283743796853,-37.074031039346195
3165.707053854277,-45.02813379463849,-44.8836246985809
3164.0364960422166,-32.97092966528753,-32.861477904370346
3162.367700421941,-41.328842366224634,-41.22679086138838
3160.700664206642,-47.11096878113078,-47.27674005945339
3159.0353846153844,-35.91045835300558,-35.7813564581423
3157.3718588730912,-46.1892882917697,-45.84305818604109
3155.7100842105265,-32.9887895307091,-32.897990059660984
3154.050057864282,-42.98552552145024,-43.125603129575765
3152.391777076761,-46.64166988137599,-46.37316002219596
3150.7352390961637,-41.899089642944304,-41.9046960936255
3149.0804411764707,-45.29837015715121,-45.056052278069885
3147.427380577428,-38.96696900679869,-38.79491740186997
3145.7760545645333,-41.09712103372662,-41.0240556958647
3144.1264604090193,-43.91799101307531,-43.78748324332399
3142.478595387841,-42.09820095439683,-41.893688410111295
3140.832456783656,-37.478642823234324,-37.46738035793042
3139.188041884817,-35.57220433709806,-35.45048183189313
3137.5453479853477,-44.44807790840774,-44.264213866627344
3135.9043723849372,-41.28437281681512,-41.27083214587962
3134.265112388918,-45.82148010865059,-45.88798127166841
3132.627565308255,-33.088585029331185,-32.99536940295302
3130.99172845953,-36.52559532135801,-36.329224044817195
3129.357599164927,-34.09610385132028,-34.04846403101415
3127.7251747522173,-50.90110873298529,-50.698577062336895
3126.0944525547447,-34.438273865666005,-34.377035627299435
3124.4654299114122,-35.397481023089185,-35.254213930886536
3122.8381041666667,-59.99217139428539,-60.54965405053848
3121.2124726704837,-39.88670736927402,-39.77666287623201
3119.5885327783562,-52.33360137880878,-52.48083769674382
3117.9662818512743,-38.91146349753667,-38.78831287030191
3116.3457172557173,-40.93699026872825,-40.83736353400515
3114.7268363636363,-40.63286802403714,-40.54591731289385
3113.10963655244,-46.38282463852856,-46.337128628686756
3111.494115204982,-46.57275145491177,-46.4756238821093
3109.8802697095434,-33.93690301410733,-33.80563761932545
3108.268097459824,-39.10227298253845,-39.04417834297074
3106.6575958549224,-44.10359177751063,-43.92415751209013
3105.0487622993264,-40.06087795949141,-39.93328368726067
3103.4415942028986,-34.96925476121554,-34.87972585106796
3101.8360889808587,-40.02580840352137,-39.804378777200995
3100.232244053774,-43.23188076063359,-43.23790939401438
3098.630056847545,-41.828159080298164,-41.89234381725923
3097.029524793388,-37.93921042360013,-37.80095585994145
3095.4306453278264,-57.77359904885758,-57.87178712704046
3093.8334158926727,-41.72527444812549,-41.55664835242301
3092.237833935018,-43.829802149108374,-43.834222256686715
3090.6438969072165,-42.807563208069595,-42.72209145071058
3089.0516022668726,-53.84553632896966,-53.607304452604765
3087.4609474768276,-48.90716470883744,-48.83615310599599
3085.8719300051466,-53.382479787041476,-53.26056414472252
3084.2845473251027,-48.579128342442644,-48.45989870297659
3082.698796915167,-37.657129869895115,-37.517544596390266
3081.114676258993,-37.75489584978432,-37.70389344704567
3079.5321828454034,-39.248077895278456,-39.12996049065843
3077.951314168378,-41.808139028171254,-41.68572208146064
3076.3720677270394,-38.62789014384158,-38.679933989503596
3074.7944410256414,-40.759300594876564,-40.744487582164695
3073.218431573552,-38.58207910837332,-38.450264654515664
3071.644036885246,-36.55744556280693,-36.480206067271055
3070.071254480287,-38.422437330223445,-38.20585255525911
3068.500081883316,-42.52304273446548,-42.28538319903508
3066.930516624041,-41.82094853338167,-41.7156198725436
3065.362556237219,-39.30253816350016,-39.25108268023102
3063.796198262647,-43.550914575590966,-43.42490243748095
3062.231440245148,-39.97504957108269,-39.861848453190234
3060.6682797345584,-40.82578364003872,-40.77512237231146
3059.1067142857146,-38.11702635544627,-38.03521227851469
3057.5467414584396,-42.30134216155942,-42.13731461185357
3055.9883588175335,-43.10225503856317,-43.15374649349211
3054.431563932756,-45.37044463473141,-45.15492171258033
3052.8763543788186,-42.6369572196423,-42.59010318200352
3051.322727735369,-40.670500384152845,-40.516432011659376
3049.7706815869783,-47.909251499742865,-47.800054824696375
3048.2202135231314,-44.80822153240267,-44.74734282796679
3046.671321138211,-38.54304246960676,-38.506383487954494
3045.124002031488,-38.29887129637335,-38.13722212622672
3043.5782538071066,-40.42851639444142,-40.22499251679683
3042.034074074074,-42.024614833993056,-42.03836268789722
3040.4914604462474,-40.24162268745037,-40.09228164782927
3038.950410542321,-46.031594112418006,-45.83925122514124
3037.4109219858155,-46.78106430512996,-46.65908480323007
3035.8729924050635,-38.83533408716413,-38.76766266282952
3034.3366194331984,-42.889709750640336,-42.73633747073619
3032.8018007081437,-35.86896181697888,-35.76665980412652
3031.2685338725987,-39.01788263636702,-38.95255418893301
3029.736816574027,-41.10684906908055,-40.94564278944789
3028.2066464646464,-34.72407857766645,-34.64434584580401
3026.6780212014132,-42.711642275496146,-42.52016084811446
3025.150938446014,-60.01437040657338,-61.41971804319898
3023.6253958648513,-39.951287993495285,-39.81273392478447
3022.1013911290324,-45.61997480040408,-45.86016235269467
3020.5789219143576,-32.86193112936293,-32.745806147041336
3019.057985901309,-38.85382831512625,-38.82059716783364
3017.5385807750376,-41.59053222800095,-41.41140650258966
3016.020704225352,-37.60647696578657,-37.394888832688665
3014.504353946707,-39.3476685837327,-39.427471608274644
3012.9895276381912,-40.632141590721844,-40.64592376979671
3011.4762230035158,-33.710302482466645,-33.61863189909779
3009.964437751004,-48.10989536652447,-47.71471274305868
3008.4541695935777,-50.58513906675533,-50.04920753179054
3006.9454162487464,-34.54074290513343,-34.48575061711615
3005.4381754385963,-36.84142822543059,-36.784601039834385
3003.9324448897796,-39.17729544140484,-38.939016501061346
3002.4282223335,-41.187902426825005,-41.15056277330085
3000.9255055055055,-44.85626017505943,-44.74135377243688
2999.424292146073,-40.64910828475196,-40.65147593517942
2997.92458,-35.31142682969251,-35.12367761356337
2996.426366816592,-44.13897171494726,-44.12582856108658
2994.9296503496503,-51.85892634067882,-51.37371234560656
2993.4344283574637,-32.57222153134366,-32.49588867877482
2991.9406986027943,-45.228021646962745,-44.74065045492834
2990.4484588528676,-42.92088751478049,-42.9655448495361
2988.957706879362,-47.5734591408884,-47.587486099330235
2987.4684404583954,-41.69639388329152,-41.58137581237297
2985.9806573705177,-48.27912585537901,-48.01558237264844
2984.494355400697,-35.44151519640566,-35.339366769259115
2983.0095323383084,-36.552974949912524,-36.416071529955744
2981.526185977126,-54.95411474711368,-55.15351600691427
2980.044314115308,-40.56254526134866,-40.393583507330916
2978.56391455539,-43.73092599376706,-43.452177033383194
2977.08498510427,-34.1393287820767,-34.10112587664183
2975.607523573201,-44.29980969782464,-44.238968512738936
2974.1315277777776,-36.33787485120611,-36.170416744187335
2972.6569955379277,-37.193462373886334,-37.0613244004888
2971.1839246778986,-46.63384765058585,-46.66404811670348
2969.7123130262507,-34.616597943930415,-34.521147229750014
2968.2421584158415,-39.84865435589167,-39.7236359126065
2966.77345868382,-39.638547247915895,-39.40213850551139
2965.3062116716123,-41.45403699599241,-41.50137741073492
2963.8404152249136,-39.67250990530373,-39.642594585619904
2962.3760671936757,-41.30465846483811,-41.21312204085639
2960.9131654320986,-58.7513155255413,-57.75377523188659
2959.451707798618,-36.6023187230612,-36.56424023914916
2957.991692155895,-33.99231609863263,-33.8513702996777
2956.533116370809,-41.2399964479156,-41.05024618451266
2955.0759783144404,-35.72652933724852,-35.66538038274895
2953.620275862069,-37.82321960655845,-37.72663563423778
2952.166006893156,-46.43419879760559,-46.47435712042743
2950.7131692913385,-37.64143811593989,-37.458092723004214
2949.2617609444173,-41.16495213581696,-41.11961417993193
2947.8117797443465,-44.081556751697846,-43.87696332877776
2946.3632235872237,-42.80553589593136,-42.365646171596566
2944.916090373281,-43.430894468084134,-43.64546796672771
2943.470378006873,-36.164577432252415,-36.2515910287601
2942.026084396467,-40.49696327110293,-40.09428686739638
2940.5832074546347,-37.96692159275814,-38.15161774912342
2939.141745098039,-35.192120459904075,-35.092012278190126
2937.701695247428,-35.33211893521711,-35.268649024222114
2936.26305582762,-34.453882960878374,-34.29308350984847
2934.8258247674985,-34.08850144611124,-33.9616224837669
2933.39,-42.42401790134126,-42.087197275775324
2931.9555794621024,-37.232984754994376,-37.21531821689915
2930.522561094819,-35.266251640897124,-35.144390073922594
2929.0909428431855,-45.5960408040621,-45.55015741833277
2927.66072265625,-55.05263005443105,-56.309700270682455
2926.2318984870667,-39.403752175763614,-39.02788177960646
2924.804468292683,-47.88408769424272,-48.48054020884861
2923.3784300341295,-37.904252587792215,-37.87990234215518
2921.953781676413,-35.50690455197274,-35.45875581061047
2920.5305211885047,-39.0141015261875,-38.85575700797598
2919.10864654333,-38.561460099468704,-38.49359282845067
2917.6881557177617,-41.95906206601224,-41.797604137763855
2916.269046692607,-36.03230481228748,-35.94115414174571
2914.8513174526006,-43.274482245630836,-43.05696785192548
2913.4349659863947,-39.1944408743136,-39.120592946413
2912.0199902865465,-38.81149241471557,-38.5946243441242
2910.6063883495144,-43.898095251551,-43.66230702280721
2909.194158175643,-44.13377484339041,-43.77812723048312
2907.783297769156,-37.013878152992945,-36.998041530790246
2906.3738051381483,-42.65187117160268,-42.66679077889604
2904.9656782945735,-40.93426341188511,-40.76639470327096
2903.558915254237,-33.79714797605827,-33.75596214090025
2902.153514036786,-44.57538125582646,-44.50018874633018
2900.749472665699,-35.429217514431386,-35.24694410615818
2899.3467891682785,-35.30986809322927,-35.18368781794051
2897.9454615756404,-42.85621339001271,-42.758013531255145
2896.5454879227054,-39.731402792962385,-39.62783553098852
2895.1468662481893,-32.94342968474409,-32.82802511109425
2893.749594594595,-36.79901999723985,-36.735113812707525
2892.3536710082008,-40.52906413829105,-40.52501796405976
2890.9590935390547,-48.84482165367855,-49.038626118159
2889.565860240964,-38.49629684395599,-38.45315341914251
2888.1739691714833,-42.114784027394435,-42.17375283087297
2886.7834183919113,-34.13602929072418,-34.06363992690221
2885.394205967276,-47.71698757499793,-47.33690247504474
2884.00632996633,-38.71754062313725,-38.46988107324317
2882.6197884615385,-40.85873905136664,-40.959216364759996
2881.2345795290726,-37.960345736179974,-37.789058515861015
2879.8507012487994,-39.01105350527287,-39.082235325174125
2878.4681517042727,-39.60166003026272,-39.30434231523999
2877.0869289827256,-40.8902895294258,-40.728175117410345
2875.7070311750604,-35.272511333511616,-35.244949302615154
2874.328456375839,-40.38008847036984,-40.05089802490518
2872.9512026832776,-54.04524821995601,-53.08592994159049
2871.575268199234,-39.45612695599057,-39.53653235530483
2870.200651029201,-47.13272323537028,-47.278635351445914
2868.8273492822964,-30.12676006617606,-30.00029567277913
2867.455361071258,-45.95305051711951,-45.577967973300716
2866.0846845124283,-39.0135821297808,-38.984081566073925
2864.7153177257524,-43.50021422368336,-43.57025312068647
2863.3472588347663,-35.927201026036656,-35.90451623077409
2861.9805059665873,-39.30757395563556,-39.0959710392119
2860.6150572519086,-40.95416669220374,-40.75728430161634
2859.250910824988,-36.42717917370719,-36.442109124100156
2857.8880648236413,-40.000223914577575,-39.70022123466903
2856.526517389233,-41.09031648964678,-40.7224581106007
2855.1662666666666,-35.55480965758041,-35.48639389352995
2853.807310804379,-40.40279238455061,-40.13724956569318
2852.4496479543295,-36.700424813748484,-36.673018106697654
2851.093276271992,-41.864649734189456,-41.89050833432107
2849.7381939163497,-38.02388781279721,-37.74332931852091
2848.3843990498813,-50.07203629788877,-50.209192381031656
2847.0318898385567,-35.581847722465525,-35.46603122384637
2845.680664451827,-39.003725694608235,-39.115136211762504
2844.3307210626185,-49.17800587379817,-50.31970794986073
2842.982057847321,-42.350479821531636,-41.88058493302675
2841.634672985782,-37.82826677943483,-37.61251894812723
2840.2885646612976,-35.65823635470589,-35.62921279827937
2838.943731060606,-40.334542035030566,-40.02746922410235
2837.6001703738757,-36.4607567821955,-36.438460734453585
2836.257880794702,-34.387264719577885,-34.24847702108356
2834.916860520095,-34.631059860793854,-34.52131651388295
2833.5771077504724,-40.48035586547151,-40.27519278019055
2832.2386206896554,-34.30589295521277,-34.330641855657674
2830.901397544854,-35.50264880863493,-35.32413199117134
2829.5654365266632,-45.14841597315011,-45.51856007041498
2828.2307358490566,-37.34934455845614,-37.50007638246534
2826.897293729373,-42.577859431576755,-42.959257147855695
2825.565108388313,-40.360235889881025,-40.65455321225268
2824.234178049929,-31.984950060972707,-31.776017117744615
2822.90450094162,-37.13264022873322,-36.81402119848805
2821.576075294118,-36.932205448543854,-36.84997182634028
2820.248899341487,-32.788027519173895,-32.800456767087255
2818.92297132111,-39.29526175668893,-39.31152834169056
2817.598289473684,-39.06884145641432,-39.09583014856834
2816.274852043213,-33.91332824441939,-33.742031486817936
2814.952657276995,-47.05809957912645,-47.20346616291049
2813.6317034256217,-33.11765438200196,-32.99996312507237
2812.3119887429643,-53.84368715496136,-53.95326857826704
2810.9935114861696,-47.21106451173769,-47.394257481090406
2809.676269915651,-38.44119478228417,-38.48905101096214
2808.360262295082,-31.131750771400547,-30.93896783417027
2807.0454868913857,-35.60880059900184,-35.480880208632996
2805.731941974731,-34.96443741404154,-34.82073400678179
2804.419625818522,-40.57408863271125,-40.80716170720929
2803.108536699392,-42.19176697289366,-41.97485531460653
2801.7986728971964,-36.79624463034405,-36.8738893756793
2800.4900326950024,-36.81840276788567,-36.60712507324378
2799.182614379085,-42.882293660782906,-42.66531417064657
2797.8764162389175,-43.42431898383002,-43.27898316816318
2796.5714365671643,-44.77614672249403,-44.604634932457415
2795.2676736596736,-42.724109294706366,-42.50509646428928
2793.965125815471,-39.71636122474335,-39.6417403916637
2792.663791336749,-33.247456914538745,-33.060801221784416
2791.363668528864,-40.752399746836474,-40.4516469748374
2790.064755700326,-34.665805834536954,-34.62765487857705
2788.7670511627907,-39.759976974307975,-39.67988574691351
2787.470553231055,-38.046286309917306,-37.90141453642521
2786.1752602230486,-40.687300445935406,-40.776099832745146
2784.881170459824,-32.82438692083154,-32.7316578031642
2783.5882822655526,-36.09721624292702,-36.08666789624884
2782.2965939675173,-38.35596735688334,-38.17480351274041
2781.006103896104,-38.42675868458461,-38.423291367365024
2779.7168103847935,-34.556040417864935,-34.37745798193153
2778.4287117701574,-36.319575758694995,-36.32409909017089
2777.1418063918477,-37.17674266934877,-37.16054813350708
2775.8560925925926,-41.300088614003286,-41.005737931458455
2774.571568718186,-31.189191439827383,-31.088954668550585
2773.2882331174837,-37.61915939888506,-37.61330734393643
2772.0060841423947,-39.859130930945994,-39.70169489671231
2770.7251201478743,-38.65654260016386,-38.651254369414104
2769.445339491917,-35.82765481694331,-35.69456555182417
2768.1667405355493,-34.20255079778603,-34.15253080321865
2766.889321642824,-39.13457651753403,-39.00512517577248
2765.6130811808116,-49.11452410580897,-49.302650681082994
2764.3380175195944,-35.395503800036224,-35.24728137983068
2763.064129032258,-40.08050863946089,-39.90103290080076
2761.791414094887,-35.42846764912959,-35.32238968161532
2760.519871086556,-35.76106005788502,-35.684806296476225
2759.2494983893234,-37.64916585495594,-37.56140833668131
2757.9802943882246,-41.641218612581454,-41.460761111578805
2756.7122574712644,-46.811389659259746,-46.75145682024363
2755.445386029412,-50.332178600448955,-50.633328076779364
2754.179678456592,-36.424410472199426,-36.26364520527504
2752.9151331496782,-37.88559254754345,-37.9013090365964
2751.65174850849,-39.44439622790425,-39.24491670226
2750.38952293578,-32.597973858894406,-32.491539112127455
2749.128454837231,-48.35489166272457,-48.422644503686556
2747.8685426214483,-47.734313484828974,-47.398660887610944
2746.609784699954,-46.292989934174486,-46.660812949648985
2745.3521794871795,-34.98190925957145,-34.771772571238884
2744.095725400458,-37.69747230113272,-37.438671411811484
2742.840420860018,-38.28171967999323,-38.35111109657278
2741.5862642889806,-47.01504735359627,-47.291365546014205
2740.333254113346,-37.39229611272047,-37.31297494277574
2739.0813887619915,-53.68148981178102,-53.827064732713424
2737.8306666666667,-38.959104045863924,-38.79917131472736
2736.581086261981,-47.73760380906474,-47.74075789401273
2735.3326459854015,-34.02963699638438,-33.96745433058858
2734.085344277246,-39.402624713570944,-39.21728483553086
2732.839179580674,-39.206049883338395,-39.05054228051627
2731.5941503416852,-41.431905191831575,-41.53901100862758
2730.3502550091075,-46.879469294173774,-46.69431838686005
2729.1074920345927,-38.31712727245322,-38.04342017096438
2727.8658598726115,-44.05703557171459,-43.52213809896976
2726.6253569804458,-45.056268166382736,-44.47831364602432
2725.385981818182,-48.400809000950844,-48.88399378909638
2724.1477328487053,-37.61422080304298,-37.54593079915027
2722.910608537693,-37.36982622074238,-37.29092068187886
2721.6746073536087,-45.49724650369073,-45.18021869786615
2720.4397277676953,-35.87772565899256,-35.740280140804444
2719.2059682539684,-38.3963843607457,-38.4033290429587
2717.9733272892113,-39.06294019836396,-39.1792971594209
2716.741803352968,-49.89005011398662,-49.55507490595885
2715.5113949275365,-34.61310735310896,-34.61504070274192
2714.282100497963,-37.494019685295214,-37.597616787370455
2713.053918552036,-47.326426237055855,-46.27002441885985
2711.82684758028,-38.180126813013615,-38.47379850720485
2710.6008860759493,-38.04707620740784,-37.64504430789752
2709.3760325350204,-39.231495380698064,-39.01587047880402
2708.152285456188,-31.105458675482495,-30.982371711001022
2706.9296433408576,-46.473777288631354,-45.96276282172285
2705.708104693141,-32.54322967582259,-32.561696007337915
2704.4876680198468,-35.56098855269276,-35.26838692504934
2703.2683318304776,-32.254025682947244,-32.219132029449995
2702.050094637224,-35.79559029436679,-35.535579939308846
2700.832954954955,-36.39686266630564,-36.26037864422021
2699.6169113012156,-40.33551050383362,-40.06475628678113
2698.4019621962198,-40.41135592719489,-40.58013891613457
2697.188106162843,-53.31090325929402,-54.56861693514087
2695.975341726619,-37.01390956061776,-36.87975627584443
2694.76366741573,-45.30955305300536,-45.943172921325484
2693.5530817610065,-40.488706806038024,-40.86333626493327
2692.343583295914,-30.871706098554043,-30.65711842636439
2691.135170556553,-44.10343404544007,-44.24890627220144
2689.927842081651,-52.17860466208363,-50.79196510758025
2688.721596412556,-36.093433062505895,-36.26756241375183
2687.5164320932317,-43.3631595063015,-43.84560452219786
2686.312347670251,-38.1014194123819,-38.42248985473621
2685.1093416927897,-34.83090297256503,-34.81644104436272
2683.907412712623,-42.572150754482934,-42.187787335964074
2682.7065592841163,-35.445290639870095,-35.128609371834315
2681.506779964222,-39.32893743807911,-38.8376988274362
2680.308073312472,-38.083292843735975,-38.10311248407571
2679.110437890974,-35.641612121811576,-35.45188340678756
2677.9138722644034,-34.478790462664804,-34.39963275411621
2676.718375,-37.612149964019196,-37.533932138294304
2675.523944667559,-35.09760339964659,-35.01877574994448
2674.330579839429,-34.93918788011136,-34.78674404359104
2673.1382790905036,-40.22498619716269,-40.294892717715
2671.9470409982173,-36.93470251468902,-36.878324703937
2670.7568641425387,-33.817708829420795,-33.80383211758179
2669.567747105966,-32.5587649532243,-32.60892054803516
2668.37968847352,-35.2856191867895,-34.893569345568196
2667.19268683274,-39.743557807022015,-39.531063761235814
2666.0067407736774,-34.85686850899175,-34.810112502147106
2664.8218488888892,-44.066731276398784,-42.96365868824485
2663.638009773434,-38.432985087894636,-38.77719839593611
2662.4552220248665,-39.087517980147325,-39.21379487581059
2661.273484243231,-42.03557976205927,-42.09928636119689
2660.092795031056,-37.45317651014214,-36.90198956423505
2658.913152993348,-43.09431597339157,-42.099163904016606
2657.7345567375887,-45.27634859454339,-44.082142385962484
2656.5570048737263,-45.88052558890409,-45.508785017282506
2655.3804960141715,-35.61843986540602,-35.845070972520844
2654.205028773794,-37.57454248946938,-37.27719150442887
2653.0306017699118,-35.19686173127623,-34.931603853626385
2651.857213622291,-34.791013300750976,-34.84378525538453
2650.6848629531387,-34.573846046531585,-34.719724449127554
2649.5135483870968,-39.34365635222859,-39.03457850441448
2648.3432685512366,-32.933428698429296,-32.667227272212344
2647.174022075055,-37.97014789439963,-37.993222804306654
2646.0058075904676,-37.500238420183095,-37.59542564575047
2644.838623731804,-38.65576697451185,-38.37023336087894
2643.672469135802,-36.78148519219697,-36.669524041531545
2642.507342441604,-35.14026555709465,-35.10282431509346
2641.343242290749,-41.28766154554809,-41.22200381976147
2640.1801673271684,-37.12539903163203,-37.01717228890031
2639.018116197183,-36.56520896144745,-36.486040358580865
2637.857087549494,-39.66698800304955,-39.586687606430374
2636.6970800351805,-37.61809092237105,-37.48399296112599
2635.5380923076923,-36.21536523450969,-36.136507322404825
2634.3801230228473,-34.76817623565334,-34.656953949644404
2633.223170838823,-40.27473163299267,-40.236225940273656
2632.0672344161544,-39.75662628495583,-39.70535913526068
2630.912312417727,-54.81986876523597,-55.038505868915436
2629.7584035087716,-37.99579217418069,-37.95105418112034
2628.605506356861,-45.1643830858889,-45.14620163881348
2627.453619631902,-42.900136847379585,-42.94899445216144
2626.302742006132,-36.800702937590714,-36.716603031967296
2625.1528721541154,-47.08273307427167,-46.79496157411016
2624.0040087527354,-36.96243330755571,-36.91881093277253
2622.85615048119,-36.89061959650239,-36.882368032055226
2621.7092960209884,-40.569660805716936,-40.252071798035345
2620.563444055944,-39.865220653754065,-40.041800121770635
2619.4185932721716,-39.36470562135354,-39.04220009520755
2618.2747423580786,-32.531395111105425,-32.308944511008875
2617.131890004365,-33.123992804959286,-32.889566709044985
2615.990034904014,-39.31917996600863,-39.43939119299468
2614.8491757522893,-41.606011514865585,-41.36699950414514
2613.7093112467305,-44.96170460713235,-44.16480936652762
2612.570440087146,-33.07085384589631,-33.171767706403
2611.4325609756097,-46.1125416081119,-46.93360098860113
2610.295672616456,-56.28279626332754,-53.48968743054199
2609.159773716275,-40.10127056017602,-40.16358137895888
2608.0248629839057,-33.85229990864768,-33.9994956779273
2606.890939130435,-36.74030709412996,-36.59485779937303
2605.7580008691875,-42.19905882831229,-42.073597540900536
2604.6260469157255,-37.4210169199345,-37.42345160131042
2603.4950759878416,-38.43669098760442,-38.32407183870747
2602.3650868055556,-32.09794529477993,-31.95566877696298
2601.2360780911063,-33.41258493475432,-33.30137631128575
2600.108048568951,-34.904527384501975,-35.14208850055668
2598.9809969657567,-37.726108216313875,-37.455621886076884
2597.8549220103987,-37.739045792591426,-37.695560506517936
2596.7298224339543,-33.823333521481445,-33.45594248524087
2595.605696969697,-48.39113563677971,-46.983648223424595
2594.482544353094,-41.253855654464175,-40.827507518920086
2593.360363321799,-50.88790150499635,-50.492457210968084
2592.2391526156507,-42.881838269608025,-42.4711844350701
2591.1189109766638,-43.43084862540137,-44.01880149972358
2589.9996371490283,-38.63885812152954,-38.9169250587221
2588.881329879102,-31.10781055707595,-31.027029841860966
2587.763987915408,-40.38923703959385,-39.934543797286025
2586.647610008628,-38.15945329115017,-38.125037891818366
2585.5321949116,-35.095571245566916,-35.15182328747652
2584.4177413793104,-32.1022301197042,-31.871984909634918
2583.304248168893,-47.86990470766325,-47.14430383001262
2582.1917140396213,-49.290258579264716,-48.504688413214
2581.0801377529056,-38.35137145164701,-38.13497028427723
2579.9695180722892,-33.62736139711966,-33.66966189604277
2578.8598537634407,-40.9094609273847,-40.64282394048472
2577.751143594153,-42.024946210104744,-41.6879435480074
2576.6433863343364,-34.89847858433278,-34.929341904717475
2575.536580756014,-34.99001441706973,-34.738497265245044
2574.430725633319,-34.26705056298853,-34.164610509155764
2573.3258197424893,-38.48443520104114,-38.06572180089556
2572.221861861862,-32.01791991358628,-32.111102275135735
2571.11885077187,-35.36674882759057,-35.23363159487691
2570.016785255036,-43.85539156864165,-43.30472056311966
2568.9156640959723,-38.00372988212145,-37.58914689630966
2567.8154860813706,-51.55974042632964,-49.60301094159796
2566.7162500000004,-33.62423610160353,-33.61174918626587
2565.6179546427043,-42.176256751067584,-42.10070748677852
2564.5205988023954,-36.168596879459884,-36.38453332942261
2563.424181274049,-46.23926138331812,-45.527463336418194
2562.328700854701,-62.092663704419394,-55.92586915987029
2561.234156343443,-42.71325840257988,-43.65168951703778
2560.1405465414177,-39.51395620152475,-39.20619668787022
2559.047870251814,-42.26587653553587,-41.66502637186689
2557.9561262798634,-32.04489821215746,-31.95808297996639
2556.865313432836,-33.47300531915555,-33.54771507637942
2555.7754305200338,-39.67768182623804,-39.562714233115756
2554.686476352791,-33.51347926507894,-33.757639012912264
2553.5984497444633,-31.143464496834596,-31.014990875429802
2552.5113495104297,-34.71375282471918,-34.25645993626715
2551.425174468085,-35.3474729771642,-35.00784905727373
2550.3399234368353,-37.675049932933135,-37.110529376111046
2549.2555952380953,-35.32263658546047,-35.178594957403035
2548.172188695283,-38.33893983963493,-38.64955429466774
2547.089702633815,-57.689434978274406,-56.44891611400463
2546.0081358811044,-36.54807447935771,-36.55173184925296
2544.9274872665533,-41.37547819558641,-40.9474735655654
2543.847755621553,-34.70419926605403,-34.79565698939963
2542.7689397794743,-37.65833224399874,-37.31925787679201
2541.691038575668,-36.72574662709614,-36.826006649195236
2540.6140508474577,-32.48645435397826,-32.408907117348534
2539.537975434138,-38.16724311767153,-38.1466005744103
2538.462811176969,-33.456031048890665,-33.487729547636874
2537.3885569191707,-37.7956017355359,-37.39125044599716
2536.315211505922,-38.33609232078719,-37.89369585001576
2535.242773784355,-39.189091670631754,-39.06642102064869
2534.17124260355,-33.78092835448025,-33.411725564617925
2533.100616814533,-48.50911900645637,-50.202373421965106
2532.0308952702703,-43.05691165161163,-42.445672001120286
2530.962076825665,-40.246113165483294,-39.52457747716538
2529.894160337553,-55.758944693094364,-52.095665130694826
2528.8271446646986,-45.977543282735994,-44.57800444070968
2527.761028667791,-47.147952146338284,-45.46027741030018
2526.6958112094394,-33.91960664442577,-33.9777390620322
2525.6314911541704,-40.31927803223435,-41.08877068417324
2524.568067368421,-38.98169178234984,-39.63485252449156
2523.505538720539,-36.063552667377465,-35.637588865163465
2522.4439040807742,-33.5082167120117,-33.33657029876211
2521.3831623212786,-37.75169337694639,-37.12499589053739
2520.3233123160994,-41.99660993275681,-42.82235094729499
2519.2643529411766,-39.40990426450308,-39.76174315168937
2518.2062830743384,-34.277290803540964,-33.839264316448364
2517.149101595298,-37.757342849413035,-38.29869532208657
2516.0928073856485,-31.8757769262552,-31.82930747647883
2515.037399328859,-49.341723782693705,-51.77277181348059
2513.9828763102723,-44.81085001442598,-45.11272340116231
2512.9292372171,-34.95202767568331,-34.827534498455506
2511.876480938416,-49.544222185797125,-49.95526528161635
2510.824606365159,-41.359197603445736,-40.914924768678034
2509.7736123901213,-38.37900630235295,-38.57886160253467
2508.72349790795,-37.15575302953094,-37.37755648414419
2507.67426181514,-44.20459083894612,-44.00772847015266
2506.6259030100337,-34.19285633009879,-33.99894190231497
2505.5784203928124,-43.577574192334154,-43.6596610225116
2504.531812865497,-45.99789424124272,-46.06249533628396
2503.4860793319413,-36.38977111610181,-36.31507652936331
2502.4412186978298,-38.34873709186262,-38.28198588113274
2501.3972298706717,-36.39829192894301,-36.24490530152134
2500.3541117597997,-40.10926841371493,-39.91147648649057
2499.3118632763653,-33.18705390739173,-33.193981214332794
2498.2704833333332,-39.26182492936378,-39.4431007316815
2497.229970845481,-33.465411652882224,-33.2274597202228
2496.190324729392,-36.22761646033159,-36.42962535479866
2495.1515439034542,-43.78611058355507,-44.09827970328597
2494.1136272878534,-29.484391956747103,-29.28249341857922
2493.076573804574,-35.93357405874765,-36.196003959858544
2492.04038237739,-37.10749427679819,-37.489716812043426
2491.0050519318656,-40.22797760581493,-40.646358554114286
2489.970581395349,-49.394720516252775,-51.55875741482815
2488.9369696969698,-42.57317405150722,-42.24626831561794
2487.904215767635,-37.611662178077765,-37.21465219818735
2486.872318540025,-50.22420209490191,-47.70301509209476
2485.8412769485903,-41.61160951174615,-41.28363458666591
2484.811089929548,-29.264408077221574,-29.037785950233413
2483.781756420878,-29.51481421526715,-29.163530113047514
2482.753275362319,-40.000366156189514,-40.69551841121789
2481.725645695364,-37.56826940116254,-37.45403560446779
2480.6988663632605,-34.13386118409831,-34.37042343778056
2479.6729363110007,-30.727922010360274,-30.846656179257238
2478.6478544853244,-35.65362645606051,-35.503025115856374
2477.6236198347106,-32.465958980044675,-32.25978228662554
2476.6002313093763,-40.335681089021634,-40.841858258403775
2475.577687861272,-34.75176143398939,-34.58457428194056
2474.5559884440777,-42.54167298241377,-42.638942868263925
2473.5351320132013,-34.56893612428344,-34.67545220006913
2472.5151175257733,-38.089214427300774,-38.220327140866274
2471.495943940643,-32.98713581686256,-32.77991447132548
2470.477610218377,-43.72286880213754,-43.821442639517
2469.460115321252,-35.57834203898831,-35.516298350482074
2468.4434582132567,-36.00577057772968,-35.84456566727779
2467.4276378600825,-38.57560043858051,-38.568663327036276
2466.412653229124,-44.15686466112676,-43.630580279594355
2465.398503289474,-33.26347831246862,-33.22810628498722
2464.3851870119192,-33.17345118928442,-32.91455235737867
2463.37270336894,-34.40068232519842,-34.117414691800334
2462.361051334702,-40.75397926640757,-40.364314945253895
2461.3502298850576,-32.94570788739553,-33.09844923694935
2460.340237997538,-39.60332388835708,-39.382200229363136
2459.331074651354,-35.67097524617712,-35.94873820884219
2458.322738827388,-37.87442929970787,-37.97344077248117
2457.315229508197,-41.56923569049961,-41.58517793846299
2456.308545678001,-44.60966519227547,-44.64563151446349
2455.3026863226864,-47.254423519460644,-48.861577925560354
2454.2976504297994,-39.385504713435026,-39.2603141147943
2453.2934369885434,-30.516390255193286,-30.3000163685263
2452.290044989775,-38.033072180405284,-37.64358541222474
2451.2874734260017,-39.428823214231315,-38.86785786376963
2450.285721291377,-36.23353454255967,-36.28493431599706
2449.284787581699,-43.03224931664887,-43.55185226642119
2448.2846712944056,-35.14579183327227,-35.156743495406275
2447.2853714285716,-36.3119047448218,-35.89878190518424
2446.286886984904,-35.90739091602656,-35.9606412841279
2445.2892169657425,-37.06273694999793,-36.78329408931417
2444.292360375051,-46.64513363581305,-47.52039094790199
2443.296316218419,-37.93888630089519,-37.6513730873276
2442.301083503055,-37.160085845553894,-37.34328619354743
2441.306661237785,-32.60931669515678,-32.45156461006685
2440.3130484330486,-37.4753447255638,-37.344872839468664
2439.320244100895,-35.786652477275155,-35.951057136349036
2438.3282472549818,-40.62424989749648,-40.93713321908707
2437.337056910569,-32.254194228977795,-32.1380533830674
2436.3466720845186,-42.949374051850114,-42.28178844501137
2435.3570917952884,-29.63971953993037,-29.48404307185733
2434.3683150629313,-36.05720394040857,-35.76785973081057
2433.380340909091,-38.21597532899115,-38.44720764666694
2432.393168356998,-35.684995650625595,-35.43316551086552
2431.4067964314677,-33.58956230228928,-33.661972392356105
2430.4212241588975,-29.192328599978325,-29.203847836448276
2429.4364505672606,-37.4464229573433,-37.56413511769513
2428.4524746861075,-33.59105590842067,-33.36186548785615
2427.469295546559,-43.09120758027784,-42.866087743978355
2426.486912181303,-40.32002427170114,-39.951110516967546
2425.505323624596,-38.41181015025133,-38.05333525667392
2424.524528912252,-41.970593416339725,-42.03240462289726
2423.5445270816494,-35.02820219035296,-34.78635695429368
2422.565317171717,-35.79088119206439,-35.55502872542972
2421.5868982229404,-35.699603819363844,-35.47942004642617
2420.6092692773514,-38.02551043078272,-37.95809913796559
2419.632429378531,-33.52368183548113,-33.423370426191
2418.6563775716013,-39.03335018374524,-39.011738436875234
2417.6811129032258,-34.30091427850276,-34.21300755781648
2416.706634421604,-39.58766936330595,-39.61335743044309
2415.7329411764704,-40.39011870424035,-40.13158316754401
2414.7600322190897,-44.03140758786405,-43.529376815519456
2413.787906602254,-30.1947920612631,-30.180618574406324
2412.816563380282,-37.04105161086953,-37.149687148545
2411.8460016090107,-40.454155841175194,-40.55426899379695
2410.876220345798,-37.88362202693342,-38.075204525478554
2409.9072186495177,-38.29305330945131,-38.01378056600775
2408.938995580554,-31.94303502764417,-31.798908852395
2407.971550200803,-36.60243389149308,-36.2021573293096
2407.004881573665,-35.90788164122576,-36.09341713377414
2406.038988764045,-46.55340614577581,-46.25013271754018
2405.0738708383474,-46.86168732154742,-45.93308246839915
2404.1095268644744,-32.19509955456529,-31.87128521079292
2403.1459559118234,-36.539253199537896,-36.15104936771347
2402.1831570512823,-41.30406493365841,-41.17050259013338
2401.2211293552264,-34.796933734088,-34.36957630074518
2400.259871897518,-38.59086576948236,-38.893410324121376
2399.2993837535014,-43.790974467765054,-44.68271767894906
2398.339664,-32.84381820722648,-32.827478356914625
2397.3807117153137,-39.48356547290622,-39.58152327914961
2396.4225259792165,-40.723375993528364,-40.12916389151103
2395.4651058729523,-36.79585010869117,-37.024261645241594
2394.508450479233,-45.04602343021274,-44.01524786242318
2393.5525588822356,-33.54012570361097,-33.57842021018887
2392.597430167598,-35.02525453361007,-35.10881194002023
2391.643063422417,-29.593526867309507,-29.59899468832181
2390.6894577352473,-36.11280583323661,-36.28510301665587
2389.736612196094,-37.032803838244305,-36.71607096846314
2388.7845258964144,-38.039038783778594,-37.711787769750615
2387.833197929112,-41.33212656603895,-40.84510383220315
2386.882627388535,-40.32193691700199,-40.04563750543976
2385.9328133704735,-34.7944053288996,-34.88944752204743
2384.983754972156,-37.728236968760726,-37.93573050556459
2384.0354512922468,-33.580381092671686,-33.54595683651529
2383.0879014308425,-31.48266608474576,-31.581464663061027
2382.1411044894717,-36.944878184691234,-36.55608718235207
2381.1950595710878,-32.28508252463048,-31.908604096754445
2380.2497657800714,-32.34843145818586,-31.964160865716494
2379.3052222222223,-39.973513693697655,-40.44357487335232
2378.36142800476,-32.39193114748373,-32.66848502956303
2377.41838223632,-33.332289113046286,-32.765194561661886
2376.476084026952,-37.03037608558212,-36.37825644281217
2375.534532488114,-40.657564568075415,-41.81409533555119
2374.5937267326735,-35.06625130037783,-34.26243788628237
2373.653665874901,-44.05702784570046,-42.62004284057143
2372.7143490304707,-49.43653456458604,-47.199946300337544
2371.7757753164556,-55.73439716580641,-50.89235085550324
2370.837943851325,-43.24805790850219,-43.032930672282745
2369.9008537549407,-33.79591382944666,-34.64842786858755
2368.964504148558,-33.992532464451,-33.98512829105432
2368.0288941548183,-29.309125729292205,-29.692080658239817
2367.0940228977497,-32.22145413338352,-31.352322010047644
2366.1598895027623,-40.4504751759534,-39.690298961646974
2365.226493096647,-38.44728811471789,-38.37852002989469
2364.293832807571,-37.17326261600432,-36.6365835094537
2363.3619077650765,-32.16506937766535,-32.993678195093835
2362.4307171000787,-38.11107247062371,-38.9552872999942
2361.5002599448603,-30.820299093722767,-31.42742494559404
2360.5705354330707,-33.712880192078,-33.022516127746215
2359.6415426997246,-40.45335343477113,-38.61930288693263
2358.7132808811957,-38.12772460151693,-37.52792734056352
2357.785749115218,-34.73544807924871,-33.56965493517397
2356.858946540881,-34.663796036497004,-35.06689149785099
2355.9328722986247,-39.47430396972872,-40.08816716413965
2355.0075255302436,-34.589280708374915,-33.571081102127906
2354.082905378877,-46.855556773126196,-50.23537601590401
2353.1590109890108,-38.01085805237919,-39.001518341619615
2352.235841506473,-47.14946108611251,-43.9058214132006
2351.313396078431,-36.34310216591216,-36.71026882423003
2350.391673853391,-35.68395024039536,-35.09967772639591
2349.470673981191,-38.28328621786868,-38.85588983440222
2348.5503956130046,-34.104380055188145,-34.39314316218672
2347.6308379013312,-34.06212154345927,-33.959881433239715
2346.712,-35.47618548148817,-34.957105136941166
2345.793881064163,-34.1179163267128,-33.431571366806295
2344.8764802502933,-30.947128304388357,-31.007732740860277
2343.9597967161844,-33.69619981666351,-34.067742499712196
2343.043829620946,-31.300219346704964,-31.32999024616855
2342.1285781250003,-42.706749949488525,-42.424460165795935
2341.214041390082,-32.71629626531764,-32.64744423664659
2340.300218579235,-40.56478323756686,-40.31717522766975
2339.3871088568085,-34.205630166745365,-34.30304320624619
2338.4747113884555,-62.16088919432066,-57.93419408760816
2337.5630253411305,-42.101527672515616,-40.71876205981296
2336.6520498830864,-38.550133471820814,-38.363467734211795
2335.741784183872,-37.782175061553815,-36.65914083992895
2334.83222741433,-37.37642090579867,-36.56165309249111
2333.923378746594,-30.921373216812285,-30.637740112712137
2333.0152373540855,-44.867376520155645,-42.45453190912629
2332.107802411513,-36.45036642476357,-35.529191209176744
2331.2010730948678,-43.47965079262654,-44.400120005516996
2330.2950485814226,-38.82262630487067,-39.322337555824944
2329.389728049728,-35.20987146712038,-35.71546858146722
2328.485110679612,-43.80098914032776,-44.27025531342038
2327.581195652174,-36.973754264369674,-38.29663555213348
2326.677982149786,-43.94341628953724,-41.548833678081266
2325.77546935609,-34.502088863294844,-34.156456866498715
2324.8736564559904,-35.23823198760813,-36.13747533820289
2323.972542635659,-44.70318738133237,-46.03370292622132
2323.072127082526,-39.55653683655173,-38.26817282752107
2322.1724089852823,-35.89674852994138,-36.1108594618067
2321.2733875338754,-31.681622886648185,-31.24427483793663
2320.375061919505,-37.23128191641506,-38.63470720460292
2319.477431334623,-32.074660617722955,-32.13225703311387
2318.5804949729313,-33.980343620098935,-32.97904225756865
2317.6842520293776,-41.14876159230427,-39.667814925065116
2316.7887017001544,-32.947971641224555,-32.89387769527947
2315.893843182696,-32.514977873408114,-31.889116787195334
2314.999675675676,-36.98720411918849,-36.05973438480645
2314.106198379004,-31.567562101171617,-32.20507911227729
2313.2134104938273,-38.096631190682146,-39.31732387423379
2312.321311222522,-39.25012103803668,-41.00057275139589
2311.429899768697,-41.48298948598996,-43.53793772939774
2310.539175337187,-34.754575604433185,-34.10515690660246
2309.6491371340526,-41.286187489243915,-43.502388555392415
2308.7597843665767,-40.49585901704664,-39.09858324245364
2307.8711162432637,-33.4485600328493,-33.2442051253678
2306.983131973836,-45.034406081735355,-46.84327888458809
2306.0958307692304,-33.50688707808031,-34.16302727030738
2305.2092118415994,-33.17174689181421,-32.49649897548902
2304.3232744043044,-33.704298717389534,-33.204475644128806
2303.438017671917,-51.503448781007265,-47.178892310521164
2302.5534408602152,-40.311607764286535,-41.07637002076659
2301.6695431861804,-29.42215207149475,-29.67147802543586
2300.786323867997,-42.186544639092304,-42.5662436973346
2299.903782125048,-33.77407640361345,-33.27991476147723
2299.0219171779145,-30.78877796919231,-31.109960902844747
2298.140728248371,-31.667701825704412,-31.112610098761124
2297.260214559387,-32.87224398266231,-32.9076007244994
2296.380375335121,-45.555568471999365,-46.987976926864306
2295.501209800919,-43.506109233505,-45.22138059546866
2294.6227171833143,-30.843384952793187,-30.655543774443274
2293.7448967100227,-33.402448138254115,-33.432640563065846
2292.8677476099424,-46.93696511041536,-44.65085935847431
2291.99126911315,-39.872877390891674,-40.36868620786312
2291.115460450898,-38.300723155869335,-38.88884302194624
2290.2403208556148,-39.99429027576649,-38.93643977777002
2289.365849560901,-31.357750134731774,-30.830412297225863
2288.4920458015267,-46.56865822153627,-48.40779744275936
2287.61890881343,-48.166458193091714,-45.38660073776727
2286.746437833715,-31.804753166644318,-32.129172177777335
2285.8746321006483,-38.262175349541664,-37.645810106821685
2285.003490853658,-34.85881346371839,-34.91234702717547
2284.1330133333336,-36.09031423361891,-35.51008660127884
2283.2631987814166,-39.52119591384157,-38.243317895633524
2282.394046440807,-46.81683613662558,-47.18066860470874
2281.5255555555555,-44.51213455171494,-42.17694813600572
2280.6577253708633,-35.00198682117072,-34.51078924552398
2279.7905551330796,-51.85538728659368,-48.40904693355979
2278.9240440896997,-31.712518560945384,-31.678172705338213
2278.058191489362,-32.32665575681584,-32.302062401630295
2277.192996581846,-40.10728199657599,-39.10473019876447
2276.328458618071,-36.2461709260762,-37.401226644945226
2275.464576850095,-46.56113993002576,-44.911375232538816
2274.6013505311075,-48.97026975643023,-57.395277436316505
2273.738778915434,-28.055087481667286,-28.494375727120868
2272.8768612585295,-44.30468280221318,-41.50027745505973
2272.015596816976,-39.776000332159654,-38.02320145146011
2271.1549848484847,-33.06332280734499,-33.588367739421656
2270.2950246118894,-42.23519304292317,-42.23616902179505
2269.435715367146,-40.25380596878769,-42.55917389302918
2268.5770563753313,-38.98424521296964,-40.88246080313017
2267.7190468986387,-40.99651706007121,-40.644643645926934
2266.861686200378,-38.22870769496767,-40.32245778212872
2266.0049735449734,-32.958576583071235,-33.626564438446124
2265.1489081979603,-36.32553290788671,-37.28952240709201
2264.293489425982,-36.85367730790175,-35.11012509576325
2263.438716496791,-27.989676578519592,-28.602819094970314
2262.5845886792454,-46.4239612598394,-42.0206737736241
2261.7311052433042,-37.08134210416354,-35.17396655963138
2260.87826546003,-28.73609324633655,-28.247533941977295
2260.026068601583,-36.08205623651058,-35.70929072013023
2259.174513941221,-34.66745019384119,-35.3593552609958
2258.3236007532955,-36.68346442521856,-35.60727645583411
2257.4733283132528,-36.624723786190614,-35.04439327363532
2256.623695897629,-30.842817342673996,-31.200144569797644
2255.774702784048,-39.898123666074596,-38.961198812429515
2254.9263482512224,-38.76548306264429,-41.40461602536503
2254.0786315789474,-40.33588460367959,-43.39560273167366
2253.231552048102,-38.69327735724026,-38.544029229540186
2252.385108940646,-40.773695221486335,-38.440899696493844
2251.5393015396166,-33.073642791743666,-32.0118389186173
2250.694129129129,-35.64591749004002,-35.562006452521686
2249.8495909943713,-36.22211210857226,-37.66902823173008
2249.0056864216053,-45.71491916773611,-42.71367299911172
2248.162414698163,-33.53442650864024,-33.796900864094184
2247.319775112444,-28.637686861962194,-27.938003789565485
2246.4777669539153,-32.44781510992324,-32.61988552093935
2245.636389513109,-35.155126303939696,-35.479225948445944
2244.795642081617,-48.89743673348234,-50.38343816821522
2243.9555239520955,-36.02834965155627,-35.701026864863834
2243.1160344182563,-32.74451045646494,-32.19540930601498
2242.277172774869,-31.886795595328053,-32.37416575809014
2241.438938317757,-46.6703211940969,-43.37841233954937
2240.6013303437967,-59.818733523427355,-49.54948351461651
2239.764348150915,-35.74264675661858,-36.944630597380225
2238.927991038088,-38.00258709367226,-39.38489260870752
2238.092258305338,-29.49109884101442,-29.332434302147007
2237.2571492537313,-32.974252813991754,-32.14927154875467
2236.4226631853785,-36.753389706656705,-36.67892357958961
2235.58879940343,-40.16616509392229,-40.345365835083115
2234.755557212076,-33.607732190121155,-33.38171408134666
2233.9229359165424,-45.323197206137834,-42.548431702607004
2233.090934823091,-36.42869385832533,-36.74343915813144
2232.259553239017,-32.74984506616495,-31.918576824969122
2231.428790472646,-33.605915737869665,-33.79495549748127
2230.598645833333,-38.841457783280774,-37.37026155133573
2229.7691186314614,-38.44919989786699,-37.292668605670585
2228.9402081784388,-39.29133124178007,-38.21475409968353
2228.1119137866963,-30.28161427226182,-30.127637522249515
2227.284234769688,-40.40127780645467,-39.93490009453906
2226.457170441887,-38.7650366385886,-39.06889163845868
2225.6307201187824,-29.00472733598089,-28.598557730413845
2224.804883116883,-35.142123197304514,-35.34344530423003
2223.9796587537094,-33.11444579101659,-32.60590667467123
2223.155046347794,-33.286098445864226,-33.948943964608546
2222.33104521868,-39.37660072627243,-39.5816909985913
2221.5076546869213,-35.3529121912117,-35.6627189060208
2220.684874074074,-34.85910452476902,-35.367966993450395
2219.862702702703,-37.834392491219646,-38.01660070451659
2219.0411398963734,-33.82034883437318,-33.051620212670215
2218.220184979652,-37.07572618950145,-37.38497785093243
2217.3998372781066,-39.16035568760297,-40.241521276705626
2216.5800961182995,-36.120477560649746,-36.11079176388988
2215.76096082779,-38.917213893196745,-40.154695514787036
2214.942430735131,-30.113245001242646,-30.414165978101593
2214.124505169867,-37.87756141677427,-37.638484881620556
2213.3071834625325,-35.748806617412455,-34.911705792769155
2212.4904649446494,-37.73128013637559,-37.25214048999062
2211.674348948727,-32.63799448885861,-32.417458148414184
2210.8588348082594,-39.035137868938804,-40.0966478703745
2210.043921857722,-35.11105084237421,-34.57645843383027
2209.2296094325716,-31.13916123642518,-31.24512359692794
2208.415896869245,-38.446628666194826,-38.58511158145622
2207.6027835051545,-35.31623666695101,-35.89595372010611
2206.7902686786897,-33.60598490177175,-32.889691125673906
2205.978351729213,-28.02164132877418,-27.926853302861232
2205.1670319970576,-39.39836645197728,-40.5311705512613
2204.3563088235296,-30.737152604329125,-30.467930671760527
2203.5461815509,-29.134745728885818,-28.656906043092178
2202.73664952241,-42.097625680483745,-41.11768869371839
2201.927712082262,-40.38793643131102,-40.458180398086554
2201.119368575624,-36.9696628106894,-37.560401117489576
2200.311618348624,-36.86375170450775,-36.421890917380736
2199.504460748349,-31.726444294776442,-31.23801892484407
2198.6978951228457,-33.89042177298653,-33.10001288183393
2197.891920821114,-42.21423061566729,-40.39832858334519
2197.086537193111,-29.86005340597687,-30.245301213940067
2196.2817435897437,-39.950185084475706,-39.63079352067946
2195.4775393628706,-37.42927280417523,-38.1403522902563
2194.6739238653,-39.476068289020915,-39.01353116455367
2193.870896450787,-34.7452367500418,-35.53240189723154
2193.068456474031,-39.79152787532938,-40.09776150549634
2192.2666032906764,-35.36360289493406,-35.68247896560918
2191.46533625731,-39.201273303805564,-37.9326110115115
2190.6646547314576,-25.630611812629567,-25.86369678726213
2189.864558071585,-31.91944245289595,-31.19274862521506
2189.0650456370936,-36.9579546284336,-35.71311994427673
2188.266116788321,-29.387318792551994,-29.157472728632385
2187.467770886538,-34.0943742638501,-33.916929742278015
2186.670007293946,-28.683995770296562,-28.68280208860891
2185.8728253736786,-52.16158771519717,-46.77896765482349
2185.0762244897955,-30.93151280232611,-31.42827232376699
2184.280204007286,-28.996483391368983,-28.452929518497896
2183.484763292061,-35.89084123112961,-35.923886468366035
2182.6899017109577,-30.383713975381184,-29.77248817030305
2181.8956186317323,-33.26388678169842,-32.44693384134037
2181.1019134230633,-39.624294703989634,-41.41392819763466
2180.3087854545456,-34.43040825767223,-35.27715736553846
2179.516234096692,-33.5881829246748,-34.251864361401786
2178.7242587209303,-44.048320216451245,-41.664975824572636
2177.9328586996003,-35.33495541893073,-36.3384914764374
2177.1420334059553,-34.181041346952625,-34.318100133524396
2176.351782214156,-32.30484511815108,-31.90234252769035
2175.5621044992745,-39.56313458844993,-38.14150945499186
2174.772999637287,-34.01730044450851,-33.81498795092513
2173.984467005076,-35.27134057063357,-36.04584707399873
2173.1965059804274,-43.89016304969623,-43.145207073040396
2172.4091159420286,-32.724556608199904,-33.06642590465974
2171.6222962694674,-34.926742461380925,-34.814905177843045
2170.8360463432296,-38.446161235204684,-37.41212665769997
2170.050365544698,-33.94017831922723,-33.29007248001169
2169.2652532561506,-39.98854488861902,-39.80208769443682
2168.4807088607595,-44.119874815993896,-46.097432967233985
2167.6967317425883,-34.17344169085122,-34.870004002450074
2166.913321286592,-33.63839656503042,-33.09909765624646
2166.1304768786126,-34.93769625623848,-35.6933457442543
2165.348197905381,-44.933264441823056,-47.825618925769945
2164.5664837545123,-36.69947646922701,-36.78001920144068
2163.7853338145073,-36.04213932605914,-35.71472401072718
2163.0047474747475,-44.89115239230607,-42.83548801314559
2162.224724125496,-43.37535895177571,-42.5731272013915
2161.4452631578947,-37.2810716560132,-37.51190606273097
2160.666363963964,-33.33744550718116,-33.35659035469645
2159.888025936599,-39.04782391038792,-40.123213214285855
2159.1102484695716,-34.02520380154105,-34.383686104860445
2158.333030957523,-34.242020348044306,-33.957112629649075
2157.5563727959698,-32.51921445493336,-32.44003440191118
2156.780273381295,-42.115187939766756,-41.12442283997963
2156.004732110752,-46.256250304009015,-45.80790928395875
2155.2297483824586,-45.78349790418342,-46.68013802508712
2154.4553215954006,-43.9586814121232,-45.02426430197845
2153.6814511494254,-48.15853831379984,-50.69089367000841
2152.9081364452427,-30.145367404112008,-30.286183346943986
2152.135376884422,-30.783038876707494,-30.674920193875877
2151.3631718693937,-37.42568956817216,-37.93728328871698
2150.5915208034435,-34.2601543233982,-33.94013123451772
2149.8204230907136,-35.923419562311224,-35.459583119832345
2149.0498781362007,-40.008818290651604,-39.296671128763236
2148.2798853457543,-36.79414594975593,-36.88538246271831
2147.5104441260746,-44.85884353448772,-44.50305186652933
2146.7415538847117,-35.42484985800287,-35.66457031194692
2145.9732140300644,-42.789412563103085,-41.98229506950271
2145.2054239713775,-33.613675140226505,-33.29144035048692
2144.438183118741,-38.718217415590786,-38.390554290417484
2143.671490883089,-36.24675791285425,-36.3567662813678
2142.9053466761975,-41.3098595350023,-41.588414515831786
2142.1397499106824,-33.948960857078916,-33.73039600115986
2141.3747,-29.35400386666184,-29.33672471205513
2140.6101963584438,-34.10080827505605,-33.89743789898141
2139.8462384011423,-43.348060967179364,-43.35402572033688
2139.08282554406,-38.77135739256177,-38.83113406905194
2138.319957203994,-33.83445485893266,-33.828958942476746
2137.557632798574,-40.282752495321844,-40.19560399524748
2136.795851746258,-48.525684222411016,-48.089002239535134
2136.034613466334,-43.035409793482856,-42.71788649493014
2135.2739173789173,-34.458961748869754,-34.410653919956005
2134.513762904948,-32.67270943543225,-32.68943343713788
2133.7541494661923,-38.8562104280896,-39.10938609339699
2132.9950764852365,-38.93325714167581,-39.09114495440177
2132.2365433854907,-33.48577095822064,-33.43940624108792
2131.4785495911838,-34.20764251368975,-34.3773609652569
2130.7210945273628,-38.880679078290726,-38.69727509716914
2129.9641776198932,-33.90571987051031,-33.77928308186729
2129.2077982954543,-38.811318479187875,-38.18688876061414
2128.451955981541,-35.028484606833516,-35.31580589715891
2127.6966501064585,-42.40006606122084,-42.99722896305839
2126.9418800993258,-43.44744444418966,-44.46951614846704
2126.187645390071,-31.40953568382416,-31.267757271789364
2125.4339454094293,-47.39084824596294,-48.80787092394375
2124.680779588944,-39.18200068019409,-39.06755174174383
2123.9281473609635,-39.406134573054956,-38.512151786438565
2123.1760481586402,-34.75102856541044,-35.08475962197353
2122.424481415929,-37.970303540795115,-37.12115963572593
2121.673446567587,-38.61262972336256,-37.80352231998573
2120.9229430491687,-36.86277508622588,-37.639300175387305
2120.1729702970297,-43.706120625354046,-42.12244903964363
2119.423527748321,-28.543458684808584,-28.33852684334279
2118.6746148409898,-40.31883893811282,-41.234486472191136
2117.926231013776,-27.17456798546435,-26.775528247743452
2117.178375706215,-36.431795830847804,-36.033072174613906
2116.4310483586305,-35.9761411329623,-35.492998549672635
2115.6842484121385,-41.214727879288105,-41.32411003864023
2114.937975308642,-30.56484858911047,-29.94332264857026
2114.192228490832,-31.856657256117487,-32.36522685990887
2113.4470074021856,-34.71221272382586,-34.68740930881806
2112.7023114869626,-51.66967866447011,-56.47304242473142
2111.958140190208,-31.88719873812697,-31.217360253189597
2111.214492957746,-37.56931568897291,-38.772246828381114
2110.4713692361843,-33.24237122133631,-33.38934186168031
2109.7287684729067,-29.258952527237554,-29.649728135009738
2108.986690116075,-34.24909717727398,-34.916291145451126
2108.2451336146273,-38.8959488423469,-37.39758528966989
2107.5040984182774,-41.44330991662976,-40.12895310450766
2106.7635839775126,-39.62182292430781,-39.17559165670956
2106.0235897435896,-33.5711344780069,-33.00477252375207
2105.2841151685393,-33.58155136244913,-32.80023286377836
2104.5451597051597,-32.91970305561749,-33.375222045487405
2103.8067228070176,-30.483362803732646,-29.885861774896327
2103.0688039284464,-37.025250153588686,-35.90395694529455
2102.331402524544,-38.28630332726364,-38.173185899638824
2101.594518051174,-37.874313780740366,-37.316663613344886
2100.8581499649613,-34.15750390982963,-34.897477202528805
2100.1222977232924,-39.045547561120046,-40.418135530587605
2099.386960784314,-40.7385014472615,-40.20532104863604
2098.6521386069303,-41.901389062788994,-42.60223630846993
2097.9178306508047,-38.709633314525675,-38.971284936019245
2097.1840363763554,-34.30103849864621,-34.42063331164884
2096.4507552447553,-34.42771116642926,-34.54988686383503
2095.7179867179307,-29.58914031305555,-29.437267346869945
2094.9857302585606,-31.54139006597778,-31.410896219883014
2094.253985330073,-39.62500401216839,-38.68207081011151
2093.5227513966483,-32.21273765597236,-32.46687356838483
2092.792027923211,-36.58829460394135,-35.80633808845532
2092.061814375436,-40.753716446228154,-41.85055286430183
2091.332110219742,-33.36269388942587,-33.59427452404434
2090.6029149232913,-34.57588113369356,-33.99505240501314
2089.874227953991,-36.509476230609906,-35.86554676839502
2089.1460487804875,-34.22628440470977,-34.52640439763404
2088.41837687217,-45.78260685570443,-47.09900361489325
2087.6912116991643,-33.1257745105802,-33.16607623250836
2086.9645527323355,-35.88561217077732,-36.10998477746652
2086.238399443285,-33.252416676474226,-33.3287394287545
2085.5127513043476,-35.72771648696168,-35.43274570622093
2084.7876077885953,-37.667267268360845,-37.544869398409205
2084.06296836983,-44.42879612793605,-44.71037022036781
2083.338832522585,-33.72455040631753,-33.69850589276406
2082.6151997221255,-30.99461783987654,-30.884828785580012
2081.8920694444446,-35.310266203804005,-35.22975503495361
2081.1694411662615,-34.73089167871085,-34.584011660859616
2080.447314365024,-31.686915545081618,-31.51300522305648
2079.725688518904,-30.277223372770962,-30.09865977980543
2079.004563106796,-36.39351267599788,-36.28794273817623
2078.283937608319,-34.19549675828951,-33.85760582080975
2077.5638115038114,-38.89484077017373,-38.44089491317489
2076.844184274333,-52.53572759476633,-55.6822393550958
2076.125055401662,-41.62698089292324,-42.421524117739736
2075.4064243682933,-35.58633455865275,-35.99233550121433
2074.688290657439,-33.22957047404519,-33.573012399977344
2073.970653753027,-30.568952771093606,-30.7192990855785
2073.2535131396958,-37.88149860419698,-37.77415729424199
2072.5368683028,-37.81644988848031,-38.469024945782834
2071.820718728404,-30.088982887828976,-30.38253847266658
2071.1050639032815,-35.41525136753923,-34.71792755188129
2070.3899033149173,-37.472465643409905,-37.06390702044929
2069.6752364515014,-34.66410654419114,-33.76044526511244
2068.9610628019323,-39.032041052364676,-39.27564301280357
2068.2473818558124,-29.438961926210695,-29.161550488332907
2067.534193103448,-37.95893214238107,-38.7283453933304
2066.8214960358496,-28.733938912337962,-28.999741950928367
2066.1092901447278,-30.231231152862037,-29.711864250822416
2065.3975749224937,-33.56212439301102,-33.859553948422175
2064.6863498622592,-35.3524699322888,-34.6836378737746
2063.9756144578314,-31.404794719047615,-31.22188981850998
2063.2653682037167,-35.37284303669962,-35.09352110053881
2062.5556105951155,-38.32869833653315,-37.642737524373516
2061.846341127923,-29.239188341923395,-29.775950198377004
2061.1375592987283,-33.42368797396186,-32.33489167346433
2060.4292646048107,-38.33484174259216,-37.784436196837234
2059.7214565441427,-36.0519407372562,-35.457038234853755
2059.0141346153846,-34.023210547227606,-34.057684381903
2058.3072983178854,-33.66308255026546,-34.79897658646114
2057.600947151682,-37.68967478106721,-38.73872200109294
2056.8950806174958,-28.07785518474681,-28.6261323198173
2056.1896982167355,-37.94587795638536,-37.208821051787695
2055.484799451491,-32.479214217631025,-31.501799096953604
2054.7803838245372,-33.06222297429939,-33.228351140913574
2054.0764508393286,-41.123585326178315,-43.25675979567056
2053.373,-29.226240947548305,-29.70658114606566
2052.670030811366,-29.817264139204454,-29.36943785483929
2051.9675427789184,-36.429487252295715,-34.82601468468705
2051.2655354088265,-41.84249146653191,-45.47295942273318
2050.5640082079344,-31.13053604377582,-30.207211084545193
2049.8629606837603,-56.850960945677386,-52.95814572881322
2049.1623923444977,-34.826127529331515,-33.48858298294628
2048.462302699009,-33.02057435715632,-33.26046378007554
2047.7626912568305,-35.40338710649253,-34.43515006705887
2047.0635575281667,-41.510816948354815,-39.00958887394553
2046.3649010238905,-30.33706860992295,-31.050965184200763
2045.6667212555444,-46.20149720329901,-42.32257356305173
2044.9690177353343,-38.41548796645914,-36.818294917640415
2044.2717899761335,-57.1138661858141,-50.421394264447244
2043.5750374914792,-39.8423673441644,-41.04256771380709
2042.8787597955707,-37.09259242775336,-37.03100470161756
2042.1829564032696,-40.31693154622043,-38.68156329501339
2041.4876268300986,-33.29964708886506,-32.25911498638233
2040.7927705922398,-36.40190752584543,-37.380559701906876
2040.0983872065328,-34.84155796188092,-34.11384538265831
2039.404476190476,-43.18520015417998,-46.02304782903086
2038.7110370622236,-32.45219707019423,-32.93680024653018
2038.0180693405848,-32.752634165300364,-32.7776366219676
2037.325572545022,-29.27893962196164,-28.645586531770036
2036.6335461956523,-38.3137316168298,-38.14493730857181
2035.9419898132428,-38.36259622420077,-40.17251016436704
2035.2509029192126,-38.92313643654414,-38.79151415860473
2034.5602850356295,-34.39946466853267,-34.005474041994816
2033.8701356852102,-45.042569848794116,-42.93385122387936
2033.180454391319,-35.33784591207244,-36.10477509364294
2032.491240677966,-34.7805345095277,-33.74298203788872
2031.8024940698067,-37.41809638443196,-37.76729566892469
2031.114214092141,-40.00439539035163,-37.92617311735874
2030.426400270911,-33.4658889333888,-34.41606508424117
2029.7390521327013,-43.03994742286291,-43.46368730035137
2029.0521692047378,-41.500007921961824,-38.90300700822816
2028.3657510148848,-33.79848782727932,-34.64502993457593
2027.6797970916468,-30.31259677273765,-30.6109908106351
2026.994306964165,-36.08861672942864,-35.07849806608884
2026.3092801622172,-35.97128676476545,-34.4536019017966
2025.6247162162163,-30.615040838114354,-31.490238086031482
2024.9406146572103,-34.980764814514586,-34.80645388586122
2024.2569750168807,-41.66488595119229,-38.87525627508295
2023.5737968275396,-31.855965532035853,-31.45893438144772
2022.8910796221323,-38.53974525911066,-36.27570507708394
2022.2088229342328,-32.675755308463735,-31.600373771776887
2021.5270262980446,-31.87706209620113,-32.905784655053665
2020.845689248399,-35.42312660432707,-33.609471639464445
2020.1648113207546,-37.04157733635317,-36.664140778577334
2019.4843920511955,-42.0822087100651,-46.52355507374536
2018.804430976431,-31.30440810658594,-31.06920055623503
2018.1249276337933,-48.09606426069696,-48.26314123021511
2017.4458815612384,-34.29243593133249,-36.0238054361396
2016.7672922973427,-38.40807099857342,-37.50685650530305
2016.0891593813049,-31.130627352819047,-30.000239879722628
2015.411482352941,-41.84736455620977,-38.339453091007286
2014.734260752688,-32.699466075771866,-32.965569357850015
2014.057494121599,-35.581301366372415,-34.484285563629456
2013.3811820013432,-34.73661719404639,-34.64006099981914
2012.705323934206,-32.99858534661949,-32.5138072111079
2012.029919463087,-37.83460003816013,-36.48819375827627
2011.3549681314994,-31.966305507209526,-32.25095883648255
2010.680469483568,-32.46385604532405,-33.72481008726599
2010.0064230640296,-33.184784568735196,-32.5769459173906
2009.3328284182305,-32.31370663802814,-32.59935881121656
2008.6596850921271,-24.617884586581468,-24.88806282524139
2007.9869926322842,-32.89577797541777,-31.691404438813876
2007.3147505858722,-35.801401415043685,-36.79067209895241
2006.6429585006695,-34.7807549978307,-35.45847875840015
2005.9716159250586,-32.09571484044427,-32.26671593824433
2005.3007224080268,-34.08734691536769,-33.27527197093464
2004.630277499164,-39.32926601450289,-39.58209717995631
2003.9602807486629,-38.16319541358352,-39.21709524867644
2003.2907317073168,-34.271712260134976,-33.84819376547618
2002.62162992652,-33.78491463160189,-33.7517397625907
2001.952974958264,-34.84346285431995,-34.73239861787253
2001.2847663551404,-26.495045919833657,-26.37626766125048
2000.6170036703372,-35.42180834890668,-36.00731051533161
1999.9496864576386,-41.644063928168706,-43.254291203281255
1999.2828142714238,-31.234026770918703,-30.951047826777298
1998.6163866666668,-32.86355323757088,-32.59533996499188
1997.9504031989336,-36.96629551062175,-35.97549451128363
1997.2848634243835,-36.98731161370152,-37.80084665707845
1996.619766899767,-35.050635723854654,-34.21905359740258
1995.9551131824235,-38.591392830278195,-40.12110557057328
1995.290901830283,-31.755456337677387,-31.800477465395417
1994.627132401863,-33.63364799964437,-34.38882177270186
1993.9638044562685,-29.594308200268514,-29.310971779309526
1993.3009175531915,-29.65934031785865,-30.166946535294798
1992.638471252908,-37.138221270084486,-38.02231837325989
1991.9764651162793,-38.85673054431008,-38.10061123159461
1991.314898704749,-29.739195551483746,-29.021061249728163
1990.6537715803454,-34.07897460442804,-35.66938638775726
1989.9930833056756,-29.470416744116918,-30.088050605282845
1989.3328334439284,-35.59967153850668,-34.91992772900748
1988.6730215588723,-33.90747390960506,-33.781619556322866
1988.013647214854,-44.00942487958774,-47.70755939573125
1987.3547099767982,-30.59774905843277,-31.678871272789777
1986.6962094102055,-29.16340187821511,-30.194604204630608
1986.0381450811528,-35.65964622697972,-34.91517273142905
1985.3805165562915,-34.34502229694614,-33.899237949231534
1984.7233234028465,-39.83368588453696,-42.65565636361906
1984.0665651886168,-30.729855563771352,-30.163945989089697
1983.4102414819715,-30.975903572078423,-29.52427687381278
1982.7543518518517,-57.41809313650255,-44.69789846594581
1982.0988958677688,-29.240995246775114,-29.302426318834293
1981.4438730998017,-32.11951571603471,-30.773066856559453
1980.7892831185993,-30.268557719073314,-29.661441271597354
1980.1351254953763,-29.783771605115973,-31.308658707061497
1979.4813998019147,-39.054027461782724,-44.923259167893875
1978.8281056105611,-41.733055009987865,-37.81678471354188
1978.1752424942265,-51.84117487518817,-47.5728534285865
1977.522810026385,-37.00336312264041,-40.595293111026265
1976.8708077810747,-33.13402519988482,-35.201371840559105
1976.219235332894,-30.087469083494582,-30.769047470280285
1975.5680922570018,-30.203856239186777,-28.68100078422769
1974.9173781291172,-41.301038723372685,-36.959272159316455
1974.2670925255186,-32.84403743569935,-33.82937144902799
1973.6172350230413,-35.64788759475793,-37.73557117252959
1972.9678051990786,-29.9209846545411,-28.51549171689574
1972.318802631579,-32.26223512478121,-32.130579368707444
1971.6702268990462,-39.27291041162441,-38.470370741999986
1971.0220775805392,-34.63160310446945,-36.021708142637564
1970.3743542556685,-36.162180443817206,-39.37238225988163
1969.7270565045994,-33.57674923609308,-35.659517192836844
1969.0801839080461,-31.77220137445103,-30.224238427029704
1968.433736047275,-36.306517243266896,-35.385077090449855
1967.7877125041023,-37.000780419716435,-36.216330965977406
1967.1421128608927,-34.41396121099079,-34.99827443054873
1966.4969367005576,-36.043108344127475,-35.452955341688906
1965.8521836065572,-30.5465305933228,-30.580108152086595
1965.2078531628974,-43.86860807431593,-40.41281364192376
1964.5639449541284,-36.29144570007888,-35.83064903513427
1963.9204585653456,-32.1795682304372,-33.38237185950858
1963.2773935821872,-46.845007792250655,-43.776818604441175
1962.6347495908344,-27.993704535147018,-27.878424935192143
1961.9925261780106,-31.75053832811672,-32.81599782524977
1961.3507229309778,-29.835884090499903,-30.50780035853127
1960.709339437541,-34.729107335152165,-34.3960355833848
1960.0683752860411,-29.6764210658218,-30.36722525809678
1959.4278300653593,-31.5880099902064,-31.413657289071026
1958.7877033649133,-41.807201243656166,-39.364066140244134
1958.147994774657,-32.07703637039667,-31.59140733092086
1957.5087038850797,-30.796410025234863,-30.343768359420054
1956.8698302872062,-39.81643610682441,-37.95411869254805
1956.2313735725936,-42.70064995104012,-42.506670808714674
1955.5933333333335,-29.246653471737275,-28.623776606691834
1954.9557091620477,-34.82886414599095,-33.82816892266574
1954.3185006518904,-35.6360229329715,-36.54138614658619
1953.681707396546,-32.063687651155746,-31.518849382280948
1953.045328990228,-33.205636145776836,-33.78828800199538
1952.4093650276782,-34.7802851867077,-33.9172653668992
1951.7738151041665,-46.02693069155747,-43.84686874229742
1951.1386788154896,-38.7887895290941,-37.544384829868804
1950.5039557579703,-30.422180784809385,-30.709515517883105
1949.8696455284555,-38.24436575388968,-39.35690645914609
1949.2357477243174,-32.58320914460221,-33.04683660680449
1948.6022619434514,-32.51895559264038,-32.09333455579262
1947.9691877842754,-37.550378495866326,-36.5721947150485
1947.3365248457292,-39.33258142559954,-38.07858873072978
1946.7042727272728,-32.63992709026529,-32.69227281143215
1946.0724310288867,-40.361059583374455,-41.723830020655654
1945.4409993510708,-29.526221452995273,-29.251629524140654
1944.8099772948426,-32.76346043336538,-32.48120248429139
1944.179364461738,-33.561893947778955,-33.92296485999289
1943.5491604538086,-29.715125120700705,-29.292381811268157
1942.919364873623,-45.94761306803302,-44.00384058627496
1942.2899773242632,-34.05231636665373,-33.885714267945886
1941.6609974093265,-37.91705146657573,-38.62060170286033
1941.0324247329231,-50.110194430330196,-46.954849265279805
1940.4042588996765,-37.041670440441536,-36.28513186200003
1939.7764995147204,-28.60482226237046,-28.23622581625962
1939.1491461836997,-38.115808656681494,-37.18956694845578
1938.522198512771,-41.22236191200197,-42.4676433246219
1937.8956561085972,-41.92816127246978,-41.9813641145265
1937.2695185783523,-36.60056601785463,-36.117160758695505
1936.6437855297158,-50.06191703022564,-49.95588538564526
1936.018456570875,-37.156163552478674,-36.95170877593334
1935.3935313105228,-34.584749828586084,-34.176638405820924
1934.7690093578572,-40.41125780887599,-39.512378242642896
1934.1448903225805,-29.082737520982207,-29.233839398440622
1933.5211738148985,-32.05275283391451,-31.633088113582048
1932.897859445519,-31.036419259886557,-31.35483895358543
1932.2749468256527,-29.7342302916811,-29.740168045739537
1931.6524355670101,-49.47134863561671,-53.99895788882178
1931.0303252818037,-32.91796138386856,-33.32293818309479
1930.408615582743,-32.57903298184071,-32.77333404701194
1929.7873060830384,-30.57305292484675,-30.483579863686842
1929.1663963963963,-33.24703764803543,-32.79626254987234
1928.5458861370216,-28.531733207911927,-28.748132602902118
1927.9257749196142,-38.06387976485722,-37.231568103144056
1927.3060623593701,-29.034568453774412,-28.549256622370862
1926.6867480719795,-46.42565864588947,-46.26733427611184
1926.0678316736266,-34.32765754942689,-33.546169880085685
1925.449312780989,-32.97111068222851,-32.81404152246405
1924.831191011236,-32.210614902922785,-31.989062613278676
1924.213465982028,-34.09325788853387,-33.62029608692437
1923.5961373115174,-32.896008427419005,-32.12621261286212
1922.979204618345,-34.455494860968216,-34.97407464981792
1922.3626675216417,-37.566224457572744,-38.787616069771374
1921.7465256410255,-32.92295657339319,-32.25227664544637
1921.1307785966037,-30.866286270762018,-30.51089723929057
1920.5154260089687,-35.50592100223405,-34.44187337094412
1919.9004674991995,-29.02856260822945,-28.641404882517506
1919.2859026888605,-31.736416179249645,-30.967503229929363
1918.6717312,-36.621111263940875,-35.595019454010995
1918.05795265515,-33.49722689742855,-33.859833895586505
1917.4445666773267,-36.29662695934162,-37.18900226609075
1916.8315728900257,-34.23450852603891,-33.24196443796943
1916.2189709172262,-34.10426442098101,-34.15510826382395
1915.6067603833865,-35.28264744404224,-34.05400932401723
1914.994940913446,-29.568043561671047,-30.00600685289659
1914.3835121328225,-32.06241207413022,-32.23530648636482
1913.7724736674113,-39.33012408914824,-37.416379836557596
1913.1618251435866,-32.71217503861554,-33.15972566178847
1912.5515661881975,-31.742604838745578,-31.03260517841791
1911.9416964285715,-48.56726361881887,-54.200533626770564
1911.3322154925088,-29.238345557992275,-29.70682477605392
1910.7231230082855,-34.18503692934043,-35.194797639219345
1910.1144186046513,-29.975560022291077,-29.210435245755704
1909.5061019108282,-45.781035695303004,-46.01869536304589
1908.8981725565106,-30.160482150507207,-30.79462814657323
1908.2906301718651,-28.229511372772052,-27.46915726059227
1907.6834743875277,-28.336488470404348,-28.731220959453893
1907.0767048346056,-30.073525124111725,-29.156373949700836
1906.4703211446742,-33.383712234920196,-32.80396949666799
1905.8643229497775,-41.70285523757791,-39.55424354459295
1905.2587098824276,-32.510000623703135,-33.5627414209297
1904.6534815756036,-35.25515288569089,-34.336385581800116
1904.0486376627503,-32.083713909439794,-32.31576839028618
1903.4441777777777,-35.735930195876975,-34.788686405368125
1902.840101555062,-43.22293742469513,-45.09339578406825
1902.2364086294415,-34.63152983643836,-36.29567230850752
1901.6330986362195,-30.9054900405243,-31.81511629424874
1901.0301712111605,-34.94292852846816,-36.24180606418206
1900.4276259904914,-30.067507508140764,-29.151969180896614
1899.8254626108999,-37.52405630506304,-40.03069194854892
1899.2236807095344,-32.38194767959784,-33.11212332621723
1898.6222799240027,-30.193410979576086,-31.23886304150419
1898.021259892371,-36.20565951463526,-34.36816003662172
1897.4206202531645,-25.210925066089843,-25.53039767179014
1896.8203606453653,-44.98683375665776,-54.95369443635907
1896.2204807084124,-31.31490552974539,-32.441356450477386
1895.6209800822005,-30.062607068291626,-30.04896856992285
1895.0218584070797,-32.78808746167455,-31.976331995620413
1894.4231153238547,-29.65912426597508,-28.58599911814791
1893.824750473784,-49.162009527130905,-58.975445393765526
1893.2267634985792,-37.10136071589635,-36.293457344988255
1892.629154040404,-30.459894092409357,-30.55026917572529
1892.0319217418744,-33.356654881217466,-34.87708724447164
1891.435066246057,-35.35258659289546,-33.69745125158927
1890.838587196468,-27.526405722906972,-27.276101178810293
1890.2424842370744,-34.19118711373328,-35.92663643431341
1889.6467570122913,-32.316529075999355,-31.185836569902946
1889.0514051669818,-43.06283243127395,-39.79190029099327
1888.4564283464567,-32.208072269238826,-30.936312751889815
1887.8618261964734,-24.656926267471547,-25.158189382831907
1887.2675983632357,-47.75567579369839,-46.49614383352163
1886.6737444933922,-30.454998296916685,-29.407994430777606
1886.080264234036,-36.055872682524964,-34.35288533063378
1885.4871572327045,-32.23693227045176,-33.42229860480849
1884.894423137378,-31.921512083524007,-31.621353337226722
1884.3020615964801,-30.68130893530129,-31.39977748264168
1883.7100722588752,-31.09550185710806,-30.560657524736556
1883.1184547738692,-34.03444851173158,-32.436178992976025
1882.5272087912087,-34.17888850001994,-34.17591475470742
1881.9363339610798,-27.582749437405013,-27.477755345630143
1881.3458299341073,-34.877388782502535,-36.78484486328698
1880.7556963613551,-62.06422846420655,-46.59244807243185
1880.1659328943242,-33.799104717015965,-32.093622923396154
1879.576539184953,-35.44265299126768,-36.242786793981665
1878.9875148856158,-40.14015738729053,-38.887991991677595
1878.3988596491226,-36.74694134760013,-38.04983224452694
1877.8105731287192,-32.37507984068783,-32.44327748671192
1877.222654978084,-36.8919272527658,-39.63397185767472
1876.6351048513302,-38.28051467991487,-35.58116456914205
1876.0479224030037,-51.324915957241316,-45.84962160376351
1875.4611072880825,-43.27018199467999,-42.252625930313584
1874.8746591619763,-35.05496143731578,-36.34398477128862
1874.2885776805251,-42.91661148361895,-49.39297188437327
1873.7028624999998,-35.701679810916474,-37.66946528145543
1873.117513277101,-26.233060077496233,-26.044522947922516
1872.532529668957,-32.46600844824131,-32.24931867510351
1871.9479113331251,-26.110107355337433,-25.97300364587649
1871.3636579275903,-37.936976162122406,-37.83597617613101
1870.7797691107646,-38.3937501412412,-41.3638097384749
1870.1962445414847,-37.95557421242536,-36.494770800417214
1869.6130838790145,-32.7585842847344,-31.190554429698764
1869.0302867830424,-31.39498008058807,-30.13270851155646
1868.4478529136802,-40.96988972943096,-46.25943249021854
1867.8657819314642,-29.974637475465656,-29.88228172064713
1867.284073497353,-30.9907714004825,-31.23796512114258
1866.7027272727273,-33.97916029606391,-35.73617950489678
1866.12174291939,-33.09136668001243,-34.143426266006074
1865.5411200995643,-29.380706631890845,-30.20567058608613
1864.9608584758944,-35.504981739042236,-34.33483911206493
1864.3809577114428,-30.965122260151517,-32.0055715746209
1863.8014174696923,-30.08291968685377,-30.241682285069842
1863.222237414543,-34.831703539736694,-33.354808594245625
1862.6434172103138,-31.03354877460997,-30.610767489241667
1862.064956521739,-32.92955385427648,-31.727247592295143
1861.4868550139709,-43.81391371765481,-40.60265987258036
1860.9091123525761,-29.344692412599315,-29.012399871038852
1860.331728203537,-28.756901407570396,-29.303484867241608
1859.7547022332506,-32.28274003600494,-33.06140975552442
1859.1780341085273,-43.54862407953924,-44.083631019923914
1858.6017234965902,-36.897029256123815,-37.24942735186288
1858.025770065076,-60.37435844275636,-53.12788347751426
1857.4501734820321,-30.73408809575666,-30.948631707995432
1856.8749334159181,-32.71138757369748,-31.923172112533976
1856.3000495356036,-36.22660180400378,-36.47630108306221
1855.7255215103683,-30.55970989391075,-30.99640902114008
1855.151349009901,-35.97249094916744,-35.754555567488964
1854.5775317042994,-42.764587978744416,-41.111834975590156
1854.0040692640694,-29.82996353497863,-29.45027477327129
1853.4309613601235,-33.08092412782746,-33.57304964899792
1852.8582076637824,-39.556984378945955,-39.86217360635588
1852.2858078467718,-40.92290366071107,-42.905468223440025
1851.713761581223,-32.8502471012486,-32.22534508270597
1851.1420685396727,-41.91383651762588,-44.3710813966416
1850.5707283950617,-31.29268945129523,-31.96712537741
1849.9997408207344,-37.91614351973699,-36.473500941965014
1849.4291054904381,-34.021373841257216,-34.58960407432794
1848.8588220783224,-29.058025541044103,-29.323148533590356
1848.2888902589395,-30.21400120636524,-29.415427820256284
1847.719309707242,-45.61083704231835,-52.03180981976867
1847.1500800985827,-43.7106034385488,-43.90092825053186
1846.5812011087157,-33.54556090644702,-33.28391511363803
1846.012672413793,-35.8965204973927,-35.49154218779667
1845.4444936903662,-32.22334422093293,-31.01471908834968
1844.8766646153847,-36.55654787875487,-36.80291142030016
1844.309184866195,-44.22581209945564,-43.43152041063702
1843.742054120541,-44.41539178185782,-41.81927431500169
1843.1752720565632,-32.87167132930766,-31.3810990685714
1842.6088383527967,-33.815362937151164,-32.06160272667715
1842.0427526881722,-37.77610316189008,-39.36771905475352
1841.4770147420147,-35.87336801399586,-36.24290343107235
1840.9116241940437,-52.610011949969916,-46.01629724000479
1840.3465807243706,-32.54833192868877,-33.21695471996311
1839.7818840135012,-34.36135934573052,-32.349561165107204
1839.2175337423312,-30.996797429518452,-30.56400398940336
1838.6535295921497,-45.00859614695206,-47.513588887494834
1838.089871244635,-31.54403638801172,-33.00351540339865
1837.5265583818573,-31.96837804099711,-31.20921516023064
1836.9635906862745,-41.64283455679704,-39.39392789985793
1836.4009678407351,-28.772375171457597,-28.11384711029133
1835.8386895284752,-33.985113383598005,-33.55379714700176
1835.2767554331192,-37.27708473563483,-35.455434529551994
1834.715165238678,-26.18137404378892,-26.593066042519
1834.1539186295504,-39.58957588434207,-36.88328955048597
1833.5930152905198,-50.629061430134854,-41.82676016451957
1833.0324549067561,-38.261056383883655,-37.96195477016302
1832.4722371638143,-35.27315052868106,-36.23488510275568
1831.912361747632,-36.9711210448783,-39.94674050251048
1831.3528283445328,-28.568156108896986,-28.779991003660385
1830.7936366412214,-38.32010888884234,-35.29659953188825
1830.2347863247865,-39.63005477455373,-36.555944994133895
1829.6762770826977,-32.78096478236638,-34.70146366772944
1829.1181086028064,-32.07056028395424,-31.80962910465341
1828.5602805733454,-28.610098161918174,-28.94848346927749
1828.0027926829268,-45.621833377814355,-40.4776383695809
1827.4456446205425,-31.21952462375056,-32.09906212328765
1826.8888360755636,-36.80687638796671,-37.415865006190344
1826.33236673774,-28.384902831532358,-27.4503250876151
1825.7762362971987,-38.30385230307239,-41.87799551574578
1825.2204444444444,-40.68029615191004,-45.09135080241212
1824.6649908703591,-30.332695346491434,-29.172842458348768
1824.1098752662,-31.865893550640195,-31.351345816078904
1823.5550973236009,-33.35933058484453,-33.06499591916254
1823.00065673457,-29.942839135825196,-28.898717189467888
1822.4465531914893,-32.80796529393304,-33.86813170488507
1821.8927863871165,-30.92550442481594,-32.009167394893
1821.339356014581,-32.995864510745335,-31.919004021435327
1820.7862617673854,-28.6872120866213,-28.790748765616527
1820.233503339405,-41.706430756720394,-42.73177640360318
1819.6810804248862,-36.867509779301216,-38.79947016403587
1819.1289927184466,-38.08867100987824,-40.68036629730493
1818.5772399150742,-48.25614393465837,-46.18760328755961
1818.0258217101275,-41.73998367871938,-40.41100324019929
1817.474737799333,-43.13898945650418,-41.19036187672988
1816.9239878787878,-41.41458743915224,-41.267517612606966
1816.3735716449562,-30.008997377844295,-30.55609574896475
1815.8234887946699,-40.03264529777296,-39.158324581955625
1815.2737390251286,-33.89111885110448,-32.43373376452844
1814.7243220338983,-27.672319949284898,-27.253378804005067
1814.1752375189108,-33.18440410586432,-31.80940134227241
1813.6264851784633,-33.08651274679151,-33.618164161414356
1813.0780647112188,-31.517702260723993,-32.713036558738864
1812.529975816203,-48.62109482990279,-53.21647089271134
1811.9822181928075,-35.280746305336365,-37.56026381162637
1811.4347915407855,-44.906909665705726,-40.00002872186043
1810.8876955602536,-42.194484994132054,-42.41715488939674
1810.340929951691,-26.27630642134237,-26.955479497984143
1809.7944944159372,-29.128488113620037,-29.495053078730066
1809.2483886541945,-32.922033698748166,-33.56034185394283
1808.7026123680241,-43.4103510871805,-43.120946753865624
1808.1571652593486,-33.34736016117604,-34.995411942684896
1807.6120470304493,-36.23866988562877,-34.430199969962686
1807.0672573839663,-42.33393399329661,-45.478292991213365
1806.5227960228985,-42.76927799327153,-41.49762107459971
1805.9786626506025,-38.766241249516085,-38.066671412853836
1805.434856970792,-41.45823747461698,-47.54421723548366
1804.8913786875376,-31.9714555902422,-32.03461760428449
1804.3482275052663,-45.35894616717276,-48.566741772305576
1803.8054031287604,-31.375413371294158,-30.94079409492845
1803.2629052631578,-37.146763972479036,-39.4022139257052
1802.7207336139506,-30.42645759124555,-30.49634047826423
1802.1788878869852,-26.64372993380921,-26.46313288065774
1801.6373677884617,-31.716229215778796,-32.89834535054585
1801.0961730249323,-30.21422653231427,-30.973630987564505
1800.5553033033034,-29.286401646571235,-29.80905626401089
1800.0147583308317,-34.52634255793281,-36.284452493866425
1799.474537815126,-32.19726352316546,-33.32091105696368
1798.9346414641464,-32.088289234257914,-30.77424181372065
1798.3950689862027,-34.49242983938528,-32.88193887161957
1797.8558200899552,-31.381864333983188,-32.339776406669344
1797.3168944844124,-28.81084967215655,-27.92143633020096
1796.778291878933,-32.741513140102526,-33.40621544136006
1796.2400119832234,-28.133597611754496,-27.338640401750965
1795.7020545073374,-41.75543635412352,-42.555860421665656
1795.1644191616765,-28.48185482471017,-28.994965473951694
1794.627105656989,-42.821988441752794,-42.549453837394836
1794.0901137043686,-39.06958988053769,-37.85382537071807
1793.5534430152557,-46.20976154258038,-58.04192984068267
1793.0170933014354,-29.758847359235048,-30.71526330014005
1792.4810642750374,-35.14428141963283,-36.28975344263414
1791.9453556485355,-27.769097241138567,-27.08295164560961
1791.4099671347474,-36.631848304442585,-38.10658670154466
1790.8748984468339,-31.332846070081402,-31.854255166017154
1790.340149298298,-38.99897963897017,-36.91926970257491
1789.8057194029852,-33.085447435835775,-32.932181431353726
1789.271608475082,-36.11497901634458,-35.06345375240805
1788.737816229117,-36.760882711576286,-39.27043461357697
1788.2043423799582,-33.2119504215418,-34.35069453903607
1787.6711866428145,-32.561371260979016,-31.056525684179277
1787.1383487332341,-36.87239527152458,-39.983178263512016
1786.6058283671036,-26.96043637398496,-27.64482862837714
1786.0736252606496,-28.0268283208474,-27.165317447731795
1785.5417391304347,-46.66786413370396,-42.44199618849454
1785.0101696933611,-38.78779976081363,-35.887456561373185
1784.4789166666667,-41.18243439113603,-38.24306807721406
1783.9479797679262,-40.95242519782424,-46.8106449372989
1783.4173587150506,-36.58235180073537,-35.69728406146591
1782.887053226286,-31.416011837306925,-30.09358327435301
1782.3570630202141,-34.36815599663298,-32.3171405001727
1781.8273878157504,-37.007685560132,-40.61543830738971
1781.298027332145,-46.0099341614485,-41.387116888434136
1780.7689812889814,-39.52403581722682,-37.320950813394276
1780.2402494061757,-34.75014373716475,-32.662102060236904
1779.7118314039774,-40.83767707610899,-46.01946258197289
1779.1837270029673,-31.241508470530945,-31.361652422368408
1778.655935924058,-30.39469432517153,-31.77629533885799
1778.1284578884936,-32.192529217541036,-31.72683955566761
1777.6012926178475,-42.89635856418913,-40.928966820432734
1777.0744398340248,-31.36416072307459,-29.87083477669121
1776.5478992592593,-33.5920502025575,-32.6237376624229
1776.0216706161139,-34.133027275923794,-34.23938155528192
1775.49575362748,-28.36915286707635,-29.324797813473808
1774.9701480165777,-50.829808630121974,-54.190419496473496
1774.4448535069548,-40.790608783820645,-37.423106813226454
1773.9198698224852,-37.343347741218324,-34.90973997074708
1773.3951966873706,-32.166312947901574,-33.27062623840122
1772.8708338261383,-34.51747288002569,-32.679637338987575
1772.3467809636418,-36.669323097648416,-38.52831153509645
1771.8230378250591,-37.23186875796959,-34.92036994433242
1771.2996041358936,-30.193338000774943,-29.081304869591847
1770.7764796219728,-40.79053477721233,-40.80883404071359
1770.253664009448,-35.88227041006242,-36.99317015036404
1769.7311570247932,-25.448778326835125,-25.043413337502315
1769.2089583948068,-27.09204172381321,-26.880841615780852
1768.6870678466075,-38.112340732920885,-40.861339613152424
1768.165485107638,-35.34774346524891,-35.8127011641606
1767.6442099056603,-34.77440103722482,-36.27933424358737
1767.1232419687592,-29.907717842481375,-30.75227158657917
1766.6025810253388,-33.925361345191604,-34.20261762918635
1766.0822268041238,-28.78864046302361,-27.959238798212297
1765.562179034158,-40.235994696298135,-40.37249177176905
1765.0424374448041,-31.374770005495137,-32.27246088097543
1764.5230017657445,-30.046858945898194,-30.82987403099422
1764.0038717269786,-40.1091187765558,-42.02143524439872
1763.4850470588235,-34.00498124973059,-33.08132976453656
1762.9665274919141,-31.20812791271969,-30.876190490390528
1762.4483127572016,-33.801497805080444,-34.87281338772296
1761.9304025859537,-33.944676543701675,-34.861496512460846
1761.4127967097534,-30.523923303063654,-29.520216135078996
1760.8954948604992,-37.34317408737125,-39.689277222816244
1760.378496770405,-38.19175381390882,-37.78710079692418
1759.8618021719988,-36.26815170295215,-36.17444792773729
1759.3454107981222,-37.15592404108084,-38.5562567158707
1758.82932238193,-35.321142297690486,-34.069738486442176
1758.3135366568915,-38.03541894703291,-36.19299375377831
1757.798053356787,-32.17511876581956,-31.245469026638986
1757.2828722157092,-31.503750816902837,-30.236243555424764
1756.7679929680633,-33.80417150279253,-35.09408787804243
1756.2534153485647,-26.43172863021637,-25.92951285131916
1755.73913909224,-28.154467274571388,-28.82244265733452
1755.2251639344263,-36.73872837478764,-36.99224610414062
1754.7114896107696,-32.85213369320381,-34.21023110322277
1754.1981158572264,-37.07888937148418,-39.54559023699828
1753.6850424100614,-32.578189690992176,-34.38609830921909
1753.172269005848,-33.296764023423904,-31.765326355552688
1752.6597953814673,-32.28632110624757,-33.59452829574671
1752.1476212741088,-37.28693486069709,-35.503778833444485
1751.6357464212679,-33.062425340847525,-32.67996673881301
1751.1241705607476,-32.77170342514985,-32.42752501005289
1750.6128934306569,-37.40875024588054,-34.953967482848086
1750.1019147694103,-28.008031983099684,-29.01183188893326
1749.5912343157281,-31.809484073689603,-30.89949688536707
1749.0808518086349,-35.17953580875964,-35.871270511764024
1748.5707669874598,-31.93904987692288,-32.65161109528084
1748.0609795918367,-42.14467690581408,-50.300219010287705
1747.5514893617021,-31.14890421403838,-32.701755858562265
1747.042296037296,-35.12981437100784,-34.68548865430482
1746.5333993591612,-31.77485177923832,-32.33814798443494
1746.024799068142,-37.467131226156866,-34.17211411672834
1745.5164949053856,-27.343774830072405,-26.07132936113466
1745.00848661234,-27.919737670316252,-28.858383810228517
1744.5007739307537,-44.05357934423789,-40.276476536074014
1743.993356602676,-36.65338201925515,-33.818728793577705
1743.4862343704565,-33.4867491208591,-33.969738050368974
1742.979406976744,-42.7348675139168,-43.78789718417521
1742.4728741644872,-37.58473599060879,-35.19373179563506
1741.966635676932,-46.86543122686216,-51.49800011882262
1741.4606912576241,-26.298500438064465,-26.80945085962223
1740.9550406504063,-32.50263053412117,-30.392706627786467
1740.4496835994194,-41.062861889720196,-43.46393555092108
1739.9446198491003,-32.92740822135055,-34.53403924673076
1739.4398491441832,-39.42384966856365,-45.88985473291048
1738.9353712296984,-25.85924119674057,-24.949987726695937
1738.4311858509714,-37.71601371054457,-35.24680637360278
1737.9272927536233,-35.829914289998854,-40.421460814745316
1737.42369168357,-55.87390004210151,-42.58863885337773
1736.9203823870218,-34.64367904620768,-32.64644279687481
1736.4173646104837,-27.083857441289737,-28.471904833668432
1735.9146381007529,-27.976129778660024,-28.438755351024653
1735.4122026049204,-30.262051531030707,-30.89306939065243
1734.9100578703706,-33.95081822938734,-36.457964775313584
1734.4082036447787,-33.992466108463034,-37.656625307319345
1733.9066396761134,-38.13707689615025,-41.13866358611331
1733.4053657126337,-40.28026323947388,-37.534790198144705
1732.9043815028901,-38.31493078632853,-34.53406729481394
1732.4036867957238,-35.14843654084454,-32.16925224688707
1731.9032813402657,-35.911093937445074,-33.200431113281454
1731.403164885937,-41.83467407156674,-48.71388908238045
1730.903337182448,-32.7926010857618,-31.929638606543634
1730.4037979797981,-28.383377476801243,-29.178211004109826
1729.9045470282747,-41.571509555918496,-36.889551273392826
1729.405584078454,-36.18450368636876,-40.61625043232338
1728.9069088811993,-36.25385935256999,-34.534440792121885
1728.4085211876622,-45.98295254980356,-39.40840710476088
1727.9104207492796,-32.55345848961234,-31.474256116235452
1727.4126073177758,-38.525371328557966,-35.076097008710676
1726.9150806451612,-30.297678273001097,-31.317573150039223
1726.4178404837317,-26.514784609087755,-27.31847264402795
1725.9208865860678,-32.235426880281054,-30.506456701434885
1725.4242187050359,-28.66894622827236,-29.80447646460685
1724.927836593786,-33.38560658098682,-31.50005884548169
1724.431740005752,-34.21472446258851,-32.897694909117476
1723.9359286946521,-29.545447614651906,-30.625079357147015
1723.440402414487,-29.032372534775092,-28.863770011973017
1722.9451609195403,-39.49604281026096,-38.16340716860982
1722.450203964378,-32.84712754023842,-33.019810443652105
1721.9555313038484,-30.572007514582438,-29.865391100642213
1721.4611426930808,-37.94519861203081,-40.98654680424032
1720.9670378874857,-33.671610779296046,-32.77999656958467
1720.4732166427546,-30.31330109235192,-30.11729631697689
1719.9796787148593,-36.17709287257843,-34.25545413210351
1719.4864238600517,-33.05348805025942,-31.801756189891236
1718.9934518348623,-30.116751390053295,-29.185230496790595
1718.500762396102,-33.12664175035739,-34.14890082435106
1718.0083553008596,-26.346521620623534,-26.7940407642826
1717.5162303065024,-30.25298706109031,-30.355726843104307
1717.0243871706757,-29.46193252141289,-29.698667129471218
1716.5328256513026,-34.5505135810517,-33.881318205236326
1716.0415455065827,-36.03628282959919,-35.69751448161047
1715.550546494993,-30.338785318823042,-30.257174580633503
1715.059828375286,-37.2304836549455,-37.640795165147935
1714.5693909064912,-32.141601998214455,-32.2617657148313
1714.079233847913,-33.508430436435404,-33.526399314025255
1713.589356959131,-40.119181299389524,-39.34174787419754
1713.0997599999998,-27.935097190297043,-27.85754609579122
1712.6104427306484,-27.110817273411627,-26.876286573427606
1712.1214049114792,-28.312652799426715,-28.193184718057225
1711.6326463031687,-27.298624540436904,-27.385633562094156
1711.1441666666667,-24.092272353043384,-23.868573671067125
1710.6559657631954,-31.45729209947804,-31.57541280313619
1710.16804335425,-32.31299779806828,-31.97381322272018
1709.6803992015969,-38.15170646365799,-37.84864257709084
1709.1930330672749,-32.22502767710485,-32.1051868124341
1708.7059447135937,-35.071359641118235,-34.78135649776725
1708.219133903134,-31.179798315945575,-30.986518116994645
1707.7326003987469,-32.99589549251378,-32.92120177189038
1707.2463439635535,-38.245400343848914,-37.994405963482265
1706.760364360945,-35.600830955212714,-35.52890485935406
1706.2746613545817,-28.97438072725835,-28.91089934705623
1705.7892347083928,-36.05837434006226,-35.90746340668379
1705.3040841865757,-30.549973649467162,-30.4542919861983
1704.819209553597,-33.9856230268047,-33.85430197066562
1704.33461057419,-30.989516989296803,-30.92588790362707
1703.8502870133561,-35.727286164398194,-35.70877808079318
1703.3662386363635,-28.888234498236656,-28.77778769128473
1702.8824652087476,-38.878235693924964,-38.73750608029776
1702.398966496309,-29.352666442659554,-29.27737292762636
1701.9157422651151,-29.90629919577647,-29.79826508742225
1701.4327922814985,-28.82400632083879,-28.717314342851367
1700.9501163120567,-33.1531506913302,-33.06488861320777
1700.467714123653,-31.74946660717258,-31.63109925786027
1699.9855854834136,-39.71487915084889,-39.47467515366084
1699.5037301587301,-48.326997790953314,-48.47409935388235
1699.022147917257,-33.58946665871353,-33.55835194267412
1698.5408385269122,-37.50391197809314,-37.479100054167176
1698.0598017558766,-26.089519457164087,-26.076760813221014
1697.5790373725933,-35.46620583254584,-35.686305588061956
1697.0985451457684,-43.756214932694135,-44.63669423610649
1696.618324844369,-31.28992534857467,-31.422332446787138
1696.1383762376238,-30.887296443277805,-30.516003223785177
1695.6586990950227,-28.23819752469022,-28.19692639927716
1695.1792931863163,-30.585292837270018,-30.48698316851862
1694.700158281515,-35.32618723298056,-35.341254184986255
1694.22129415089,-31.000479496846552,-30.685374881820522
1693.7427005649718,-36.29563770616424,-36.01458303828919
1693.2643772945496,-60.31178515286446,-60.74532994908712
1692.786324110672,-27.07941776090017,-26.652519567291776
1692.3085407846456,-29.157130071849153,-29.602976488353832
1691.8310270880363,-38.187923776852486,-39.077235629588685
1691.3537827926657,-40.24940643847542,-41.18112385421047
1690.8768076706149,-26.63075436652882,-27.028040534173485
1690.4001014942205,-25.14488991576313,-24.954299100861263
1689.9236640360766,-30.140066898445482,-29.272604458710262
1689.4474950690335,-32.911139954083794,-33.91742679385804
1688.9715943661972,-30.35862546523485,-29.60752577496463
1688.4959617009295,-35.67657631738682,-36.59172856091821
1688.0205968468467,-28.68477961112474,-28.372810714236962
1687.5454995778216,-35.33622919046472,-36.50630303445119
1687.07066966798,-27.136042259306507,-26.88834382162098
1686.5961068917018,-33.68354195613868,-33.67944790684679
1686.121811023622,-28.780738821695863,-29.431418482501144
1685.6477818386281,-27.611800284330357,-28.380282279950038
1685.1740191118606,-32.00899884755039,-30.594836544714937
1684.700522618713,-26.37728111203252,-25.86602276643218
1684.2272921348315,-27.08134275887464,-27.798612528316895
1683.7543274361135,-40.56013686768968,-37.24162741968341
1683.2816282987087,-36.489045773147225,-37.20927716232815
1682.8091944990176,-41.8395913353656,-43.55803565015988
1682.3370258136924,-31.995091866216583,-30.52461548269339
1681.8651220196352,-36.54864084728068,-34.21825356097882
1681.3934828939987,-37.45303849117609,-39.433859365166015
1680.9221082141855,-32.67618263759,-32.206949969130775
1680.4509977578477,-32.11722460900752,-32.80966535375474
1679.980151302886,-30.57327349105789,-29.39434914294644
1679.509568627451,-39.431107049879515,-36.4056249259783
1679.0392495099413,-39.1393198122115,-39.00767219722671
1678.5691937290035,-37.89290992016252,-37.26566599243206
1678.099401063532,-29.529191441233294,-29.108581978433804
1677.6298712926691,-37.89185395172156,-35.3648771007188
1677.1606041958041,-29.155759725329446,-29.1613409768441
1676.6915995525726,-27.663356588793604,-26.771437349009247
1676.222857142857,-30.586882206401057,-30.88567647839257
1675.754376746786,-39.961276833882025,-40.91303993355719
1675.2861581447332,-37.59630334685461,-35.51930325824263
1674.8182011173185,-26.78988606759181,-27.330098345182464
1674.3505054454063,-25.164308936276868,-25.57566060631335
1673.8830709101062,-34.38356576317413,-33.20105332143028
1673.4158972927714,-24.31151471855877,-23.837915048265117
1672.948984375,-34.94367591303235,-34.6285578147603
1672.4823319386333,-29.53046314599318,-29.892042211674962
1672.0159397657555,-32.26285153654818,-32.91578588771158
1671.5498076386953,-33.24420037137507,-34.00925927777489
1671.0839353400224,-30.660181167560907,-31.244287364870516
1670.6183226525495,-29.51066617514907,-29.324178365119806
1670.1529693593316,-32.30194483842432,-32.77565868831054
1669.6878752436648,-32.92427918577373,-32.34967544844902
1669.223040089087,-32.13397175383348,-32.382974309328844
1668.7584636793765,-31.274984575323472,-31.516748267256915
1668.2941457985532,-49.140735960401386,-49.43171847561773
1667.8300862308763,-37.22290528846305,-37.87255679599657
1667.3662847608455,-40.54438353243161,-40.87022405889256
1666.9027411732,-32.30276641697235,-32.143028150262424
1666.4394552529182,-40.309383492084024,-39.67474438255398
1665.976426785218,-50.02392159057355,-47.090916551579326
1665.5136555555557,-34.383200509541766,-33.73050483928337
1665.0511413496251,-26.887062155347778,-27.05540993157142
1664.5888839533593,-31.97943842907854,-32.37330224570836
1664.126883152928,-40.61696746305391,-39.687111526111934
1663.6651387347392,-31.604824362578213,-32.29930933041102
1663.2036504854368,-42.93232198708013,-40.079902493582054
1662.7424181919025,-31.168630021547116,-31.084866292430505
1662.2814416412532,-26.66896935919992,-26.288506514245583
1661.8207206208426,-31.860910343072376,-32.94620932372702
1661.36025491826,-27.965929404866714,-27.3531557007377
1660.9000443213297,-27.75280395360339,-28.16785230709469
1660.4400886181113,-32.00554092973208,-32.51277982138738
1659.9803875968992,-33.661249713374175,-34.127621815418294
1659.5209410462219,-35.1359953777221,-33.17587438651931
1659.0617487548425,-31.517652192273417,-32.6505891068921
1658.6028105117564,-35.967062259820395,-36.14627767505935
1658.1441261061946,-28.757616014075765,-29.674400533661796
1657.6856953276194,-34.34518553851164,-32.45815234283249
1657.227517965727,-28.663349554312063,-27.87776769216994
1656.7695938104448,-36.058310106214165,-33.43272833645737
1656.3119226519336,-34.36102955777248,-35.96150481626229
1655.8545042805854,-29.780567422419992,-28.382421645621477
1655.3973384870237,-45.12640359893798,-42.880378503271785
1654.9404250621033,-25.824993661403184,-25.005506477763035
1654.4837637969094,-28.809989883075232,-30.114356542058644
1654.0273544827587,-33.04391762539346,-35.2393695878702
1653.571196911197,-34.67956522107703,-35.20301249572317
1653.1152908740005,-32.23670518786754,-32.971754106799196
1652.6596361631753,-31.358369634564824,-29.72330992982471
1652.2042325709563,-33.29288750181125,-35.07381696594892
1651.749079889807,-35.03568130926429,-32.724826522356366
1651.2941779124208,-37.12117606424853,-35.04775977417931
1650.839526431718,-34.76362001814179,-35.58646686790779
1650.3851252408476,-44.28611249365967,-54.57412659819458
1649.9309741331865,-34.45205860154941,-37.2328299372566
1649.4770729023385,-32.28661746441962,-33.65080858860101
1649.023421342134,-30.968526669999378,-32.61003929246472
1648.5700192466318,-31.578200721709933,-30.48623658932594
1648.1168664101156,-31.48172749077635,-33.57736217061084
1647.6639626270953,-34.061837891480636,-32.889638585413834
1647.2113076923076,-32.43481838107034,-32.71855525512733
1646.758901400714,-30.05499807042581,-28.887619180026704
1646.3067435475014,-30.180798763232687,-31.84212474096772
1645.8548339280812,-31.788252972790943,-31.25151651849818
1645.4031723380901,-37.68596546435826,-41.022263246937754
1644.9517585733881,-30.206639399896105,-30.14814217993886
1644.5005924300604,-33.06700638981913,-32.63170320704346
1644.0496737044145,-29.824475760025777,-28.424556009249457
1643.5990021929824,-28.030544854415965,-27.725224563552715
1643.1485776925185,-32.43443969949708,-33.93498585121712
1642.6984,-35.42946252840373,-38.19096455809513
1642.2484689126268,-35.00696464107942,-33.06853714634234
1641.7987842278205,-29.386631749254505,-30.48075449223397
1641.3493457432248,-34.756731135892565,-32.96448168763517
1640.9001532567052,-31.717252281666006,-32.42905684089983
1640.4512065663475,-33.93459350340184,-34.99828863207479
1640.0025054704595,-43.506755451983324,-38.67174791307305
1639.554049767569,-31.830111026047476,-30.895698532528897
1639.1058392564241,-30.62788956960621,-29.31560604407541
1638.6578737359935,-27.379025043869362,-26.534067217261864
1638.2101530054645,-29.047661131232005,-28.111609069699355
1637.762676864245,-29.267210029653242,-30.474074385938522
1637.3154451119606,-33.36094522906619,-35.37841889280388
1636.8684575484576,-34.22674318411826,-32.878746319582646
1636.4217139737991,-36.04074738779322,-38.93954458368147
1635.9752141882675,-33.488329988722896,-32.36152943489394
1635.5289579923622,-27.932017178593313,-28.988827274866438
1635.0829451868012,-29.391101875957148,-29.654162317522534
1634.6371755725193,-29.987192387135295,-29.74134061031593
1634.1916489506677,-27.428127666158005,-26.324285511789284
1633.7463651226158,-28.36531266024788,-29.431326136105625
1633.3013238899482,-28.17358730405296,-28.01583671975085
1632.8565250544661,-33.20771548073576,-31.32775730244687
1632.4119684181867,-30.792015705688456,-30.227305159957226
1631.9676537833425,-31.43680652625129,-32.96903075742314
1631.5235809523808,-34.69093703702116,-36.80470054587819
1631.0797497279652,-30.836422499743733,-32.7358387439745
1630.6361599129725,-41.642382912891506,-39.11970591973322
1630.1928113104948,-38.68148305931497,-34.98220312567504
1629.749703723838,-26.082626492906158,-26.512134563614026
1629.3068369565217,-33.3835428646653,-31.251909159772552
1628.8642108122795,-55.71692189851426,-46.270449894350165
1628.421825095057,-25.12456454904536,-24.59938635316989
1627.9796796090143,-33.463093042797865,-32.03324001698921
1627.5377741585235,-27.256979548443,-26.04119449467545
1627.0961085481683,-28.375316540897487,-29.756571898624557
1626.6546825827454,-26.682375220791798,-25.42406427195904
1626.2134960672633,-30.027799350913526,-28.27175178889739
1625.7725488069416,-33.07556908909696,-33.22472761222427
1625.3318406072106,-41.63098473946188,-36.686091467262926
1624.8913712737128,-27.870455095867683,-26.426362374918156
1624.4511406123004,-37.04813049158507,-39.09296587748726
1624.0111484290358,-29.54646169042853,-31.077591146924917
1623.5713945301923,-31.965898240167505,-30.82988883519552
1623.1318787222522,-28.974138638882593,-30.409020998040248
1622.692600811908,-27.483274889606307,-26.538803543416222
1622.2535606060605,-44.377115243022374,-49.63141629618302
1621.8147579118204,-33.14149992113376,-31.207291765581616
1621.3761925365063,-37.145096705171014,-33.8068902256377
1620.9378642876454,-35.79092673670765,-34.93117077419127
1620.499772972973,-36.67475240637616,-39.758126596657476
1620.0619184004324,-26.81797985155434,-27.784403572155313
1619.624300378174,-23.718260522414695,-23.365214145423195
1619.1869187145558,-28.078057776634225,-28.37059034174088
1618.7497732181425,-30.99844383160159,-29.797383299602288
1618.312863697706,-29.495907118897875,-30.018393760655087
1617.8761899622234,-34.687502922419,-34.94605585588478
1617.4397518208793,-53.91332764721521,-42.60814879572625
1617.0035490830637,-29.846326989927675,-30.785538311111154
1616.5675815583716,-40.19503094779158,-36.696739871331644
1616.1318490566036,-37.673080982007136,-35.434655011240594
1615.696351387766,-25.985334049874055,-26.67157789767954
1615.261088362069,-32.12443826535211,-33.85486424084401
1614.8260597899273,-31.194839149258584,-29.90882754694003
1614.39126548196,-31.196220398470743,-32.65772911912306
1613.9567052489906,-28.077236873338464,-26.866378060453528
1613.5223789020451,-49.0034844183556,-41.36309218469019
1613.088286252354,-35.698287301065236,-36.7437930450365
1612.65442711135,-29.02576761326422,-30.013294218767086
1612.2208012906694,-29.742820801445603,-29.28573810304981
1611.7874086021504,-36.19653469414983,-33.897862922809836
1611.354248857834,-32.87014640572001,-32.19611732436623
1610.9213218699624,-32.708906845713315,-33.36689259047755
1610.4886274509804,-35.11919275673576,-33.02575024762113
1610.0561654135338,-34.932812142052015,-35.61283939093853
1609.6239355704697,-34.85588125630049,-35.657245728360564
1609.1919377348363,-32.1134904863339,-32.08216569031889
1608.7601717198818,-36.225852776534296,-34.441422946761904
1608.3286373390558,-27.10640952100765,-27.660125207658226
1607.897334406007,-32.78965312758392,-32.138752483351524
1607.4662627345845,-29.758674361780024,-30.828671152569868
1607.0354221388368,-37.290018674146,-35.29882369390326
1606.6048124330118,-30.641507537017944,-31.631082491465875
1606.1744334315563,-37.545796406823925,-40.88714477253545
1605.744284949116,-40.88009767254998,-44.03847644056596
1605.3143668005355,-32.439503514669255,-34.059501991182444
1604.8846788008566,-33.65330930014373,-32.300825286103006
1604.4552207653196,-30.29029030763617,-29.953532072337723
1604.0259925093633,-24.466224923162613,-24.990379260505946
1603.5969938486226,-29.705780767842768,-28.456266546402205
1603.1682245989305,-26.3573104807637,-25.604471389490087
1602.7396845763164,-29.05677895496906,-27.681446008109774
1602.3113735970069,-31.038326615510655,-32.1575542274074
1601.8832914774246,-37.36016276958635,-36.35479694043114
1601.455438034188,-41.46428184509516,-45.391073050045904
1601.027813084112,-35.72546288787497,-38.61074320909033
1600.6004164442072,-26.658737326768417,-27.112420495134174
1600.1732479316786,-33.92465494832818,-32.265518904417334
1599.7463073639274,-27.24763243233248,-27.51721245540371
1599.319594558549,-28.770668144553767,-30.982674866853856
1598.8931093333333,-32.22949625827765,-29.94807434218329
1598.466851506265,-32.89899020720914,-30.1473874312196
1598.0408208955225,-26.531468376643502,-28.387477715765428
1597.6150173194776,-34.3430823370099,-31.02179647342011
1597.1894405966968,-31.17816198217615,-32.01103176491604
1596.7640905459386,-32.62656416895733,-31.25403428574363
1596.3389669861556,-36.25077671544322,-36.89217156521782
1595.914069736492,-29.10257528502335,-31.598132755627475
1595.4893986162851,-30.382100055874574,-33.67311556362783
1595.0649534450652,-27.522954009162575,-28.242530266631647
1594.640734042553,-24.957540167945197,-25.275543891085974
1594.2167402286625,-36.830408951693684,-40.31845312349658
1593.792971823498,-25.226207596764354,-24.801591985234992
1593.3694286473558,-44.716522878750894,-49.43407039998293
1592.9461105207226,-27.493559766371177,-26.07143661840915
1592.5230172642762,-29.03637987775359,-28.394791489078457
1592.1001486988848,-33.72022074812786,-31.081928673889777
1591.6775046456066,-34.72172964721783,-38.23164232031253
1591.25508492569,-26.244201837167836,-25.42733234841249
1590.832889360573,-30.608560430725177,-29.047377493485826
1590.4109177718833,-30.36914924581994,-29.31066162680834
1589.9891699814373,-38.33045337221377,-34.88142323856853
1589.5676458112407,-36.73896097959151,-40.414010465794505
1589.1463450834879,-51.24854928015979,-38.181603149405746
1588.7252676205617,-23.900750656002415,-24.507702553353155
1588.3044132450332,-28.032570351244047,-26.00522546162118
1587.883781779661,-24.831279976099736,-24.64864244971632
1587.4633730473922,-26.140615189862174,-27.364759359248907
1587.0431868713606,-21.873345121656016,-24.675975794060648
1586.6232230748874,-26.430011878147482,-29.131521996703114
1586.2034814814815,-21.69380511762718,-22.122788978440056
1585.7839619148374,-23.00179908579308,-24.482241658120117
1585.3646641988366,-26.671673727651907,-24.138584649017915
1584.9455881575468,-23.038367087811352,-22.559774553132556
1584.526733615222,-25.20832345690387,-23.241276494354665
1584.1081003963013,-24.85594076115065,-23.83174999752488
1583.6896883254094,-19.148768855026262,-19.269405958156952
1583.2714972273568,-24.469307174183868,-26.632219989277345
1582.8535269271385,-22.806700410009583,-23.287124656018747
1582.435777249934,-21.183934030289365,-17.864801287995803
1582.0182480211083,-21.676039174923503,-24.824990970928027
1581.6009390662095,-26.759276023947976,-21.129095398465964
1581.1838502109706,-20.360576783361083,-28.053088221201605
1580.7669812813076,-22.357907277056242,-25.290941517561052
1580.350332103321,-24.302575167588813,-19.70395829894359
1579.933902503294,-23.71132910193488,-21.969965629341274
1579.5176923076922,-26.46867406791462,-18.256768839332594
1579.1017013431656,-26.19040106111207,-17.82889577210058
1578.6859294365456,-22.037275629594134,-20.10704480027674
1578.270376414846,-26.14094474491968,-16.36289779683186
1577.8550421052632,-28.07479349146378,-15.305523675542233
1577.439926335175,-29.77090077816611,-14.93105115348844
1577.025028932141,-19.58206338197762,-15.269778686832566
1576.6103497239021,-17.517750637588293,-14.438627836014732
1576.1958885383806,-17.782196737331006,-13.109821123123126
1575.7816452036793,-19.35571375605737,-13.093674561449248
1575.3676195480818,-16.778007581939264,-12.73511413554975
1574.9538114000527,-13.249548886619735,-10.342354074349586
1574.5402205882353,-14.163564065750094,-10.556066484432435
1574.1268469414545,-14.056806986334706,-10.402531953851266
1573.713690288714,-11.036659119314734,-8.801488231839969
1573.3007504591972,-10.569010905925566,-8.37109362357161
1572.8880272822666,-10.808576171737272,-8.986180544855003
1572.4755205874637,-9.938997229885487,-7.570782487410142
1572.0632302045096,-8.40434441595393,-6.703685329605037
1571.6511559633027,-8.087810227384367,-6.695977166123242
1571.2392976939204,-7.560652690391436,-6.232588886083178
1570.827655226618,-7.255630461150147,-6.34633120332559
1570.416228391828,-6.304700235369722,-5.252484888330841
1570.0050170201625,-6.200411345592315,-5.309530823696591
1569.5940209424084,-5.286928030954627,-4.8857023557595625
1569.1832399895313,-4.07317906526859,-3.6875909600248207
1568.7726739926738,-4.905573203837008,-4.185558985517062
1568.3623227831547,-3.463152508291728,-3.3294384444125598
1567.9521861924686,-3.4323884240921103,-3.3720745182291836
1567.5422640522877,-2.8261693894894933,-2.864485939369956
1567.132556194459,-2.446794170452364,-2.347682626438967
1566.7230624510062,-1.8615058792857582,-2.257815633698911
1566.3137826541274,-1.5375004495599711,-1.720595791403241
1565.9047166361975,-1.5559067056881304,-1.839938928250362
1565.495864229765,-1.3784076155700404,-1.4569231562227287
1565.0872252675542,-0.8782102216144807,-1.380949313394666
1564.6787995824634,-0.5216178146212087,-0.7884195161775409
1564.2705870075658,-0.8261379810805494,-1.040758878576355
1563.8625873761086,-0.6288927829965161,-0.9600514720159339
1563.4548005215124,-0.2429343023583641,-0.7451524939473018
1563.0472262773724,-0.07439184198710791,-0.5727898832903122
1562.6398644774565,0.0,-0.726570676082261
1562.2327149557061,-0.25387048643439414,-0.8534352544868256
1561.825777546236,-0.39780844511453495,-0.7737262838930121
1561.4190520833333,-0.42417558365026764,-0.8100542416750045
1561.012538401458,-0.49872155443104305,-0.9817931990343141
1560.6062363352419,-0.6983924543562097,-1.1022749997136856
1560.20014571949,-0.5930479264263937,-1.1853187394373066
1559.7942663891781,-0.6112816187483219,-1.1206855588207674
1559.3885981794538,-1.379829611473113,-1.5363858164321442
1558.9831409256371,-1.568422575494239,-1.98580247846958
1558.577894463218,-1.7221171305789795,-2.154636594541259
1558.1728586278587,-2.1503067406228666,-2.1313453105055657
1557.768033255391,-2.2614397343191683,-2.5611749111841675
1557.3634181818181,-2.7593387611120335,-2.924497902874151
1556.9590132433134,-3.123862402872959,-2.847413657515176
1556.55481827622,-4.171967744843144,-3.7793345322469776
1556.1508331170517,-4.04213865244931,-4.16696213338615
1555.747057602491,-4.363825996629558,-4.06557733032939
1555.3434915693904,-4.758041588807373,-4.541853468259944
1554.9401348547717,-5.642364605992171,-5.267182016933631
1554.5369872958258,-5.923891384782422,-5.574622355783589
1554.134048729912,-6.474203238517703,-5.256673969100177
1553.731318994558,-6.663617528284064,-5.865633884711343
1553.3287979274612,-8.378944390356963,-7.189761500864805
1552.9264853664854,-8.381347637826863,-7.298025464268335
1552.5243811496632,-9.808019617758575,-8.27170142183867
1552.1224851151956,-10.150901717285208,-8.272364142670583
1551.7207971014493,-10.72576578833771,-8.177728727396897
1551.3193169469598,-12.35900540834875,-9.349203989227405
1550.9180444904293,-12.248303429845336,-10.158025328388007
1550.5169795707266,-13.149899279685727,-10.294324847720688
1550.116122026887,-15.552907284801947,-10.532762243358249
1549.715471698113,-15.410082683463017,-11.277716750653425
1549.3150284237724,-16.983686135995768,-11.369111452130127
1548.9147920433995,-18.72080695966757,-11.585880657613004
1548.514762396694,-19.785019593461115,-14.145049976961886
1548.1149393235219,-17.29797025413312,-14.590262871625796
1547.7153226639132,-18.244392643881937,-12.63350515542426
1547.3159122580646,-20.106594819045014,-15.31877223903983
1546.9167079463364,-35.28052872966474,-13.932461673198603
1546.5177095692545,-20.675211056202144,-16.12570934982169
1546.118916967509,-29.29262148342805,-16.161974692366996
1545.7203299819541,-25.674871006891905,-17.44480416518742
1545.3219484536082,-28.873835513233317,-16.73708788953762
1544.9237722236537,-23.682280577272493,-20.187955696019387
1544.5258011334363,-25.234462469139473,-18.1575411811706
1544.1280350244656,-27.655407612193173,-19.992621574479287
1543.7304737384138,-25.296534308319977,-22.18373754010706
1543.3331171171171,-27.01203440034756,-20.982545335636686
1542.9359650025733,-33.64132805183833,-19.749898233573603
1542.5390172369437,-29.599603415440967,-21.94069011678191
1542.1422736625514,-23.550449323678535,-25.557623366721614
1541.7457341218822,-19.531062538112437,-20.707152757697415
1541.3493984575834,-27.800956600791594,-23.14796064297751
1540.9532665124648,-24.121965980151472,-29.765576139414563
1540.5573381294964,-26.203125833355713,-30.42829991259093
1540.161613151811,-27.374189016583827,-28.652117033707853
1539.7660914227017,-23.390893245533775,-42.317049457975784
1539.3707727856224,-31.01289422705547,-22.465549792402626
1538.975657084189,-25.682948540062952,-24.342728110065465
1538.5807441621762,-25.625643137995937,-25.609907227057718
1538.1860338635197,-27.05105572511853,-29.796176579028597
1537.791526032316,-27.8879376054834,-42.492916023075836
1537.3972205128207,-29.38985685604736,-30.26688001542105
1537.0031171494488,-24.68129718806516,-30.23578727270599
1536.609215786776,-30.69226662408262,-30.852883560670776
1536.2155162695362,-24.14711988963829,-26.40989998794619
1535.822018442623,-29.2802695822253,-25.938060271954058
1535.4287221510883,-31.01267232539955,-37.1647821142475
1535.0356272401434,-25.59122628430309,-24.26787284288018
1534.6427335551575,-37.11441015194207,-51.79339208235352
1534.250040941658,-26.62303204424414,-28.367305409523212
1533.8575492453313,-29.56870954533899,-30.3057591267564
1533.4652583120205,-25.010591131767555,-25.723386894594896
1533.073167987727,-27.7276785816819,-28.352370003421
1532.6812781186095,-32.436747389839965,-31.294079657899303
1532.289588550984,-25.070560205045396,-25.52156779559978
1531.8980991313235,-35.89548232985807,-35.86928497777605
1531.506809706258,-26.317861646731686,-25.82149800141785
1531.115720122574,-39.8547681018094,-43.2264188450378
1530.7248302272149,-40.3843738475163,-36.473630058444016
1530.3341398672792,-28.391242507407654,-27.03917587100277
1529.943648890023,-41.60136388219722,-52.22196887293573
1529.5533571428573,-35.692541672354324,-32.456374173376176
1529.1632644733486,-32.74130826391497,-31.27399292611257
1528.7733707292198,-43.68733311612657,-52.80190846593469
1528.383675758348,-33.77161938549101,-35.5789614693728
1527.9941794087667,-42.946602961587715,-40.67828720315869
1527.6048815286624,-27.42499468080065,-25.63946704108686
1527.215781966378,-29.544861825824043,-28.70635766547018
1526.82688057041,-34.17637074672682,-30.500000455607264
1526.4381771894093,-24.82598231500451,-26.234149722969974
1526.0496716721811,-34.43955561256455,-33.941769986970044
1525.6613638676845,-30.918762291697178,-34.80721952791056
1525.2732536250319,-36.083145200482264,-34.92960843390618
1524.8853407934891,-33.09117489798045,-30.073717821153892
1524.4976252224765,-26.004296514472216,-27.530576545489524
1524.1101067615657,-32.11741446844617,-28.965882838046625
1523.7227852604829,-31.11176197771313,-31.2103688269559
1523.3356605691056,-38.004634264570925,-35.92079753462416
1522.948732537465,-29.730018093786512,-32.178245824714836
1522.562001015744,-29.653065079745076,-29.99705797439323
1522.1754658542777,-36.625523107526575,-31.746752815835563
1521.7891269035533,-28.37464055322998,-31.48389028815386
1521.4029840142096,-27.75871115351923,-30.54227541037376
1521.017037037037,-29.06636508566531,-31.559414263056723
1520.6312858229774,-39.04236069683388,-34.506205016661184
1520.2457302231237,-30.309022207794,-31.945297583724667
1519.86037008872,-27.075302522916374,-25.37894859172731
1519.4752052711606,-45.91324374595659,-36.2380811338674
1519.0902356219913,-34.47155967980335,-32.13086674831273
1518.7054609929078,-33.945258916100826,-31.87301129299773
1518.320881235756,-27.894183477745216,-25.943562923862757
1517.9364962025318,-51.23584290935169,-38.03919106724389
1517.5523057453809,-26.46682020373909,-28.167415786296814
1517.1683097165992,-45.642544545502986,-36.437611156659344
1516.7845079686313,-25.10422996014846,-26.91474826480946
1516.4009003540718,-31.159037737692827,-30.266332030702458
1516.0174867256637,-33.81901018982903,-34.275108271134954
1515.6342669362994,-28.94365290897666,-28.860307024797905
1515.2512408390194,-33.08499859105085,-31.674835594908373
1514.8684082870136,-35.828940394969706,-34.32025553658171
1514.4857691336197,-40.109511000025535,-34.58168902926029
1514.1033232323232,-29.82454493217479,-31.27960237618332
1513.7210704367583,-31.077439284268976,-31.99177180137461
1513.3390106007066,-24.867947714343458,-23.767623332892853
1512.9571435780974,-25.096983780924475,-25.524500697937512
1512.575469223007,-31.781501353330114,-33.03079038327739
1512.1939873896595,-37.737582254123836,-33.18119580112143
1511.8126979324256,-26.709688462064136,-25.14842780705287
1511.431600705823,-33.96363791468535,-38.984888462393016
1511.0506955645162,-25.56766896932173,-24.12742133583886
1510.6699823633157,-32.33658821844445,-35.993252810979826
1510.2894609571788,-29.823331997416446,-30.458406039819536
1509.9091312012088,-30.06847411784976,-28.185317544554707
1509.5289929506546,-34.195639178893956,-31.10150837834955
1509.1490460609111,-35.28796638004677,-31.87621883135516
1508.7692903875188,-24.417670701424143,-24.424213300599817
1508.3897257861636,-29.52627103422826,-31.497119740537286
1508.010352112676,-30.013508655801914,-31.564189783772733
1507.6311692230324,-33.93763063937793,-36.56095384051885
1507.2521769733535,-28.389662385909432,-28.73727301408941
1506.8733752199046,-31.89429137035812,-34.066151631012005
1506.4947638190956,-46.36689208887107,-38.74573321341707
1506.1163426274807,-27.286499479485585,-27.22629974701205
1505.7381115017579,-43.33349281325751,-44.13090811748292
1505.3600702987696,-33.25963835330644,-30.9158093141924
1504.982218875502,-26.669421856143416,-27.467086572942534
1504.604557089084,-28.53634965289727,-27.150205250290227
1504.2270847967889,-25.03632694756992,-24.248919505892886
1503.8498018560322,-33.16264551321102,-36.01088053438208
1503.4727081243732,-31.031640534307755,-31.358892360343347
1503.0958034595137,-33.82669771785298,-32.948853130790965
1502.7190877192982,-29.01030526007189,-27.989771649601366
1502.342560761714,-30.311006839682292,-30.54001589817487
1501.9662224448898,-27.2738826275194,-28.43513396028213
1501.5900726270975,-42.63124022902717,-43.76121861392404
1501.21411116675,-35.97537114798733,-33.276791127358095
1500.8383379224028,-28.091694051528904,-28.304091238088816
1500.4627527527527,-24.963712292929344,-25.738230724943307
1500.0873555166374,-25.885784093902785,-26.637690329743876
1499.7121460730366,-32.497593407774374,-30.63808490605821
1499.3371242810704,-31.678863502110246,-30.390076551454015
1498.96229,-41.72238002570593,-40.32871232040692
1498.5876430892276,-27.37479780789947,-27.4967003100722
1498.213183408296,-29.2092435928394,-28.07723709404449
1497.8389108168872,-33.537326969885,-31.76985673531594
1497.4648251748251,-29.553033640034002,-28.568309217261557
1497.0909263420724,-30.871296786099478,-29.602601643796632
1496.7172141787319,-29.609222941658132,-28.742636820350143
1496.3436885450462,-26.85294466388349,-27.651606426839393
1495.9703493013972,-26.21086267834211,-25.44125293812165
1495.5971963083064,-39.09648526383914,-36.43741911746021
1495.2242294264338,-27.18112110750461,-27.590747164196173
1494.8514485165795,-25.72936210197416,-25.254770537931492
1494.478853439681,-28.96534239985435,-29.751493029023194
1494.1064440568152,-39.28695466544353,-39.442188000091775
1493.7342202291977,-46.01449255848836,-41.73471027229509
1493.3621818181819,-23.32914882072056,-22.79821351643504
1492.9903286852589,-28.936096502863123,-29.619011622810305
1492.6186606920587,-30.341104808989925,-31.27559122803906
1492.2471777003484,-35.47901129159608,-34.68382289785767
1491.8758795720328,-35.43286606890523,-34.3191813319164
1491.5047661691542,-32.28731814851896,-32.78043338252324
1491.1338373538922,-26.101085816728997,-26.560076452979914
1490.763092988563,-27.797188701993477,-27.340762802512373
1490.3925329356202,-29.15501782434889,-29.214328431737826
1490.022157057654,-32.17332834111947,-33.126854007759945
1489.6519652173913,-29.464866435541964,-29.136442953388368
1489.281957277695,-23.837721056248924,-23.392334868866456
1488.9121331015645,-32.770748807287916,-32.006720222191845
1488.542492552135,-30.189324849228697,-30.156331019108634
1488.173035492678,-40.0336433787018,-38.89249839469328
1487.8037617866005,-25.30602903153597,-24.922340084843214
1487.4346712974448,-27.092748909368666,-26.54245008431097
1487.0657638888888,-34.82062685766796,-33.70326105313218
1486.6970394247458,-45.020309501839264,-45.121024504540244
1486.3284977689639,-33.61678882640736,-33.58981735518806
1485.9601387856258,-33.076762984533914,-32.24476252671526
1485.5919623389493,-24.422070583034284,-24.669910447465938
1485.2239682932873,-25.84996226424626,-26.234590836044205
1484.8561565131254,-26.86767995711203,-26.263568816841044
1484.4885268630849,-40.27612617217484,-39.24047000771175
1484.1210792079207,-27.045380415465488,-27.290156773335198
1483.7538134125218,-29.2828888449272,-30.02710021604561
1483.38672934191,-39.69032847792725,-41.72695983696657
1483.0198268612417,-29.101082276800966,-29.61783990722209
1482.6531058358062,-40.3210302750614,-38.39416804718364
1482.286566131026,-33.87921933951306,-32.95518648164422
1481.9202076124568,-38.22912397014663,-40.981486512822
1481.554030145787,-32.00174003204249,-32.20513616719653
1481.1880335968378,-30.44723607261993,-29.440324940857906
1480.8222178315632,-28.56969136049905,-28.688554266898038
1480.4565827160493,-30.580539307737368,-30.68068111766989
1480.0911281165145,-45.14769284789132,-42.325840952868376
1479.725853899309,-49.63054359194642,-42.57618614965811
1479.3607599309153,-30.273118132011817,-29.15848164417004
1478.9958460779476,-37.15306295636499,-35.66983932532729
1478.6311122071518,-30.380667495765366,-29.963088445899572
1478.2665581854044,-28.918334090837092,-29.834447364623273
1477.9021838797141,-31.414961181447907,-32.78046942987923
1477.5379891572202,-27.7995796096602,-28.52019395547312
1477.1739738851934,-32.815841323155794,-31.871474834295256
1476.8101379310344,-29.46700337428392,-28.798039988515896
1476.4464811622754,-29.094354217091436,-29.48115535098303
1476.083003446578,-36.846422455305245,-34.597160121199224
1475.7197046517351,-22.59056119920426,-22.080961099504876
1475.3565846456693,-26.92401973321286,-27.711257158623667
1474.993643296433,-39.172469780665054,-39.09750970652708
1474.6308804722087,-25.92791821135522,-25.91567660978886
1474.268296041308,-31.957192165315135,-31.06812555611431
1473.9058898721732,-49.77885181969923,-41.32201939693094
1473.5436618333745,-28.58078131359376,-29.7932490101267
1473.1816117936119,-26.423475402838605,-26.553063496512735
1472.8197396217147,-35.688765770486285,-33.0504697276388
1472.4580451866404,-39.56214757190763,-37.325025458284344
1472.096528357476,-35.25273559215121,-37.82542271965529
1471.7351890034365,-29.124397068013295,-29.042474814970078
1471.374026993865,-28.242353228882294,-29.020782229122105
1471.0130421982335,-39.101397015935035,-35.57163532187276
1470.6522344861417,-24.018235989393347,-23.651872735430445
1470.2916037273174,-32.130660655642615,-34.609255370769276
1469.9311497916156,-30.090208665333662,-32.05339009229418
1469.5708725490194,-25.647642337929213,-26.628143093410912
1469.21077186964,-26.665402459696182,-27.10595732804815
1468.850847623714,-25.814531182190237,-24.585855135540427
1468.4910996816066,-35.48914559751991,-37.24081404498578
1468.13152791381,-36.95762838810636,-33.18773223112554
1467.7721321909426,-25.95587176303188,-26.984072347638076
1467.4129123837492,-33.60770272797417,-34.10404611012656
1467.0538683631025,-28.687559939840426,-30.120827860882613
1466.695,-34.114739878323874,-31.385087291392026
1466.336307165566,-36.195970237250336,-33.53310026037077
1465.9777897310512,-32.539548303024034,-33.240439923045344
1465.6194475678317,-31.96141079773814,-32.82928746116134
1465.2612805474096,-23.808614446223928,-22.617470149068552
1464.9032885414122,-29.718559977392445,-29.560564903815546
1464.5454714215928,-30.810931064006937,-29.0151483675062
1464.187829059829,-30.0627556252292,-28.551842962738263
1463.830361328125,-31.33356924581976,-29.167372761933322
1463.4730680986088,-36.0370396042464,-35.50497119468959
1463.1159492435334,-36.3005324949841,-37.82909307529836
1462.759004635277,-30.105029335887636,-33.03865399367281
1462.4022341463415,-31.82979944064776,-30.13316250048463
1462.045637649354,-35.518448045609446,-37.536657357392144
1461.6892150170647,-35.698450033152355,-40.235397422223215
1461.3329661223495,-46.97160554902486,-43.12457284124683
1460.9768908382066,-32.41305888503841,-29.83409183154275
1460.6209890377588,-31.727251949141177,-28.781171091170947
1460.2652605942524,-34.704816354403235,-30.723956462609593
1459.9097053810567,-29.692781752265276,-28.40978554827079
1459.554323271665,-30.592389301803095,-34.63211751354588
1459.1991141396934,-46.00011880545706,-38.95472322743551
1458.8440778588808,-29.76909579029369,-32.94727800985278
1458.4892143030893,-28.59227250134559,-27.730476890755355
1458.1345233463035,-27.224942146055568,-29.781213002664785
1457.7800048626307,-34.09419140273293,-29.987665105664675
1457.4256587263003,-27.30400116037457,-26.837119627286725
1457.0714848116645,-33.17157476882993,-31.52532314289222
1456.7174829931973,-29.85516488196437,-33.12889595517866
1456.3636531454943,-23.047646316535392,-23.743199528697815
1456.0099951432733,-31.81349115458839,-28.36051977632006
1455.656508861374,-31.091092908762946,-36.035101583377795
1455.3031941747572,-28.913232830401213,-32.49432203658999
1454.9500509585052,-36.23644616763663,-35.25909022405888
1454.5970790878216,-34.151149361421844,-41.67049649005226
1454.2442784380305,-32.94316393147646,-37.94373267050294
1453.891648884578,-25.544273923880198,-26.07762632972974
1453.5391903030302,-37.27421200817564,-56.32437602752121
1453.1869025690742,-36.1044491497327,-31.759573283414866
1452.834785558517,-31.427849330768098,-32.40650835395276
1452.4828391472868,-31.49483637065974,-34.386766383308114
1452.1310632114312,-28.775065318081133,-30.188724004793485
1451.7794576271185,-29.29244758933875,-26.502706265909993
1451.4280222706366,-33.535585164477695,-31.45753343508936
1451.076757018393,-28.727338348141743,-29.148807030408946
1450.7256617469152,-25.92582730287303,-27.8973023828094
1450.3747363328496,-25.60483797253231,-25.946724533448034
1450.0239806529626,-35.244563450011825,-34.034496042821345
1449.6733945841393,-38.68384671406808,-32.3447936531668
1449.3229780033842,-29.17971583330676,-29.169916105519647
1448.9727307878202,-32.514156467707764,-33.296016492761495
1448.6226528146897,-24.90941794620757,-26.48647966609836
1448.2727439613527,-37.97324652166738,-37.05846082389495
1447.9230041052886,-28.663857557195783,-26.21862422314554
1447.5734331240947,-31.990586635311857,-28.786270464895395
1447.2240308954865,-30.885951738257276,-31.702277148965933
1446.8747972972974,-32.394354217134136,-29.781798863143777
1446.5257322074788,-33.38061171705438,-36.11975561243112
1446.1768355041004,-24.322381151818277,-25.809714069912744
1445.8281070653484,-28.96551144779228,-26.444789988343942
1445.4795467695274,-28.55788265982075,-26.238715840600847
1445.131154495059,-37.60715807567986,-41.9858991068633
1444.782930120482,-36.80647513072687,-37.46570047498112
1444.4348735244519,-49.035234352025995,-41.209446924138646
1444.0869845857417,-30.913443066381504,-34.57492525088814
1443.739263183241,-28.403894055392627,-27.55990322965239
1443.3917091959556,-28.065843042303996,-30.829251161140107
1443.0443225030085,-34.56239001910406,-38.88562346633485
1442.697102983638,-32.246721989436296,-29.596327000607758
1442.3500505171999,-40.936662853853065,-35.30906248072323
1442.003164983165,-27.31252005146176,-29.14782497183218
1441.6564462611204,-28.586500025218854,-26.32998550159705
1441.3098942307693,-28.753829138795467,-26.49110992858111
1440.9635087719298,-26.106731077490068,-25.008048375822355
1440.6172897645363,-31.4740716322638,-31.471559890627233
1440.271237088638,-28.505357226393514,-30.6482380339895
1439.9253506243997,-33.78721129675979,-32.68416900212081
1439.579630252101,-33.277989736449015,-38.28676075032699
1439.2340758521364,-27.514996519699807,-29.594547284334638
1438.8886873050155,-25.122849857700643,-23.581800045255235
1438.5434644913628,-33.05490672830358,-32.67171139452661
1438.1984072919165,-34.19130434104163,-31.316088137734752
1437.8535155875302,-32.81161990674637,-29.666392921599382
1437.5087892591705,-25.037714406272002,-25.525938545785422
1437.1642281879194,-29.196909670326548,-31.77369193180131
1436.8198322549724,-26.058765427395613,-27.44574989336259
1436.4756013416388,-33.83237417751384,-34.20159359576722
1436.1315353293412,-31.554641652796235,-33.39981823248114
1435.787634099617,-24.21607541384266,-23.383380448800878
1435.4438975341154,-25.303264253057748,-24.84373118078203
1435.1003255146004,-22.127419784168254,-22.963766250635516
1434.756917922948,-23.20726098850143,-22.242753139707006
1434.4136746411482,-28.344125587130478,-30.13552440070309
1434.0705955513035,-34.69844108753962,-38.844001758249064
1433.727680535629,-35.721563651852634,-38.87548795151365
1433.3849294764525,-31.40599952559249,-32.60483106771976
1433.0423422562142,-27.005267891473963,-25.487587321146762
1432.6999187574672,-30.89315720968257,-33.613261616808316
1432.3576588628762,-27.726967332050023,-29.26928179214228
1432.0155624552185,-39.11732733596101,-35.137066142962155
1431.6736294173832,-28.22812975037472,-26.576873524677225
1431.3318596323704,-23.866069436246434,-24.441261576560137
1430.9902529832937,-30.792836472279035,-31.040025425561325
1430.6488093533762,-27.707898638377586,-28.649261005837374
1430.3075286259543,-32.61850328557959,-30.118078937941405
1429.966410684474,-29.715557521671585,-28.488170161249016
1429.625455412494,-29.11008547899185,-30.62302007879454
1429.284662693683,-37.10578120844336,-37.25222242652204
1428.9440324118207,-28.322919441121755,-28.41290164710476
1428.603564450798,-40.2872409849751,-44.38680996655232
1428.2632586946165,-33.39754191940001,-32.53559500244678
1427.9231150273877,-27.436408891553228,-28.88807906794581
1427.5831333333333,-24.48784242355451,-23.40913567008407
1427.2433134967864,-33.883287734969755,-37.38140946971548
1426.9036554021895,-29.934663813018474,-28.111511759711092
1426.5641589340946,-32.36569196867201,-30.130869631786354
1426.2248239771648,-32.207646872269734,-31.610504179128682
1425.8856504161713,-32.88032412621972,-32.305116956633285
1425.546638135996,-38.062227161519345,-42.40057097547624
1425.2077870216306,-29.569101624601743,-31.170944801020894
1424.8690969581749,-30.47338437769018,-28.71027729851771
1424.5305678308387,-30.56878719254881,-29.759756801165693
1424.1921995249406,-32.51043734685864,-30.765538231658624
1423.8539919259083,-23.404179901201033,-24.10761381537064
1423.5159449192784,-33.16670733009188,-31.66183974807403
1423.1780583906955,-31.590531565004753,-30.204479811660477
1422.8403322259135,-33.443887895580005,-35.7691406903126
1422.5027663107949,-24.154682147903415,-24.53223694007572
1422.1653605313093,-32.24663457660843,-33.196199663810845
1421.8281147735356,-31.820051084868183,-31.41725946671123
1421.4910289236605,-40.99616817560543,-44.57029731629903
1421.154102867978,-30.993060072808547,-31.935246121044756
1420.817336492891,-29.731660946991283,-30.863694026996214
1420.4807296849087,-29.266386086464152,-29.47470940471196
1420.1442823306488,-46.07449460571202,-57.76363984427219
1419.8079943168364,-31.96724891759986,-32.21561639655245
1419.471865530303,-26.7759380400761,-26.06353189121465
1419.1358958579883,-30.142340512763028,-30.0006847697547
1418.8000851869378,-31.871690127694265,-32.75011522839041
1418.4644334043057,-27.29998859590036,-27.864344333876787
1418.128940397351,-25.06543809065049,-24.787188153325403
1417.7936060534405,-29.640963056504475,-29.082886689340697
1417.4584302600474,-35.77167179527483,-36.104326665385074
1417.1234129047507,-29.236883126718496,-28.663942942366802
1416.7885538752362,-32.6809050230717,-32.89359001555543
1416.453853059296,-24.536185087084576,-24.12869174368116
1416.1193103448277,-37.2308015404016,-37.1395083671337
1415.7849256198347,-29.71512455342794,-29.074150306335227
1415.450698772427,-22.151426269860607,-22.037711502090175
1415.116629690819,-26.008640827311567,-26.40728863374811
1414.7827182633316,-37.09697439509658,-37.97828525209529
1414.448964378391,-43.230315897817334,-39.97332941880306
1414.1153679245283,-25.645249263979778,-25.69107929054077
1413.7819287903797,-30.436962447842106,-31.05936358025015
1413.4486468646865,-43.66891478406514,-42.74209414074282
1413.115522036295,-29.123224588333656,-29.378405330942925
1412.7825541941565,-32.45802502433189,-33.935683616383116
1412.4497432273263,-28.686309691750964,-28.701916293098932
1412.1170890249646,-25.214987203119748,-24.402205136749515
1411.7845914763363,-23.745276378627622,-23.960672096640323
1411.45225047081,-38.08457931030033,-36.13741735795081
1411.1200658978582,-39.02554651877021,-37.41177722861342
1410.788037647059,-30.220830262848708,-31.731144914708707
1410.456165608092,-29.968764848383117,-28.60989855430408
1410.1244496707434,-25.631514309353335,-26.332469975402844
1409.7928897249,-24.95372325369884,-24.005840643160198
1409.461485660555,-28.989113005180556,-30.417239207268423
1409.1302373678025,-47.072375485592076,-48.32152401168666
1408.799144736842,-45.495906252699186,-38.48539946612259
1408.4682076579752,-25.545099143236413,-26.203133641725273
1408.1374260216064,-28.34531407151796,-28.485311038032663
1407.8067997182438,-41.96233742735403,-50.693319516165886
1407.4763286384975,-32.68623058651316,-35.360561287116965
1407.1460126730815,-31.553824392310233,-32.78045924651546
1406.8158517128109,-36.013277323773465,-33.43928903727023
1406.4858456486043,-38.50131754179567,-44.311800760582614
1406.1559943714822,-40.96956360789177,-35.83264010740673
1405.8262977725674,-33.465835153730566,-35.05371990463401
1405.4967557430848,-30.348040395993323,-32.484368842533215
1405.1673681743614,-26.93983929638155,-26.469747354194922
1404.8381349578256,-25.09579477946285,-26.09791706468137
1404.5090559850082,-24.1768856542199,-23.24542380553747
1404.180131147541,-29.165654247190147,-27.75094467018276
1403.8513603371575,-29.407022259374273,-28.07462926647362
1403.5227434456929,-30.856373198419178,-30.101192723123702
1403.194280365083,-28.62239986594166,-27.436172765031287
1402.8659709873655,-30.97154014192772,-32.30904172489342
1402.5378152046783,-41.72112461211624,-37.083389943771536
1402.209812909261,-29.60162219239784,-30.42248937680334
1401.8819639934534,-28.41777210311629,-27.56656064257082
1401.554268349696,-31.890994494205515,-32.10369586829877
1401.2267258705306,-32.798656680805166,-31.37875316051249
1400.8993364485982,-26.70571337235124,-27.12890597636037
1400.5720999766409,-27.482650639416292,-26.688361065472563
1400.2450163475012,-36.43504890979783,-36.430430789869845
1399.918085454121,-28.4574577969493,-28.206121788484054
1399.5913071895425,-33.821523645558486,-33.0348659928173
1399.2646814469078,-29.463871721451326,-28.731537480840487
1398.9382081194587,-26.823516408212882,-27.09925347803629
1398.6118871005365,-31.770791257029785,-31.1700925258569
1398.2857182835821,-28.103503590648344,-27.89180503902155
1397.9597015621357,-33.77877630413805,-34.296296148697806
1397.6338368298368,-28.824027088965565,-28.348447804102832
1397.3081239804242,-24.389744907365284,-24.308279432891666
1396.9825629077354,-24.23106910444828,-24.27105898583754
1396.6571535057071,-26.255740445610442,-25.880896995331383
1396.3318956683745,-26.655486904354646,-26.8381089138435
1396.006789289872,-24.520193319637187,-24.857431585209028
1395.681834264432,-37.76322182279348,-39.87435666557637
1395.3570304863858,-39.46152226858048,-37.73439406582422
1395.032377850163,-38.60226826600477,-42.162464835449796
1394.7078762502908,-30.70595199567741,-31.030699409207685
1394.3835255813954,-30.013394860990147,-29.10136890495737
1394.0593257382004,-37.731112632462256,-37.14437294716713
1393.7352766155275,-33.850009061205995,-32.657846817346055
1393.4113781082965,-33.610186366691536,-33.18309443576673
1393.0876301115243,-31.046317482114077,-31.98105165935037
1392.7640325203251,-27.23604516910281,-27.503126164235155
1392.440585229912,-29.147613725161435,-28.95678275091187
1392.1172881355933,-30.042237622874225,-29.48215611688481
1391.7941411327763,-33.507871893612716,-36.24791702924968
1391.4711441169645,-31.487458571868572,-32.98373942719256
1391.1482969837587,-38.66966484453867,-37.14872391991189
1390.8255996288565,-27.499337857274938,-26.642379582142084
1390.503051948052,-33.31950053737775,-36.591073780737176
1390.1806538372362,-40.555175679289576,-35.97906913153564
1389.8584051923967,-31.232663130048977,-30.55094946742601
1389.5363059096176,-39.707908830869755,-37.4995678094799
1389.2143558850787,-27.438329125576487,-28.99338613000178
1388.8925550150568,-25.377073345493685,-26.522624690937548
1388.5709031959238,-40.12338612587696,-44.45797642251041
1388.249400324149,-30.59598085258078,-28.545342837428635
1387.9280462962963,-34.51087797635218,-34.17928441224929
1387.6068410090259,-39.763239030014674,-34.98833421458848
1387.285784359093,-33.58586570215901,-31.03261060265085
1386.9648762433494,-35.57351333744195,-40.40584942542246
1386.6441165587419,-39.90596469023909,-50.702001252852696
1386.3235052023122,-32.48461283565909,-35.36584632325811
1386.0030420711973,-36.416622723452136,-38.49301017704052
1385.6827270626302,-42.369023808885444,-62.07682114676429
1385.3625600739372,-25.828731695204382,-26.04531522296601
1385.042541002541,-27.84624791271345,-28.182932588972378
1384.7226697459585,-43.42937637541213,-37.731271743687
1384.4029462018011,-26.454415275150424,-27.00702331486785
1384.0833702677746,-26.644528977229626,-25.700195859518388
1383.76394184168,-26.777661514287487,-27.411667181923733
1383.444660821412,-37.659327396194,-34.33267804066209
1383.1255271049595,-26.056017172578734,-26.307396339447067
1382.8065405904058,-25.01379218781811,-24.592284629894195
1382.487701175928,-42.24347399157399,-58.24884439646583
1382.1690087597972,-31.289296907198477,-30.2548396374073
1381.850463240378,-29.07960203045066,-27.53381025020336
1381.532064516129,-33.46458237490934,-31.88415639047291
1381.2138124856024,-27.377375202918117,-26.952261237473564
1380.8957070474435,-30.719338230505073,-30.601266224215195
1380.5777481003915,-26.067196302165385,-27.10460662158981
1380.259935543278,-31.23068870582371,-30.64218146301839
1379.9422692750286,-25.93603425617509,-25.961843564586545
1379.6247491946617,-34.07872527454229,-33.050864770259736
1379.3073752012883,-34.99994710111331,-38.67727611581007
1378.9901471941123,-45.507862975037355,-41.51679824986364
1378.6730650724305,-33.36073259052735,-33.81295494730354
1378.3561287356322,-24.515226277883855,-25.388380362612438
1378.0393380831993,-24.045890732651273,-24.128346083903622
1377.722693014706,-26.83194699299831,-25.70076896857306
1377.4061934298184,-27.37289208743998,-27.166798364912253
1377.089839228296,-28.327677474892866,-28.004116959921944
1376.7736303099887,-30.616159330782367,-28.869992707406126
1376.4575665748391,-36.091764391179154,-33.17631899234327
1376.1416479228826,-27.002956978665154,-28.227607059809074
1375.825874254245,-31.2515989840188,-30.23740735506287
1375.5102454691441,-29.353969867106585,-30.990582886862697
1375.19476146789,-27.162457439045724,-28.30280342277443
1374.8794221508829,-34.26579548020406,-31.85631973322738
1374.5642274186155,-28.610264197414082,-29.927312958734674
1374.249177171671,-34.89274406587113,-38.2695216597039
1373.9342713107242,-33.934361909020666,-33.6344723184133
1373.6195097365407,-32.53106110541951,-30.439267129474516
1373.304892349977,-46.32766221362719,-44.13853470828916
1372.9904190519808,-32.22640759584344,-31.13497171132515
1372.6760897435897,-27.57255515085994,-28.40908922338376
1372.3619043259325,-28.38148485420929,-29.73236889794147
1372.047862700229,-31.724962482390893,-30.040514399770316
1371.7339647677877,-28.459297919719788,-29.050871252373653
1371.420210430009,-26.781161052926805,-28.18717130640904
1371.1065995883832,-36.44303910252823,-33.03678661430983
1370.7931321444903,-26.062310427560234,-24.691740689345338
1370.479808,-29.17252024263091,-27.583064404666672
1370.166627056673,-39.648800307036524,-35.9128042257514
1369.8535892163582,-28.852343033950987,-29.112088753763786
1369.5406943809958,-27.02680933964946,-25.760107863066892
1369.2279424526148,-33.84336377841761,-32.72880277889236
1368.9153333333334,-34.50161248508179,-36.394064113975375
1368.6028669253594,-32.248852035905045,-32.34529275943687
1368.2905431309905,-43.69518710916158,-38.18546516795796
1367.9783618526124,-32.138888964693805,-29.564602195870222
1367.6663229927008,-26.14896477745735,-27.65397030266466
1367.3544264538198,-30.599313193581125,-32.27690191557015
1367.042672138623,-31.97658109430897,-33.60433520028137
1366.731059949852,-34.71613172283175,-33.5663506397115
1366.419589790337,-39.343818204494866,-34.6916080131207
1366.1082615629985,-35.796266032467926,-41.74788060184845
1365.7970751708426,-32.46164512038139,-35.284901238768
1365.4860305169664,-34.26529424209694,-31.336931346187
1365.1751275045538,-37.88134269015005,-34.38913993286387
1364.8643660368768,-24.64613195148611,-25.45984506913986
1364.5537460172964,-26.01737285243898,-25.835958697522145
1364.2432673492606,-28.04967684437422,-27.430871837886556
1363.9329299363058,-23.29080499410641,-22.371071115630926
1363.622733682056,-35.60413514379569,-32.64982916250089
1363.3126784902229,-29.18509970172228,-28.08336647899789
1363.0027642646057,-30.47801939002248,-30.624232023627613
1362.692990909091,-44.64929448100021,-39.588207959540924
1362.3833583276528,-48.328651711066115,-46.4391655699343
1362.0738664243527,-37.940878305962386,-35.65653334361683
1361.7645151033387,-39.161060621357265,-36.30698181213275
1361.4553042688465,-36.940133169619784,-39.630489310355344
1361.1462338251986,-37.29804689381386,-35.399931551245956
1360.8373036768044,-29.711672205730466,-30.485008935443076
1360.5285137281599,-27.084871573364566,-26.795978510753272
1360.2198638838477,-42.40588950404147,-44.40162953156532
1359.911354048537,-26.098549490114593,-26.333185249700463
1359.6029841269842,-27.18665658956489,-27.097288141496804
1359.294754024031,-35.415478948595606,-33.29995732186437
1358.9866636446056,-30.09242995141973,-30.986010752074648
1358.6787128937233,-41.76847975611359,-37.92736390486836
1358.370901676484,-33.77688546886891,-32.88325509182441
1358.0632298980747,-24.782661043639408,-25.451250743378964
1357.7556974637682,-41.3498073233895,-48.40139623406405
1357.4483042789223,-30.42491157407268,-30.757910210857588
1357.1410502489814,-41.239193352963085,-38.708152313591214
1356.8339352794749,-29.13033079744146,-28.655099037973784
1356.526959276018,-25.782554364403993,-26.29248840938054
1356.2201221443113,-29.574474177890963,-30.487540833395897
1355.91342379014,-25.859422988111177,-26.7903855324942
1355.606864119376,-28.308102958518234,-27.68960573861888
1355.3004430379747,-36.348353925858575,-34.91225308542907
1354.9941604519775,-36.522275626939305,-36.333222596878656
1354.6880162675102,-33.241340684210215,-31.018628594987987
1354.3820103907838,-28.582013972586267,-29.461822393229923
1354.076142728094,-31.84881099842717,-30.06753972539211
1353.7704131858209,-29.476691277157826,-28.50289222484652
1353.4648216704288,-29.670396944458062,-27.934153449310642
1353.1593680884675,-26.420936416430024,-25.39615155998284
1352.8540523465706,-30.12050250611209,-29.476729817170607
1352.548874351455,-24.97801522772245,-25.496453846232512
1352.2438340099234,-37.875927559477944,-42.41722064648131
1351.9389312288613,-26.321813753834093,-27.64227727280506
1351.6341659152388,-26.093262100742706,-25.228577226305603
1351.32953797611,-38.579516608017556,-35.493423290753654
1351.025047318612,-24.371265677177448,-24.655130096403653
1350.7206938499662,-34.578464245894295,-38.70067463548365
1350.4164774774774,-28.472202801181723,-27.57363885083386
1350.112398108534,-27.474750089270785,-26.767235499540604
1349.8084556506078,-38.425902299454535,-45.65791237470252
1349.5046500112535,-25.285004944083184,-26.235234257390076
1349.2009810981099,-30.921659397137446,-29.463267441436372
1348.8974488188976,-38.24064655414752,-35.67881687857799
1348.5940530814214,-23.816449971070412,-23.967371323513802
1348.2907937935686,-27.702040985089965,-29.08434117857793
1347.9876708633094,-28.051215411772446,-28.976105569132883
1347.6846841986962,-22.119982765794063,-21.32419074956239
1347.381833707865,-35.23599326223753,-32.704708675794606
1347.079119299034,-28.173092514782283,-29.26023259741511
1346.7765408805033,-29.294334578792515,-30.03652657623296
1346.474098360656,-25.78789303833817,-25.90056122081559
1346.171791647957,-26.976746780855407,-25.84468316933537
1345.869620650954,-35.115599205190435,-33.34718959491475
1345.5675852782765,-29.167926075101818,-29.59992431610449
1345.2656854386357,-36.05489647756359,-35.21184112995233
1344.9639210408254,-26.827442921608807,-27.710513518965726
1344.6622919937206,-25.46967702956799,-24.57960128019839
1344.360798206278,-23.918665367613116,-23.8525109820646
1344.0594395875364,-39.212757160889126,-36.64565645093337
1343.7582160466159,-42.20762786290878,-41.70473557315724
1343.457127492718,-25.724956725732127,-26.045865884131203
1343.1561738351254,-27.989438682713896,-29.12673091921731
1342.8553549832027,-29.10176248591854,-29.979088729143726
1342.5546708463949,-26.16415998166302,-25.21038915107046
1342.2541213342288,-35.534159299683594,-37.90918391664907
1341.9537063563116,-29.07403523776965,-27.936998824464936
1341.6534258223317,-38.44929994219994,-42.34813096493933
1341.3532796420582,-34.08663950859831,-32.86765379792239
1341.0532677253411,-27.604088354368443,-28.325419848340843
1340.753389982111,-28.54080234646112,-29.140652243646272
1340.4536463223787,-29.728949516285567,-30.17596328499586
1340.154036656236,-26.543588417968536,-25.628817105247848
1339.8545608938548,-32.25574856758924,-30.81855039368257
1339.555218945487,-24.71512825745144,-25.354123748858726
1339.2560107214654,-26.450995813305994,-27.242719930532658
1338.9569361322017,-31.7751487733547,-32.17881395327758
1338.6579950881892,-28.57941001006948,-27.76682191379949
1338.3591875,-25.168039059596666,-25.112307524139723
1338.0605132782862,-26.73746319962477,-27.013644166971645
1337.7619723337796,-30.776095165298173,-29.567411828763184
1337.463564577292,-27.647908229402006,-28.493919202845674
1337.1652899197145,-24.31612457874401,-23.58716558339431
1336.8671482720179,-26.551706535018113,-26.407148210705216
1336.5691395452518,-28.563767585409565,-28.875744942936663
1336.271263650546,-27.83199565557173,-27.244837528267837
1335.9735204991086,-28.505664274060692,-28.55818578004026
1335.6759100022277,-31.314907621631434,-30.981482654941644
1335.3784320712693,-30.83066520206536,-29.749718394369623
1335.0810866176798,-34.34194270765856,-34.55689401503038
1334.783873552983,-31.110101718395626,-30.644314387488308
1334.4867927887826,-36.87923182580572,-35.15010117321465
1334.18984423676,-25.19423660573169,-25.046844413934465
1333.8930278086764,-28.456191533654803,-29.09315505300107
1333.59634341637,-25.559665387174462,-25.987996814454746
1333.299790971759,-32.37631904844456,-33.266287800485074
1333.0033703868387,-27.36317671586012,-26.51038761641506
1332.7070815736831,-34.70930830254515,-34.65875606654653
1332.4109244444446,-26.429015399531423,-25.678598885268983
1332.114898911353,-30.327631887276326,-29.69799809121092
1331.819004886717,-34.12964690251708,-35.68277504600739
1331.5232422829224,-40.38985502978589,-38.530379096256056
1331.2276110124333,-30.01653670622848,-31.032400985371467
1330.9321109877912,-38.411891808810296,-39.9424405954572
1330.6367421216155,-39.07158468737673,-39.01576097729584
1330.341504326603,-36.29097410302761,-38.732138730339514
1330.046397515528,-26.794367200233168,-26.27502925756933
1329.751421601242,-29.59919944645314,-29.10045201692624
1329.456576496674,-25.32292134799185,-25.722329533222606
1329.1618621148305,-25.930819310527042,-25.966115384571836
1328.8672783687944,-33.10007355538367,-34.740546620537955
1328.572825171726,-29.214970674365603,-28.692494677401314
1328.2785024368632,-28.37384875994219,-28.086228176598652
1327.9843100775195,-27.50766346141431,-26.694193536026418
1327.6902480070858,-40.39669338812119,-43.83014653661472
1327.3963161390302,-28.955468950201904,-29.90902397061747
1327.102514386897,-32.03840086247588,-31.724338720378412
1326.8088426643062,-31.708649345513734,-31.474211444743062
1326.5153008849559,-32.59893030266086,-31.10647903016006
1326.221888962619,-31.67711980536093,-32.89280946560682
1325.9286068111455,-28.44703587781082,-29.33844196461773
1325.6354543444616,-27.125585415454836,-27.20641435954461
1325.3424314765693,-25.463913263072968,-26.083780409643467
1325.0495381215471,-38.00937557788295,-38.148216469783804
1324.7567741935484,-24.990615926123084,-24.29948930347605
1324.4641396068037,-29.330114914168306,-30.32620102224574
1324.1716342756183,-32.21713519973524,-32.6030898787627
1323.8792581143741,-28.07773020839447,-27.330882046075786
1323.5870110375274,-26.413150824529467,-26.289011844942436
1323.2948929596116,-42.9558691341242,-43.25773594726071
1323.0029037952338,-27.966713087290643,-28.222736995573385
1322.711043459078,-28.589675594299834,-28.62326233942848
1322.419311865902,-21.948531693594916,-21.73699836284878
1322.1277089305402,-31.832944220069564,-33.36205295521428
1321.836234567901,-27.14794324703196,-27.897273193405326
1321.544888692969,-29.710180656352904,-28.543099774187922
1321.253671220802,-28.245923712416968,-29.14763284110846
1320.9625820665347,-21.87489702698933,-21.448355248170017
1320.6716211453745,-21.058395146144548,-20.721203586271926
1320.3807883726051,-31.5987067788533,-32.866636631905166
1320.0900836635842,-32.23583926972434,-31.059052628762643
1319.7995069337444,-27.466536549896617,-28.309079115966867
1319.5090580985916,-27.36036374083527,-26.97371754945611
1319.2187370737074,-31.353465407101098,-29.99717471902862
1318.928543774747,-29.306961936269133,-29.482357513655714
1318.63847811744,-33.89040371736478,-32.40464161330259
1318.3485400175903,-24.9951025927313,-25.17173341134138
1318.0587293910748,-24.405933472320285,-24.465883398713785
1317.7690461538461,-25.048599488363195,-24.380511305736732
1317.4794902219292,-28.3053326920015,-27.945762064508685
1317.1900615114237,-47.7395816956885,-50.655385027410105
1316.900759938502,-27.153715001680652,-27.60561282307934
1316.6115854194115,-29.048847424205903,-29.255838195515864
1316.322537870472,-32.28011290786496,-31.672311302711208
1316.0336172080772,-28.697105886805602,-29.02061367564947
1315.7448233486944,-29.622103305917662,-28.87451650686198
1315.4561562088636,-37.02767829753351,-36.278360372651534
1315.1676157051984,-30.12997260572665,-29.66706625505752
1314.8792017543858,-30.242428323095012,-30.722697006579594
1314.5909142731857,-27.789085392578883,-27.346870807169054
1314.3027531784305,-25.87720062516665,-25.72279578845577
1314.014718387026,-29.738740203528707,-29.998584662402024
1313.726809815951,-32.00345401659915,-31.49402485693365
1313.4390273822562,-42.3790644810329,-43.4739989222367
1313.151371003066,-28.840356053444268,-28.88692164430394
1312.863840595577,-24.102552712989095,-24.10059244016354
1312.5764360770577,-33.130055733505074,-33.24035486721165
1312.28915736485,-24.874059008245823,-24.834505071083058
1312.0020043763677,-23.85586525233431,-23.78763540604261
1311.7149770290964,-32.16233616493041,-32.11822540829739
1311.428075240595,-40.314434638058444,-40.14860250215226
1311.1412989284934,-28.77454051827091,-28.57085813200665
1310.8546480104942,-28.882380746476812,-28.87072960569803
1310.5681224043717,-28.86203624697562,-28.785947565309513
1310.281722027972,-27.221673103185893,-27.225676477111804
1309.9954467992134,-33.54901130744666,-33.585556996094695
1309.7092966360858,-25.354115303811326,-25.130080109586615
1309.42327145665,-39.055348382928614,-39.801333086992585
1309.1373711790393,-22.943946448754545,-22.75372026105235
1308.8515957214581,-26.460891833715706,-26.12250560860825
1308.5659450021824,-44.71066025265783,-45.716561515139475
1308.2804189395592,-24.04078177751653,-24.117748187641
1307.995017452007,-34.00767880181398,-34.70173990311487
1307.7097404580152,-35.75494667121713,-35.65467363169746
1307.4245878761446,-28.279049229524546,-27.787653805542462
1307.1395596250272,-31.615724251586826,-31.12107307302641
1306.8546556233653,-30.934244376696384,-31.661681460932314
1306.5698757899327,-38.48411021233714,-36.78858045385202
1306.285220043573,-26.016177881109357,-26.4310502574546
1306.0006883032017,-29.143248168629057,-29.378120561212924
1305.7162804878049,-28.49301432774915,-28.89486906064782
1305.4319965164382,-30.920731680024502,-30.09258723145537
1305.147836308228,-25.55486583850349,-25.239538073685978
1304.8637997823723,-28.048383626028325,-27.482777959241858
1304.5798868581376,-29.11042660545671,-28.195525862454232
1304.2960974548619,-32.50420168460791,-33.62061042104277
1304.0124314919528,-27.40997798275002,-27.905666168829256
1303.728888888889,-30.974462313083663,-31.152132760220084
1303.4454695652175,-30.967333233779314,-29.926665092986028
1303.1621734405564,-32.832658500652926,-33.07989514786898
1302.8790004345938,-30.646735567411085,-30.2923078466318
1302.5959504670868,-30.651356570652,-30.532648495926665
1302.3130234578628,-32.49257106803579,-31.632223117230083
1302.0302193268185,-29.59494973090061,-29.49051426879923
1301.7475379939208,-46.375895360857996,-45.63613373725748
1301.4649793792055,-33.39583550783534,-33.02888248709853
1301.1825434027778,-29.47317102632705,-29.62855906158798
1300.9002299848123,-25.755429119920947,-25.62217980280785
1300.6180390455531,-29.060216261028458,-29.069210414562193
1300.3359705053133,-28.884728220645954,-28.38905107583456
1300.0540242844754,-27.042168701545975,-26.62315899149671
1299.7722003034903,-25.60806759067411,-25.20142929540974
1299.4904984828784,-29.268536835574466,-29.268450744868844
1299.2089187432287,-25.865201889862803,-25.837344065734
1298.9274610051993,-30.35873756622827,-31.039668618167994
1298.6461251895169,-25.52143601406233,-24.966311619420807
1298.3649112169771,-32.72354886989528,-33.81662486198603
1298.0838190084435,-31.109252118312227,-31.186074837837182
1297.8028484848485,-30.186977433348275,-30.453034740599676
1297.5219995671932,-30.259546011157212,-29.255860864668804
1297.241272176547,-36.348510363546595,-34.474354143140644
1296.960666234047,-35.10065896316634,-38.675030569319105
1296.6801816608995,-31.524172475346703,-32.43314199483201
1296.3998183783785,-29.090753384125875,-30.566491231978844
1296.1195763078254,-34.5563338239882,-35.360262941409005
1295.8394553706507,-32.83539724165915,-31.639119988038104
1295.5594554883319,-30.10975437565746,-32.59934593203259
1295.279576582415,-38.18204544516364,-39.480511270828046
1294.9998185745142,-25.63489933728239,-26.673317896624965
1294.7201813863096,-22.12174257894985,-22.676872080892977
1294.440664939551,-26.017472467297708,-27.60510334110093
1294.1612691560545,-35.418009341059204,-40.49348896970331
1293.881993957704,-27.845783079876824,-29.63468081193308
1293.602839266451,-31.222276560182124,-32.21357306954623
1293.323805004314,-41.002658979973134,-48.89814031718929
1293.0448910933792,-26.184008781100417,-24.36877844792501
1292.7660974558,-33.490796895102974,-29.692801517089194
1292.487424013796,-35.23855687077641,-34.066302480214304
1292.2088706896552,-24.528591561984413,-23.91436300285646
1291.9304374057315,-33.6053913368507,-36.730517251925065
1291.6521240844465,-34.79740718155465,-32.743783081926566
1291.3739306482878,-34.079716113637446,-30.37467135235225
1291.0958570198106,-33.61545393037282,-29.57091534416942
1290.8179031216362,-29.21361819735533,-32.48047739382464
1290.5400688764528,-28.978186888119566,-31.396248990579252
1290.2623542070153,-42.69659849828956,-39.886120283168495
1289.9847590361446,-32.68768595252352,-30.847495246551702
1289.7072832867282,-38.597270747994784,-41.36958789316843
1289.4299268817203,-31.79648971892611,-37.23487560395792
1289.152689744141,-21.919127103735335,-21.829004275915324
1288.8755717970764,-25.580032291535375,-27.680145037672318
1288.5985729636793,-22.280881561631546,-22.77062583680133
1288.3216931671682,-26.011035367118254,-24.11293999524578
1288.0449323308271,-25.98325834412914,-26.16891348681513
1287.768290378007,-24.651237700247364,-24.44963971023968
1287.4917672321237,-21.62812876354336,-20.70923783885
1287.2153628166595,-23.20844208762641,-23.32917606200992
1286.939077055162,-25.64617114038772,-25.67730258399702
1286.6629098712447,-33.68115900360807,-38.8679358987
1286.3868611885862,-36.513858762459265,-32.05161063980465
1286.110930930931,-37.29311262016542,-38.24355339457999
1285.8351190220887,-27.247787890828093,-25.58821901117308
1285.559425385935,-33.169778394319835,-30.20794098754827
1285.2838499464094,-36.70852276162945,-33.19681143410854
1285.008392627518,-27.87184669749091,-27.952115464312087
1284.7330533533318,-31.716128959650163,-29.376604573494845
1284.4578320479861,-26.146123383615375,-26.044427152053075
1284.182728635682,-24.918105920052895,-25.28148821612764
1283.9077430406853,-35.681141185813246,-35.06978544642253
1283.632875187326,-28.664619878359375,-27.40272573613997
1283.3581250000002,-35.671665247998035,-36.572708445823636
1283.0834924031672,-30.909658880228804,-31.56680838364376
1282.8089773213521,-51.24250607157127,-52.944427157789974
1282.5345796791444,-30.819098530362865,-31.648716174533533
1282.2602994011977,-22.97612980090325,-22.878488168740105
1281.98613641223,-27.590673400134747,-27.96618010707381
1281.7120906370244,-32.24969150647932,-31.98928232443778
1281.4381620004274,-21.44368902391149,-21.476341813397184
1281.1643504273504,-28.591592569498133,-28.46049818121223
1280.8906558427686,-24.82121753104586,-24.588684207668607
1280.6170781717215,-27.235747040891354,-27.158726729583705
1280.3436173393125,-30.366800941011874,-30.246767256878897
1280.0702732707089,-26.80619001482306,-26.60366285767286
1279.797045891142,-34.53824080344425,-34.35705204279937
1279.523935125907,-29.837116310750062,-29.96748937493733
1279.2509409003626,-36.70774593021618,-35.53454667084067
1278.9780631399317,-34.5231386317774,-35.01225519491324
1278.7053017701003,-22.056565829544,-21.64042607070816
1278.432656716418,-32.05788122377463,-33.333279989237056
1278.160127904498,-28.86804922856963,-29.35011672326324
1277.8877152600169,-33.48413136161854,-33.14795184605457
1277.6154187087152,-27.819879056105478,-26.976836511968898
1277.3432381763955,-22.48315422567221,-22.080637056305946
1277.0711735889245,-24.080849185124336,-23.25893959782495
1276.7992248722317,-24.682389074430503,-24.771842297608245
1276.52739195231,-32.445375215136025,-34.67035248323411
1276.2556747552148,-27.20047478385247,-26.784619778392923
1275.9840732070654,-27.45351532400214,-28.893617711135207
1275.7125872340425,-22.22152720988835,-23.13823207406675
1275.441216762391,-22.09504679736996,-20.980437889665254
1275.1699617184177,-28.427758509739633,-31.028094926170994
1274.8988220284925,-31.860448572032695,-30.369762089621773
1274.6277976190477,-31.87672800133224,-32.369009112316874
1274.3568884165782,-25.141472357733292,-26.520368236389416
1274.0860943476414,-27.168299131042616,-25.161642774166225
1273.815415338857,-25.249683431441028,-25.684814997892246
1273.5448513169074,-27.64262813183585,-30.71077090711536
1273.274402208537,-26.8623514087099,-28.025874990275256
1273.0040679405522,-25.074095572016873,-23.767673037163277
1272.7338484398217,-25.836455083844882,-28.54393034693591
1272.4637436332766,-27.575657644228542,-26.582363075231896
1272.19375344791,-25.50036423078366,-26.40365189881787
1271.9238778107765,-25.55033660954824,-28.33995954718843
1271.6541166489926,-33.92074704987165,-32.800865207659385
1271.3844698897371,-39.71271741485735,-37.12800542402486
1271.1149374602503,-26.37333899234885,-26.001880294049343
1270.845519287834,-37.8991168451238,-31.386279041648024
1270.5762152998518,-27.15246583511707,-30.296899731673918
1270.3070254237289,-30.551224671789882,-27.00651879598523
1270.037949586952,-38.94932619430524,-35.147921393201685
1269.768987717069,-30.63300120186743,-29.835578993875757
1269.5001397416897,-22.492601111605993,-23.539432604048827
1269.2314055884844,-33.48726317500787,-28.427317849381566
1268.962785185185,-27.303941215630815,-24.402742171634245
1268.6942784595853,-28.919703498953723,-25.592329480857856
1268.4258853395388,-25.933313696715103,-28.710156835839896
1268.157605752961,-29.34307423820043,-26.057910794869755
1267.8894396278283,-31.448225533640098,-36.07274941895848
1267.6213868921775,-30.381271123485547,-31.272155600816788
1267.353447474107,-31.605051412832566,-30.67883827590275
1267.085621301775,-28.036318770594377,-25.229125433858414
1266.8179083034017,-24.20350268471195,-25.85081783601656
1266.5503084072666,-33.49410644010656,-43.1629958310305
1266.2828215417107,-29.19924294889732,-26.156073482687034
1266.0154476351352,-22.64933501128992,-21.69453749056295
1265.7481866160017,-31.307847170155227,-36.66703412559791
1265.4810384128325,-32.04348110679804,-29.437404913169345
1265.2140029542097,-24.93443862512389,-27.105271784326888
1264.9470801687764,-22.800148152322535,-22.11729610060003
1264.680269985235,-23.864454761887302,-25.388644146906003
1264.4135723323493,-30.997213403129408,-30.673742135014166
1264.1469871389415,-24.284640872500987,-26.004073076559862
1263.8805143338955,-31.88721587788261,-31.896982744558542
1263.6141538461538,-28.727685245794632,-28.701246660889026
1263.3479056047197,-32.81360282492618,-32.69292196224832
1263.081769538656,-26.738185458265846,-28.659706786826845
1262.8157455770852,-32.97981186643828,-32.992741464641696
1262.5498336491894,-27.35407957660503,-25.835879096555843
1262.2840336842105,-29.587727615869127,-27.42370234394768
1262.0183456114503,-23.37125076624507,-23.72845258408516
1261.7527693602694,-35.37861383741863,-32.182199310634516
1261.4873048600882,-28.57079742302274,-29.008988971575818
1261.2219520403871,-29.599410735885087,-31.709778198219354
1260.9567108307044,-28.15947494616121,-27.24248124161865
1260.6915811606393,-24.092399560151804,-24.681128701221056
1260.4265629598488,-24.632205766376885,-23.65814794464667
1260.1616561580497,-27.068192700712117,-25.8702037688836
1259.8968606850178,-34.26349346463759,-36.98044816145061
1259.6321764705883,-22.800947076866308,-22.85588304812545
1259.3676034446544,-35.60015327990551,-35.39632116624601
1259.1031415371692,-30.940033529232224,-32.10754480450011
1258.838790678144,-30.10963181139128,-31.150453497222415
1258.574550797649,-24.795902527766103,-25.2365765217573
1258.3104218258131,-33.49453347810406,-33.425960325302086
1258.0464036928242,-23.11054438938855,-23.371233015299524
1257.782496328928,-33.96072217189389,-32.947529446742706
1257.5186996644295,-28.180594941374963,-27.892504194903424
1257.2550136296918,-28.198245217046164,-28.24866067000896
1256.9914381551362,-31.566474059468547,-31.02482532287094
1256.7279731712429,-32.22097335830445,-32.15812228762702
1256.46461860855,-38.01556308905303,-36.630935443539116
1256.2013743976534,-30.760046820468787,-31.14034179950049
1255.938240469208,-33.74635548329057,-33.06738255917314
1255.6752167539266,-23.237601004166706,-23.48881709714233
1255.4123031825795,-26.2278579614338,-25.592846404833594
1255.1494996859954,-27.98268319204557,-27.676055568819052
1254.8868061950607,-24.63291599293622,-24.641385185372044
1254.6242226407198,-47.75296956679226,-54.17981128795209
1254.361748953975,-41.5757094972124,-39.08802079395274
1254.0993850658858,-20.127793868140216,-20.188489926842337
1253.83713090757,-26.003057914142047,-25.61882426349051
1253.5749864102029,-27.612332471165942,-26.40317451651252
1253.3129515050168,-51.26585438170723,-41.112125020078324
1253.051026123302,-24.83174142588301,-25.424514608409268
1252.7892101964062,-29.77435421176658,-29.614237461176643
1252.5275036557343,-24.97858469974615,-25.28284129306637
1252.2659064327486,-47.69125056224071,-41.564545628088254
1252.0044184589683,-24.98029106834001,-24.023684831764243
1251.7430396659706,-33.236304933364536,-31.44905331367947
1251.4817699853893,-25.40749816127844,-24.368641203031345
1251.2206093489149,-29.477584498713597,-31.24744552426229
1250.9595576882955,-29.332099031197842,-27.46977010701461
1250.6986149353359,-33.930528834728804,-33.285914939261986
1250.4377810218978,-27.80287844260924,-29.7419742590415
1250.1770558798999,-25.50687175252257,-26.57577164450079
1249.9164394413174,-29.212933023567487,-31.60875585502758
1249.6559316381827,-25.589241708818165,-26.381411391219544
1249.395532402584,-27.206168414392423,-25.717133289698253
1249.1352416666666,-28.136644140853477,-26.972773959645266
1248.8750593626328,-37.659481985353764,-44.564599318059365
1248.6149854227406,-27.839812867583234,-29.47147250693955
1248.3550197793045,-24.277627380147337,-25.33174147920643
1248.095162364696,-32.5566325450702,-32.1507629747107
1247.8354131113424,-33.41997241666455,-31.859878036168695
1247.5757719517271,-31.04466113404966,-30.82059216115151
1247.3162388183898,-36.410745768427276,-41.447658887355416
1247.0568136439267,-29.051454917842264,-31.187805091555376
1246.79749636099,-31.56701693768268,-30.594006898439332
1246.538286902287,-28.8065286108516,-26.971710379410226
1246.279185200582,-28.42038573690725,-27.47177597760877
1246.020191188695,-24.691372534368455,-23.781724396586938
1245.7613047995012,-25.16091081636371,-24.602740795563747
1245.5025259659328,-28.10118876588895,-29.811351273952553
1245.2438546209762,-24.184857638281002,-23.128292413963223
1244.9852906976746,-29.432495036348385,-29.52359627596867
1244.726834129126,-35.15116684143594,-34.069619535682406
1244.4684848484849,-28.091733741559253,-28.30168732373626
1244.2102427889604,-24.92825095869547,-25.556596125807133
1243.9521078838175,-28.62401222042267,-27.311556260259508
1243.6940800663763,-22.029678776890094,-22.044376590572327
1243.4361592700125,-26.459678068640855,-27.250508378037082
1243.1783454281567,-28.110157646777637,-27.443467633797624
1242.9206384742952,-26.617844103807144,-26.84395930246201
1242.663038341969,-32.12325918021078,-32.47669058200235
1242.405544964774,-27.66989570955805,-27.976532597797203
1242.1481582763622,-40.516373867065866,-44.17788148974863
1241.890878210439,-26.809724867354916,-27.74548124896289
1241.6337047007662,-28.881439135370826,-29.16167295848014
1241.3766376811595,-24.658539871366074,-23.679985846458337
1241.1196770854895,-26.021629430229538,-27.04450182167578
1240.862822847682,-32.58618684010118,-30.380205687134392
1240.6060749017174,-26.078919168927527,-27.019275543914162
1240.3494331816303,-25.576740859323152,-25.745278324018287
1240.0928976215098,-35.99693546821753,-33.17432848082227
1239.8364681555004,-25.058169351158526,-26.105866280812606
1239.5801447178003,-27.570069443242986,-26.1630902737201
1239.3239272426622,-28.85684767143907,-29.48046813630218
1239.0678156643935,-31.73543273182638,-32.08494437862704
1238.8118099173553,-34.253602256131884,-31.519546634226586
1238.5559099359637,-23.494233847571635,-23.599545862408362
1238.3001156546882,-33.43894347768021,-30.190742152803395
1238.044427008053,-27.316952120300286,-25.812135509484264
1237.788843930636,-44.08466307195572,-43.25601502211147
1237.533366357069,-27.918050552099132,-30.29902607274512
1237.2779942220388,-30.127140790204308,-31.741365414293526
1237.0227274602846,-23.803102579067698,-22.565777435862188
1236.7675660066006,-24.111530293430732,-22.7783920764369
1236.5125097958341,-22.333957905381723,-23.460506003079033
1236.2575587628867,-33.73882318358197,-34.115606811693155
1236.0027128427128,-26.794244729906936,-24.79461864647375
1235.7479719703215,-30.635421017829785,-29.224528111189343
1235.4933360807747,-21.427339544627884,-22.529570937381877
1235.2388051091884,-43.832664894128456,-41.82072183077095
1234.984378990731,-30.649153332501257,-27.958699558344264
1234.730057660626,-21.59748965920086,-23.143450821061336
1234.4758410541485,-26.24838552267012,-28.1743096559088
1234.2217291066283,-30.76405480757579,-28.06677030509705
1233.9677217534472,-44.43415754264909,-34.33114912876884
1233.7138189300413,-28.617981450118847,-33.07220828463879
1233.460020571899,-29.753829709365604,-33.506488186278304
1233.206326614562,-29.690346069252953,-26.374360946103693
1232.9527369936252,-23.91995838880861,-26.158851674502202
1232.699251644737,-21.71268270997784,-23.269715692270992
1232.445870503597,-18.698041395728936,-19.39702995647484
1232.1925935059596,-22.064220911146364,-20.321492330653555
1231.939420587631,-31.479651356110807,-30.75605457243192
1231.68635168447,-29.2437462992785,-31.58686131419124
1231.4333867323885,-24.62419952256583,-27.8199453473717
1231.180525667351,-28.687779044282806,-29.89033899309264
1230.9277684253748,-33.04612480420103,-29.75154577650521
1230.6751149425288,-28.47996756175722,-33.167246322686296
1230.4225651549355,-22.117730822296934,-21.37677784811349
1230.170118998769,-28.541899995264984,-25.795965794577327
1229.9177764102565,-34.21394170164059,-28.693841255895776
1229.665537325677,-27.92964818509664,-26.989709680260106
1229.4134016813614,-30.968000806324042,-26.74990035127861
1229.161369413694,-29.65932050672167,-34.174956999249744
1228.9094404591103,-29.21337181564236,-28.753968922318265
1228.6576147540984,-25.936209950926965,-25.968255856177862
1228.4058922351976,-35.52235839444522,-39.11183255305592
1228.1542728390004,-42.10737755241682,-36.16017697003163
1227.9027565021504,-24.19587681573357,-22.18866291209271
1227.6513431613432,-32.06276451073079,-26.60187659584149
1227.4000327533265,-22.80317462418462,-22.36720368062707
1227.1488252148997,-24.413181396267518,-21.99000677614221
1226.8977204829139,-23.577471633999025,-27.149487676382577
1226.6467184942717,-21.789539096271156,-24.321500059520005
1226.3958191859276,-32.996867267687165,-35.9675838335631
1226.1450224948876,-21.060800348079297,-20.19681731244613
1225.894328358209,-34.05566747699713,-45.714608093667195
1225.6437367130009,-33.05674293351841,-32.64139407599363
1225.3932474964236,-25.193172483382583,-28.197217996508513
1225.1428606456884,-28.300451994615415,-26.398935501714973
1224.8925760980592,-35.02558321530368,-34.7309695399254
1224.6423937908496,-25.031684680890763,-23.03910775403473
1224.3923136614253,-25.34107591359394,-29.521678012030364
1224.1423356472028,-34.82320298268256,-42.33659073239055
1223.8924596856502,-23.224557155069974,-21.400567980302398
1223.6426857142858,-27.03960601399295,-23.908917125046585
1223.3930136706795,-27.451146600944995,-26.2252754853739
1223.143443492452,-27.093042036782677,-25.990890986664553
1222.8939751172752,-37.201600838812155,-42.00980411041276
1222.6446084828713,-30.433699496537642,-26.576351083157775
1222.3953435270132,-28.595659332511715,-29.510047884206116
1222.1461801875255,-26.092764184143945,-29.285821856298995
1221.8971184022826,-32.4519924589858,-32.79618768777935
1221.6481581092096,-34.901525250658366,-32.90144947896515
1221.3992992462825,-30.42631385494174,-30.218372355035527
1221.1505417515275,-27.484478872525344,-30.266915151855542
1220.9018855630218,-33.05594054661604,-29.907787703621707
1220.6533306188926,-25.51251876180301,-26.1699674941499
1220.4048768573173,-32.95411396410272,-33.42520970283887
1220.1565242165243,-25.718737337752785,-26.14810589295375
1219.9082726347913,-29.812151983792816,-28.767070244047503
1219.6601220504474,-25.869435358977356,-26.739405651764102
1219.412072401871,-24.06238693341713,-23.806091846174965
1219.1641236274909,-35.17997629849599,-35.118696017024305
1218.9162756657856,-31.632648616865808,-32.324878255945876
1218.6685284552846,-27.49094553558463,-27.540891380781986
1218.420881934566,-27.64765553754482,-27.629818641794188
1218.1733360422593,-24.066913056843944,-23.806007934340684
1217.9258907170424,-24.193704418197697,-24.413133852297435
1217.6785458976442,-26.134675244010722,-25.644755160901624
1217.4313015228427,-29.2836689331847,-28.352770192519117
1217.1841575314656,-25.404023180799456,-25.387635046501416
1216.937113862391,-34.179883329186495,-31.816023999378032
1216.6901704545455,-24.48931059178257,-23.76261508399982
1216.4433272469062,-28.51077615709376,-28.528368933288178
1216.196584178499,-25.24177705095225,-26.164134953784
1215.9499411883999,-24.567554470626604,-23.462508906934815
1215.7033982157338,-19.139746501778447,-18.79791068749053
1215.4569551996756,-23.377500502508113,-23.13767634539606
1215.2106120794488,-25.07293872094324,-25.893559365229706
1214.9643687943262,-24.413684163938896,-26.16283032867058
1214.7182252836303,-51.09694302129837,-37.35634360070311
1214.4721814867328,-35.03206919553473,-34.90307277185387
1214.2262373430538,-40.92845239605616,-36.052603632106454
1213.9803927920632,-23.855142977337024,-25.851547768625508
1213.7346477732794,-34.5989406238419,-46.24440469140127
1213.48900222627,-36.92411483222254,-32.38488955736638
1213.2434560906515,-35.666370242476845,-30.72649015262145
1212.9980093060894,-30.521573050616283,-33.479872859268355
1212.752661812298,-22.973301738899224,-24.377306915532685
1212.5074135490395,-23.848530370182843,-24.427503288003138
1212.262264456126,-30.84793690594394,-34.319481881129505
1212.0172144734183,-36.41844609085335,-32.58985475343057
1211.7722635408247,-25.242222011764554,-27.210487085499736
1211.5274115983027,-26.1514766826714,-24.132400243243282
1211.2826585858586,-27.625676192635396,-29.012095758379374
1211.038004443547,-41.61234784426982,-35.10060598196402
1210.7934491114702,-24.97862499485079,-24.679613310825104
1210.54899252978,-38.533785449956255,-72.95578534825485
1210.3046346386757,-39.3197686882465,-34.9057876343888
1210.0603753784055,-26.271290300296855,-26.28507684843062
1209.8162146892655,-27.583677574654175,-26.90076932039075
1209.5721525115996,-35.48020726589509,-33.274631123997594
1209.3281887858006,-30.37291773773795,-28.488457828267897
1209.084323452309,-33.29379974131943,-32.60344589286781
1208.8405564516129,-28.146608694203522,-26.654505268026313
1208.5968877242492,-26.14449696909493,-26.72181908670764
1208.353317210802,-30.579453796047474,-32.33133228955144
1208.109844851904,-20.07730827748678,-19.878767215269235
1207.8664705882352,-21.671797942777104,-21.72302356035418
1207.6231943605237,-35.53419346920559,-34.43486420622456
1207.3800161095448,-30.285374834214068,-29.096938879655752
1207.1369357761223,-25.90486083699865,-25.610853058945352
1206.893953301127,-31.93430269334776,-32.36748148823837
1206.6510686254778,-22.081276383816302,-21.9260210743236
1206.408281690141,-24.993628013584342,-24.35906980895986
1206.1655924361296,-25.400299973363374,-24.618287636861126
1205.9230008045054,-27.60778340211472,-27.181746077553512
1205.6805067363766,-33.68587123990106,-31.823738770314847
1205.438110172899,-24.233221393926826,-24.118444142578895
1205.1958110552764,-26.490318840011454,-26.914598636018567
1204.9536093247589,-28.258225981650654,-26.86686897588298
1204.711504922644,-35.67794691180784,-36.35261734881793
1204.469497790277,-29.598393050161505,-27.87952596423044
1204.22758786905,-30.004834168559498,-28.400931398678082
1203.9857751004015,-22.56857616148538,-22.212559798025964
1203.7440594258183,-32.59995493598517,-34.15839180211644
1203.5024407868325,-19.794059243017884,-20.427454097688624
1203.260919125025,-29.329140558392496,-31.421804909464825
1203.0194943820225,-29.690503911135224,-28.90608999777639
1202.7781664994984,-30.959304061015033,-29.005861195569977
1202.5369354191737,-30.755835020474777,-28.549755138312733
1202.2958010828154,-28.850129885159035,-30.921056414488945
1202.0547634322372,-30.60706303097119,-31.047810072960218
1201.8138224093004,-32.32987227838392,-35.20382967791993
1201.5729779559117,-25.210336221660512,-24.703778298488615
1201.3322300140253,-25.617283144099687,-26.4548458038564
1201.0915785256411,-34.429163488103555,-31.654470660399298
1200.851023432806,-28.92595522481902,-27.096603921208512
1200.6105646776132,-23.72597499112591,-24.877085525795664
1200.370202202202,-26.545393508068756,-26.243846517103307
1200.129935948759,-29.60772677731326,-28.57504508844214
1199.8897658595156,-26.645224983030047,-26.738117901147817
1199.6496918767507,-25.393667781051178,-27.236048955647178
1199.4097139427886,-21.44592731542643,-20.32242293050966
1199.169832,-26.836709522252463,-26.29964850526561
1198.9300459908018,-34.3981731301016,-34.77560398546619
1198.6903558576569,-35.298014810331594,-37.49220389417333
1198.4507615430741,-22.02502851255518,-22.868513170206583
1198.2112629896083,-21.981252552857214,-22.186927155666567
1197.9718601398602,-27.1572497434057,-25.175179024766564
1197.7325529364762,-26.594866121782033,-26.91235053861719
1197.493341322149,-22.96412664141441,-23.13014191421003
1197.2542252396165,-30.489691148815993,-32.57239040834507
1197.015204631663,-24.67947178046937,-24.55136323700539
1196.7762794411178,-28.230488177018643,-29.0931731691649
1196.5374496108561,-29.17829455027875,-29.359489674003143
1196.298715083799,-54.39365576394475,-39.69114411412032
1196.0600758029125,-22.927109087083167,-24.21048832763323
1195.8215317112085,-23.90211121510687,-23.46011161903185
1195.5830827517448,-24.482743926352853,-23.34500631402487
1195.3447288676236,-29.512494327279782,-31.97653771504058
1195.1064700019933,-25.266593412672577,-25.688052731731304
1194.868306098047,-32.353396097453626,-30.0106430306554
1194.6302370990238,-34.83246613810091,-37.26652449888731
1194.3922629482072,-21.77566984315503,-21.172796296450443
1194.1543835889265,-23.62537544594467,-24.833704531210955
1193.916598964556,-33.94900637777191,-39.79663270082402
1193.6789090185148,-25.45646283678711,-23.806989668064134
1193.4413136942676,-20.201391837344246,-21.020560327301766
1193.2038129353234,-25.55862436083028,-25.433894786628784
1192.9664066852367,-29.380130837680085,-28.639836498910952
1192.729094887607,-24.185731297632557,-22.703546870998665
1192.491877486078,-23.6691330392474,-22.995511769443297
1192.254754424339,-41.28616232171409,-36.01133379686412
1192.0177256461234,-25.242915251959104,-23.578952277713924
1191.7807910952097,-24.117197359411122,-23.461745160662062
1191.5439507154213,-27.377823809817713,-28.88226923423555
1191.3072044506257,-25.746424979699285,-25.199406802086216
1191.0705522447358,-29.508618376313805,-28.598730887483313
1190.8339940417081,-33.45067309308409,-30.06461901959277
1190.5975297855439,-32.32503772399055,-29.373089432035428
1190.3611594202898,-34.34330399929347,-35.65938411699891
1190.1248828900357,-25.15510475374269,-24.348308421672968
1189.8887001389164,-27.985897904457758,-26.83247323655256
1189.6526111111111,-24.152459209163098,-25.305061637555767
1189.416615750843,-23.6631761217743,-24.69504346507786
1189.18071400238,-26.356321395762947,-27.213876951887997
1188.9449058100336,-23.82972742872532,-24.768382264909505
1188.70919111816,-29.148411457283927,-28.97110358944211
1188.4735698711595,-21.48548215467754,-21.423313856378897
1188.238042013476,-42.45974082047353,-42.26939482776915
1188.002607489598,-28.499988653734917,-29.306451995030827
1187.767266244057,-31.153438625452864,-31.242481334971885
1187.53201822143,-26.156958439052588,-26.524743660237007
1187.2968633663368,-22.642263076613276,-22.27356752863882
1187.061801623441,-35.9681690543985,-36.58135116700247
1186.8268329374505,-29.83160102430817,-29.685468942807276
1186.5919572531168,-30.678543698210902,-30.536162362442028
1186.3571745152353,-32.48785381644883,-32.408343333941744
1186.1224846686448,-25.33238222214179,-25.242357671154892
1185.8878876582278,-42.566494857900196,-42.15050740589582
1185.6533834289105,-37.604978489039624,-37.79288689509299
1185.4189719256624,-29.767525707321013,-30.408420495088066
1185.1846530934968,-29.743482439142937,-29.086193986984895
1184.9504268774704,-27.29702613578216,-26.294741220794705
1184.7162932226834,-26.696027207072703,-27.465085249078342
1184.482252074279,-26.114457908204017,-26.605319277594404
1184.2483033774442,-21.561312218202445,-21.121464968881625
1184.0144470774092,-25.208161330469878,-26.31887176687063
1183.7806831194473,-24.08809445268794,-23.654023338540256
1183.5470114488749,-30.49731663960584,-28.794635711178884
1183.3134320110519,-27.890221247846355,-27.476102927963055
1183.0799447513812,-23.90075606376446,-24.250407629055033
1182.8465496153087,-33.57703904831901,-34.60719728179184
1182.6132465483236,-28.319449485825245,-29.76882875643018
1182.3800354959574,-27.667292435252065,-25.520636207490284
1182.1469164037856,-26.389272741250906,-28.25224875758427
1181.9138892174258,-30.44622952572972,-31.222647341845672
1181.6809538825382,-21.60187039410961,-20.89280905476882
1181.4481103448277,-34.183305350315194,-32.050207126202096
1181.2153585500394,-43.45091240977656,-34.18350365844928
1180.9826984439628,-35.46249707035493,-44.57785082751242
1180.7501299724302,-23.447985405201294,-22.695144569065477
1180.5176530813153,-28.688025781882445,-26.120396423723648
1180.2852677165354,-30.697544235901248,-32.2530549570843
1180.0529738240502,-34.05259308517536,-29.65787707799366
1179.8207713498623,-25.155457305274453,-26.095557752133644
1179.5886602400158,-51.059246700026094,-36.509893687086034
1179.3566404405979,-20.804013657553824,-21.667264795497132
1179.1247118977385,-20.415453366994896,-19.950866036925717
1178.892874557609,-33.02132944803354,-36.033087080172564
1178.6611283664242,-31.568858544633585,-28.928592711250033
1178.4294732704404,-20.884122597232604,-21.950663505630345
1178.197909215956,-21.51964245012401,-20.9875129615058
1177.9664361493124,-26.955401539544383,-25.173099879153867
1177.7350540168927,-37.86184728876053,-31.904877503679714
1177.5037627651218,-31.86568543396676,-29.416176552243556
1177.2725623404674,-33.71451199494469,-29.49412159391214
1177.0414526894385,-28.399310736863512,-31.890777144034118
1176.8104337585867,-46.400234618451364,-39.30417232952665
1176.5795054945054,-24.684658087409318,-22.757576907382244
1176.3486678438298,-25.282568944331913,-27.71672867538409
1176.1179207532366,-32.7566224280866,-30.77832138216182
1175.887264169445,-39.45156783781631,-32.56095088394635
1175.6566980392156,-27.080775649430493,-30.885319286400474
1175.426222309351,-48.76589266631542,-34.294761708538985
1175.1958369266954,-23.62086704572907,-21.36358359405888
1174.9655418381344,-23.73323385830527,-25.540170053057253
1174.7353369905954,-20.535709863641742,-22.159103437166905
1174.5052223310481,-32.641400887634674,-29.543329192616923
1174.2751978065023,-51.999786232883125,-33.357141222548236
1174.0452633640102,-25.847182078585703,-26.37889800171375
1173.8154189506656,-26.928296862798547,-27.75549184775646
1173.5856645136034,-31.26987825534023,-26.447706887664836
1173.356,-18.267879655475312,-19.580432791423206
1173.126425357073,-29.056175523165976,-38.12342578875233
1172.8969405320815,-28.54838873055796,-25.627640189443
1172.6675454723254,-27.93771262954958,-32.71826805951339
1172.4382401251466,-29.89033349026157,-34.41166210972399
1172.2090244379276,-31.667978029772755,-47.33062180155166
1171.9798983580922,-30.08092481176176,-33.73364570896756
1171.7508618331053,-23.340941119692232,-22.337375101353743
1171.521914810473,-34.94227754346268,-36.83068052807228
1171.2930572377418,-36.05150139512587,-28.41972178869706
1171.0642890625002,-27.320170640299395,-24.164950021584602
1170.8356102323767,-28.58352787948006,-27.82542646612923
1170.607020695041,-31.34057673172269,-52.7474223091494
1170.3785203982043,-35.00806943232992,-36.0616470632974
1170.1501092896176,-25.053092903046164,-23.873069192172366
1169.9217873170733,-30.407645670110853,-27.009813061948975
1169.6935544284042,-39.31375811613874,-31.680933870327138
1169.4654105714844,-28.13682772189368,-27.722229468532348
1169.2373556942277,-29.906340332123236,-26.36475566012537
1169.0093897445897,-29.577120833047772,-25.029762506841664
1168.7815126705652,-28.745627009858012,-35.244654889638085
1168.553724420191,-28.528645180388324,-31.09369825067087
1168.3260249415432,-27.478371324062707,-26.57571166253932
1168.0984141827391,-26.114978204202416,-30.50983511192122
1167.870892091936,-26.37335718201875,-29.989995962000492
1167.643458617332,-26.83351273604002,-30.510354717302377
1167.416113707165,-33.828681974796794,-38.819004688475744
1167.188857309714,-32.60203515000053,-34.728087139087634
1166.961689373297,-27.446849344257387,-27.82777442433202
1166.7346098462735,-25.989536680932602,-28.89155738382884
1166.5076186770427,-32.88282929528084,-32.47330515273596
1166.280715814044,-43.5337023797383,-33.697377042947394
1166.0539012057566,-23.9428925275284,-25.355001004885892
1165.8271748007,-37.0014633339906,-35.21587956257558
1165.6005365474339,-28.095236311614613,-25.80847328657326
1165.373986394558,-29.56436912383161,-27.308291128679954
1165.1475242907113,-34.17147320149586,-33.63571453040073
1164.9211501845734,-29.14650063148669,-27.108311178289924
1164.694864024864,-22.59690066970559,-23.462349395917997
1164.4686657603418,-36.60699717546787,-33.35647642869198
1164.242555339806,-24.085266317030616,-23.430880024796735
1164.0165327120947,-31.444243151531552,-30.25790354528236
1163.790597826087,-34.72670402611793,-33.32403495850251
1163.5647506307005,-30.98956480191073,-31.38931252868433
1163.338991074893,-31.32063954575294,-32.00815263405467
1163.1133191076624,-29.468347621847997,-30.202640312068823
1162.887734678045,-24.35468456623012,-23.63658373639778
1162.6622377351173,-26.177921889303676,-27.455657761617445
1162.4368282279952,-26.22827892221379,-25.5970631210799
1162.2115061058346,-24.62168563485183,-25.804238774331807
1161.9862713178295,-26.522281004303252,-27.790639065403
1161.7611238132145,-27.855579615869104,-30.027594686972904
1161.536063541263,-22.61637125034646,-22.360519659686233
1161.311090451288,-23.350243192987605,-24.48509000957334
1161.0862044926412,-28.20090923107655,-29.274887136545303
1160.8614056147146,-35.54300355690761,-31.362917844147702
1160.6366937669377,-25.557740451237052,-23.847683491544117
1160.4120688987807,-26.514976174815146,-25.30647448701579
1160.1875309597524,-30.070979016629437,-33.393919415152524
1159.9630798994003,-37.42547472503624,-36.967078432161045
1159.7387156673115,-42.550732199717956,-33.53376070684162
1159.5144382131116,-29.505030111551477,-31.520435135935585
1159.2902474864657,-30.90253149654673,-27.613561619509042
1159.0661434370772,-29.48853900322119,-26.751040314248925
1158.8421260146888,-26.32075687592659,-27.543893388621726
1158.6181951690821,-38.706290528201734,-32.964598780464016
1158.3943508500772,-29.907376223368786,-30.461869472587736
1158.1705930075332,-27.901985066403412,-25.740024434860786
1157.946921591348,-39.59933468326314,-34.81407857165884
1157.7233365514578,-20.748853337791772,-19.99838512975451
1157.499837837838,-24.91219732653356,-26.892494349308137
1157.2764254005017,-22.57132793390828,-21.640682504765564
1157.053099189502,-32.682640321727845,-36.04911199946271
1156.8298591549296,-23.157684997045763,-22.61803523370311
1156.6067052469136,-27.25171624671971,-29.07528281903761
1156.383637415622,-26.160317315274213,-26.637872790919047
1156.160655611261,-30.675551087365264,-34.71186650400908
1155.9377597840755,-21.91218192682716,-22.721717841886388
1155.7149498843485,-25.75485240199889,-26.496315526271232
1155.4922258624013,-36.50646790890947,-42.12101904475976
1155.2695876685934,-32.745928450148895,-33.6337218695145
1155.047035253323,-28.640431193188945,-26.634658618133827
1154.8245685670263,-29.444417972633985,-27.375120177618882
1154.602187560177,-31.570045540363097,-33.65876894001046
1154.3798921832883,-35.65769663716826,-33.01785559664178
1154.1576823869107,-33.83017673926413,-32.26529853642721
1153.9355581216319,-23.225964293580162,-22.983637039958737
1153.7135193380798,-25.021718146758573,-24.42454404565636
1153.491565986918,-22.621469344910324,-23.33053221605219
1153.2696980188496,-37.02582050918447,-33.68761773203998
1153.0479153846152,-25.61208969231849,-24.70457145390769
1152.8262180349932,-26.234309039354642,-26.971995564517087
1152.6046059207997,-23.1180483823545,-22.82633009856245
1152.3830789928886,-28.32323204632216,-26.91196851561311
1152.1616372021522,-27.69645878949244,-27.72408081796881
1151.9402804995195,-31.267389714158455,-30.792126733241545
1151.7190088359584,-29.011706608860592,-30.038265270903523
1151.4978221624738,-28.054572988137906,-28.98511387170585
1151.2767204301076,-24.957971477056006,-25.11669917961696
1151.0557035899405,-21.142896693483706,-20.849115210708973
1150.8347715930902,-27.898987220952804,-26.50178646043203
1150.6139243907119,-24.499535175492852,-24.992796680568304
1150.3931619339985,-26.509178572564096,-27.518499554745986
1150.17248417418,-26.358451920681787,-25.120344404465797
1149.951891062524,-34.006978370442866,-34.99145815820755
1149.7313825503356,-22.365357304463615,-21.542499854342722
1149.5109585889572,-34.80868832596197,-32.31536545941019
1149.2906191297682,-26.54008708837749,-28.20871709898914
1149.0703641241855,-22.913183427642153,-22.818900818682252
1148.8501935236634,-26.59233099915734,-25.16353512748732
1148.6301072796934,-22.099214978370227,-22.668019607258813
1148.410105343804,-36.00910586177524,-37.97090162564429
1148.1901876675604,-41.70726241498802,-51.06333673780249
1147.9703542025654,-31.32175174647206,-34.94552512198955
1147.7506049004594,-31.779598334602056,-35.48809316400825
1147.5309397129188,-26.082209791144393,-27.655620094864943
1147.3113585916572,-34.74043275235867,-31.023114895630798
1147.0918614884254,-27.742525033178893,-27.83105183350328
1146.8724483550113,-29.51923910615848,-29.662780498332907
1146.6531191432396,-22.369008162387914,-23.13407312024823
1146.4338738049712,-25.544813466787488,-26.177290987991384
1146.2147122921047,-27.57183738729286,-28.582825500672627
1145.995634556575,-22.470129425339778,-21.42013996699795
1145.7766405503535,-28.296970101679918,-28.46403987855423
1145.557730225449,-25.431364083151735,-26.832423410834267
1145.3389035339062,-31.28227481669039,-32.51108346120712
1145.1201604278074,-22.84711891966812,-22.14903351823601
1144.9015008592708,-26.46434782808639,-25.051422596332586
1144.6829247804505,-31.715809889787735,-31.361605450944793
1144.4644321435387,-30.723944527145093,-29.038394931486565
1144.2460229007634,-21.804069776537276,-21.42392512890835
1144.0276970043885,-23.375839772452238,-22.484700937231693
1143.809454406715,-22.18713359148306,-23.045166077264312
1143.59129506008,-23.241714584991783,-23.395731505727568
1143.3732189168575,-33.81570925174897,-37.6846183831061
1143.1552259294567,-30.81599489522425,-32.382526222987835
1142.9373160503242,-31.439969615240486,-29.127523014981406
1142.7194892319421,-31.863548000016536,-32.25127742728479
1142.501745426829,-44.53543519204156,-52.73281307563944
1142.2840845875405,-25.781865698096297,-24.399997527277648
1142.0665066666668,-21.7945559052868,-21.547913054978935
1141.8490116168348,-21.385969799560726,-21.343951833900363
1141.6315993907083,-29.652531683601538,-29.511742410106976
1141.414269940986,-23.812867045920015,-24.40681252494487
1141.1970232204035,-26.464197457010513,-25.540655895790835
1140.9798591817316,-31.412705798980696,-30.342443618850055
1140.7627777777777,-22.526433592464784,-22.38731191637133
1140.545778961385,-26.630135423918446,-28.116797900885658
1140.3288626854317,-25.40492818174583,-26.800432491658754
1140.1120289028333,-21.14419857386666,-20.52498784437067
1139.8952775665398,-26.457851111263423,-25.30601142994867
1139.678608629538,-26.178272617133857,-25.587542995429928
1139.4620220448498,-30.206393816588488,-30.068396154419943
1139.245517765533,-25.322965005032742,-23.893471293881603
1139.029095744681,-23.912913244761413,-24.894311597281742
1138.8127559354225,-22.952287020874977,-23.328566163366403
1138.596498290923,-20.512743863798036,-20.712497543668164
1138.380322764382,-31.432027684241163,-30.442053390519945
1138.1642293090356,-27.289915067986627,-29.239374401840266
1137.9482178781552,-25.09385693829286,-23.67393167224357
1137.7322884250475,-25.637595437049455,-24.35325642294366
1137.5164409030544,-36.5291496784519,-32.351718219866754
1137.3006752655538,-25.870829512466756,-24.433626148269227
1137.0849914659586,-19.210081233363624,-19.318038474194978
1136.869389457717,-21.197790953726283,-20.569641306613462
1136.6538691943128,-21.86775942457008,-22.585251632160194
1136.4384306292648,-29.18409423284585,-30.918105451611225
1136.2230737161265,-27.579512395731356,-27.358820001010812
1136.007798408488,-24.827532257900017,-23.708387071742933
1135.7926046599734,-30.58103176315616,-28.083081923685043
1135.5774924242423,-32.27501652398165,-30.414525451494782
1135.3624616549896,-26.609969686382172,-25.55453311488985
1135.1475123059447,-20.02679197857772,-20.869736435991726
1134.9326443308726,-30.56458306295626,-27.71455492745484
1134.717857683573,-30.931262682518863,-28.604018151585265
1134.5031523178807,-58.67325194269402,-37.82829147200708
1134.2885281876656,-25.20673480905883,-27.104115297560938
1134.0739852468319,-33.589020875993484,-41.05762155669332
1133.8595234493193,-16.989973439831047,-17.459947598577386
1133.6451427491018,-30.529756392082376,-32.99394856440101
1133.430843100189,-20.3423656219954,-21.35361879916921
1133.2166244566245,-41.2590184468731,-42.57827057352689
1133.0024867724867,-28.546005730374375,-30.730706356484305
1132.7884300018893,-23.957387987047426,-25.71553414897393
1132.5744540989801,-30.73871371922452,-28.735595101983094
1132.3605590179416,-24.574335782596066,-23.615017532776037
1132.146744712991,-24.68328648590763,-22.408872002169275
1131.9330111383804,-22.046268566684418,-22.659682407391685
1131.7193582483956,-25.136403535477243,-27.45875112343198
1131.505785997358,-29.849224007567713,-27.0187968448907
1131.2922943396227,-47.43132924614271,-32.512277482795
1131.0788832295793,-21.60950734381298,-21.75761168762726
1130.8655526216521,-25.27384362417631,-24.676489738748884
1130.6523024703,-30.381354951404617,-26.420604000331153
1130.439132730015,-29.874779776049238,-25.718958395394893
1130.2260433553251,-30.229603924622026,-25.696323617509833
1130.0130343007916,-33.26433118377405,-27.306962635057644
1129.80010552101,-24.04765689900556,-24.17989381246825
1129.5872569706105,-23.452578502301876,-20.96716670844056
1129.3744886042568,-30.659823520393118,-28.29483764062452
1129.1618003766478,-34.58099992171536,-28.83533621899211
1128.9491922425154,-27.702321943560648,-30.847306461658306
1128.7366641566264,-28.617081304532505,-25.636158524963477
1128.5242160737812,-20.72464507769537,-22.406842132924695
1128.3118479488146,-30.328466813989436,-39.08032902096126
1128.0995597365945,-29.82096938241044,-35.584565219641505
1127.887351392024,-24.969579577142852,-26.812260719886424
1127.6752228700395,-38.55787211523044,-32.75708848049091
1127.4631741256112,-19.412014061584117,-21.130560568569493
1127.251205113743,-27.797564688200637,-24.662850520405712
1127.0393157894737,-30.9530957421468,-27.90680531257432
1126.8275061078746,-19.041735546842077,-20.564168128709397
1126.615776024051,-28.391718664110087,-26.271221634514816
1126.404125493143,-27.077224038465815,-24.746798791054246
1126.192554470323,-28.862651563628745,-26.255995090994375
1125.981062910798,-20.826887909096186,-22.361822231184178
1125.7696507698083,-22.263042832528683,-24.202015515398088
1125.5583180026283,-22.2901573610511,-23.307509068442144
1125.3470645645646,-27.866590270564743,-29.361848141962426
1125.135890410959,-43.346878808125965,-34.69607100056204
1124.9247954971856,-45.74624115077795,-34.00768277259469
1124.7137797786531,-27.11732715533482,-28.208014695133116
1124.5028432108027,-29.28826916226255,-28.246571965888094
1124.2919857491095,-42.265736026802855,-33.24564411457713
1124.0812073490815,-26.111772826789874,-24.072652471168922
1123.8705079662604,-24.720954096035584,-24.524705929613745
1123.659887556222,-28.187076426893256,-26.809072079965702
1123.449346074574,-25.947544403167043,-27.48995626876645
1123.2388834769577,-39.78603251742639,-37.126359873041494
1123.0284997190483,-34.25392799627046,-29.72829396045502
1122.8181947565545,-32.409453227603464,-33.572383400993274
1122.6079685452162,-29.179662165131347,-26.521209318004324
1122.3978210408086,-25.005436985161353,-24.62085896533661
1122.187752199139,-24.793786144221386,-27.549649294406365
1121.9777619760478,-23.411526967526285,-25.92099414395709
1121.7678503274087,-33.761686914019535,-29.799976196751643
1121.5580172091281,-25.232310062030948,-25.017290695707928
1121.3482625771462,-47.213253096507955,-32.62681544730113
1121.1385863874345,-27.89688239526582,-24.46942108590109
1120.9289885959993,-20.48211116444945,-18.754750761087067
1120.7194691588786,-27.218823653979413,-24.78486990784812
1120.5100280321435,-32.535895256993925,-38.26816511567911
1120.3006651718983,-36.59150528051491,-31.448852130073547
1120.0913805342798,-25.905831498991674,-30.244546375427788
1119.8821740754574,-25.407009893751948,-29.375537600691175
1119.673045751634,-31.67722359882309,-31.3608277608579
1119.463995519044,-28.431012997754422,-32.2328798013621
1119.2550233339555,-40.01204137580906,-39.00478487443307
1119.046129152669,-28.209871366765455,-24.666721789254794
1118.837312931517,-22.35021178396731,-21.325386582069044
1118.6285746268657,-34.12426075060871,-49.98750450983049
1118.4199141951128,-23.4776964094021,-25.9486183969111
1118.2113315926892,-22.668997825824718,-24.133667212376636
1118.002826776058,-26.808804820899056,-24.549608430721506
1117.794399701715,-31.310991255734947,-40.597541711513756
1117.5860503261883,-21.07445031996177,-20.317848821578863
1117.377778606038,-26.41973823450975,-29.755978019865992
1117.1695844978572,-23.969109055521997,-21.888930943337286
1116.9614679582712,-23.080013586344748,-21.63409096996152
1116.7534289439375,-43.61305705049794,-33.29800704146042
1116.5454674115456,-23.03687580770942,-24.670052067635325
1116.337583317818,-30.623375274936237,-35.160454834383714
1116.1297766195084,-23.531804584458072,-22.29406149078703
1115.9220472734041,-23.76732585955652,-25.080453928247877
1115.714395236323,-26.300081384523494,-28.218403907229273
1115.5068204651163,-35.84335359530867,-33.28354480041669
1115.2993229166666,-28.141195388143913,-29.99552800103048
1115.091902547889,-28.732851024556666,-27.012719753152638
1114.8845593157307,-27.352685327268162,-26.27544855995471
1114.6772931771704,-27.42749146179888,-25.600543357861866
1114.4701040892194,-41.00059212508897,-40.970039505097034
1114.2629920089203,-41.96546139328872,-35.28112164454619
1114.0559568933481,-22.643677161321918,-22.284978322374045
1113.8489986996099,-29.24624990617427,-29.767526969893353
1113.642117384844,-25.946381034585684,-24.90820441599108
1113.435312906221,-19.92875202270038,-20.12762747018938
1113.2285852209434,-25.989805419038404,-25.744122153939443
1113.0219342862447,-28.35009434945242,-30.50928652972648
1112.8153600593912,-32.22484992741046,-35.648020453959916
1112.6088624976805,-31.049121500526624,-32.262744865844624
1112.4024415584415,-25.52675066994253,-25.63450982387512
1112.1960971990354,-27.220055125695424,-25.436682218205064
1111.9898293768547,-26.68768006173569,-28.585492415274402
1111.7836380493231,-31.92681823880308,-29.62507200629919
1111.577523173897,-25.132540742312173,-26.629119966929906
1111.371484708063,-19.72814894016186,-19.25258960761913
1111.16552260934,-27.207984867505175,-29.147318056435253
1110.9596368352788,-27.55268905119921,-29.455832261011025
1110.7538273434607,-30.039027370418935,-32.572056671659155
1110.5480940914983,-43.110595807620896,-36.42840563297845
1110.342437037037,-30.01916090733293,-32.11226831329138
1110.1368561377521,-30.933280712761032,-30.527122827072432
1109.9313513513514,-33.517934729271545,-33.00290541818221
1109.7259226355727,-29.474277923912226,-30.889944131682867
1109.5205699481867,-20.14811432137192,-20.200975947977653
1109.3152932469936,-35.10549204052525,-36.8719610126591
1109.110092489826,-30.512451345853933,-30.471504884932713
1108.9049676345478,-34.472059524952286,-33.52893898202201
1108.6999186390533,-22.082937424424088,-21.641757162767973
1108.4949454612683,-22.68168209519841,-22.718835894669567
1108.2900480591497,-22.460790533996473,-22.39814525331353
1108.0852263906856,-22.12810428340542,-21.774174387353796
1107.880480413895,-32.55714921667446,-31.566178162497565
1107.675810086828,-26.79603575120528,-27.080828605828245
1107.4712153675655,-33.21288486281934,-32.47778572057133
1107.2666962142198,-26.050381501510444,-26.01026148740003
1107.0622525849335,-24.949561431532018,-24.999133249843837
1106.8578844378808,-26.638745393777427,-26.423808307990654
1106.6535917312663,-36.09640174755303,-36.32985031556599
1106.4493744233253,-25.572147010396733,-25.261081414587565
1106.2452324723247,-30.0254634501285,-29.6218725182611
1106.0411658365615,-30.907883369540045,-30.96332017520932
1105.8371744743636,-31.926871126981624,-32.26622062655734
1105.6332583440899,-25.349623577711625,-25.247394959316452
1105.4294174041297,-22.02552536322993,-21.90974388302884
1105.2256516129032,-23.912601497804772,-23.96518209721411
1105.021960928861,-20.50899221397283,-20.2164005715383
1104.8183453104846,-33.750241826333436,-34.26027114028351
1104.6148047162858,-28.142953283478775,-28.598996007792053
1104.4113391048074,-30.142691732835274,-30.04993913171849
1104.2079484346225,-26.10282561159282,-26.605050676003927
1104.0046326643344,-28.082643119349925,-27.211238170213463
1103.8013917525773,-31.41721099595007,-30.097107935328083
1103.5982256580157,-35.403980489797604,-33.22924961292604
1103.3951343393448,-43.06186439956444,-44.85305158066954
1103.1921177552897,-25.070696689772163,-24.726464932745714
1102.9891758646065,-21.149510716436893,-20.455923627905307
1102.7863086260804,-27.342908106832326,-26.37190726891508
1102.5835159985288,-41.11917353605703,-39.52947642334617
1102.380797940798,-26.9057057024783,-27.379931991659348
1102.1781544117648,-28.484154292406643,-27.34350688730443
1101.9755853703364,-25.849061698111583,-27.100609008527485
1101.77309077545,-26.463915073242774,-27.65508253040393
1101.570670586074,-19.541826033514738,-18.686077872957853
1101.368324761205,-23.30210315862884,-23.038469863247528
1101.1660532598714,-23.14901521835948,-22.97037613600314
1100.963856041131,-24.251090266969427,-23.102011453064748
1100.761733064072,-26.02866254770366,-27.844846986624347
1100.559684287812,-19.264421718178866,-19.98460715359606
1100.3577096714994,-23.304104869594752,-24.814880592929896
1100.155809174312,-21.62084438419474,-22.211675543080887
1099.9539827554577,-48.92800309513676,-37.3344599716154
1099.7522303741746,-37.05873930418694,-51.2788182043886
1099.5505519897304,-23.651614631462323,-23.209813728278263
1099.3489475614228,-23.894385634840845,-23.520893784212305
1099.1474170485792,-23.538524727656792,-22.039973340746158
1098.945960410557,-26.274242629815845,-26.49700333511653
1098.7445776067436,-39.21257786213671,-34.02650986781974
1098.5432685965554,-28.033795470767487,-29.509580032173986
1098.3420333394395,-22.513852028505923,-23.15265231655944
1098.1408717948718,-23.701626536834894,-24.943502249136642
1097.9397839223586,-40.9355548528181,-34.438344690836104
1097.7387696814353,-32.32424315962918,-29.372221960668597
1097.5378290316676,-26.134633556468813,-25.809181667190288
1097.33696193265,-26.147298881447014,-24.770852376785214
1097.1361683440073,-29.394183769309834,-31.414677864288407
1096.9354482253934,-20.047397064548264,-19.460552140858496
1096.7348015364917,-31.535808623097367,-30.359864559973758
1096.5342282370154,-31.39151583959925,-33.88289255588565
1096.333728286707,-26.985438259878393,-27.222790806853297
1096.1333016453382,-29.115210767330368,-30.676701283983547
1095.9329482727105,-43.62945994208148,-39.77582794755763
1095.732668128655,-39.83095501325282,-45.542626751261665
1095.5324611730314,-37.353467902943194,-41.785140141293695
1095.3323273657288,-28.400654401047106,-27.243424653572518
1095.1322666666667,-24.40989142372827,-24.492915918196545
1094.9322790357926,-26.686198895840064,-27.591360125483376
1094.7323644330838,-34.97186473594793,-32.82960358935078
1094.5325228185468,-23.72904014221824,-24.27290739873918
1094.3327541522176,-27.472727854867443,-26.912639954558912
1094.1330583941606,-25.062939561755016,-24.929161947950305
1093.93343550447,-25.467133409781766,-25.114389529452453
1093.733885443269,-27.892731246432376,-27.21534606310182
1093.5344081707094,-26.89975860148688,-26.641341419372097
1093.335003646973,-24.910979382211465,-25.119631318888864
1093.13567183227,-26.962792775254528,-27.282796682672412
1092.9364126868393,-27.850979497231847,-28.756168214464466
1092.7372261709495,-28.325963238394067,-29.129856697950217
1092.5381122448978,-32.683365534514124,-32.73062970421965
1092.3390708690106,-24.09902131989365,-23.91305335141128
1092.140102003643,-26.230682963262993,-25.945187327825366
1091.9412056091787,-26.082869922279357,-25.23220329490691
1091.7423816460305,-35.149845886487284,-33.966885674013454
1091.5436300746405,-21.124962696126104,-20.69551355943055
1091.3449508554788,-36.38596466468077,-39.16337614928692
1091.1463439490446,-23.4111581799675,-23.997622168517054
1090.9478093158662,-23.415121594988605,-23.296207558789106
1090.7493469165,-25.620744897177488,-26.2201501428476
1090.5509567115316,-32.384554537478394,-32.29349475125146
1090.3526386615747,-27.087182696441076,-27.547764310671752
1090.1543927272728,-37.49920357377489,-36.02414546678388
1089.9562188692964,-25.53636619707136,-25.192523217023748
1089.758117048346,-23.493256815241168,-24.035117241758755
1089.5600872251498,-26.718476741829093,-25.942262921858443
1089.3621293604651,-31.295169756762604,-30.414543598900295
1089.1642434150772,-36.24022301271377,-39.89305867964468
1088.9664293498001,-26.766732645540614,-26.74664912575564
1088.7686871254766,-29.91234707194674,-31.09094708774377
1088.5710167029777,-23.051213880434787,-22.367246791395118
1088.373418043202,-28.213666416187195,-28.812816355068023
1088.175891107078,-31.322889746965316,-33.194197004054146
1087.9784358555614,-23.31428896316443,-23.613408244809634
1087.7810522496372,-20.62016353537605,-20.78562703400165
1087.5837402503173,-26.826462385519378,-25.999228122433934
1087.3864998186434,-31.39338383376382,-33.056055080107754
1087.1893309156844,-28.081430865400492,-27.673933068987637
1086.992233502538,-25.045947182752784,-24.170621179439294
1086.79520754033,-25.67650677858306,-25.110674576679614
1086.5982529902137,-26.623408440741926,-26.46708773501031
1086.401369813372,-21.300264304160564,-21.755277691455703
1086.2045579710143,-28.742787268372453,-29.33166655401469
1086.0078174243795,-32.07844182352473,-32.81453869316367
1085.8111481347337,-36.11231566181273,-34.70604040348361
1085.6145500633713,-26.648691078538818,-27.151479674160086
1085.4180231716148,-24.20930173731297,-23.374673946349603
1085.2215674208144,-19.477294026170895,-19.950013529061962
1085.025182772349,-28.226524894677183,-28.85697233180376
1084.8288691876244,-19.39544273386467,-18.83812502934005
1084.6326266280753,-24.665397372945804,-23.66184222205463
1084.4364550551636,-28.80984480094942,-27.36377858979243
1084.2403544303797,-24.212552157493306,-25.59312955151306
1084.0443247152414,-22.24492519426225,-21.154185979558733
1083.8483658712942,-21.220656232419074,-21.93562180513807
1083.652477860112,-26.48803461079045,-28.63711479768874
1083.456660643296,-33.28257208132963,-29.63365183079962
1083.2609141824753,-38.38629450596885,-39.189705604493085
1083.0652384393063,-31.2004466861343,-35.94385327926177
1082.8696333754742,-23.87160823850654,-22.335228088951354
1082.6740989526904,-26.02794907363848,-28.293452588057917
1082.4786351326954,-23.06340360565916,-24.43282072242671
1082.2832418772562,-29.439980585647348,-26.70935356513452
1082.087919148168,-21.403160750564027,-20.828068284370076
1081.8926669072537,-39.9092789889808,-33.082627004426385
1081.697485116363,-24.573185799098056,-22.966501818935328
1081.5023737373738,-24.70944243272878,-26.457785280029825
1081.3073327321913,-32.434800394667846,-29.30090663151354
1081.112362062748,-37.679246632644194,-33.17096856249081
1080.9174616910043,-28.25504965164815,-27.718713616124532
1080.7226315789474,-33.6583603809933,-30.865105914642683
1080.5278716885925,-23.027569702978795,-21.73480108940312
1080.333181981982,-26.08776047024297,-27.756800064843773
1080.1385624211855,-18.0971350983677,-17.24787154856635
1079.9440129682996,-28.35002042969488,-29.945424886756385
1079.7495335854492,-24.065927557146026,-25.802548430904082
1079.5551242347858,-26.517490343944402,-28.57960645970097
1079.3607848784877,-16.00725645278932,-16.583532881497447
1079.1665154787615,-27.211873836089254,-27.141964100103237
1078.9723159978407,-27.42012924769959,-26.042927449389552
1078.7781863979849,-29.92719368323931,-27.530179839760123
1078.5841266414823,-25.125946408761294,-22.767743042312887
1078.3901366906475,-33.708758271454755,-28.71000119732365
1078.1962165078223,-25.983060496318544,-25.9601114284754
1078.002366055376,-24.637555441944542,-23.491418140864724
1077.8085852957038,-28.72264727911589,-27.416007843020836
1077.6148741912293,-23.04870637204668,-25.46485159900091
1077.4212327044027,-24.390050278210182,-23.718044983339055
1077.2276607977003,-30.13337687808682,-30.84852644671507
1077.0341584336268,-23.747316194335596,-27.65167467559216
1076.8407255747127,-31.915837933305497,-25.98832890651245
1076.647362183516,-29.76766439351063,-31.711137479775303
1076.4540682226213,-22.251953762277637,-23.04903693427154
1076.2608436546402,-24.546819421998393,-29.305813155273356
1076.067688442211,-30.28256064814677,-26.746140037246775
1075.8746025479993,-22.99098362139715,-21.05574171903909
1075.6815859346968,-37.70215567267512,-28.164402457687558
1075.4886385650225,-19.140684725512628,-19.82368558004559
1075.2957604017217,-26.699644489420038,-33.02707513931317
1075.1029514075667,-39.51111532321117,-34.24535427727035
1074.9102115453568,-27.38280081759801,-34.54197915454115
1074.717540777917,-23.221475024856844,-25.05319338278268
1074.5249390681004,-24.5582671747991,-27.47744401729993
1074.3324063787852,-18.959859472563878,-20.309754004514573
1074.1399426728772,-22.951670995408207,-21.120920690711344
1073.9475479133082,-22.94667169701087,-21.841805926913608
1073.7552220630373,-30.877520986572236,-28.161975429367814
1073.5629650850492,-25.12435985284735,-28.064430094322987
1073.3707769423559,-24.21120679692619,-23.849004142695023
1073.1786575979954,-28.176403818752746,-29.30599604170108
1072.9866070150322,-25.315429182991906,-23.59248812807023
1072.7946251565575,-30.342204017182794,-33.41475784319597
1072.6027119856888,-30.716682698621426,-34.09675631040291
1072.4108674655695,-23.362379472661544,-23.64348211386435
1072.2190915593706,-29.548445102899777,-31.920021177435032
1072.027384230288,-24.69600743104776,-23.480018312557334
1071.8357454415445,-30.310315907786176,-29.337316901085657
1071.6441751563898,-35.84600429860039,-33.03056983051859
1071.4526733380987,-23.918568593287986,-24.088999542366807
1071.2612399499733,-26.492135624510226,-26.190595617023845
1071.0698749553412,-20.66269090242561,-20.866400637915703
1070.8785783175567,-30.680695930671433,-28.535412515403536
1070.68735,-22.223849739806823,-21.974334215681964
1070.4961899660775,-31.769710369161814,-30.45050558715512
1070.3050981792219,-32.45992006512016,-31.29707258990966
1070.1140746028914,-23.671158962056168,-25.209255016896392
1069.9231192005711,-29.240308095580374,-28.826693038955696
1069.7322319357716,-21.441629429366074,-20.117057596693016
1069.54141277203,-26.283420248666673,-23.99618121321059
1069.350661672909,-27.520649231829864,-27.62360524636837
1069.159978601997,-37.42608656039339,-46.9357738541235
1068.9693635229096,-27.259984272497817,-29.285278425181943
1068.778816399287,-21.993308785570818,-20.34265671480206
1068.588337194796,-24.336429972368975,-24.944036940093397
1068.397925873129,-38.36825682009781,-40.603344563192294
1068.2075823980047,-28.292115550803985,-25.142316988457296
1068.017306733167,-24.044011774095523,-22.162452021150514
1067.8270988423865,-28.945093472315463,-28.970528996321477
1067.6369586894587,-26.23274956164731,-24.488424360293507
1067.4468862382055,-25.536719519109326,-27.155251901477712
1067.256881452474,-21.197112970932878,-21.485463817255848
1067.066944296138,-34.78879474443768,-29.76452657450993
1066.8770747330962,-24.705932992193127,-24.154135374483317
1066.6872727272728,-28.259920055630758,-27.7661726446576
1066.4975382426182,-25.845532498779747,-26.346302599387784
1066.3078712431088,-21.01363150151134,-20.836024470368372
1066.1182716927453,-19.88748598767164,-20.932615980845114
1065.9287395555555,-34.89642463609,-30.27130124307034
1065.7392747955919,-23.84343821230668,-22.875492305030704
1065.5498773769325,-22.563803579864825,-22.03096203743185
1065.3605472636814,-27.23730014565605,-29.133679318757956
1065.171284419968,-25.367676034832883,-23.69247426692276
1064.9820888099466,-20.5692391270952,-21.515036729993156
1064.7929603977977,-38.28997725714781,-32.83572688772695
1064.6038991477271,-27.598065936685188,-25.69214375621631
1064.4149050239657,-40.245986076427656,-34.159594927511634
1064.2259779907704,-23.787635807227602,-23.30399663760464
1064.0371180124225,-27.20570291201959,-26.786249263056177
1063.8483250532292,-28.52404579418588,-26.73094145401062
1063.6595990775236,-19.622756534404445,-19.676404036469776
1063.4709400496629,-27.044500939525946,-25.59592112405737
1063.282347934031,-25.906444971208415,-27.878130053332868
1063.0938226950354,-37.807477776509145,-42.67170935876389
1062.9053642971103,-22.32563721501971,-23.591061995014215
1062.7169727047146,-28.313287007235076,-25.82991410549515
1062.528647882332,-29.60685967148102,-31.012747409185224
1062.340389794472,-18.60077157752228,-19.423593752653645
1062.1521984056687,-27.525854270522856,-29.780662425708144
1061.9640736804818,-34.95617694182185,-43.01478798994471
1061.7760155834956,-27.040052218338545,-29.03235755686272
1061.5880240793201,-27.626602057070087,-30.675150124246912
1061.4000991325897,-26.073541341910996,-25.654673529008093
1061.2122407079646,-26.42993618529526,-27.62639311078216
1061.024448770129,-27.722519329250005,-30.178032269320354
1060.8367232837934,-37.75820769119092,-31.96800123754359
1060.6490642136916,-27.53345158190801,-25.35966534348408
1060.4614715245843,-28.028964015149356,-29.594259987908814
1060.2739451812556,-24.334848561611622,-25.620356128569952
1060.0864851485148,-29.01453166635993,-26.657921553173665
1059.8990913911966,-24.27535624444137,-24.6327801042669
1059.7117638741604,-23.33747990156796,-22.42533667407163
1059.5245025622903,-31.24908227472862,-28.719491272523342
1059.3373074204949,-23.690338931247155,-22.513155148200028
1059.1501784137079,-26.46951676632797,-25.245908598350567
1058.963115506888,-22.445196558002024,-22.38973392628246
1058.7761186650187,-26.2363735888964,-26.049437907394477
1058.5891878531074,-40.7914237765748,-38.76518018061991
1058.402323036187,-31.032706415765247,-30.41335463092237
1058.2155241793153,-22.732849059374544,-22.508201610933085
1058.0287912475737,-28.892267998049377,-29.87828179138795
1057.8421242060692,-44.37978918741551,-41.1154601144904
1057.655523019933,-22.321098093507672,-22.319666540228084
1057.468987654321,-29.880568087735654,-29.667455003047493
1057.2825180744137,-27.086355359885587,-27.208206007983378
1057.096114245416,-29.592376029525482,-29.177548252694592
1056.9097761325577,-24.23617830177237,-23.855517675880535
1056.7235037010928,-23.703105306999774,-23.323442437729383
1056.5372969162997,-26.312093805956053,-26.850585747300002
1056.3511557434813,-44.270324561896345,-51.00928658554365
1056.1650801479655,-20.142349350854417,-20.304687722411174
1055.979070095104,-21.304542246781935,-21.02524103906707
1055.7931255502729,-19.173141296995354,-18.649988521861943
1055.607246478873,-26.845364245673736,-25.700158218182608
1055.4214328463297,-29.844190110120437,-29.113615836702266
1055.2356846180921,-35.476089389534266,-32.301476640809355
1055.0500017596341,-32.47502753725958,-30.18031087747856
1054.8643842364534,-30.385141397463045,-29.208080992061653
1054.678832014072,-23.93507204206277,-24.909461887000063
1054.4933450580374,-24.181594106810095,-24.63274041407952
1054.3079233339195,-34.1694953742073,-30.969812564828388
1054.1225668073137,-26.352585808979327,-26.13165279401447
1053.9372754438389,-32.91166053207026,-30.924526451328447
1053.7520492091387,-22.152279575027407,-22.85273388602316
1053.5668880688806,-31.297573196261354,-28.67960122532493
1053.3817919887563,-28.504986687250963,-29.2857142941143
1053.1967609344808,-21.855339231294906,-21.847756109769094
1053.0117948717948,-30.255814610880392,-27.791343003961728
1052.8268937664618,-23.806071168443836,-24.559838266072504
1052.6420575842697,-28.599385724693903,-29.15765274404056
1052.4572862910302,-24.386909240391148,-24.515511904397542
1052.2725798525798,-38.40043006714059,-39.377739936439625
1052.087938234778,-26.407927199347156,-27.04214148260759
1051.9033614035088,-22.86978479616876,-21.87950472149201
1051.71884932468,-27.271762642798464,-26.195342598251145
1051.5344019642232,-23.135348445041686,-24.22178810705701
1051.350019288094,-28.170024135810408,-30.51894430062997
1051.165701262272,-29.288830090697658,-30.363373941389213
1050.9814478527608,-35.10629261901265,-31.40098671070176
1050.797259025587,-25.947485246761758,-26.34727950791428
1050.6131347468022,-37.92619206604401,-46.516657581097334
1050.4290749824806,-29.51303661681142,-28.30148548432642
1050.2450796987214,-21.342624206364277,-22.014379482711448
1050.0611488616462,-39.71249687157196,-49.33434432321509
1049.8772824374016,-32.879396793296436,-30.72581837520964
1049.693480392157,-19.95700755023897,-19.36317396418964
1049.5097426921059,-27.87413018558304,-27.05437324299372
1049.3260693034651,-38.07661432777094,-42.20118936444523
1049.142460192476,-22.630388447548157,-23.03036886728522
1048.9589153254024,-24.331061387119675,-24.670062221258306
1048.7754346685324,-20.787112896873296,-20.450527487887612
1048.5920181881777,-22.89726058606486,-22.69511874886352
1048.4086658506733,-23.87977927658322,-23.90591454932995
1048.2253776223777,-27.575570261537692,-27.16884730265518
1048.0421534696732,-25.837213363679368,-25.96588912218634
1047.8589933589653,-24.633348702696154,-24.313250121567066
1047.6758972566836,-25.838081846080073,-26.408833611129225
1047.4928651292803,-26.91026338476702,-26.25908440724386
1047.3098969432313,-33.867792401772576,-31.65435842030014
1047.1269926650366,-27.796726026817097,-26.441634638377693
1046.9441522612187,-34.03268147715825,-34.405506567095145
1046.7613756983242,-25.903868095889706,-27.41625603661886
1046.578662942922,-22.05323630969265,-21.833462418462332
1046.3960139616056,-34.7298259254281,-40.1675489198429
1046.213428720991,-19.298834004352003,-19.639473315188653
1046.030907187718,-38.56236546440748,-40.39788843071922
1045.8484493284493,-25.13638607258109,-24.298789204463972
1045.666055109871,-20.97858031509942,-21.75774448739763
1045.4837244986923,-42.69527063518363,-33.72008787818898
1045.3014574616457,-24.33495961315343,-27.302781124542676
1045.1192539654871,-41.85303884175734,-31.352967528158118
1044.9371139769955,-25.33555139278802,-27.59747393857448
1044.7550374629727,-25.843479940161544,-25.332119534153335
1044.5730243902437,-30.882398425466064,-29.761149804373403
1044.3910747256575,-20.14063645581136,-18.995080815385236
1044.209188436085,-25.579460886233207,-22.596583600964337
1044.0273654884206,-23.903540039247545,-26.245666942678056
1043.8456058495822,-32.161619614885936,-28.784379610968145
1043.66390948651,-24.51868909499042,-27.813530787250855
1043.4822763661678,-21.62683999822768,-20.842974696426538
1043.300706455542,-45.20485923469569,-34.70676135597385
1043.1191997216424,-26.062840631610086,-25.60474080701259
1042.9377561315011,-23.834057523799814,-23.32910154191684
1042.7563756521738,-36.82262840153972,-29.016224494761403
1042.575058250739,-36.195454957435075,-31.875353081684537
1042.3938038942977,-32.00382248215358,-36.86044878768671
1042.212612549974,-27.307018433115402,-32.178779675923735
1042.031484184915,-26.774726536285428,-29.94499523246624
1041.8504187662902,-26.628490657197617,-29.95016056352857
1041.6694162612926,-23.25265506452017,-21.400349135324447
1041.4884766371374,-25.410782604351127,-24.88879425037659
1041.3075998610627,-21.50228503025211,-22.00891781790544
1041.1267859003299,-25.416392500749154,-23.43517760008494
1040.9460347222223,-21.6908294491693,-20.62975458418599
1040.7653462940461,-26.757112729577514,-28.849168314442565
1040.5847205831308,-23.17320842278461,-24.09047377282822
1040.404157556828,-29.684739310849167,-27.79723143295162
1040.223657182512,-20.17513320223246,-20.373668959581906
1040.0432194275802,-27.026968552158664,-28.484969631799785
1039.862844259452,-25.125822896117327,-25.42439222582037
1039.6825316455695,-25.91803959586285,-24.63648048724538
1039.502281553398,-19.954852401467164,-20.05977371466581
1039.3220939504247,-24.094061857281147,-23.538864578643953
1039.1419688041594,-24.46012675489196,-25.33804560962365
1038.9619060821349,-24.690115382675216,-24.504433452974766
1038.7819057519057,-28.940144362908327,-28.63792701053326
1038.6019677810496,-24.18442043344747,-24.83768189509233
1038.4220921371666,-32.75219649810528,-30.881093327413325
1038.2422787878788,-23.600602664287962,-23.239716496765837
1038.062527700831,-23.808812563772037,-23.92310323242451
1037.8828388436905,-25.307437506944567,-24.581851086226507
1037.7032121841467,-28.676536815354055,-29.620418198785686
1037.5236476899117,-25.673097085710836,-26.244744619207964
1037.3441453287196,-26.31600816302175,-26.575068026315435
1037.1647050683273,-22.77563787522088,-22.46140273599549
1036.9853268765135,-21.91505621707357,-21.41643278386347
1036.806010721079,-22.820373541861997,-23.187591427824387
1036.6267565698479,-22.043170167990368,-22.04073525857642
1036.4475643906655,-25.1269129083892,-25.55574311628324
1036.2684341514,-21.91755975794645,-22.26515404057689
1036.0893658199411,-24.037382911873166,-23.90577644886396
1035.910359364202,-22.708864514787294,-23.09545470089047
1035.731414752116,-28.014804533041925,-26.36774965154642
1035.5525319516407,-25.091193538050348,-23.74962678071141
1035.3737109307544,-33.92560716295468,-30.96976101867385
1035.1949516574587,-24.204257820997455,-22.878209222579258
1035.0162540997756,-25.205293439146786,-26.51536114767005
1034.8376182257507,-26.250761559328353,-25.326048535226775
1034.6590440034513,-25.58119200261855,-23.298671563024257
1034.4805314009661,-23.495862932607153,-21.90102632858394
1034.3020803864067,-33.95272885107589,-52.966045783891374
1034.1236909279062,-26.05967363971915,-23.116642284105936
1033.9453629936197,-19.938141051583344,-21.786335408004945
1033.767096551724,-28.01996804635,-34.828190804723064
1033.5888915704188,-21.172753245973396,-22.718419202167055
1033.4107480179248,-26.016163952988663,-27.225225494361737
1033.232665862485,-29.495061126784677,-31.724696148237584
1033.0546450723639,-22.950744572612606,-20.223401752057114
1032.8766856158484,-22.058219535552993,-25.432824391780812
1032.6987874612469,-33.09692239233327,-44.23031992234756
1032.52095057689,-27.081158565473075,-22.649653373784034
1032.3431749311296,-28.09168362409956,-33.23790726391634
1032.1654604923394,-25.3677859661981,-31.99808547313414
1031.9878072289157,-23.82999405342069,-27.238805495189794
1031.8102151092753,-27.953043059291858,-25.74151823103655
1031.6326841018583,-23.971350033916806,-21.34532923099691
1031.4552141751246,-29.550627294322524,-36.5834530551321
1031.2778052975577,-23.77525305526423,-21.514079519020996
1031.1004574376614,-19.64879545324648,-22.449955458522126
1030.9231705639615,-27.337646259649986,-24.160333614461123
1030.745944645006,-28.70328519922434,-24.69110498623128
1030.5687796493642,-18.05631131947662,-20.164230827641674
1030.3916755456264,-23.643900041564834,-26.70914749134407
1030.2146323024053,-26.17396272918934,-32.30694192273167
1030.0376498883354,-22.484826712874153,-26.64494950809454
1029.8607282720714,-28.554804555771327,-24.345358464204864
1029.6838674222909,-25.762400688106013,-25.643941326787754
1029.5070673076923,-31.10125084739137,-30.132205393382506
1029.3303278969956,-26.435412081621152,-30.683247238515307
1029.1536491589427,-31.870476687022133,-27.866274526495076
1028.9770310622962,-25.64515611689579,-29.504391695019606
1028.800473575841,-21.79774696438379,-19.461278677588027
1028.6239766683823,-25.180450927278216,-28.87954858389206
1028.4475403087479,-26.438165824935524,-25.318747392845765
1028.2711644657863,-31.568402105201002,-45.083230762027185
1028.0948491083677,-27.43651529248875,-28.665186704418247
1027.918594205383,-19.59585374502778,-18.61797824918601
1027.7423997257456,-26.941281023711085,-24.1618551878678
1027.566265638389,-39.030315140584534,-33.95053849106422
1027.3901919122686,-32.924685422882234,-29.890418287446593
1027.214178516361,-23.087738423747638,-25.22207429949667
1027.0382254196643,-28.150501249033752,-25.071565915645706
1026.862332591197,-26.293912992943874,-23.81958684800533
1026.6865,-33.5775539693238,-44.231044553591815
1026.5107276151346,-30.589733031008663,-31.662308570401322
1026.335015405683,-25.071838993495348,-26.467039531004488
1026.1593633407497,-33.7441761615717,-30.137211442614486
1025.9837713894592,-34.83078455413839,-29.707639172285965
1025.808239520958,-21.66521212101371,-20.722520968143883
1025.6327677044133,-21.434073417803162,-20.30778315038019
1025.4573559090134,-22.553342131509552,-21.436296871205727
1025.2820041039672,-32.037369085834925,-28.67608838420749
1025.1067122585057,-28.033526354820353,-31.267024793825627
1024.9314803418802,-24.163949927786476,-24.455675650519495
1024.7563083233636,-29.363512064147315,-31.32272718429961
1024.5811961722488,-23.8161742520944,-22.46597845495448
1024.4061438578506,-27.010607602291984,-29.722236900051982
1024.2311513495044,-22.231074527594146,-23.259572960731262
1024.056218616567,-39.92683464199597,-33.24081159289695
1023.8813456284153,-31.666779972468603,-34.4304626528412
1023.7065323544477,-34.571754937338525,-39.631068482058694
1023.5317787640834,-19.78688885376424,-20.440172348511126
1023.3570848267622,-27.5426108320125,-28.478411344733885
1023.1824505119453,-26.13934572605045,-24.622807838157726
1023.0078757891143,-28.45621163097924,-27.652843620071067
1022.8333606277722,-23.25672874161286,-23.707358021933587
1022.6589049974416,-20.038126086559046,-20.382592288917195
1022.4845088676672,-19.631705126380993,-19.859491842837755
1022.3101722080137,-27.534197816105618,-26.579900843093853
1022.1358949880668,-19.091007436920407,-18.63338141958151
1021.9616771774332,-19.326140601474194,-19.07364589881594
1021.7875187457396,-20.8794164902054,-20.25589109757466
1021.6134196626342,-31.350322985534135,-31.614188800972826
1021.4393798977853,-25.17988298142238,-24.266578985672126
1021.2653994208822,-19.2073473918408,-19.073834809210965
1021.0914782016348,-30.9280678634414,-29.002386901988174
1020.9176162097737,-22.154072587523487,-21.66009196664551
1020.7438134150493,-23.54111921267254,-23.474699926140843
1020.570069787234,-22.152805018037256,-22.495836028610185
1020.3963852961199,-32.122368833398994,-31.424396334818695
1020.2227599115196,-25.33138120389806,-25.144051643204037
1020.0491936032664,-26.03427319055821,-26.64062356319944
1019.8756863412146,-23.696861100722558,-23.318929265436125
1019.702238095238,-36.170462444757064,-41.26537503404104
1019.5288488352321,-29.353004319467956,-27.456288370213926
1019.3555185311118,-21.97201827296739,-21.736229593835915
1019.1822471528133,-29.560008193312896,-28.069969210927653
1019.0090346702924,-27.212218562721787,-28.547205715647678
1018.8358810535258,-24.47631903021052,-25.603522228489155
1018.662786272511,-23.29596009785827,-23.17819152789376
1018.4897502972651,-25.223407414907044,-24.88352997489845
1018.3167730978262,-27.924493986780064,-26.508883395477753
1018.1438546442521,-33.410677863071484,-31.118794431963906
1017.9709949066214,-52.63281012300972,-44.33638556470372
1017.7981938550331,-29.194849941216646,-30.026071136673735
1017.6254514596063,-23.76356632946063,-24.350250286295065
1017.4527676904802,-20.64940226924476,-20.1148341127179
1017.2801425178147,-30.317339427301377,-30.916918679926724
1017.1075759117897,-30.06511495845534,-30.94789294690473
1016.9350678426051,-23.28546525746485,-22.98200396987862
1016.7626182804817,-26.83683409864311,-27.06241049875534
1016.5902271956595,-29.22386944115506,-28.5113818386733
1016.4178945583997,-27.90608363798195,-27.021421428206807
1016.245620338983,-27.043307188188678,-26.489057687446532
1016.0734045077105,-35.56236849015117,-35.50363119480589
1015.9012470349033,-24.337119718331692,-25.220881013299547
1015.7291478909029,-24.192296957763872,-24.232060665361487
1015.5571070460705,-27.123578054771357,-25.618996750760388
1015.3851244707876,-23.995979551670914,-23.19888598883351
1015.2132001354555,-24.463522890065505,-26.0120900740974
1015.041334010496,-23.35307467828322,-22.266026517209482
1014.8695260663507,-30.666039117820006,-29.922907971770613
1014.697776273481,-22.41881049209921,-20.89178303447308
1014.5260846023689,-26.188551157019717,-24.721626851982805
1014.3544510235156,-22.41910912442303,-24.15583764022294
1014.1828755074424,-27.753390964672676,-31.57328356742285
1014.0113580246913,-31.538935693781852,-36.25675952371917
1013.8398985458234,-16.867605218783794,-16.92858238354698
1013.66849704142,-26.067572818837206,-23.246654326921643
1013.4971534820825,-34.23899301799027,-28.02105020242074
1013.3258678384316,-23.60257861730922,-24.09517575863167
1013.1546400811086,-23.820798955191364,-22.550311732954313
1012.9834701807738,-23.381275645995075,-25.595477361234046
1012.8123581081081,-23.35235380592063,-25.50572391903539
1012.6413038338119,-21.097233599540218,-21.71540106728075
1012.4703073286051,-20.395191564992032,-20.458632184710368
1012.2993685632281,-44.08796430211787,-31.916983710466454
1012.1284875084403,-29.733072080358696,-26.56524830856263
1011.957664135021,-26.486029967805834,-30.069007281387584
1011.7868984137698,-19.905303565663885,-20.953796632077555
1011.6161903155053,-24.396496193103488,-21.393375814206664
1011.4455398110662,-29.932160834713457,-26.814163856773447
1011.2749468713105,-22.379549025365392,-20.756874569751503
1011.1044114671164,-24.04388663172439,-21.999583272215418
1010.9339335693811,-26.71344625660764,-28.74137228795219
1010.7635131490223,-25.782099168998528,-30.067852841371533
1010.5931501769761,-18.673774177784125,-20.357340328153086
1010.4228446241995,-23.157306167454166,-21.19290498861345
1010.252596461668,-32.89293090650567,-27.154874803073156
1010.0824056603773,-32.29212034205186,-27.11380204214116
1009.9122721913425,-37.0799271874461,-37.00276986444639
1009.7421960255978,-26.30957433702956,-30.501788307611363
1009.5721771341978,-19.62503428224916,-21.045274795646023
1009.4022154882155,-25.088317781121148,-26.38850712658241
1009.2323110587442,-20.680777922741996,-21.231884706343024
1009.0624638168966,-25.70731642253226,-28.73140192842247
1008.8926737338045,-22.164112416433923,-20.60857030646288
1008.7229407806192,-30.652254622088137,-27.163253609992566
1008.5532649285115,-24.31937388205752,-24.2899496645946
1008.3836461486713,-22.349672613154766,-23.86286779253966
1008.2140844123087,-24.77894226752703,-22.921149989337366
1008.0445796906524,-29.732647976042372,-32.50238849933437
1007.8751319549505,-32.776631200123504,-37.5653450921519
1007.7057411764705,-28.310310589240387,-26.128403862912435
1007.5364073264998,-25.645514760655956,-26.27822305557639
1007.367130376344,-37.54100083008841,-49.16631210237672
1007.197910297329,-22.122219512555247,-21.977108346510406
1007.0287470607994,-31.575336138404552,-29.00012778192955
1006.8596406381192,-22.727853265951794,-21.854668040481144
1006.6905910006716,-22.855927853837883,-23.297751044928006
1006.5215981198589,-24.997109875675747,-25.769353554282432
1006.352661967103,-26.416455273791158,-27.56071948513373
1006.1837825138446,-24.803374598277358,-24.340543395374922
1006.0149597315435,-23.447146375228968,-22.778358282680145
1005.8461935916794,-28.122626566820017,-27.107270167207034
1005.6774840657497,-22.316449884847785,-22.81168246634057
1005.5088311252724,-27.241759699311345,-27.22676840807698
1005.340234741784,-32.63971181995599,-32.53984693176007
1005.1716948868399,-26.31069362754333,-25.90897396581242
1005.0032115320148,-23.528446407494314,-23.49244492983341
1004.8347846489023,-24.73251208617681,-25.013844433467156
1004.6664142091153,-32.75010964747101,-33.46834844819308
1004.4981001842856,-23.662378900836288,-23.402048937645688
1004.3298425460636,-17.87375378627344,-17.73699441793501
1004.1616412661197,-24.40094907596621,-24.619518601607936
1003.9934963161421,-24.438902692764472,-24.72569275994657
1003.8254076678387,-21.076265527036853,-20.801541246551764
1003.6573752929361,-22.93973151353221,-22.94231195075166
1003.4893991631798,-28.366603870887545,-27.72910667455666
1003.3214792503347,-36.27106389041974,-35.383129728193595
1003.1536155261836,-28.565006390349808,-28.88835202368118
1002.9858079625293,-22.65350500047741,-22.778761038173187
1002.8180565311926,-47.83044182062672,-46.19138155836917
1002.6503612040134,-28.51785658932924,-28.299238185077954
1002.4827219528507,-31.769761371122414,-30.814835289654
1002.315138749582,-21.545687437501883,-21.617361610576765
1002.147611566104,-19.70704384440849,-19.7753050682676
1001.9801403743314,-19.664282101085703,-19.385389393551876
1001.8127251461989,-29.185357940596404,-28.57780673780441
1001.6453658536584,-29.459519856759854,-29.55227245909869
1001.4780624686821,-23.822987115395094,-23.858063545444836
1001.31081496326,-18.088608572784423,-18.007637145905548
1001.1436233094006,-25.67570459004675,-25.780571831562852
1000.976487479132,-36.242984768636475,-36.672100762916315
1000.8094074445002,-20.00780727867378,-19.79836382268435
1000.6423831775702,-34.91796732136338,-35.362583807315175
1000.4754146504256,-22.851815051177127,-22.863107840902373
1000.3085018351686,-30.84287917138367,-31.800084537980226
1000.14164470392,-24.65553056643084,-24.81826912259244
999.9748432288193,-25.19174440244545,-25.484346794446267
999.8080973820244,-19.862540336420338,-19.54122124211439
999.6414071357119,-23.599295505544248,-23.532573878248982
999.4747724620771,-32.081383233247706,-31.06097586756728
999.3081933333334,-30.162963895058894,-28.375417357661362
999.1416697217131,-25.01567800865398,-25.690501011315078
998.9752015994668,-20.671426912126307,-20.12327100512617
998.808788938864,-21.807383115134073,-22.234496310079535
998.6424317121918,-30.341261601041836,-28.99453416108595
998.4761298917568,-30.506639688465228,-32.67349568429829
998.3098834498835,-30.820237644436688,-31.258785098864294
998.1436923589147,-25.294037632719196,-23.95111084684315
997.9775565912117,-34.10589985732035,-38.70734252918065
997.8114761191546,-25.104042436228625,-25.411870158194418
997.6454509151415,-41.23773709047738,-39.46672262894931
997.4794809515887,-21.46733098761179,-20.826106780375582
997.3135662009315,-28.79317955090896,-30.703727236359256
997.1477066356229,-24.189150975921322,-23.369784079047818
996.9819022281342,-26.133299539516983,-24.916083452077586
996.8161529509559,-28.9938875410637,-28.26932093908637
996.6504587765958,-19.774491499333678,-19.74051107380474
996.4848196775802,-16.969011873517402,-16.78692298200876
996.319235626454,-22.259612615804272,-22.72363460787129
996.15370659578,-28.1137553663378,-29.089105545131176
995.9882325581397,-28.81835526750065,-28.77581564285923
995.8228134861318,-27.631615639589015,-28.41432771585913
995.6574493523746,-26.53219699077617,-26.77900911260862
995.4921401295036,-24.218964912967053,-24.621453744584144
995.3268857901727,-30.55133537341895,-31.641196000529604
995.1616863070539,-25.465365190433815,-26.06825309611004
994.9965416528378,-24.573690831015156,-24.854505182137885
994.8314518002323,-19.988516590364597,-20.345211569483908
994.6664167219642,-26.19256698104475,-25.370054766540633
994.5014363907779,-28.091921197124393,-28.936491804497493
994.3365107794361,-24.308202346801423,-25.14570339274657
994.1716398607196,-35.47344767951539,-38.92703432379547
994.006823607427,-26.889583931744127,-25.72648719769954
993.8420619923752,-27.28974310338201,-28.332851475408674
993.6773549883991,-22.439307766054796,-21.81590377248544
993.5127025683513,-41.90285143811168,-38.227403705421025
993.3481047051027,-38.650476219700906,-35.66183090078458
993.1835613715422,-18.246492102578785,-17.873444330803622
993.0190725405764,-30.780456914900142,-29.06299579179013
992.8546381851299,-25.94429940367722,-26.326991268108358
992.6902582781457,-23.970391845907145,-23.73483647071224
992.5259327925841,-21.56291375548078,-21.26709170295264
992.3616617014233,-17.820530968027484,-18.047440974377608
992.1974449776601,-24.505378809913438,-24.991953598990946
992.0332825943084,-24.911225561553564,-25.23511736204979
991.8691745244004,-29.41225303069787,-30.192275788879627
991.7051207409858,-32.22503174647527,-30.21093273364754
991.5411212171324,-27.883974431247864,-26.5237232291323
991.3771759259258,-33.66537398974039,-36.713699623345875
991.2132848404696,-23.744678079106777,-23.950652337163902
991.0494479338844,-22.87663715300333,-22.081622901074994
990.8856651793092,-24.77097896907206,-23.394120808138027
990.7219365499009,-33.53155750297482,-34.419286089197826
990.5582620188337,-23.35954966767592,-23.278417358073042
990.3946415592997,-21.149678829842557,-20.074544901674116
990.2310751445087,-33.96194088977977,-39.65879294270398
990.0675627476882,-20.783349815724634,-19.400090965555464
989.9041043420834,-26.985068501753645,-30.634335823162658
989.7406999009573,-34.75784355261321,-38.59405095159336
989.5773493975904,-36.88020034609967,-31.17897682045266
989.4140528052806,-45.87112478077843,-36.863750061029364
989.2508100973437,-37.287461856502475,-29.75463777071873
989.0876212471132,-26.332904443561134,-23.463112466250536
988.9244862279401,-33.58981233982517,-27.935662835429085
988.7614050131925,-16.647510472932098,-17.137370348706256
988.5983775762571,-25.71722929925538,-29.684515944505804
988.4354038905374,-32.79698594499881,-53.76115557077544
988.2724839294546,-21.576287741954516,-19.891119746102717
988.109617666447,-19.062011088804738,-20.670915722923255
987.9468050749713,-27.512083124535295,-31.506849644716098
987.7840461285009,-19.95793242046814,-21.84464671238611
987.621340800527,-29.285457248484178,-36.41854819111008
987.4586890645586,-27.06803467482858,-30.251281862894857
987.2960908941214,-27.601311186406278,-31.44286565989465
987.1335462627593,-24.962950606802494,-28.192153583314038
986.9710551440328,-20.84999636627093,-19.741179295046138
986.8086175115207,-30.74371743670885,-26.513178126688175
986.6462333388185,-30.84114420260933,-34.72431780268816
986.4839025995393,-32.11083441936542,-27.68204598613626
986.3216252673136,-20.348580992429234,-21.725183829954815
986.1594013157895,-24.243536740191743,-25.3355345305243
985.9972307186317,-23.569671245022718,-22.45033143663325
985.8351134495231,-26.8623762673907,-29.970420882935016
985.6730494821635,-24.63924933099854,-23.772142925600363
985.5110387902696,-21.274271098176612,-20.02347486218771
985.3490813475759,-34.76932783545591,-29.83582004487438
985.1871771278343,-31.178268844393486,-39.56040809958343
985.0253261048136,-23.62880843516227,-24.801768914219096
984.8635282522997,-31.10175849320258,-33.06198677737608
984.701783544096,-24.734650109471502,-22.523407211968575
984.5400919540231,-17.672586220720504,-16.498923740730405
984.3784534559186,-18.243163966676676,-19.378772837560845
984.2168680236375,-25.10431617272117,-25.25052144504484
984.0553356310519,-20.877538015531556,-20.760737959630845
983.8938562520511,-25.42320897770294,-24.290799800187486
983.7324298605414,-27.175209398897564,-29.85015108665668
983.5710564304463,-30.689497512159434,-26.411106457520432
983.4097359357061,-24.912336019205057,-22.820563456620434
983.2484683502788,-25.254068141280115,-27.644563443376214
983.087253648139,-18.78318936906446,-17.437496742541256
982.9260918032786,-24.060437847390105,-25.688547668178145
982.7649827897066,-18.86171841488907,-17.503156536284436
982.6039265814487,-27.83236590924487,-25.379558017453732
982.4429231525479,-16.463915193676527,-17.624530020805096
982.2819724770642,-22.82327339163048,-23.23143061416137
982.1210745290745,-20.775214572642867,-21.051105143654
981.9602292826728,-35.33471202695527,-38.205126728958916
981.7994367119699,-26.391607458277647,-27.571832264782657
981.6386967910936,-24.29782694111391,-26.617870523899953
981.4780094941889,-26.08076922711767,-27.873285792883465
981.3173747954172,-38.77942842645011,-35.421659222523076
981.1567926689576,-24.34318661026508,-25.468448264465465
980.9962630890053,-24.73655720873687,-28.06234346971773
980.8357860297725,-35.1098019857116,-28.30889425745484
980.6753614654889,-21.40758998762628,-19.516118755546856
980.5149893704006,-34.38960518876972,-28.610036224810827
980.3546697187705,-26.325896222784408,-25.85854095594867
980.1944024848783,-26.359335729320563,-29.61237143516267
980.0341876430206,-30.634543653459744,-39.624711839050306
979.8740251675109,-21.612344782235326,-22.178811799274527
979.7139150326797,-26.03600868263821,-30.395477986755722
979.5538572128737,-35.32323954031894,-28.829115451353985
979.3938516824567,-23.193632936140702,-21.010593435248992
979.2338984158093,-33.24444439876255,-28.463927893459513
979.0739973873285,-22.936349819766647,-24.427758774810158
978.9141485714284,-29.564691016850546,-30.356967441791525
978.7543519425399,-22.518209715481916,-20.309124878565584
978.5946074751101,-20.15859599255124,-22.070247549905147
978.4349151436031,-32.65576658246145,-28.465126069980798
978.2752749224996,-25.751832218914203,-26.82931778525743
978.1156867862968,-23.262585656687364,-21.469599340358698
977.9561507095091,-25.11846171990136,-23.756885692894443
977.7966666666667,-20.863951364403405,-22.130362363887016
977.637234632317,-30.724984592779023,-26.436417106280956
977.4778545810238,-26.284513034160156,-28.021811978168998
977.3185264873675,-24.786360094975194,-24.603641109932667
977.1592503259452,-27.196192076099223,-26.52340785052074
977.0000260713704,-19.164948853184498,-19.384598236819627
976.840853698273,-21.527189972491882,-19.90561159873816
976.6817331812998,-22.63609309817555,-25.403018371369214
976.522664495114,-19.304834505138487,-20.808774577353816
976.363647614395,-25.02999486209829,-27.395175949615023
976.2046825138391,-19.267318812572697,-18.866797454095448
976.0457691681588,-40.38095562880163,-38.504508847477624
975.8869075520832,-36.51187683550303,-42.9436501383734
975.728097640358,-24.788549324912495,-24.583339822841864
975.5693394077448,-24.93966677674554,-28.437378659936982
975.4106328290223,-22.863410159092254,-21.21680973463556
975.2519778789851,-21.244281018985404,-22.718708286343585
975.0933745324444,-26.997351560663176,-26.34237534996184
974.9348227642278,-28.78940011799004,-30.694639742346496
974.776322549179,-27.87737966300999,-32.89887708584051
974.6178738621587,-26.81383287709464,-24.290187970783577
974.4594766780432,-25.155410561458083,-26.1134220611318
974.3011309717257,-30.877871843772752,-33.03338134838863
974.1428367181153,-26.771840602983374,-30.06928558312471
973.9845938921377,-22.41183167245798,-20.625028732358444
973.8264024687348,-28.622661622787277,-32.29052534878285
973.6682624228646,-19.106627009963844,-18.718596645403508
973.5101737295014,-27.300261851765683,-30.905402411111865
973.3521363636364,-26.42103839549246,-24.251916849994316
973.194150300276,-22.303122907986463,-20.838346103443243
973.0362155144434,-22.138063542827254,-21.31844678402861
972.8783319811781,-30.647928303527962,-34.116864434779345
972.7204996755354,-29.913298106218136,-30.011684861753466
972.5627185725872,-20.120111082365597,-19.450863933178695
972.4049886474213,-19.490441947531835,-20.051429572885255
972.2473098751419,-22.71300630730842,-21.509194311350356
972.089682230869,-24.764205773432806,-26.353803508063706
971.932105689739,-22.00377730490395,-20.962731834645965
971.7745802269043,-33.23771761495421,-31.677007294670446
971.6171058175336,-21.680480371988992,-22.168558764466056
971.4596824368115,-16.500172489491106,-16.761292371401012
971.3023100599385,-17.72657429134891,-17.259215224349234
971.1449886621316,-18.621728059993117,-18.88228020214801
970.9877182186235,-27.39457753438974,-26.521347867036084
970.8304987046632,-21.107717757536662,-20.98758676571684
970.6733300955156,-31.45370116518727,-31.513748009722676
970.5162123664616,-19.180035011269823,-19.061609403066242
970.3591454927982,-24.940900639381468,-24.901949120969576
970.2021294498383,-37.15907848692102,-36.609200871060224
970.0451642129105,-27.93926008750286,-28.363174798580715
969.8882497573602,-21.83356686741304,-21.432966696741218
969.7313860585477,-24.01631942136912,-24.072047676189
969.5745730918499,-26.717471171415028,-27.20368265226317
969.4178108326596,-29.898528497485458,-31.060741534704974
969.2610992563855,-21.102176948350703,-21.43282155178811
969.1044383384517,-37.36850120894498,-44.28733169924088
968.9478280542986,-20.178342931529627,-20.973672650695036
968.7912683793827,-27.95662533998258,-30.64126781445235
968.6347592891761,-19.97422123887968,-18.891440513489627
968.4783007591666,-25.58493520906258,-24.430964003785036
968.3218927648579,-21.01797600854856,-22.08404713061229
968.1655352817696,-29.357084701439376,-32.9513918426219
968.0092282854375,-21.192552587686677,-21.554942044300176
967.8529717514125,-19.538616973011088,-18.343978731701654
967.6967656552614,-18.710216139225835,-17.682948061657427
967.5406099725674,-27.704204555875307,-26.92994756703733
967.3845046789286,-33.52374436135479,-29.526104873439166
967.2284497499596,-17.74463760194088,-18.644056868674042
967.0724451612903,-24.57652032422122,-28.141002585115686
966.9164908885663,-24.426261867844417,-21.744242537608258
966.7605869074492,-27.709154819284677,-24.128405822655864
966.604733193616,-21.263222196605355,-21.566444692402158
966.4489297227595,-29.13814830794304,-26.286561358046683
966.2931764705882,-27.112851962921937,-29.532159669655513
966.1374734128264,-23.210796092202983,-26.74161822121981
965.9818205252134,-32.33725427062883,-38.85461613361191
965.8262177835051,-28.790071855950842,-24.535185508944963
965.6706651634724,-21.9009111573436,-23.982479006070193
965.5151626409018,-19.32837364678373,-21.496027378664323
965.3597101915956,-22.747879714399446,-22.07118940174196
965.2043077913715,-27.97934345358773,-31.387004949832473
965.0489554160631,-35.12058997344859,-42.306090231159246
964.8936530415192,-22.973813705289004,-24.269407605093576
964.7384006436042,-22.712123896620867,-23.56450919976244
964.5831981981981,-21.681732238472122,-23.285766979897957
964.4280456811966,-35.0912607229851,-42.35903617321473
964.2729430685108,-29.890736353031272,-25.704896680039255
964.117890336067,-26.082083368946613,-24.045134025556777
963.9628874598071,-28.999786425587203,-26.09077092368217
963.8079344156888,-20.94230927183672,-20.10906377510271
963.6530311796851,-26.702342692992104,-29.389884532475165
963.4981777277841,-23.390136472494177,-22.355600393491684
963.3433740359898,-23.746254262067694,-23.317472489566697
963.1886200803214,-32.24359542723333,-26.234518568607896
963.0339158368133,-20.9002777606283,-22.687489570038522
962.879261281516,-23.464442158555144,-27.101512811488462
962.7246563904945,-29.069808769929224,-24.57904843324532
962.5701011398298,-25.676190929659313,-23.745495614904527
962.415595505618,-24.592167795464505,-28.539634535011416
962.2611394639704,-24.879586991550624,-23.0236250275981
962.106732991014,-31.653434314544157,-30.702379626642525
961.9523760628911,-26.263779222209237,-23.13991184803821
961.7980686557587,-41.294947811027825,-35.06967181350244
961.64381074579,-19.53429749585625,-19.203349718950292
961.4896023091725,-39.24162310872758,-41.722566313566844
961.33544332211,-24.338070299379964,-23.763217492167755
961.1813337608208,-34.31907937952924,-33.838394764532424
961.0272736015388,-33.81858732656302,-29.42183708777482
960.8732628205128,-26.462197586258398,-23.967063344336438
960.7193013940073,-28.78753214002559,-32.258506574485395
960.5653892983019,-18.541339313100835,-18.956977698322234
960.4115265096909,-27.45988279942712,-29.637453207497927
960.2577130044843,-24.63228315453999,-25.39803985687506
960.1039487590073,-20.585285794896137,-20.808071979884843
959.9502337495998,-25.032383369572912,-24.868003569473544
959.7965679526174,-22.97374614568885,-21.838527491770392
959.6429513444302,-17.54670417619586,-17.03245119071913
959.4893839014243,-15.734490500079218,-15.463354721553813
959.3358656,-23.120606466042474,-22.32874479420154
959.1823964165733,-26.394311949999988,-26.84259842313854
959.028976327575,-31.165125475226986,-33.59622541296936
958.8756053094514,-33.15600289962204,-32.708602003753626
958.7222833386634,-29.332942485852712,-31.221893747104716
958.5690103916867,-28.224289415784867,-26.784723329639647
958.4157864450128,-28.89711927518958,-29.8248695837366
958.2626114751478,-22.432664781154486,-22.19084441418285
958.1094854586131,-19.447962230354605,-19.0525568242292
957.9564083719445,-29.29157776109453,-28.007117126003394
957.8033801916932,-22.12097423736209,-21.773086377865
957.6504008944257,-18.791313627907172,-18.287961076747237
957.497470456723,-25.71017727977788,-23.957277368595967
957.3445888551813,-26.71697629345634,-25.997082894839153
957.1917560664112,-18.175870186585044,-18.748438516968164
957.0389720670391,-24.592685497181307,-26.432576366665316
956.8862368337057,-18.868053772150702,-18.21494448509081
956.7335503430668,-33.22164642948967,-34.6161588593434
956.5809125717933,-32.59611313096086,-36.70816384630909
956.4283234965706,-33.65864065184108,-28.793072930976606
956.2757830940988,-51.58005450010971,-34.873829798237594
956.1232913410939,-27.353209856448515,-24.535802668509533
955.9708482142858,-24.226009637599944,-25.732219916460437
955.8184536904192,-22.572719704261587,-24.4543110205975
955.6661077462544,-25.974417039211275,-25.417374784360916
955.5138103585657,-19.46389072175809,-20.63940481124304
955.3615615041427,-19.28674960965948,-20.013848914653025
955.2093611597898,-28.445365573350657,-32.254647003528575
955.0572093023256,-30.811079639371243,-27.734660758385914
954.9051059085842,-23.332189825123365,-24.71355350855397
954.7530509554141,-24.3430422121845,-27.130256656906155
954.6010444196785,-21.835032140019152,-23.35784209876222
954.4490862782553,-29.60498021198667,-27.99678194594442
954.2971765080375,-20.71490534651683,-19.200270553156983
954.1453150859326,-22.466750722472696,-21.726102161555715
953.9935019888624,-30.193540104144645,-28.66656194205426
953.8417371937638,-20.71988409558135,-19.316859920529495
953.6900206775888,-26.354317367667036,-24.019114958364227
953.5383524173028,-24.8253136315101,-26.862583703972675
953.3867323898871,-22.297784131509033,-23.694296272044667
953.2351605723371,-29.164877110232695,-32.711281653224134
953.0836369416627,-26.972764781048582,-25.606281135654015
952.9321614748887,-29.143214368222672,-31.83022423770926
952.7807341490545,-19.622313636619523,-19.415515475975198
952.6293549412138,-34.39638612476857,-31.253946604500456
952.4780238284353,-26.93192126677029,-27.227195224530206
952.3267407878018,-27.090683200767913,-26.04792861928381
952.175505796411,-32.74988489903025,-33.44518729924822
952.0243188313751,-34.75024331934107,-36.01320900079649
951.8731798698207,-30.973184719265603,-30.192893075754128
951.7220888888888,-42.60137977960561,-51.15247141911509
951.5710458657355,-21.157653971884784,-20.852972376454957
951.420050777531,-27.708505616924427,-28.630171626463365
951.2691036014596,-28.519166268682724,-28.261586306275362
951.1182043147207,-22.593836485374837,-22.3061387755762
950.9673528945282,-38.428643166837745,-35.07236983195186
950.8165493181098,-28.17445663657962,-28.20927100079929
950.6657935627081,-23.2687086572639,-22.456205176862156
950.5150856055802,-23.773884540748142,-24.530907305812022
950.3644254239974,-36.82295635934888,-33.6182745592843
950.2138129952457,-20.768068078007516,-21.015295248417786
950.0632482966249,-23.040916705057,-22.831605006076487
949.9127313054499,-25.055990860746718,-23.87254889027976
949.7622619990497,-26.79295370846701,-26.13261643926886
949.6118403547672,-19.74822007908331,-19.221243280270713
949.4614663499603,-23.501246015380772,-24.36241487621284
949.3111399620013,-22.9839488702754,-22.71943037418164
949.160861168276,-18.031184476300425,-18.172660601612662
949.0106299461855,-22.893068045178367,-22.345686248678575
948.8604462731445,-19.146977664578472,-19.220689750644752
948.7103101265823,-30.98376460329105,-32.600636284653675
948.5602214839424,-22.652839798592808,-22.205134913093175
948.4101803226827,-29.91933575099482,-30.70573052156054
948.2601866202752,-19.964564460842226,-19.93103478412108
948.1102403542062,-21.771754227257233,-21.879986191077265
947.9603415019762,-28.951879836844554,-28.4072907172055
947.8104900411003,-32.23666923591274,-31.835900593044627
947.660685949107,-40.72067051290624,-43.5003222288082
947.5109292035398,-22.821206169209475,-22.484791790221422
947.3612197819562,-32.453923770915296,-30.837301935674347
947.2115576619274,-24.788086662564538,-24.381729520956966
947.0619428210393,-29.16645477446896,-27.567040034872306
946.912375236892,-29.3014254763376,-28.15817923636321
946.7628548870994,-19.021359853977643,-18.457807987261802
946.6133817492896,-21.471389483966632,-21.076124643558117
946.463955801105,-20.725789300868897,-20.990684907738952
946.314577020202,-32.547797388663,-37.48990184210008
946.1652453842513,-19.83869664411354,-19.194993262923944
946.0159608709372,-18.371486481178223,-19.174813449517373
945.8667234579586,-23.257141663557533,-25.00107044906055
945.7175331230285,-50.47700413575318,-38.94252091117572
945.5683898438732,-25.291540401890686,-24.112923004754307
945.419293598234,-20.962077768709733,-22.153500387258916
945.2702443638657,-26.642242179527685,-25.58331382464509
945.1212421185372,-21.41643731964983,-22.910160298858315
944.9722868400315,-20.990311591772766,-19.637223129963033
944.8233785061457,-22.071864240959272,-23.19237332170202
944.6745170946904,-30.939191577347103,-31.897246323941417
944.5257025834909,-16.606174199995124,-16.49187656937484
944.3769349503859,-23.930644847613124,-22.41652511727058
944.2282141732284,-40.57523839783441,-46.96178962185813
944.0795402298851,-25.350313910183147,-23.779793759800995
943.9309130982367,-29.358601451943244,-30.206793688588576
943.7823327561782,-21.951464389727974,-21.900529625557155
943.6337991816179,-38.77136824661527,-42.262516269150424
943.4853123524784,-28.868735431398292,-27.013962638609527
943.3368722466961,-20.61031783524392,-21.43781202053465
943.1884788422212,-21.979386060944634,-22.95857206862543
943.040132117018,-18.609119022886787,-18.074124320564934
942.8918320490643,-29.41018602430212,-28.168226745510864
942.7435786163522,-29.543366034168216,-30.54434899227182
942.5953717968872,-22.1948591725223,-22.057930248923995
942.447211568689,-24.944399998402886,-24.56926086766414
942.2990979097909,-25.260064648959528,-24.433502695976912
942.1510307982401,-40.922603334984004,-36.93293674862882
942.0030102120975,-16.19953136921852,-16.2894226575129
941.8550361294376,-39.00505379857866,-41.39184624216914
941.7071085283493,-33.964878893605075,-37.02462738260796
941.5592273869346,-25.820712493446862,-24.48601980060242
941.4113926833097,-27.671703536712798,-27.392712053650243
941.2636043956044,-22.284161543107118,-23.438382085536702
941.115862501962,-30.679756169769362,-28.37163197708908
940.9681669805399,-19.002910253363794,-19.935851951215867
940.8205178095089,-17.793237633562896,-16.85241373094469
940.6729149670537,-22.509442549623074,-22.3538198447675
940.5253584313725,-31.90874880872643,-33.136943821645886
940.3778481806776,-22.970911017407488,-21.108203794542405
940.2303841931943,-23.035980350852114,-25.60968017118661
940.0829664471621,-29.128139677695984,-32.79430285422241
939.935594920834,-24.647384086747806,-22.036629110947004
939.7882695924765,-27.306832970088905,-32.33233444167017
939.6409904403699,-32.383166666598314,-26.926252524102054
939.4937574428079,-38.17119575096639,-29.280507567375693
939.3465705780981,-27.738270788581772,-36.27848314384964
939.1994298245613,-23.95991158339062,-28.3201916377446
939.0523351605325,-23.12292585401663,-25.402504560583864
938.9052865643596,-22.142751423945427,-25.354931895519897
938.7582840144042,-17.80708882495493,-19.761899494726393
938.611327489042,-17.5273261413749,-15.848325619023868
938.4644169666614,-22.80244130097107,-23.518946156563274
938.3175524256651,-31.323513734437924,-25.296719479945935
938.1707338444687,-23.53115028938639,-21.379145846758817
938.0239612015018,-22.583772680546744,-27.104548169650812
937.8772344752073,-18.652383997160612,-16.733744489419777
937.7305536440413,-18.685478903457167,-16.6573289821592
937.5839186864738,-31.746609656705616,-29.691071918143635
937.4373295809881,-23.676737082163626,-24.482094769749224
937.290786306081,-24.484749519837735,-21.420591477358826
937.1442888402626,-31.69134358373354,-25.15659384190475
936.9978371620565,-21.457667015158947,-22.057850388376536
936.8514312499999,-20.74634375817179,-23.474839325030572
936.7050710826434,-19.876614481686815,-20.37413489634075
936.5587566385504,-29.676113083314604,-34.41595254318641
936.4124878962987,-18.907871541829465,-19.863031921973047
936.2662648344785,-21.133684378785333,-23.859992760659637
936.120087431694,-32.78540949481463,-35.44370432890453
935.9739556665626,-33.91388184686254,-33.782580159032975
935.827869517715,-28.477523363734562,-29.708278093272682
935.6818289637952,-20.431470388078125,-18.2609902075112
935.5358339834607,-25.13249975120972,-28.26559307755805
935.3898845553823,-26.67213723814517,-29.579939450898863
935.2439806582437,-34.43494003626863,-38.585987742293284
935.0981222707424,-39.420084759100874,-29.813374229925202
934.952309371589,-18.370710791388902,-18.44357568784683
934.8065419395073,-21.741937274411455,-19.930675666029956
934.6608199532345,-27.45665552668062,-28.343152769514106
934.5151433915212,-33.63837033074837,-34.41082696154744
934.3695122331308,-35.924225207558166,-35.61263785238815
934.2239264568401,-22.121193277994777,-24.337813378021437
934.0783860414394,-28.402846785701982,-33.95143612081709
933.9328909657321,-23.449733707954394,-26.434674846987733
933.7874412085345,-27.659867256786853,-24.61445396620438
933.6420367486764,-20.548870187234726,-21.711426849406266
933.4966775650008,-24.89569263901528,-24.683895639640937
933.3513636363637,-22.87959779174578,-22.87549431843287
933.2060949416342,-29.654244245918292,-24.773331716400705
933.060871459695,-22.087138540059257,-20.01959515188095
932.9156931694414,-20.943248111667415,-22.88576640235233
932.7705600497821,-24.98982534790072,-29.238069808898203
932.6254720796392,-24.544965264431042,-28.744868266851554
932.4804292379472,-23.68906641636555,-27.666559651711438
932.3354315036541,-30.4808971984276,-25.46177441758998
932.1904788557214,-25.29177060853415,-22.046651894560895
932.045571273123,-30.08416634300191,-25.796215029579614
931.9007087348461,-28.800592218920443,-37.84527840136418
931.7558912198913,-31.23210680313393,-40.65115269782491
931.6111187072715,-30.042823308208867,-26.820897417017406
931.4663911760138,-46.57614375316727,-34.103355610596665
931.3217086051569,-23.404403512506818,-25.439651356982964
931.1770709737536,-30.57333811818252,-28.446093266774696
931.0324782608695,-26.458674421498685,-31.172254114847263
930.8879304455829,-24.986843396710228,-29.25988363752397
930.7434275069854,-22.11313825619665,-24.039597897918455
930.5989694241813,-27.748162763355694,-27.35666681038181
930.4545561762881,-20.649894522307406,-22.668656420725924
930.310187742436,-32.72237697552994,-26.92205574649732
930.1658641017685,-16.884920715584528,-17.920872281675244
930.0215852334419,-24.949470772756044,-22.24032178332486
929.8773511166253,-19.342544888887105,-20.66202386687094
929.7331617305009,-20.308072274551748,-18.483929094926097
929.5890170542636,-19.733249126642036,-21.05758813853852
929.4449170671213,-20.146181935362037,-22.075719885114253
929.3008617482951,-21.49338874917366,-19.436056355405967
929.1568510770185,-25.08545798927544,-28.737206541060615
929.012885032538,-40.45289240538908,-30.97835048562017
928.8689635941131,-16.57046638845013,-16.13923118841761
928.7250867410161,-32.92808130490606,-29.863224640035114
928.5812544525322,-29.465363661934944,-31.745370642165582
928.4374667079591,-23.74258952091286,-26.96013593576761
928.2937234866077,-17.082565615030987,-15.842886229022113
928.1500247678018,-18.771260295967025,-17.43656408178812
928.0063705308776,-21.698774972399505,-23.513841660848314
927.8627607551841,-25.291575310049254,-22.899869420459638
927.7191954200836,-25.18806865228528,-22.323154849608827
927.5756745049505,-36.16192479832684,-44.666382908830926
927.4321979891726,-22.788613104443797,-21.19383990815409
927.2887658521497,-20.942777961471776,-19.243028435628858
927.1453780732952,-22.248698835220537,-23.380350855141316
927.0020346320347,-22.452381754351435,-23.915084366641494
926.8587355078064,-25.817782492078422,-29.326912929803186
926.7154806800618,-24.737901901660777,-22.40676272300614
926.5722701282646,-22.34383447271982,-24.237092710546946
926.4291038318912,-27.26937498812076,-31.014369175437665
926.285981770431,-23.888937527531553,-25.65485954881335
926.1429039233859,-44.35955986229463,-37.490601711762665
925.9998702702703,-23.900111518214246,-24.70811141549494
925.8568807906115,-28.293412774747864,-30.796406450706613
925.7139354639494,-22.052053127011035,-20.58520276019381
925.5710342698363,-24.82591183627237,-23.681682165857453
925.4281771878376,-27.510388124194563,-26.682557668796264
925.2853641975308,-20.547339033918703,-19.478544227587562
925.1425952785064,-20.15734346461052,-20.617253427729295
924.9998704103672,-25.03913423832104,-24.679659249925365
924.8571895727287,-26.030746413820268,-25.70084733803354
924.7145527452191,-18.13182062511781,-18.76090657658223
924.5719599074788,-18.970138458713777,-19.90673768786671
924.4294110391612,-22.11110942909174,-21.755766550309275
924.2869061199322,-21.22390138622528,-22.375198583523215
924.1444451294698,-19.99127740742081,-19.991938131297488
924.0020280474649,-24.696818070889194,-26.629199964460312
923.859654853621,-22.135444951943597,-23.497013359963788
923.7173255276537,-19.532249341006988,-18.753207786021065
923.5750400492914,-21.12226334256009,-21.300600045306155
923.432798398275,-28.938035024239312,-25.536263053061944
923.2906005543579,-21.223331012959804,-23.016296972481697
923.1484464973056,-33.371354239501315,-36.9786112175302
923.0063362068965,-20.716169417502115,-18.810100783669398
922.8642696629213,-26.65450533838073,-23.582188386673252
922.7222468451831,-22.150683623180967,-22.776694927243753
922.5802677334974,-23.728293371852786,-21.121191857283108
922.4383323076923,-21.31122787289887,-19.741195425498958
922.296440547608,-22.82109165325592,-22.182813033519196
922.1545924330975,-26.202036392228806,-28.342040636597048
922.0127879440258,-21.37679116444211,-20.51560769958722
921.8710270602705,-27.67980405425716,-23.88389999090772
921.7293097617218,-22.814736108169072,-23.635202448733892
921.5876360282816,-23.22569578451582,-27.029000770044846
921.4460058398647,-26.344387542014758,-22.52335325355493
921.3044191763984,-22.44105073138003,-20.55110236556446
921.1628760178214,-37.33583078141761,-28.351820898374385
921.0213763440861,-34.52311094518164,-29.574456921399204
920.8799201351559,-22.8664079456682,-19.738192691071802
920.7385073710074,-32.870006259214776,-33.048394374968254
920.5971380316291,-33.25354273701002,-42.232959861069375
920.4558120970219,-22.68608225139552,-26.81930750771967
920.3145295471987,-18.3972234048491,-20.110709711197117
920.1732903621853,-18.325234045585617,-18.045619899783517
920.0320945220194,-22.754886407708668,-20.23319475201096
919.8909420067506,-21.93948849758489,-24.99516126160985
919.7498327964412,-26.137161558102193,-24.707347917943807
919.6087668711656,-16.89528024584284,-15.574957795343394
919.4677442110105,-25.264747479646175,-25.916225035244523
919.3267647960748,-20.51420229073598,-21.63598647070502
919.1858286064694,-25.683324766428697,-23.89659962127736
919.0449356223176,-29.729116589814723,-26.79865267424863
918.9040858237548,-28.633810386651405,-26.52793958651351
918.7632791909286,-25.99792740445379,-29.406626179200444
918.6225157039987,-22.137273121836117,-20.94069808601283
918.4817953431373,-21.940974908742575,-24.22779479441364
918.3411180885281,-18.878093018534614,-19.163418672572575
918.2004839203676,-26.802894826570977,-31.94355574590928
918.0598928188639,-28.97262741145586,-30.610719629512502
917.9193447642376,-21.4797052942463,-19.197302473490097
917.7788397367212,-31.25310547298666,-47.767237492431505
917.6383777165596,-25.822395933382992,-25.575003080534984
917.4979586840092,-40.326843197822896,-31.10745447307697
917.357582619339,-35.94757146783989,-32.594747995768685
917.2172495028301,-17.921762269002286,-19.77596285999742
917.0769593147752,-19.588282538331825,-19.9894171471676
916.9367120354794,-22.302243547225558,-25.243198771657447
916.7965076452599,-24.91242231202436,-21.832060089408813
916.6563461244458,-36.29517424514809,-29.742186044206605
916.5162274533781,-25.006324664355745,-33.38478776027803
916.3761516124102,-20.370032541360004,-23.720310556617264
916.2361185819071,-23.495314801389767,-22.277056313739948
916.0961283422461,-21.541371109187637,-18.769175682426138
915.956180873816,-17.88928416489928,-20.602533395607324
915.8162761570185,-19.755801107019337,-23.205969498163498
915.6764141722664,-23.925165613977768,-25.319329166538623
915.5365948999847,-23.956489400678137,-22.456384388193683
915.3968183206107,-29.269241923998337,-24.24574781758254
915.2570844145932,-26.565898271330937,-25.61633079449122
915.1173931623932,-26.62809658806721,-36.03833414117919
914.9777445444835,-31.767309148740694,-30.369909097477247
914.8381385413488,-41.43917114590327,-28.85152545947132
914.6985751334859,-21.881150345337417,-25.59493539142626
914.5590543014032,-34.95289592576786,-34.6242332854779
914.4195760256214,-21.799064486088994,-19.204344899257293
914.2801402866727,-21.355441315673872,-19.227038123357588
914.1407470651014,-19.3615009228714,-17.676417065685015
914.0013963414634,-20.669925887698426,-22.42865033189095
913.8620880963267,-33.82587149435646,-27.218823426780332
913.7228223102712,-25.021525312717372,-24.51219615995184
913.5835989638884,-17.414579602295916,-18.52256289693655
913.4444180377818,-17.03505199948178,-18.129470283621444
913.3052795125666,-21.20412717678623,-19.748135752368356
913.16618336887,-23.38009363731244,-25.600244213267572
913.0271295873306,-22.20422216375637,-23.213412758982187
912.8881181485993,-27.195546753713543,-30.438652470873635
912.7491490333384,-20.535113499508142,-21.342511760899
912.6102222222222,-23.36342828870987,-23.8249879544493
912.4713376959368,-29.6809841672448,-26.225524074104655
912.3324954351796,-23.236190972421994,-21.54173210229534
912.1936954206603,-24.724589414059082,-23.484864943526176
912.0549376331,-26.161251688547836,-28.68616317687433
911.916222053232,-27.666829904290168,-30.091828316206332
911.7775486618004,-24.94038702996012,-27.349752042031852
911.6389174395622,-20.997171222850014,-22.52664988893308
911.500328367285,-28.26530763532854,-26.790193455986284
911.3617814257485,-33.64697541503757,-44.27005776031724
911.2232765957447,-27.747854270687938,-25.550385523220072
911.0848138580762,-22.656116365898,-24.509833969891886
910.9463931935583,-26.30228829963208,-24.072280739226116
910.8080145830169,-27.50041839268367,-25.03327623830127
910.6696780072905,-24.020840144484154,-23.726182877862627
910.5313834472286,-21.660114579637806,-20.238884331144973
910.3931308836927,-24.906939275260058,-26.973162941406812
910.2549202975558,-29.213199238252557,-33.81856582926828
910.1167516697025,-27.82993659729256,-24.999296519331054
909.9786249810289,-23.996801965515814,-23.95287817847641
909.8405402124431,-21.586080554361004,-20.0499754904463
909.7024973448641,-21.444795574019466,-22.169876323980063
909.5644963592233,-20.228584744856207,-21.488411320071478
909.426537236463,-27.760040090190657,-25.65281076615615
909.2886199575371,-21.474167257578003,-20.82956567052797
909.1507445034116,-22.319742519187585,-20.829706290231243
909.0129108550638,-18.45061689369267,-18.896385504248414
908.8751189934819,-30.575700012927072,-30.613718344946264
908.7373688996665,-35.77534616589695,-32.40078723063105
908.5996605546295,-29.997675382064628,-31.08635128581851
908.4619939393939,-23.44326152758198,-23.33488420613709
908.3243690349947,-19.282191616548445,-18.940632222934497
908.1867858224781,-26.384908487931327,-25.29709963301714
908.0492442829018,-19.97933505627138,-19.402073582083503
907.9117443973349,-24.677163366640386,-24.66695775054241
907.7742861468585,-20.21899859101687,-20.442995542645107
907.6368695125643,-23.527135769846595,-23.69848644705614
907.4994944755563,-23.807519097384002,-23.453549470167346
907.3621610169491,-24.599198230693375,-24.477367134408937
907.2248691178696,-27.4739677447334,-27.293295462815095
907.0876187594554,-22.416872020352812,-22.13432721076775
906.9504099228558,-31.79552645627463,-32.153771839143204
906.8132425892317,-25.230998456304448,-25.49463367431308
906.6761167397551,-24.742564716591588,-24.12212137110039
906.5390323556094,-19.907612157357008,-19.657358235380244
906.4019894179894,-26.67254972052625,-25.46425243784732
906.2649879081015,-24.438674135486465,-23.775058676478764
906.1280278071633,-19.520428670634075,-18.777180461321635
905.9911090964038,-23.57921782230541,-22.71296226376019
905.854231757063,-24.73639972241095,-23.36842971102702
905.7173957703927,-24.285920050162716,-22.898663534387154
905.580601117656,-38.04966720221738,-32.024519358868915
905.4438477801268,-20.836379543805194,-19.498253472047125
905.3071357390911,-18.095804558077035,-18.047909392129057
905.1704649758454,-32.6247011638943,-36.864114683529905
905.0338354716981,-26.5850928002681,-25.98037454493273
904.8972472079686,-19.724879803959922,-21.221153271175794
904.7607001659876,-25.218119523212223,-22.97898487538744
904.6241943270973,-23.99894438571114,-23.87051126247333
904.4877296726505,-22.269459329585473,-22.902672549188154
904.3513061840121,-21.376132528642543,-21.171196293558197
904.2149238425576,-20.514123752552834,-22.549485783633386
904.0785826296743,-19.448375222122777,-21.24971787969342
903.9422825267602,-19.543141967354913,-21.158113450532497
903.8060235152246,-24.441356901980086,-21.703942414071562
903.6698055764882,-23.348114391497987,-26.802884136652168
903.5336286919832,-29.518516326629495,-39.42317039436615
903.397492843152,-23.11351259209256,-21.382422581049568
903.2613980114493,-20.77044154254115,-23.113475990947236
903.1253441783401,-28.294101322748034,-28.376145190473935
902.9893313253012,-24.915402527549887,-23.651791214605893
902.8533594338202,-52.354342612072955,-31.878294688961503
902.717428485396,-21.47408252198339,-21.88098921936988
902.5815384615385,-27.673057654273336,-29.85604105257947
902.4456893437688,-22.26818167995974,-24.67124498061385
902.3098811136193,-24.063885266311203,-21.79559539655058
902.1741137526332,-15.011204043087858,-16.09423102012748
902.0383872423649,-20.541348945407705,-19.664235939170837
901.9027015643802,-21.98719190868188,-20.88642697636145
901.7670567002557,-17.64037153363411,-16.771267807528133
901.6314526315789,-40.14606636010488,-30.261502100382742
901.4958893399489,-28.90409519330673,-25.54141563156101
901.3603668069753,-30.795824171577337,-26.401436636096705
901.2248850142793,-27.0798883451604,-24.503230805903442
901.0894439434926,-25.500970089574466,-28.178660953528393
900.9540435762584,-21.692167537878547,-21.42703673914086
900.8186838942308,-20.832766329875383,-20.816186014539753
900.6833648790746,-31.50491892646879,-35.55580316830593
900.5480865124662,-37.99091162014655,-31.654993732644286
900.4128487760925,-19.712369396807915,-18.568163070594736
900.2776516516517,-27.238374470594565,-29.641881131562414
900.1424951208527,-44.925186314255754,-41.31589997735709
900.0073791654158,-22.80666084975472,-24.060281430867846
899.8723037670719,-27.70708267861299,-26.526877805923434
899.737268907563,-23.805643620125934,-22.44086966872915
899.6022745686422,-31.364072764104336,-29.48384899475421
899.4673207320732,-21.309068770137927,-21.41798610976899
899.332407379631,-15.127772003507815,-15.302901236676249
899.1975344931013,-33.10216099296535,-36.51172086318955
899.062702054281,-20.16065509603537,-20.64757664387993
898.9279100449776,-31.285288001417214,-33.85831521188233
898.7931584470094,-30.6274653272677,-32.60880842245383
898.6584472422062,-21.68581190593379,-22.075969553178865
898.5237764124082,-25.197188705746598,-24.889366957393364
898.3891459394665,-26.76416896170703,-25.623668927478874
898.2545558052435,-19.8593334507962,-19.944275279246327
898.1200059916117,-28.124796145344433,-29.100131816226096
897.9854964804554,-25.842018026466846,-25.150018372991823
897.8510272536687,-20.839586099712463,-20.893784331518205
897.7165982931576,-17.552041582415754,-17.457478146046313
897.5822095808383,-27.398329803054267,-28.183566789357414
897.4478610986379,-18.240881459849632,-18.291823735016848
897.3135528284945,-31.446855854189366,-29.961073650788805
897.1792847523567,-17.24921084207763,-17.04464297326969
897.0450568521843,-21.11169878616768,-21.516650337139524
896.9108691099476,-19.258135363926684,-19.35204975352788
896.7767215076278,-34.36815296820406,-35.610921130067325
896.642614027217,-21.93592512107803,-22.108956965347815
896.5085466507177,-23.621134016307323,-24.489505213321294
896.3745193601435,-22.223489553459714,-22.948836103094308
896.2405321375187,-19.261444506474888,-18.54671070275269
896.1065849648782,-22.02847486105675,-21.132165851986613
895.9726778242677,-21.073508975555384,-20.73766862945196
895.838810697744,-23.0918448450888,-22.25300568592273
895.7049835673737,-20.456600399564863,-20.09373740235337
895.5711964152352,-33.49790026164662,-33.78937887795179
895.4374492234169,-28.19347907369108,-28.305183054149197
895.3037419740183,-20.826781782036235,-21.63330201483147
895.170074649149,-21.1770673181163,-20.85932668130586
895.03644723093,-22.400410919704015,-22.003712275120463
894.9028597014926,-16.71639076733028,-16.349341668068504
894.7693120429786,-26.54855609045312,-24.967129427362337
894.635804237541,-40.2606049694664,-51.22898220250575
894.5023362673429,-22.25277923231498,-22.983217222416656
894.3689081145585,-20.612763046983318,-20.325454230215726
894.2355197613721,-23.884356995879997,-24.23352248398372
894.1021711899791,-19.529357561748853,-19.51389412809779
893.9688623825854,-23.854787978107524,-24.97607671276306
893.8355933214073,-26.040057810080313,-26.986187674448175
893.7023639886719,-17.60062989276416,-17.070840219282232
893.5691743666171,-19.10905549863618,-18.959111181008225
893.4360244374907,-16.653163372303524,-16.29291155773477
893.3029141835518,-22.106519474723754,-22.1750674810326
893.1698435870699,-29.78971483269318,-29.435401193929366
893.0368126303248,-26.241231671366293,-26.749444765559403
892.9038212956068,-25.396386059366776,-24.726946018383885
892.7708695652174,-28.159618479166383,-27.541360515951297
892.637957421468,-20.381061122961896,-20.51498370333495
892.5050848466806,-32.395190125893905,-33.175795392672555
892.372251823188,-21.12048622096806,-21.23827910845121
892.2394583333333,-25.928639818238068,-26.238353330016153
892.1067043594703,-34.481828412148346,-34.601314597982665
891.9739898839631,-25.29917612483011,-25.45840764700445
891.8413148891864,-20.08211791089046,-20.132015930817502
891.7086793575253,-24.449687808955147,-24.172052472030472
891.5760832713755,-23.236368831591804,-22.815904860241048
891.443526613143,-15.762240923894424,-15.794145945633929
891.3110093652446,-19.38548384119825,-19.084345555015787
891.1785315101071,-29.10285506734097,-28.375611371343595
891.046093030168,-22.429024329663022,-22.265918492778994
890.9136939078752,-29.114591687479773,-28.011042773661345
890.7813341256872,-26.14043424762407,-25.46387362154509
890.6490136660725,-23.671042862947147,-23.250203755163326
890.5167325115106,-21.45757811778104,-21.490261816846655
890.3844906444907,-20.95649139062364,-21.36847031847013
890.2522880475129,-19.85547159061018,-19.417013128511016
890.1201247030879,-31.174394345741447,-32.89913745513569
889.988000593736,-19.64140400714318,-19.44959929468088
889.8559157019887,-23.137547718888,-23.546700478375286
889.7238700103873,-20.738360450695367,-21.237770992448404
889.5918635014837,-39.031599112920574,-40.90198235431741
889.45989615784,-25.725899613623668,-25.071246462883934
889.327967962029,-24.325898320530072,-24.006079567551225
889.1960788966336,-37.400817308414204,-33.85346143139866
889.0642289442468,-33.667527409012806,-31.181539328132303
888.9324180874722,-20.23893547930119,-19.54737159900573
888.8006463089238,-25.11492120390058,-25.921328293079185
888.6689135912258,-30.866700393482702,-32.892334886266994
888.5372199170124,-24.72847238397604,-25.089473261199018
888.4055652689287,-25.25903457784976,-24.62716874498234
888.2739496296297,-20.389934504779816,-19.833844166653435
888.1423729817806,-20.98736431069777,-21.40911438361924
888.0108353080569,-26.422145954201753,-25.53848392873182
887.8793365911447,-25.505663161680488,-24.71043218755817
887.74787681374,-32.50314328968257,-32.657877249038094
887.6164559585492,-24.293702205155554,-24.846856743115623
887.4850740082888,-21.07748625562685,-20.685782388203663
887.3537309456859,-21.447261417504663,-21.235232452970976
887.2224267534774,-18.81409042319858,-18.939497520753932
887.0911614144104,-19.506616979770158,-19.48329500699755
886.9599349112426,-19.586879130447656,-19.375720094497282
886.8287472267416,-24.664107829959605,-24.051633207566923
886.6975983436853,-19.16250773152119,-19.372002207398296
886.5664882448617,-18.32712698933817,-18.526573930308146
886.4354169130692,-20.30423545739511,-19.908385406267556
886.304384331116,-21.665333311264575,-21.624263675546857
886.1733904818209,-27.810414880039687,-27.727454104495408
886.0424353480124,-25.128711797050855,-25.189492033596522
885.9115189125296,-27.256264799462187,-26.644940802657104
885.7806411582213,-28.618026658898927,-30.09215625223065
885.6498020679468,-23.833286017257493,-24.18186302627562
885.5190016245755,-23.01520469862031,-23.198818084677086
885.3882398109864,-32.272456259949095,-35.66876667669537
885.2575166100694,-18.33571631465564,-18.58705218996296
885.126832004724,-31.615063897468488,-30.713869734836678
884.9961859778598,-24.40140364637135,-23.05978692813973
884.8655785123966,-20.695899616415417,-20.783784882572363
884.7350095912645,-19.210164206276872,-19.21576304240891
884.6044791974034,-27.85956237422046,-30.590676156283862
884.473987313763,-25.933552122346768,-24.731390513249366
884.3435339233038,-18.784408701177327,-19.47623830872088
884.2131190089957,-33.26909498174989,-30.25158775207855
884.082742553819,-23.48761347928597,-24.94768610611392
883.9524045407637,-21.051644674318922,-20.56869956194045
883.8221049528302,-22.851076292349305,-21.778612035640307
883.6918437730287,-27.590908731779777,-30.573912740089824
883.5616209843796,-23.510325113645266,-23.43547761500018
883.4314365699131,-21.15988340128051,-21.92910937673078
883.3012905126694,-21.136838834189106,-22.721062326484017
883.1711827956989,-26.545347975570465,-24.948634807508526
883.0411134020619,-30.130467312547168,-35.74273618674535
882.9110823148284,-23.51208391853858,-22.831871590955032
882.781089517079,-20.008091007317873,-19.873863034431096
882.6511349919034,-19.571256836650477,-18.81787357964005
882.5212187224021,-23.95164329205282,-22.071019677778466
882.3913406916851,-28.067660478321116,-30.37786062381447
882.2615008828723,-20.84345129727295,-19.59361492023153
882.1316992790937,-24.287028850928024,-22.694449190154202
882.0019358634893,-25.40799705725489,-26.53991422460477
881.8722106192087,-35.048733522465554,-34.04464757938838
881.7425235294118,-24.741905531340862,-23.154378115707843
881.612874577268,-33.343470948879414,-38.096638560420686
881.4832637459571,-33.60136378866797,-29.912961763271156
881.3536910186683,-18.98289521013551,-19.170819586527003
881.2241563786008,-22.971037886850965,-23.41640374626148
881.094659808964,-31.697073183389065,-34.84075636134325
880.9652012929769,-19.893026235955958,-19.076809140274676
880.835780813868,-19.929562557005895,-20.376156513423197
880.7063983548767,-24.69512617485212,-24.225035606858782
880.577053899251,-23.002211821590137,-22.514628531344513
880.4477474302496,-21.75541737646465,-22.450160802062484
880.3184789311408,-32.69929257844471,-30.538073045511155
880.1892483852025,-24.197829542761482,-25.35405075676691
880.060055775723,-22.929625736761707,-23.121737089361616
879.9309010859994,-17.05909549896886,-17.099080232896526
879.8017842993397,-30.197036523868306,-33.38019050298736
879.6727053990611,-16.329166138934156,-16.73000540993111
879.5436643684906,-34.288483671047985,-35.80481363333452
879.414661190965,-26.02143052488877,-24.92211050350629
879.2856958498313,-25.04689025958244,-26.868339109973547
879.1567683284458,-21.173187151251412,-20.466567433170425
879.0278786101744,-19.698801840561273,-18.749973494878915
878.8990266783935,-21.76311524652168,-21.430172307540047
878.7702125164884,-30.781088561400153,-27.82379499688018
878.6414361078546,-22.297272227482026,-23.720342273292275
878.5126974358975,-21.231270661646008,-20.181899940538628
878.3839964840316,-28.03371957922225,-28.537502279777257
878.2553332356819,-20.510409462309653,-21.259977078512705
878.1267076742823,-21.236243167772997,-20.353368725307845
877.9981197832772,-20.490048031536972,-19.949062173080975
877.86956954612,-20.884960976656757,-20.736574021612412
877.7410569462743,-22.423690804937465,-23.31974817745261
877.6125819672131,-28.160861102005143,-27.97978191547965
877.4841445924192,-27.03891104056042,-25.757083667342854
877.3557448053848,-21.81611728101059,-21.788329670457742
877.2273825896123,-31.80326299895809,-28.832310255175585
877.0990579286132,-30.903592573514075,-32.11406263416957
876.9707708059091,-28.921581762549877,-28.22682429841545
876.8425212050307,-53.855790723027766,-39.37279178373562
876.7143091095189,-22.437821679251314,-21.59234060801164
876.586134502924,-22.363040291949872,-22.315806244160214
876.4579973688058,-26.684993437053393,-27.533343292255083
876.3298976907337,-24.685138951497933,-24.99160074456681
876.201835452287,-21.989877462018896,-21.457647114827537
876.0738106370544,-24.77850316061891,-24.282066153227177
875.945823228634,-22.01061878311286,-22.138097562499397
875.8178732106339,-23.022790697876005,-23.120419633388096
875.6899605666715,-24.168556708077674,-23.968403353555388
875.5620852803738,-19.387895672841367,-19.092933859942676
875.4342473353774,-22.83681529639732,-22.46163107822416
875.3064467153284,-28.09637660005332,-27.5632839277079
875.1786834038826,-23.93570525224827,-23.205189987356206
875.0509573847052,-24.88113257493292,-25.542304453465746
874.9232686414708,-26.110611212611943,-25.43387566943501
874.7956171578641,-22.216667440526734,-21.491593005958023
874.6680029175784,-24.58776407847911,-23.550202396022073
874.5404259043174,-17.9304798530642,-18.084367291014857
874.4128861017938,-27.706580955419142,-29.651720696879053
874.2853834937299,-36.675251536513386,-36.06768757626837
874.1579180638577,-26.62186546034353,-25.83645211943265
874.0304897959184,-20.494220409260507,-19.32904227843362
873.9030986736627,-24.26941211249938,-22.618425501438807
873.7757446808511,-26.415378204749587,-28.143915283593074
873.6484278012531,-30.585116043063906,-35.664087152999755
873.521148018648,-23.91270275479785,-22.130238324951065
873.3939053168245,-14.926761490671751,-15.629503364955141
873.2666996795806,-25.31790330923168,-23.09562050895947
873.1395310907238,-19.400261839924056,-18.197580578468845
873.012399534071,-25.548567458120274,-27.501193609441927
872.8853049934488,-24.27833778666296,-25.84685787759021
872.7582474526928,-22.557619778949274,-21.850164988037974
872.6312268956484,-28.741564983862403,-34.31660494973748
872.50424330617,-29.609074849227866,-29.822046386385708
872.3772966681216,-19.375592904733097,-19.93420950735357
872.2503869653768,-22.184450654877892,-21.260111810282453
872.1235141818182,-23.960576912010637,-21.26356422902755
871.996678301338,-27.278949625382793,-31.271510038145735
871.8698793078377,-20.919666287103766,-21.36836323593674
871.7431171852282,-21.034171610999053,-22.418061146989217
871.6163919174298,-21.6509394667669,-19.45095180100752
871.489703488372,-25.073095469874417,-27.498205770527917
871.3630518819939,-20.425034283490604,-21.89957612474707
871.2364370822436,-21.551456371735114,-21.540521074174464
871.1098590730786,-20.940578448633644,-24.467254445169758
870.983317838466,-16.437884988383118,-15.54495606991587
870.856813362382,-29.008390777391114,-23.673848924930255
870.7303456288121,-20.301110025976826,-19.436025041008335
870.6039146217511,-25.12001422717374,-33.335036196678615
870.4775203252032,-32.319480764006485,-24.515314950795286
870.3511627231818,-16.3694923801268,-15.581681798768685
870.2248417997097,-17.420413713787738,-19.71268142243501
870.0985575388187,-18.23576771446868,-21.2900854339277
869.9723099245501,-24.094737856937584,-23.813250441623367
869.8460989409546,-32.586034337394935,-23.779341545148853
869.7199245720916,-21.160653725923552,-26.462009256671806
869.5937868020304,-18.440452492376394,-19.672287295212655
869.4676856148492,-22.945219673669428,-23.262333591429595
869.3416209946354,-19.83557516909535,-18.56862861448481
869.2155929254857,-28.764257792469678,-26.76561138603428
869.089601391506,-18.007954710753737,-21.362689248356887
868.9636463768117,-20.88164134007299,-18.205625465093064
868.8377278655267,-23.219782089899766,-26.235318625982686
868.711845841785,-23.50672037796933,-27.761720148012458
868.5860002897291,-19.76932177759896,-17.313655245414722
868.4601911935109,-25.387371762907506,-19.60214746062043
868.3344185372918,-25.655220614548526,-23.463940218066725
868.2086823052418,-25.54509306802565,-19.79434922641188
868.0829824815404,-25.04662291155411,-28.48444071963725
867.9573190503764,-16.398044646641168,-16.476736538916427
867.8316919959474,-25.043770755033407,-29.24099761271883
867.7061013024602,-28.750926177848882,-26.54835649994196
867.580546954131,-19.306712391407345,-24.63103808108103
867.4550289351853,-33.01262876371156,-28.947563989396755
867.3295472298568,-21.07178847013664,-20.662942185791835
867.2041018223894,-18.537930273296112,-21.889931577514417
867.0786926970354,-36.33733325067722,-23.582225738953056
866.9533198380567,-20.413563161137816,-17.824360641888276
866.8279832297239,-18.97028899609886,-21.20969326785267
866.7026828563169,-22.003543010868,-25.770920947355947
866.5774187021245,-23.617630157555467,-21.407168516802628
866.4521907514451,-20.644653038327093,-21.000753588318773
866.3269989885855,-28.55016938558991,-28.00809955381196
866.2018433978619,-17.127262304180604,-17.744871617644392
866.0767239635996,-22.485526225524282,-25.01668891486257
865.9516406701329,-20.03219999825957,-23.94898247916349
865.8265935018051,-23.550331220336645,-20.037985733998894
865.7015824429685,-24.377781297590317,-31.975115688281377
865.5766074779847,-20.382360782982843,-18.761037077943527
865.451668591224,-25.2718029462918,-28.456996372833842
865.3267657670659,-49.88748256161078,-30.498297281040593
865.2018989898991,-29.134303790367156,-35.8967196320864
865.0770682441206,-19.803803177415418,-19.437158654305463
864.9522735141373,-26.5194350513011,-24.56572685461147
864.8275147843647,-20.981761124998613,-23.456764149366208
864.702792039227,-22.29733446773328,-24.760748319704405
864.5781052631579,-24.560736513825347,-24.097025400365354
864.4534544405997,-20.776912776212,-22.155828727737585
864.328839556004,-16.80546405820236,-16.02208379065071
864.2042605938311,-29.99714769924823,-26.631371304959245
864.0797175385502,-29.12876848956917,-28.464228933069293
863.9552103746398,-32.38918828897805,-38.29078713005511
863.830739086587,-17.07136796221438,-17.03438303201817
863.7063036588879,-20.598930659814258,-19.716773214295543
863.5819040760479,-18.060202423382535,-18.240266112844935
863.4575403225806,-22.41171344590846,-23.06025168921768
863.3332123830094,-20.39223174691473,-19.28976193203779
863.2089202418658,-30.219853835097197,-34.06182254824425
863.0846638836908,-27.409277444948728,-30.52423919744585
862.9604432930339,-18.224529037185178,-17.359479825705122
862.8362584544539,-29.76509247426212,-26.59965265484017
862.7121093525179,-26.39119471665255,-27.218695332141564
862.5879959718026,-46.43828143700857,-34.10732858236979
862.463918296893,-16.955852900441627,-17.162695620980813
862.3398763123831,-19.670318259982523,-18.960542838695787
862.215870002876,-46.793089333766474,-36.1021972587523
862.0918993529834,-24.995500146727338,-24.24957927622485
861.9679643473261,-32.9799345958494,-33.43313547863083
861.8440649705333,-18.57814099202541,-18.104568758954642
861.7202012072435,-27.533680547373265,-31.990805833094257
861.5963730421038,-23.534313290351648,-25.96251652053921
861.4725804597701,-23.175479014774183,-21.923834623912867
861.3488234449073,-21.550511658481767,-20.272471824142528
861.225101982189,-19.118182963176892,-19.866846338715348
861.1014160562976,-16.68208296168548,-15.816687413240842
860.9777656519242,-28.520749372415438,-29.93139759387246
860.8541507537687,-39.50162869215394,-32.76149013948417
860.7305713465404,-34.94748414790682,-42.60016108763837
860.6070274149562,-48.40468966220878,-38.998632905078935
860.4835189437429,-23.298113192784697,-22.50373729648173
860.3600459176353,-23.62020246521935,-24.158987437335938
860.2366083213773,-22.37603414587248,-22.52036414333959
860.1132061397217,-23.357579456075698,-23.89913330795669
859.9898393574297,-35.83559748011369,-34.205280861314904
859.8665079592714,-20.969303861826646,-20.710539120389328
859.7432119300258,-27.18703312208079,-27.110595784057196
859.6199512544803,-18.67663263468775,-18.56224311953075
859.4967259174311,-25.044029297343187,-24.894615392883807
859.3735359036835,-18.55380408300799,-18.734218116418944
859.250381198051,-15.989022957016246,-16.203104268529373
859.127261785356,-24.275729013435196,-23.828089809080367
859.0041776504298,-31.003778433823683,-29.41981720753087
858.8811287781119,-28.584411158468797,-28.769710398303644
858.7581151532512,-29.565131128660525,-27.521112209151582
858.6351367607045,-22.436666285474175,-21.05029372439607
858.5121935853379,-17.841575930485803,-18.019881745566593
858.3892856120258,-22.906013028733597,-21.663418999949172
858.2664128256513,-31.201351096230283,-40.123674033601176
858.1435752111063,-27.81350021750559,-30.149124631583206
858.0207727532913,-25.355778839635676,-29.25567086633926
857.8980054371154,-23.74023860506101,-22.67519918232678
857.7752732474964,-32.01212272529416,-25.74496313038567
857.6525761693606,-21.824784786661652,-19.083490686056805
857.529914187643,-22.145126938138148,-19.166236081477635
857.4072872872873,-18.10270373247006,-19.378116544159226
857.2846954532456,-28.9259208111295,-23.740519510140146
857.1621386704788,-23.91824574745432,-20.204608909504415
857.0396169239565,-30.913396780123307,-24.7847996451314
856.9171301986565,-19.072274651497153,-21.21392408255771
856.7946784795655,-29.746787645137985,-22.55019382316773
856.6722617516788,-27.214554625952488,-30.66573008698363
856.5498799999999,-20.530702729257698,-24.465034660330346
856.4275332095415,-24.989595248169294,-29.483140092865185
856.3052213653242,-24.18254740718025,-35.549958812779934
856.1829444523776,-23.87691694162517,-34.44714381123525
856.0607024557396,-18.52475666958641,-16.06899382934411
855.9384953604568,-16.26751311862536,-19.347430049348887
855.8163231515844,-22.328714008946903,-21.376302344676688
855.6941858141859,-22.077857090548306,-18.105278524853688
855.5720833333334,-26.040918978291145,-19.663166790696167
855.4500156941076,-21.60111318333277,-26.40456309645664
855.3279828815977,-24.08127375114252,-31.691652893243813
855.2059848809014,-14.697558996739488,-15.113534068185842
855.084021677125,-18.94347214064304,-24.658466210486196
854.9620932553829,-21.013233280729636,-21.54575804099231
854.8401996007984,-21.451937329623277,-25.374214170738313
854.7183406985032,-22.967102791867646,-36.36148624434652
854.5965165336374,-35.12204482162507,-23.689728064993645
854.4747270913496,-19.980571297199717,-25.52307366472671
854.3529723567968,-23.817164679293867,-37.9886378023662
854.2312523151446,-20.128981478969635,-18.807724698626103
854.109566951567,-21.27615456531565,-25.32569357659152
853.9879162512462,-17.231779841967736,-15.97354478947345
853.8663001993734,-18.714666047948654,-17.486770948741437
853.7447187811476,-18.54194461410178,-16.61646541045498
853.6231719817767,-24.08760639429802,-20.022836333285866
853.5016597864769,-45.84228710138375,-25.377301124840912
853.3801821804725,-22.60274609435048,-27.767899504289815
853.2587391489967,-30.4667029488772,-31.10734996798503
853.1373306772908,-21.31986902372641,-26.312089477612417
853.0159567506046,-24.979257201982577,-21.000804013496648
852.8946173541964,-27.847559875048788,-23.359043011566044
852.7733124733323,-33.34787209385634,-24.105937264210112
852.6520420932878,-30.551105082200266,-24.383512771140957
852.530806199346,-22.34803363932717,-19.42697516272584
852.4096047767985,-26.561388827202038,-22.71909189718768
852.2884378109453,-16.25077884998474,-18.15597070115784
852.167305287095,-29.62488241057197,-26.74353951973633
852.0462071905641,-31.263838199480873,-64.22405063539391
851.9251435066781,-22.021128907515774,-24.782570997757418
851.80411422077,-40.9450603481463,-31.140816444280873
851.6831193181818,-35.18690413532606,-28.208194017355808
851.5621587842636,-16.97084824437529,-17.74420200513096
851.4412326043738,-23.38035853947231,-25.563975091316465
851.3203407638791,-25.253712860027164,-27.470730704463122
851.1994832481545,-21.439571380130857,-21.30834917079538
851.0786600425834,-44.80433406158282,-40.54400465122909
850.9578711325576,-19.294755792756163,-18.65986949369058
850.8371165034766,-24.750163761630446,-25.729569309101507
850.7163961407492,-39.461030004754136,-36.31942590031419
850.5957100297915,-23.780974185960545,-23.993453082365605
850.4750581560284,-31.587428377128546,-32.2845156462315
850.3544405048929,-39.68109676045471,-39.5704486170943
850.2338570618265,-43.56540058086166,-44.43007520040133
850.1133078122784,-18.02967166147762,-18.012013530608712
849.9927927417068,-26.466307193599377,-26.782043010287126
849.8723118355776,-25.88877744555522,-25.666222250499246
849.7518650793651,-23.027773487725753,-23.0973556544525
849.6314524585518,-26.23210564539754,-25.330499110210198
849.5110739586285,-18.1055594769836,-18.156833963511545
849.3907295650943,-25.292782759465766,-25.90780667432837
849.2704192634561,-22.443312750065317,-21.359772143247014
849.1501430392295,-23.63103226264282,-22.419574167914973
849.0299008779383,-18.806926537610295,-19.383244236345732
848.909692765114,-26.270524469030576,-25.38553793553986
848.7895186862967,-37.11847049506103,-32.4425290660174
848.6693786270347,-33.77080096176492,-31.542114746941778
848.5492725728842,-29.29287377491518,-29.315682264658122
848.4292005094098,-27.744892769265576,-27.98256214715336
848.3091624221845,-18.48117944327724,-18.14727809772141
848.1891582967888,-21.467501301133936,-21.81884843969739
848.0691881188119,-18.036515198571877,-18.614110295624712
847.9492518738509,-20.5187129559816,-21.33788178851502
847.8293495475114,-25.58594142319258,-24.056127669678673
847.7094811254065,-20.89841908090783,-20.69477576120495
847.5896465931581,-32.230636777273034,-32.622635569253745
847.4698459363958,-22.350756183360843,-21.957554782388414
847.3500791407575,-20.075788653630397,-20.580337248809045
847.2303461918892,-30.736510194178024,-28.856100381782355
847.110647075445,-18.738334876579884,-19.06609354896061
846.9909817770872,-25.195874699474345,-25.95208078256026
846.8713502824859,-51.094157805490326,-43.582044174934836
846.7517525773195,-17.74750370620167,-17.36667483384555
846.6321886472748,-25.970312856842426,-26.853897202615386
846.5126584780461,-18.49568615430279,-17.982472680365035
846.393162055336,-21.466415610097656,-21.842681864030865
846.2736993648554,-22.476377213395708,-22.570707470438336
846.1542703923228,-25.777264910964604,-25.118722164776543
846.0348751234656,-21.939973387236577,-21.38714292202731
845.9155135440182,-24.006392395228104,-24.24473700475521
845.7961856397235,-35.37264171497908,-36.90125534414328
845.6768913963328,-29.267356302741817,-29.9950150632486
845.5576307996051,-32.7387827495274,-31.697356875356675
845.4384038353074,-24.002137337702393,-24.37126370518199
845.3192104892147,-24.57542989467025,-23.990308420538113
845.2000507471103,-20.53431875803146,-20.093748668519638
845.0809245947851,-18.142485948609234,-17.89898902366771
844.9618320180383,-29.727654293438306,-28.922842015443976
844.8427730026772,-25.509943057540667,-25.226718217906566
844.7237475345167,-26.008057431088602,-25.139837962112765
844.6047555993803,-20.871802845267567,-21.195312335262898
844.4857971830986,-18.2482326722931,-18.09552610631171
844.366872271511,-25.088414726407237,-25.739998608916338
844.2479808504647,-18.54613120299267,-18.391788109390674
844.1291229058145,-26.199367309069956,-26.733168709308657
844.0102984234234,-26.547156636172488,-27.60217946872983
843.8915073891626,-18.305271000415658,-18.859924205510893
843.7727497889108,-40.02333872890178,-36.66227856546881
843.6540256085549,-30.54736404829633,-33.98160090138644
843.53533483399,-19.789696469835675,-19.125142577173037
843.4166774511183,-22.713560138170052,-24.11447129562758
843.2980534458509,-23.936027224894033,-22.311645994543355
843.1794628041064,-18.265145369356006,-18.37363357149583
843.060905511811,-21.204732108314957,-22.58957659713768
842.9423815548995,-25.61936779694581,-26.7906956506214
842.8238909193141,-19.904322039064013,-20.045671388203075
842.705433591005,-21.926938112621983,-21.770634794146773
842.5870095559303,-14.994094496901695,-14.398071151709175
842.4686188000562,-22.56758930234166,-20.73656851467466
842.3502613093565,-22.766387704837214,-23.27503115433798
842.2319370698132,-35.36376686283408,-29.291282711736315
842.1136460674157,-24.966927175165395,-27.921460623803156
841.9953882881618,-22.559314469377355,-24.7296861268005
841.8771637180567,-25.68671327491468,-23.01068979150277
841.7589723431139,-19.967930632341435,-19.901014823815743
841.6408141493544,-16.428926848404316,-16.136970275096914
841.522689122807,-34.190271809027266,-28.444228840083568
841.4045972495088,-22.65544573257823,-23.723565989743193
841.2865385155044,-23.38496236020974,-23.73361141082445
841.1685129068462,-24.60581768694145,-26.693120770684445
841.0505204095946,-33.25066522167286,-28.34912501695696
840.9325610098176,-21.419406776140093,-21.619026416078228
840.8146346935913,-29.842275196744353,-34.95367235793749
840.6967414469993,-18.769719024273982,-19.93683986895313
840.5788812561334,-30.28868480219539,-26.808252396945406
840.4610541070928,-24.490690651478033,-23.258887038213672
840.3432599859846,-39.73236056143229,-42.83856041657846
840.2254988789239,-29.16956959508424,-25.619526757674564
840.1077707720331,-23.790820365621087,-23.43772399858598
839.990075651443,-24.30578782954801,-22.348365571914897
839.8724135032918,-37.966082909726524,-30.555244220889577
839.7547843137255,-22.564204910795056,-20.771435284891865
839.637188068898,-30.03775271296361,-34.900944036961036
839.5196247549707,-41.96249933510886,-39.47296938361707
839.4020943581129,-26.015294858764193,-24.776222592192752
839.2845968645017,-20.053401165652005,-18.707312718479997
839.1671322603219,-18.64605197090141,-18.919094496754767
839.049700531766,-22.03417331083658,-22.961262368951154
838.9323016650343,-27.41627502420998,-25.089613403594612
838.8149356463346,-19.13180232230009,-19.70112877352942
838.6976024618829,-21.990518138639388,-21.839139343846327
838.5803020979021,-24.03357460272123,-25.436553274702035
838.4630345406237,-18.121940977931885,-18.918370659135476
838.3457997762863,-27.780934365341537,-26.431458588403004
838.2285977911365,-26.37841484442872,-25.810029415007577
838.1114285714285,-19.44930065210211,-18.60989731126095
837.9942921034242,-30.868314253280815,-34.48099289537201
837.877188373393,-18.788515331334978,-19.402545700163657
837.7601173676121,-23.845427132858774,-24.95876851019399
837.6430790723666,-20.035572807117077,-20.079855484194624
837.5260734739488,-29.443606748740066,-29.834118558287102
837.4091005586592,-25.807254381916735,-26.062848513953853
837.2921603128055,-26.539806838403067,-26.61268953473528
837.1752527227031,-27.038464178907063,-27.740065644384103
837.0583777746754,-25.31528555463113,-25.59859769664091
836.9415354550531,-32.12081095057563,-31.658872928377505
836.8247257501745,-24.485798818677367,-23.887309266967648
836.7079486463857,-27.482887076336525,-27.84547521973475
836.5912041300404,-24.425978717508812,-23.5296536966094
836.4744921875,-26.60884526393663,-27.931055042562818
836.3578128051332,-28.96105745820772,-28.182882307147295
836.2411659693166,-25.12149537490096,-24.024933368225376
836.1245516664343,-21.435898014739777,-21.201201907794243
836.0079698828778,-32.82237762142951,-29.67040920846405
835.8914206050466,-26.750034256685623,-26.92783340440856
835.7749038193476,-28.051282540413425,-27.948630175595625
835.6584195121951,-31.74739561126664,-28.760642226419506
835.5419676700112,-19.639859295170382,-20.632740893925032
835.4255482792253,-16.849311708660267,-17.037710576072058
835.3091613262748,-27.187296874796388,-26.299505192553838
835.1928067976041,-19.108340194641258,-20.025017154039617
835.0764846796658,-38.29591089147961,-37.34156124349606
834.9601949589194,-18.118468757220583,-17.401957454319657
834.8439376218324,-20.905507322880297,-21.03024509769945
834.7277126548796,-37.709332147242705,-32.14244416849421
834.6115200445435,-34.39471807374345,-44.9571238970684
834.4953597773139,-22.57624706488845,-21.32952658658057
834.3792318396883,-29.440104890139295,-32.93818215151724
834.2631362181717,-21.522776817874004,-22.65501258359801
834.1470728992766,-23.608626955409406,-24.42984784022552
834.0310418695228,-23.286522597285128,-24.397576058486422
833.9150431154382,-23.329060008417613,-21.640352773716145
833.7990766235572,-24.74547339006436,-25.27046396530777
833.6831423804227,-29.89732192849793,-26.86302878182498
833.5672403725845,-28.66306072104048,-25.894815264814312
833.4513705866,-26.65071897439482,-29.642088800948912
833.3355330090341,-30.008889355611913,-33.21878403997566
833.2197276264591,-33.358798799796304,-29.251162993280374
833.1039544254551,-21.291233622595612,-20.338100613765548
832.988213392609,-39.647456031372414,-40.466274805859015
832.8725045145159,-20.438471565136965,-22.337815474383646
832.7568277777779,-46.613791662093874,-31.62638445952335
832.6411831690043,-24.61758422435868,-24.8499105507113
832.5255706748126,-30.22966935159117,-30.419060998150727
832.409990281827,-19.84410459144611,-19.28158969490609
832.2944419766796,-29.215864164479044,-42.258138843428625
832.1789257460097,-19.27457354568132,-19.650883284151902
832.063441576464,-18.953134293725427,-17.759254915905174
831.9479894546969,-20.51575396020972,-22.779762735338707
831.8325693673696,-24.537080878418166,-31.02876283461849
831.7171813011513,-22.211174473639247,-26.93923655454161
831.6018252427184,-40.144213024062495,-29.598476523348936
831.4865011787547,-15.359152129891626,-14.609527938896761
831.3712090959513,-29.447708198987,-34.15190695277734
831.2559489810066,-25.454552821448047,-25.57914396528456
831.1407208206266,-20.64220096137028,-17.93212390549165
831.0255246015246,-25.10093964341904,-23.332286200265216
830.9103603104213,-22.909531981058294,-28.8994080805398
830.7952279340446,-20.84976959569552,-25.67248058472005
830.68012745913,-20.82615667180933,-17.630165184379265
830.5650588724201,-25.328921228660178,-21.462014461331663
830.4500221606648,-17.33616124741313,-15.011380878346657
830.3350173106218,-33.46093396426899,-24.038646348405692
830.2200443090557,-23.94883115534877,-32.95758594896192
830.1051031427385,-25.599805032871572,-37.898189227375084
829.9901937984496,-17.255983532656202,-18.35218368795735
829.8753162629758,-26.88892498768338,-21.155028968862
829.7604705231109,-28.13965520637224,-24.012940366688767
829.6456565656565,-18.378671767035186,-21.967279579567517
829.5308743774212,-38.37998499933319,-30.527441425720795
829.4161239452206,-27.457228776992068,-29.21196807416642
829.3014052558782,-23.58868267845689,-28.777654351084763
829.1867182962246,-20.613355803597145,-23.507878831176654
829.0720630530973,-34.539959928256096,-28.004434146334958
828.9574395133417,-21.835942460248404,-20.00066314018467
828.8428476638097,-25.236639184597138,-20.75105851820068
828.7282874913614,-29.383040897749837,-34.082856406048236
828.6137589828635,-23.108004781809043,-24.456023108737284
828.49926212519,-17.459826855821817,-19.8230814723902
828.3847969052224,-26.59691527351866,-22.62927899233962
828.2703633098495,-23.01308751562071,-21.423317785584075
828.1559613259668,-24.17849803576449,-22.042452814895157
828.0415909404779,-23.450502983175298,-20.095242173605342
827.9272521402927,-25.11718986246082,-29.363092020585057
827.8129449123292,-23.674082100593964,-26.22842523254893
827.6986692435119,-22.56382337678376,-21.75088428932544
827.584425120773,-27.464928580854362,-24.533959222801926
827.4702125310516,-18.918643222481236,-21.825733269488765
827.3560314612944,-22.954580442442236,-25.774377566192
827.2418818984547,-24.04809296450894,-24.405200619265557
827.1277638294938,-19.48761663364344,-19.50318290031943
827.0136772413794,-29.398657237379453,-23.878063510564104
826.8996221210867,-24.405507238888944,-31.25335563422415
826.7855984555985,-32.76090630024156,-26.519035336524936
826.6716062319041,-34.489625206824186,-30.97233402391997
826.5576454370002,-32.839793915299126,-27.336484618887866
826.4437160578912,-19.663770743310536,-22.770710603363383
826.3298180815876,-24.400222869929465,-25.719310398774937
826.2159514951082,-26.52655793134464,-22.827434226844233
826.1021162854781,-32.02993100036018,-26.263392547217748
825.9883124397301,-23.91256975070509,-20.38374007553101
825.8745399449035,-26.104867396798667,-21.524652457774536
825.7607987880458,-28.88560764846177,-45.833099766108475
825.6470889562104,-28.839898438636524,-51.83241706308196
825.5334104364588,-23.21595762658167,-28.75656376692659
825.419763215859,-18.055073834835085,-19.235724349534948
825.3061472814866,-30.912317111182162,-30.04246577807372
825.1925626204238,-23.484996147302198,-26.721270591726878
825.0790092197606,-20.453627959029106,-17.71329532068448
824.9654870665933,-20.620036082960965,-23.666455855676745
824.8519961480258,-41.9344878386127,-27.694979532559913
824.7385364511692,-32.11682618764128,-40.11609380779832
824.6251079631413,-19.37510908549403,-22.562853799856455
824.511710671067,-34.37351323013114,-25.53179407475021
824.3983445620789,-20.77195759539292,-18.193343983137552
824.2850096233159,-22.222466593541654,-24.673694701016572
824.1717058419244,-20.452093273906556,-23.122354101814366
824.0584332050578,-22.931533173381283,-26.632277458483813
823.9451916998763,-23.121145583891874,-21.775131576708205
823.8319813135477,-21.595813453115298,-18.6714274293699
823.7188020332463,-20.69768939127856,-18.18066005278176
823.6056538461538,-18.49911778272049,-19.335888922244337
823.4925367394588,-21.53547935152214,-25.161389435504063
823.379450700357,-19.54177654592793,-19.536167712550238
823.2663957160511,-15.438470413384195,-16.536814386005418
823.1533717737507,-21.818605250185485,-25.046532740134367
823.0403788606726,-22.92091461618638,-21.11881056547857
822.9274169640406,-26.779599866792964,-28.29201508338535
822.8144860710854,-40.796269784582634,-32.63811206929289
822.7015861690451,-35.054799031604105,-37.910168578523056
822.5887172451639,-19.90165789283445,-17.898048923486115
822.4758792866941,-17.403870009658405,-18.823804701318423
822.3630722808942,-27.83033861789174,-26.846489689522215
822.2502962150302,-21.468359094749886,-19.25561260950208
822.1375510763746,-23.824874250721436,-26.8036648512835
822.0248368522073,-31.25002065111353,-26.327949521307815
821.912153529815,-28.3970198514795,-24.48461800158971
821.7995010964912,-22.289072867650177,-21.16199528549525
821.6868795395368,-30.024287078437723,-26.23627126792256
821.5742888462593,-32.80163307778763,-33.15567657141516
821.4617290039732,-26.597847575298758,-30.282261847024742
821.3492,-25.31843866141493,-25.393007110581138
821.2367018216682,-22.175471145109398,-22.260605891868764
821.1242344563134,-25.248334292528412,-25.051518010855446
821.0117978912775,-40.33832249156943,-41.40604975736839
820.8993921139103,-22.090257945538,-21.98752592447657
820.7870171115675,-29.034272537137625,-30.59343129191076
820.6746728716124,-20.808654932831033,-22.235081712123886
820.562359381415,-22.061037098840572,-23.725173517228555
820.4500766283526,-21.300295682690873,-22.77261929280887
820.3378245998085,-14.18749262146902,-13.48699824818452
820.2256032831738,-24.99283033298498,-24.558260962351753
820.113412665846,-19.279627573550997,-20.461195054433247
820.0012527352297,-21.359252374446797,-20.247264109763123
819.8891234787365,-28.65543641962948,-26.284770359252562
819.7770248837845,-21.69381456639384,-20.2994782508802
819.664956937799,-24.280354682881992,-22.624444388381917
819.5529196282121,-26.80993971809717,-23.897117426766542
819.4409129424628,-22.675300903493692,-24.986629409066538
819.3289368679967,-20.761816013736265,-19.00597669992844
819.2169913922667,-26.297630010609836,-30.190584691447427
819.1050765027322,-34.981955438467836,-34.70229672463934
818.9931921868597,-20.846899296756092,-22.3284099327676
818.8813384321224,-28.602971364480183,-28.409629591585215
818.7695152260003,-36.111643213365525,-28.184021254871382
818.6577225559803,-17.35339980800596,-18.93425739113171
818.5459604095563,-30.278078137292752,-25.083820841909542
818.4342287742288,-15.971340655974487,-14.593152295817177
818.3225276375051,-25.91404204095467,-30.379731426257692
818.2108569868996,-20.28185248434012,-18.3596539982086
818.0992168099332,-19.286986667109076,-21.216048091942454
817.9876070941338,-15.353915748155273,-16.641600984611287
817.8760278270358,-38.57487185043151,-33.60436113779009
817.7644789961811,-21.842036880413204,-19.52664990006157
817.6529605891177,-27.104086685149426,-26.38764645901027
817.5414725934006,-15.015985802459525,-15.411215147101544
817.4300149965917,-23.87570680770925,-26.882363157788276
817.3185877862596,-39.190879748393016,-33.80310746556505
817.2071909499796,-19.24848821325206,-17.869431560484784
817.0958244753339,-19.804260493899378,-21.99893957791464
816.9844883499114,-19.77018138370768,-21.846790745745196
816.8731825613079,-32.72538242523062,-30.74213239344688
816.7619070971257,-18.23266959313669,-18.20699402698365
816.6506619449741,-28.044555656933497,-24.612235696115718
816.539447092469,-26.869867560545615,-23.991013307375496
816.4282625272331,-43.217872050395314,-32.84182178582709
816.3171082368959,-24.889108906508895,-24.449072677953822
816.2059842090933,-30.6349483754053,-32.5352607015498
816.0948904314687,-23.346392692850443,-21.27490136286052
815.9838268916712,-23.009913855061157,-24.09160815515817
815.8727935773575,-19.022218300782086,-19.796031870762576
815.7617904761904,-27.50909251945812,-28.575659160340123
815.6508175758399,-19.484700399623776,-18.611513409005553
815.5398748639826,-26.065471045889737,-25.715312302118704
815.4289623283014,-21.231589072347518,-21.98520143564211
815.3180799564863,-24.396787032566223,-25.015623350813584
815.2072277362338,-17.49136471940038,-17.169130315700258
815.0964056552474,-20.321218614462012,-20.248210284341255
814.985613701237,-28.185744960021836,-29.943856316031358
814.874851861919,-22.07510629430776,-23.039172348354484
814.7641201250169,-19.50715265456118,-20.21488555353882
814.6534184782608,-29.98821178035807,-27.267345520837964
814.5427469093873,-30.45850117596619,-35.83963271297627
814.4321054061397,-23.236453617656352,-25.005741503340786
814.3214939562678,-19.857759790206487,-21.161292777643993
814.2109125475286,-16.720756087423283,-17.610588781145864
814.100361167685,-26.01791235066655,-27.606309484551375
813.9898398045071,-19.109489331211492,-19.45274595250673
813.8793484457717,-23.28218170028221,-24.613547371652302
813.7688870792617,-19.942710316821874,-19.074187755874803
813.658455692767,-23.88060448000398,-21.168581159859556
813.5480542740842,-14.564491574296525,-15.640584408879718
813.4376828110162,-25.71360879355022,-28.038477671712187
813.3273412913727,-18.80384163953572,-17.06020450520633
813.2170297029703,-22.03494407956235,-19.40822916790914
813.1067480336317,-33.86696778032989,-39.952407658873724
812.9964962711865,-18.60942334460502,-19.06413422209455
812.8862744034708,-20.55375821157419,-18.177578812791737
812.7760824183273,-27.528100450993904,-34.55561913642235
812.6659203036053,-25.920431903440416,-23.715738394963026
812.5557880471608,-22.237564936533957,-19.324204663498122
812.4456856368564,-29.11414109475821,-29.798267596435565
812.335613060561,-17.38953490167215,-15.469199248723513
812.2255703061502,-30.7640269922138,-25.643658980378504
812.1155573615061,-24.97278379795354,-20.716372981215002
812.0055742145179,-20.321281936905663,-18.121546387088628
811.8956208530806,-26.651318320404314,-34.70707191748359
811.7856972650961,-14.49356330991624,-15.35295914796184
811.6758034384729,-23.96117338566397,-19.93051737023781
811.5659393611261,-21.715432855513043,-20.714737610361468
811.4561050209771,-18.260883293919406,-19.68585159610113
811.346300405954,-21.357961754545144,-23.96168041150183
811.2365255039914,-17.566009146700182,-18.57611549746484
811.1267803030303,-16.943560616412455,-17.301936128207345
811.0170647910186,-20.99716331176198,-20.517428953629476
810.9073789559102,-27.721825106824312,-26.78034178063318
810.797722785666,-27.87972250055067,-29.56508227787826
810.6880962682532,-25.29746379295885,-27.366729779050402
810.5784993916452,-13.969897546036279,-15.038078294481423
810.4689321438227,-20.388282320941997,-22.657355780131823
810.359394512772,-24.021642561428237,-29.178563125155748
810.2498864864865,-24.744420102641172,-21.2741938095631
810.1404080529659,-24.314949198954352,-28.46591810041359
810.0309592002162,-21.553617906601218,-21.88878570604028
809.9215399162503,-25.149432254227904,-25.357230918249954
809.812150189087,-19.486347107525276,-17.807729278804644
809.7027900067523,-16.75571025671475,-17.417915774244918
809.5934593572779,-22.398564677099174,-24.866221458491523
809.4841582287025,-23.82317983538796,-23.423480978715034
809.3748866090713,-30.723238018005688,-27.753801524346912
809.2656444864353,-21.409872228676917,-23.078199624278213
809.156431848853,-25.8015470792633,-28.10077795407811
809.0472486843881,-18.398644853759706,-17.268178899971346
808.9380949811117,-16.703165851355507,-17.224132719058915
808.828970727101,-25.299564971839985,-23.186766721458255
808.7198759104397,-38.5453583881462,-44.60928521804665
808.6108105192178,-21.37310054791523,-19.691091981042533
808.5017745415319,-33.59214449005081,-28.725923601711216
808.3927679654846,-29.989428583821635,-34.182235847510455
808.2837907791858,-36.27670915689406,-29.47461371913981
808.1748429707508,-20.65773556446716,-20.029525636900203
808.0659245283018,-41.69551258655578,-30.600741850297894
807.9570354399677,-22.303404903072916,-22.317833988756618
807.848175693883,-25.562978952176664,-22.897848257233008
807.7393452781895,-19.281103504582475,-17.944114855611602
807.6305441810345,-29.383313353177797,-27.591351250846728
807.5217723905724,-20.032969694438677,-22.357942749113803
807.4130298949636,-16.002718816988832,-16.677059809725066
807.3043166823751,-21.749155700009496,-21.08635323017232
807.19563274098,-21.376991529025545,-21.83362476234744
807.0869780589582,-23.88854799191084,-27.778553560559246
806.9783526244953,-25.70913961627228,-31.306034211616335
806.8697564257839,-16.96551016511971,-18.037483038432285
806.7611894510226,-23.9319887678502,-28.576445704348757
806.6526516884165,-21.505419986140836,-22.976948677381998
806.544143126177,-22.428625260325376,-23.941995121546242
806.4356637525219,-32.23650100965433,-31.151004029913125
806.327213555675,-16.120134401204993,-17.851965539928486
806.2187925238671,-40.0949654915225,-33.26350230310372
806.1104006453347,-25.11023262138208,-27.09121817785139
806.0020379083211,-18.44963835576347,-20.826122545776613
805.8937043010752,-31.755820438607756,-26.126814601745835
805.7853998118533,-18.892653469593526,-16.830762409949372
805.677124428917,-26.200697446503156,-25.370869609073438
805.5688781405348,-21.141930565128533,-21.693653531210558
805.4606609349812,-23.41777783490538,-27.846195160156086
805.3524728005373,-27.528041512293512,-34.98417477223667
805.2443137254902,-19.37517386484903,-17.30436034636945
805.1361836981334,-28.321616239720342,-38.09835889403131
805.0280827067669,-26.096492342241262,-32.423135019315524
804.9200107396966,-18.773105103976533,-18.625549248938412
804.8119677852349,-22.90334684978332,-20.41506361534782
804.7039538317005,-43.7475512996363,-33.98621949313282
804.5959688674182,-24.709499826391735,-21.657347485265845
804.4880128807191,-17.819397423093463,-16.387089226007006
804.3800858599409,-16.67922690781232,-18.16082090765228
804.2721877934272,-21.762720001524926,-19.482973680744735
804.1643186695279,-22.03419880887209,-19.79926656655782
804.0564784765992,-16.72556460216869,-16.848526582733584
803.9486672030035,-34.22236685264876,-33.55111574092594
803.8408848371096,-26.051763939839404,-30.25529528172224
803.7331313672922,-26.23137892689887,-26.679753585662823
803.6254067819327,-21.57526730885776,-20.083234058075888
803.5177110694184,-19.632307732494823,-18.280451423629117
803.4100442181428,-26.735056085306937,-24.72436511138416
803.3024062165059,-21.22280100083576,-23.39233325977186
803.1947970529136,-21.0044117511127,-23.024138673180047
803.0872167157781,-16.443631001661217,-15.483401519692293
802.9796651935181,-23.002761634125974,-21.599384547551878
802.872142474558,-28.285156004766677,-32.02455251806326
802.7646485473289,-21.707180571117405,-20.02212940972764
802.6571834002677,-31.1413226490278,-30.17474431419562
802.5497470218178,-16.862294181228677,-16.12470503181673
802.4423394004283,-22.63492880655876,-21.15032135318286
802.3349605245551,-24.193636861666235,-22.50689276864655
802.2276103826598,-19.354108081986013,-20.054859436549307
802.1202889632108,-21.97157675867966,-23.108206319324566
802.0129962546816,-20.913371436910225,-19.782628681877597
801.9057322455529,-29.050492140697244,-26.147551292164323
801.7984969243113,-32.21492177292167,-40.2866893881711
801.6912902794492,-33.2537552398223,-32.85186185770881
801.5841122994652,-24.12928520495369,-26.173925132491078
801.4769629728646,-16.730793683943276,-17.44112683927095
801.3698422881582,-26.54909142024634,-27.789400655383233
801.2627502338634,-19.918423716744783,-21.086461742126758
801.1556867985034,-22.72743654498892,-22.543405220772726
801.0486519706079,-33.989593226689536,-45.75593704940563
800.9416457387123,-23.280043877377935,-22.207882613641445
800.8346680913584,-21.134858693516904,-19.661663008135505
800.727719017094,-19.915067121541014,-20.163023155928656
800.6207985044732,-19.628187346402044,-20.9172184680465
800.513906542056,-23.420369655992417,-22.491848096699513
800.4070431184088,-19.842448364515647,-21.034642835180776
800.3002082221036,-41.88326734401669,-33.78227168334415
800.1934018417189,-17.567139310389436,-16.89283020884325
800.0866239658393,-28.861695958755703,-25.844263481988733
799.9798745830553,-21.614143379989386,-21.860082055068276
799.8731536819637,-19.66489855576377,-20.10052300822322
799.7664612511671,-20.721507657938318,-21.638196705419304
799.6597972792745,-20.447405160783106,-19.051315635744587
799.5531617549007,-18.607090984274222,-19.72140999108207
799.4465546666667,-16.625408732350778,-17.06338943461911
799.3399760031996,-21.376543185915054,-20.985758441411647
799.2334257531325,-24.805048968516545,-25.63652545832413
799.1269039051047,-20.611262073737308,-19.46788883966134
799.0204104477613,-20.0954165122058,-20.24292423732281
798.9139453697535,-28.791791390528758,-27.560843640288013
798.8075086597388,-14.368381820283943,-15.116256410151593
798.7011003063808,-23.227455717340163,-22.76933781609121
798.5947202983484,-17.677019047546636,-17.03675667396864
798.4883686243174,-18.19387492666648,-16.838479533586153
798.3820452729693,-26.064006373701417,-27.086873320288547
798.2757502329916,-16.95449690324891,-16.76180962022694
798.1694834930778,-27.256590028267723,-23.731429704462457
798.0632450419273,-19.661403429876046,-21.597865634613086
797.957034868246,-25.09265068387957,-26.463863828894816
797.8508529607451,-20.2818687276838,-22.20343442622523
797.7446993081426,-18.952217644356793,-17.29052313370211
797.638573899162,-21.66161383110922,-20.092110237057867
797.5324767225326,-24.45179232241439,-26.54132588667356
797.4264077669903,-26.085636593320558,-26.77921294304805
797.3203670212765,-25.98390704912866,-27.631370119494576
797.2143544741391,-17.93716044005849,-17.843321733777614
797.1083701143313,-45.945403509262704,-31.484605183716823
797.0024139306128,-20.401571881910158,-23.21668122734191
796.896485911749,-22.365278765590872,-21.585694611407106
796.7905860465116,-28.95230688159556,-33.67515497546201
796.6847143236779,-26.041088596421687,-22.279022927282412
796.5788707320313,-32.58951422655939,-25.885767834448544
796.4730552603613,-20.422117332935457,-22.979269665445642
796.3672678974631,-26.632755655225893,-34.69889047914786
796.2615086321381,-37.892940798004034,-32.30036004669576
796.1557774531934,-21.306245277767076,-25.177355308181532
796.0500743494424,-24.970616849014547,-31.728870961197842
795.944399309704,-22.93647912143966,-20.573387455104623
795.8387523228033,-21.336637193999238,-18.44856099375373
795.7331333775713,-24.845944144384745,-25.607075398726366
795.627542462845,-20.114266786644166,-20.959856442813035
795.5219795674672,-20.40080895418076,-21.9297213189828
795.4164446802865,-24.234703754599522,-28.12912357283288
795.3109377901578,-30.305109729128148,-26.794275042971705
795.2054588859417,-31.255137349928177,-25.953043617217602
795.1000079565044,-21.578488123592805,-20.467077552770476
794.9945849907186,-27.175906222426377,-34.573814418495814
794.8891899774626,-18.146392669519187,-18.74651843619081
794.7838229056204,-23.170357151032746,-28.765019762605945
794.6784837640821,-29.313673816253086,-24.093560586936448
794.5731725417439,-33.23659575409853,-33.52517021701483
794.4678892275076,-14.56467686689713,-15.536353040171335
794.3626338102808,-19.902493805685268,-22.042692260109405
794.2574062789773,-30.350052134054167,-24.83467495603007
794.1522066225166,-24.99213741503216,-23.324620208328625
794.0470348298238,-21.385124843124956,-18.992754463961248
793.9418908898305,-26.934406795878644,-22.29088645070594
793.8367747914737,-22.83497475011349,-21.655126448548188
793.7316865236961,-33.162151620387064,-29.02968234227241
793.6266260754468,-27.412701489725393,-23.291969673809476
793.5215934356803,-26.99339300310548,-22.461516199143077
793.4165885933572,-22.37390951163907,-25.113951068816263
793.3116115374437,-23.031998892026948,-20.431046420680573
793.2066622569123,-26.1616613399526,-30.75641379020577
793.1017407407408,-17.877145349531062,-16.57046642639709
792.9968469779129,-25.239959507129996,-29.361479064990434
792.8919809574187,-21.36432580010829,-20.94853726692459
792.7871426682533,-28.03199117960223,-25.141341264269258
792.6823320994183,-26.017499988160537,-32.351385064471984
792.5775492399207,-17.45314045292828,-18.836163639076872
792.4727940787734,-29.417093989746846,-36.68762310968502
792.3680666049954,-18.203787011395562,-19.683033925758664
792.263366807611,-28.961125164390623,-25.377342386790346
792.1586946756506,-17.85427538987797,-16.721392442948556
792.0540501981507,-37.32341180039383,-39.645687121027876
791.9494333641527,-20.063745098528457,-19.001317519132826
791.8448441627047,-19.42361695032197,-18.31168509654701
791.7402825828602,-18.840124901576544,-18.302418653171074
791.6357486136784,-20.646482449043518,-21.371992405046754
791.5312422442244,-19.819423447930276,-21.736055162163453
791.4267634635693,-24.004599130199992,-25.185219330113128
791.3223122607892,-31.926281503318606,-29.428642337828293
791.217888624967,-26.611035283329684,-25.65787568256296
791.1134925451908,-24.859152777623464,-23.337086332426352
791.0091240105542,-29.25176518107581,-35.84938420002457
790.904783010157,-28.69010942367747,-26.68289544364653
790.8004695331048,-19.41695188618702,-21.08027639968664
790.6961835685086,-19.472013978058968,-19.344092683628517
790.5919251054853,-20.927081793404042,-20.68694306242351
790.4876941331576,-15.557296976858467,-14.564984140384766
790.3834906406538,-25.724597642514382,-23.61337037981677
790.2793146171082,-23.663685481313095,-26.000784812066385
790.1751660516605,-23.598506496363527,-25.564111654935047
790.0710449334563,-24.664953402155007,-23.538490034781475
789.966951251647,-19.057870468694617,-20.53272676268604
789.8628849953893,-21.029803607145837,-19.94344343379494
789.7588461538461,-23.90002398498892,-23.212166450585855
789.654834716186,-22.757124294879716,-23.16467864866179
789.5508506715828,-16.64838076322947,-15.578560876597507
789.4468940092165,-24.8456027854303,-25.329362591581813
789.3429647182728,-30.12739744131578,-30.11647836589343
789.2390627879425,-21.824712400827835,-22.9156787432142
789.135188207423,-23.334729081267014,-23.101602529826735
789.0313409659166,-26.649395086290255,-29.97982731111965
788.9275210526316,-18.556058023242187,-18.25644364352614
788.823728456782,-19.86277269064415,-20.390042457684345
788.7199631675875,-28.748353421901143,-26.538559817314578
788.6162251742733,-22.013464503629947,-21.56109119262119
788.5125144660705,-27.255170108245082,-26.15466698662088
788.4088310322156,-35.45196591377383,-31.175366924291964
788.3051748619511,-20.789687100327953,-21.826615376923726
788.2015459445248,-31.598636222827125,-34.20965475336432
788.0979442691903,-26.636630174484466,-25.433498700647775
787.994369825207,-20.028675708217477,-19.135750025307416
787.8908226018397,-23.42264028382668,-24.491669670485138
787.7873025883589,-21.01906980758291,-21.186348508304988
787.6838097740409,-21.094515329154078,-21.23169805357152
787.5803441481676,-32.48956929661368,-30.100267183227672
787.4769057000264,-22.87919491463863,-23.56176228821282
787.37349441891,-24.781188154262892,-23.790264048730663
787.2701102941177,-23.754718114657592,-24.16874308902878
787.1667533149533,-27.726376900516314,-28.562401853414613
787.0634234707272,-15.110555470156086,-14.766597194258807
786.9601207507546,-17.009943770567915,-16.975649081455387
786.856845144357,-29.41366936725599,-28.608422628715417
786.7535966408607,-21.314563118529563,-20.91494299383261
786.6503752295986,-19.72221418309708,-19.30039071590015
786.5471808999082,-27.376016681097,-28.218261804798757
786.4440136411333,-25.250207363309627,-25.751109182911748
786.3408734426229,-26.28558061209442,-26.351464824214318
786.2377602937319,-31.375321874073748,-31.67520410695606
786.1346741838206,-21.36247812160842,-20.92720298374836
786.0316151022548,-37.7919140605634,-37.17643142116201
785.928583038406,-28.10621720205863,-27.8243748560145
785.8255779816513,-24.770186097961428,-25.626561884108682
785.7225999213733,-30.487027886654786,-30.391578526088026
785.6196488469602,-27.51999247360878,-26.408230179052353
785.5167247478056,-16.34629152458426,-16.54976093741037
785.413827613309,-27.879331637182062,-27.98812027278153
785.3109574328748,-30.870700123218157,-31.845812645239178
785.208114195914,-21.35258135789489,-22.026187636163982
785.1052978918423,-26.76759737294863,-27.89358596271522
785.0025085100813,-24.772020931647674,-23.612617952617867
784.8997460400576,-19.424887646964763,-19.122050609689623
784.7970104712042,-20.21831572803886,-19.42220335270683
784.6943017929591,-29.266717425300314,-27.06129519334631
784.5916199947657,-18.325684759311926,-18.244379995230545
784.4889650660735,-34.631386170526454,-36.72020518705962
784.3863369963369,-46.180990382795116,-45.050632033460985
784.2837357750163,-21.69470701826897,-22.546543784984593
784.1811613915773,-22.08959524226519,-20.925629400385546
784.0786138354911,-17.53635844471198,-17.17871108662665
783.9760930962343,-16.668834087472177,-16.19850583066456
783.8735991632893,-26.56228159412403,-27.77096192230327
783.7711320261438,-16.433000498090493,-16.818963747258707
783.6686916742909,-22.130570856352122,-21.824711634839886
783.5662780972295,-22.026822394545732,-21.451773420701485
783.4638912844636,-22.247840326466743,-21.109634052018308
783.3615312255031,-28.425492994212462,-25.883052996930886
783.2591979098629,-14.817787048497436,-14.087632180546436
783.1568913270637,-19.94765010625933,-19.081154742514528
783.0546114666319,-24.566210532306755,-26.73800011582999
782.9523583180987,-28.22495005482837,-31.09366319498288
782.8501318710014,-27.155416178366394,-29.561029343598122
782.7479321148825,-29.851370229083088,-27.59603030001908
782.6457590392899,-30.229099945606762,-29.269712616641343
782.5436126337771,-26.091462748705382,-24.190374061343036
782.4414928879029,-19.02915276809985,-19.998647274919804
782.3393997912317,-23.674419127305256,-25.718168141297284
782.2373333333333,-20.376387138173968,-20.29839863195305
782.1352935037829,-27.668867709656823,-28.57533622153322
782.0332802921613,-21.257142667417,-20.321359598154274
781.9312936880543,-27.83493962008872,-25.19352356161339
781.8293336810536,-19.715952511862113,-19.374644425728334
781.7274002607562,-10.892657391457064,-11.138216873960445
781.6254934167645,-17.897207883337487,-16.916056673504002
781.5236131386862,-40.56526771923903,-38.413562036412756
781.4217594161345,-19.203034775908392,-19.889677465330678
781.3199322387283,-28.528390607605488,-27.742384716880693
781.2181315960912,-23.960112188290836,-22.284396973907562
781.1163574778531,-19.351051150787654,-20.24126606233689
781.0146098736486,-20.95294245698217,-21.971722473163922
780.912888773118,-23.88639066998867,-22.616207597657123
780.8111941659071,-22.27669316533347,-21.259741866266708
780.7095260416667,-26.99290316957358,-29.306998438353176
780.6078843900534,-16.629403641660573,-15.839822459095771
780.506269200729,-31.24983481748562,-27.933365125042556
780.4046804633607,-21.702947012557118,-21.203314985957164
780.3031181676209,-28.129467040866885,-30.247530559015914
780.201582303188,-25.724524175004106,-27.7189082046214
780.100072859745,-33.979809597238884,-41.95687292879579
779.9985898269806,-17.98885893150738,-17.45201745356418
779.8971331945891,-21.282706925914525,-22.515971850146784
779.7957029522695,-20.774220052361486,-21.47423819138767
779.6942990897269,-30.676486058168663,-33.7221535421976
779.5929215966714,-19.62584205870523,-18.508815272483233
779.4915704628186,-23.082606620515307,-24.32493210197312
779.390245677889,-18.791614125503415,-19.368283598203377
779.288947231609,-21.373365041782833,-21.095079242615427
779.1876751137103,-20.5925936695957,-21.97365567934601
779.0864293139293,-34.61793056652415,-33.21651442472363
778.9852098220085,-22.191813914342603,-23.992709086032264
778.8840166276955,-17.807576947702856,-17.888383779199714
778.782849720743,-23.43144341153139,-21.5006898545564
778.6817090909091,-15.20821253428683,-14.342330419796085
778.5805947279574,-32.42973632255733,-34.186767040674695
778.4795066216567,-27.981113298053813,-32.3529379004833
778.3784447617811,-22.865633131380022,-21.003219069864954
778.27740913811,-16.68087790967978,-17.63303941407385
778.1763997404283,-22.15697097207088,-23.76662823765686
778.0754165585258,-20.16489327976673,-21.0829692500415
777.974459582198,-26.147367546453026,-27.90931004880808
777.8735288012455,-24.86379868219477,-25.433043451751004
777.7726242054741,-14.575691800472057,-15.23081462063088
777.6717457846952,-18.98006166254349,-20.17805891332584
777.5708935287253,-26.168678875232686,-24.442677878533814
777.4700674273859,-25.162960937636782,-23.424441286354508
777.3692674705043,-20.381407689522675,-20.769963805294523
777.2684936479129,-29.189473529530872,-25.93311223343106
777.1677459494491,-22.947142822752923,-22.330807550879726
777.067024364956,-26.270893130247643,-24.2855379654075
776.9663288842816,-30.810882688201175,-27.468337832472443
776.865659497279,-25.848115561620276,-25.205407649326744
776.7650161938075,-17.410358317273577,-16.831537517838214
776.6643989637306,-23.916287382682057,-22.97397355414303
776.5638077969176,-31.484502603844405,-27.903048629153474
776.4632426832427,-35.69407568979743,-31.59007893833116
776.3627036125857,-28.96788963777287,-31.743241236410896
776.2621905748316,-20.606057251721083,-21.625008353401014
776.1617035598705,-20.59917900828144,-19.55788366540473
776.0612425575978,-28.162583114064077,-30.02120152583113
775.9608075579138,-17.326429957959633,-17.53188444769519
775.8603985507247,-19.611813664686494,-20.46814406441341
775.7600155259412,-24.634277205532314,-25.695192257228015
775.6596584734799,-19.743345208718196,-18.916376686841303
775.5593273832621,-17.105249966497453,-17.020662943911603
775.4590222452147,-26.00261835844769,-28.038876278739494
775.3587430492694,-25.22183428017094,-23.954949668000197
775.2584897853633,-17.07701128790511,-17.32153524421146
775.158262443439,-22.773760588895144,-21.99314736641402
775.0580610134435,-21.320613252700284,-20.741553556420527
774.9578854853302,-29.72015038214498,-27.400976734687035
774.8577358490566,-22.19607536371099,-22.104956211731135
774.7576120945859,-16.279168933549485,-15.740231291754426
774.6575142118862,-19.86122833815749,-20.238161194914184
774.5574421909314,-22.125207004566036,-21.256732321179797
774.4573960216998,-27.07417892221484,-29.06829156114547
774.3573756941754,-23.78748076014024,-22.344903657110265
774.257381198347,-23.08255592449423,-24.174985877982166
774.1574125242091,-27.62872571786731,-25.43859962432147
774.0574696617609,-17.423404292829005,-18.013025410869872
773.9575526010068,-17.75621960139138,-17.04192287310984
773.8576613319566,-20.65824747468939,-20.036629905651367
773.7577958446252,-22.4813981698761,-21.756443037537977
773.6579561290323,-29.338795085623545,-29.841839506990098
773.5581421752032,-15.860032706303386,-15.549949354859123
773.4583539731682,-15.488689982405603,-15.919815596183568
773.3585915129628,-29.047740794519726,-26.96704087474164
773.2588547846273,-18.34961321112364,-17.746322481255348
773.1591437782076,-22.010209203724926,-21.234808320654807
773.0594584837545,-23.08718473501547,-23.32569986476385
772.959798891324,-20.67833526285007,-20.106367472263898
772.8601649909771,-19.87586338487101,-19.096156948266795
772.76055677278,-24.085537755672718,-23.568140511794937
772.6609742268041,-30.036918966582064,-29.235123652395018
772.5614173431259,-20.907460086143786,-21.47649416667518
772.4618861118269,-30.613213479220107,-34.53681951046862
772.3623805229937,-23.58631659357981,-23.77795112264029
772.2629005667181,-13.287049234519301,-13.75991622320528
772.1634462330973,-35.64859550597443,-28.786494552683266
772.0640175122328,-30.649969695847474,-36.469754076581026
771.9646143942321,-19.864932895323236,-20.139290006906364
771.8652368692069,-23.083406957247504,-26.188497432275526
771.7658849272751,-20.30235819265242,-18.46711615603344
771.6665585585586,-21.834884067853906,-21.849465694072265
771.567257753185,-17.95779299878005,-18.3871159108851
771.4679825012867,-19.592097608077026,-21.54613290517294
771.3687327930014,-20.793917885176782,-23.053484437838094
771.2695086184718,-19.733541377006688,-17.728822296886236
771.1703099678457,-25.160006059472252,-29.647267520940474
771.0711368312757,-19.933802919223282,-21.648808440146652
770.9719891989199,-19.618981605142878,-21.79104329795946
770.8728670609411,-18.993712514269347,-16.958856849124956
770.7737704075074,-20.910779404607766,-23.15333686556049
770.6746992287917,-31.923432072974762,-35.09083068387771
770.5756535149724,-17.4889520572399,-15.66965318126698
770.4766332562324,-19.068515041982565,-16.936045037096605
770.3776384427598,-24.761547028872585,-27.94670529702192
770.2786690647482,-17.172581967718983,-16.41680425483723
770.1797251123957,-18.99814497065374,-19.223539878280107
770.0808065759055,-13.601122293991736,-14.716751052765645
769.981913445486,-20.51592762228522,-23.701930501989054
769.8830457113509,-16.396466338997683,-17.160726965733133
769.7842033637181,-22.29773634953601,-19.684616722177893
769.6853863928112,-18.73191847166906,-18.82959865045423
769.5865947888589,-24.279885981001698,-24.23767744021258
769.4878285420945,-26.39191362004773,-31.71200161038645
769.3890876427563,-19.988250331943917,-18.2067641029915
769.2903720810881,-21.64681340190687,-19.22537203098831
769.191681847338,-41.56892539462119,-30.983094509267076
769.0930169317598,-27.947044863646127,-23.720489811530044
768.9943773246121,-27.26042324164193,-26.56200317415413
768.895763016158,-31.6445120451677,-42.338029774842525
768.7971739966663,-25.994169646066368,-30.56020682561173
768.6986102564103,-20.062243119155525,-21.232617026514717
768.6000717856684,-18.27317324392392,-17.571841243989567
768.5015585747244,-27.08765903717135,-26.277344940534746
768.4030706138665,-24.443977266152288,-24.696377499164342
768.304607893388,-25.63936626875814,-28.10544764196881
768.2061704035874,-17.111342317653182,-17.24967750464522
768.1077581347681,-41.96317525587814,-34.32730261573353
768.0093710772384,-18.71213937898868,-18.379392035043097
767.9110092213115,-16.60325752352192,-16.889888941669696
767.8126725573056,-30.67918621163186,-29.15613310050564
767.7143610755442,-21.29314771520886,-21.00504266008612
767.6160747663552,-25.29416585457504,-24.521964951148405
767.5178136200717,-15.693799165794829,-15.499362170276115
767.4195776270318,-30.355227291139855,-31.603539165856475
767.3213667775788,-21.209877366148717,-21.46093191134578
767.2231810620601,-19.61840026787722,-20.30875888190151
767.125020470829,-18.67594463242382,-19.401652842499132
767.0268849942432,-23.070223812442137,-21.731521442074595
766.9287746226656,-23.284109345355475,-22.532211036245812
766.8306893464637,-22.343725275740823,-23.007223043441613
766.7326291560103,-38.769212263882324,-31.664240264324334
766.6345940416826,-24.29816896579213,-26.568814040616743
766.5365839938635,-19.81394633978958,-21.215765860585705
766.4385990029401,-16.005911861679962,-16.96000397611415
766.3406390593047,-26.10728645828199,-23.904770810191323
766.2427041533547,-17.935504309829255,-16.821811144249764
766.144794275492,-20.219608835764078,-22.812102114948843
766.0469094161236,-18.353358379085066,-16.299773324367195
765.9490495656618,-29.292065771941523,-23.5826882666356
765.8512147145229,-20.754439820536632,-19.36110395920555
765.753404853129,-14.165933250091726,-15.50479149703007
765.6556199719065,-25.73046197358441,-30.20968226970915
765.557860061287,-23.81418485604418,-21.431414283342875
765.4601251117069,-17.61860285940797,-20.556468723439522
765.3624151136074,-26.97532260183145,-25.485227475794304
765.2647300574346,-19.7634713666625,-18.583826847475123
765.1670699336396,-22.915554018672893,-26.097984748083135
765.0694347326782,-17.653206226457186,-20.397423713638872
764.9718244450115,-24.436229288613376,-21.79766053725838
764.8742390611047,-21.01886625405932,-23.63680616500004
764.7766785714286,-17.56537945563086,-20.00852940984747
764.6791429664584,-28.16513971862439,-33.26069392848039
764.5816322366743,-20.87630188313865,-27.096672816480222
764.4841463725616,-17.77697357527039,-15.039836152997637
764.3866853646099,-22.794896013846724,-18.280466916989397
764.2892492033142,-20.12872862204317,-16.611562535624685
764.191837879174,-20.006955744268865,-21.578045607455792
764.094451382694,-26.612412332125402,-20.334084759222108
763.9970897043834,-20.236424656871108,-21.519736872619646
763.899752834756,-29.806988851980563,-22.431289181266365
763.8024407643312,-20.425918596942168,-22.76719506454309
763.7051534836327,-14.056617398484477,-16.130101720393853
763.607890983189,-15.458622536165322,-17.814506725542188
763.5106532535336,-19.231923006467653,-18.83393448690832
763.413440285205,-27.17961660693659,-23.18585015123368
763.3162520687459,-21.675922149841583,-29.508729018663033
763.2190885947047,-30.02547806434724,-21.69312404090637
763.1219498536337,-22.187799666053436,-28.977976985177364
763.0248358360906,-22.50125137542095,-17.992417835466696
762.9277465326377,-27.152198451832973,-23.187646674064283
762.8306819338422,-22.074505712898187,-28.294529242293336
762.733642030276,-21.20451265980104,-20.615175198423444
762.6366268125159,-18.349659255380416,-16.642864163815617
762.5396362711433,-16.018129460596228,-14.541050376999848
762.4426703967446,-18.803827297895296,-19.57833918179189
762.345729179911,-27.778530787266433,-21.335896572597093
762.2488126112382,-24.469115564275157,-24.658968851539655
762.151920681327,-26.29477667300337,-25.82432944400817
762.0550533807829,-16.883525195456528,-14.757335796453745
761.9582107002161,-27.51587358346653,-21.574577045782704
761.8613926302414,-21.670454720342875,-22.182220281933084
761.7645991614788,-25.720337717014118,-32.62599173834259
761.6678302845528,-19.689338126955604,-22.357721409024677
761.5710859900928,-22.08855240553656,-27.441702285119973
761.4743662687325,-15.177230715980372,-16.161473648260127
761.3776711111111,-22.20584315945503,-20.777606767829425
761.281000507872,-17.444598811801868,-19.87012254953187
761.1843544496635,-26.09341840283018,-32.926575695946
761.0877329271389,-32.28691222443295,-24.222541634823855
760.9911359309557,-19.20607528532328,-16.630793822476377
760.8945634517767,-15.816670719228071,-16.4471664311058
760.798015480269,-19.53000871680824,-21.161001985469355
760.7014920071048,-24.435486435975164,-20.84128964670937
760.6049930229608,-22.566934836830356,-27.462644044963
760.5085185185185,-27.891069944813736,-22.88909353756067
760.4120684844642,-15.491514957958387,-17.010952155795664
760.3156429114887,-19.352455982987564,-17.27619857356312
760.2192417902878,-21.51803067181895,-24.64244527455456
760.1228651115619,-17.959391465546858,-19.29397932042535
760.026512866016,-24.215874659514427,-28.735646996943487
759.93018504436,-22.20373233536121,-24.492739081122963
759.8338816373083,-21.159198694610083,-19.10053865750264
759.7376026355803,-22.28985759605372,-22.88227403889202
759.6413480298999,-24.519356802051888,-22.04447840785558
759.5451178109956,-21.05326633862019,-19.610968468726966
759.448911969601,-21.121164748493513,-23.019743338561213
759.3527304964539,-40.50532834388541,-35.03989319946844
759.2565733822971,-17.12570548615058,-16.229797134696256
759.160440617878,-30.922012699219962,-27.33873236657145
759.0643321939486,-17.62493116766099,-17.410281986210904
758.9682481012659,-23.494271512026373,-25.73168452109202
758.8721883305911,-26.306966368788736,-26.87206792814642
758.7761528726904,-21.02687902636042,-19.731663788352634
758.6801417183348,-20.611413532272778,-19.442475245984994
758.5841548582996,-36.849763557112695,-36.42462808686686
758.488192283365,-30.286579961365632,-27.561348571127112
758.3922539843156,-27.570535068494436,-25.661276054209267
758.2963399519414,-31.414300999817712,-29.978836567283324
758.2004501770359,-26.619468584262833,-24.86439219422219
758.1045846503982,-17.675538047917073,-16.981037512762853
758.0087433628319,-28.44379930245198,-27.698210903535923
757.9129263051448,-21.091912308429542,-20.62466179624228
757.8171334681497,-19.612621764343984,-20.14432338926595
757.721364842664,-20.736146683411377,-19.9864268993132
757.6256204195097,-16.893727902276325,-16.75109706347216
757.5299001895136,-18.08662388159938,-18.300829814217295
757.4342041435068,-33.11149772229915,-33.107654099227645
757.3385322723253,-16.9725159684953,-17.36971267289458
757.2428845668098,-15.185762042005067,-15.454231179356483
757.1472610178054,-31.782426239105533,-29.950896910809334
757.0516616161616,-17.562559112852384,-17.861507627225834
756.9560863527332,-23.15977349804156,-22.489611924139652
756.8605352183791,-33.71202389349709,-34.43957017830779
756.7650082039631,-16.042969817697625,-15.84333344264654
756.6695053003533,-23.41282749470399,-22.56844633549879
756.5740264984227,-19.679280403328917,-19.489905767352028
756.4785717890487,-27.51770812135048,-27.969310749258725
756.3831411631134,-24.02153318308983,-23.040910778056386
756.2877346115035,-22.364834382450354,-23.364129904986655
756.1923521251103,-15.266000169324357,-14.861949961013082
756.0969936948297,-27.02938114596749,-25.815584165808687
756.0016593115622,-23.50342329678027,-24.470106188525264
755.9063489662128,-17.93417942440881,-17.965093899645566
755.8110626496912,-15.843762762605778,-16.066404341753028
755.7158003529115,-22.786348656536504,-24.087897899347
755.6205620667928,-25.250266084639733,-23.90963833419913
755.5253477822581,-17.15564194650345,-16.41663335442449
755.4301574902356,-20.489494606897736,-21.73262055360003
755.3349911816579,-24.105129542528672,-26.8835910314546
755.2398488474619,-30.079098612129926,-26.194163109313777
755.1447304785894,-15.877992692971205,-15.984447168404856
755.0496360659866,-18.44643593142284,-18.692362032415687
754.9545656006044,-21.676851793965128,-20.255852272822025
754.8595190733979,-27.531713139426543,-24.012884660940884
754.7644964753273,-17.168121006148013,-18.178359256502787
754.6694977973568,-31.666652332412,-28.09370542034479
754.5745230304556,-18.635359590547225,-17.007368905183753
754.4795721655971,-16.973439692039122,-16.852574127061487
754.3846451937594,-19.608630774419808,-18.220177991571532
754.2897421059253,-18.070373473545814,-17.829832543020316
754.1948628930818,-24.529874204632918,-25.087402780111447
754.1000075462206,-31.56617279760023,-26.58175862699322
754.005176056338,-20.2045031087833,-22.327546540118462
753.9103684144349,-30.547753797273785,-25.65549525842387
753.8155846115162,-17.241715060523276,-18.476415395216335
753.720824638592,-22.758758112768746,-25.430683024887045
753.6260884866767,-19.898205258409163,-18.07731298038034
753.531376146789,-24.083435756759386,-21.429191998242587
753.4366876099523,-26.68803596444296,-30.738056676573436
753.3420228671944,-25.8893783203644,-30.092366777877075
753.2473819095478,-26.33938121687818,-30.641767160558246
753.1527647280493,-18.038403643508033,-18.096498650294464
753.0581713137403,-24.449185963708075,-27.73147378148245
752.9636016576667,-22.519392353911726,-24.820697907007528
752.8690557508789,-18.284292227215374,-18.00442623307397
752.7745335844319,-24.817279879664326,-23.106112676698118
752.6800351493848,-27.586569829386107,-24.90099586230336
752.5855604368018,-26.740725899978955,-28.992052993862828
752.491109437751,-30.21576535700295,-27.879074138070152
752.3966821433053,-17.643898457306577,-18.413802939976378
752.302278544542,-20.13308304795102,-18.993353267205933
752.207898632543,-35.6509017724148,-37.54389102695045
752.1135423983944,-26.428606322919777,-28.12345915369538
752.019209833187,-32.44750516929615,-36.727059488813936
751.9249009280161,-17.44753767293271,-17.414124961099404
751.8306156739812,-28.24580342156672,-28.90663796471152
751.7363540621866,-28.616188321320905,-28.653343383742865
751.6421160837408,-17.756223911347817,-17.980769624504305
751.5479017297569,-34.51482541047032,-33.57983681670042
751.4537109913523,-21.587347899851196,-21.80898782916485
751.3595438596491,-31.02648795578476,-31.78597219764724
751.2654003257737,-24.606367745987015,-24.163122065847162
751.171280380857,-15.41649996247493,-15.194326175683202
751.077184016034,-21.561953928956015,-21.212673566992763
750.9831112224449,-18.94800438598132,-19.325910068345806
750.8890619912336,-31.010770639676494,-30.417746675052328
750.7950363135487,-20.560911428987893,-20.078815707850012
750.7010341805434,-17.37605691813731,-16.590076454671745
750.607055583375,-22.11562193700776,-20.91907229106154
750.5131005132057,-25.52990979882624,-24.03371935947105
750.4191689612014,-27.10875911131147,-25.125357084012578
750.3252609185333,-23.665069920786735,-25.466217612666057
750.2313763763764,-32.65772826854378,-44.3253658759905
750.1375153259102,-36.280560141448476,-30.80064683190632
750.0436777583187,-27.150566474273475,-27.6032419176354
749.9498636647904,-17.932644620803828,-18.172954236533613
749.8560730365183,-18.881883560423304,-19.799335843994456
749.7623058646992,-22.542130308714675,-25.265933483026927
749.6685621405352,-19.01445487369095,-20.81668863339
749.5748418552319,-15.774069771039976,-15.202406796940025
749.481145,-27.201429024442646,-33.772802866606455
749.3874715660543,-18.66094144949487,-20.40813924782843
749.2938215446138,-17.251761458250584,-17.17528544647037
749.2001949269024,-19.38400193194279,-18.43687374282983
749.106591704148,-23.703669579430212,-20.83787351773664
749.0130118675827,-20.836945883300032,-18.897893737928158
748.9194554084436,-25.128583676539293,-22.673048247969987
748.8259223179717,-17.4627953127209,-19.187465282098756
748.7324125874126,-16.771538097363546,-16.288057924078927
748.6389262080161,-15.609263081422583,-14.684783378514922
748.5454631710362,-18.67118013118001,-19.364934717146596
748.4520234677318,-16.9728946251265,-15.601993745845888
748.3586070893659,-22.097719020202973,-20.794398973855962
748.2652140272057,-28.54430699376114,-29.484988791609524
748.1718442725231,-21.49537247027594,-21.51689665565668
748.0784978165939,-18.901967521284362,-20.52248870225729
747.9851746506986,-11.859443371686254,-11.098037168002023
747.891874766122,-22.53091667668103,-20.90440216576566
747.7985981541532,-27.53175010490655,-25.19083720365201
747.7053448060856,-23.06103359065166,-22.635671437151743
747.6121147132169,-20.203482135998158,-19.125587777371962
747.5189078668495,-30.86662319728451,-27.06858989502318
747.4257242582897,-19.143895435036782,-19.65741840391719
747.3325638788483,-27.621389910963117,-30.651019562015748
747.2394267198405,-34.99582561150247,-48.82133805194671
747.1463127725857,-16.933878804725467,-17.456371374354873
747.0532220284076,-27.577622875573,-29.8682514146776
746.9601544786345,-22.086726601780285,-21.40227844994054
746.8671101145989,-15.513060900706947,-15.863812709641124
746.7740889276373,-30.607360521619327,-28.959836128592926
746.6810909090909,-17.459302636649923,-17.813346433372388
746.5881160503051,-28.576440799612428,-25.354683972487678
746.4951643426294,-21.39538192118239,-23.399014792512546
746.4022357774182,-22.681531017553297,-20.771645016376752
746.3093303460294,-11.80718380595603,-12.419902919501979
746.2164480398258,-15.853630490702514,-15.046564149127832
746.1235888501742,-17.862235215671646,-18.288898392394927
746.030752768446,-27.980800311961033,-27.01232028123688
745.9379397860164,-22.249900657381843,-19.836025491430817
745.8451498942654,-17.72318860213558,-19.455721612922687
745.7523830845771,-18.490104056205197,-17.81658345779981
745.6596393483397,-16.466016845446532,-14.974290259104961
745.5669186769461,-21.674501521107246,-24.317065039414402
745.4742210617928,-17.525269389135914,-16.06307777211127
745.3815464942815,-13.003496823550435,-11.985765776285277
745.2888949658172,-27.09598746230192,-36.675574869674435
745.1962664678101,-20.131025728465133,-20.479648690215342
745.1036609916739,-17.015467637727525,-19.549411278110668
745.011078528827,-20.620485231868727,-22.043438059966363
744.918519070692,-20.810701208020774,-18.22477528837824
744.8259826086957,-20.046558608887963,-22.84161968236758
744.7334691342691,-14.795833546809192,-16.550532049222326
744.6409786388475,-19.696358263286598,-23.06518628392398
744.5485111138706,-26.228456592808172,-20.634911590777946
744.4560665507822,-14.070207666496671,-16.13791105186108
744.3636449410304,-29.711533625294535,-38.04433032170901
744.2712462760675,-25.17537524406775,-25.120677704024715
744.1788705473501,-26.44263224209756,-23.637636635654317
744.086517746339,-34.44963475989529,-23.728004100531294
743.9941878644993,-34.330820172814626,-26.747776875378392
743.9018808933002,-17.53255742208698,-21.026419462347448
743.8095968242153,-21.178689166221304,-25.380782442349997
743.7173356487224,-23.865665121807083,-27.96454672084569
743.6250973583034,-27.221357291123,-28.57972088250797
743.5328819444444,-30.504995055667663,-30.403283947658267
743.4406893986361,-21.992833698799572,-28.81588186485216
743.3485197123729,-22.683459469604614,-18.66880733063074
743.2563728771538,-19.824135514892575,-17.777575497689142
743.1642488844819,-16.04074017087605,-18.346697913852793
743.0721477258645,-23.742360878141355,-25.346514027930496
742.9800693928129,-30.706968324128084,-27.92051811472443
742.888013876843,-14.993176733885988,-14.002431031496187
742.7959811694747,-20.724435019955237,-25.06384019910972
742.7039712622321,-23.66258553631117,-27.115853136029486
742.6119841466436,-21.110936547284425,-25.812918353118235
742.5200198142416,-23.422902311145364,-18.755005922988445
742.4280782565627,-19.165555627485915,-20.770879256237535
742.336159465148,-29.836514749685435,-21.611838635350935
742.2442634315424,-29.469614935576303,-28.889105809102276
742.1523901472955,-18.442007031342385,-16.063739734692447
742.0605396039604,-16.953859970023686,-18.85493437307842
741.9687117930949,-22.835308715367702,-18.02465030251308
741.8769067062609,-23.024081976352406,-23.075859820239074
741.7851243350242,-20.073835174618083,-17.128786375618105
741.693364670955,-16.87005590481597,-16.184429513248077
741.6016277056277,-28.584879465872703,-29.328975214852036
741.5099134306208,-17.326536243792575,-19.70617414663677
741.418221837517,-15.073035498496992,-16.527666398579825
741.3265529179031,-28.512814352016775,-21.910508876915642
741.23490666337,-22.66308574030201,-19.10540423292288
741.143283065513,-18.436427851130432,-17.46988508376394
741.0516821159314,-18.343987097588396,-16.094302002944048
740.9601038062284,-17.671420892841766,-21.101355917064538
740.8685481280119,-30.530728240872477,-24.90978964840285
740.7770150728935,-26.957502714909694,-32.71053125734623
740.6855046324893,-20.71382933692591,-22.65854035288295
740.5940167984189,-19.878800817562492,-24.02099569336663
740.5025515623071,-22.247031166327943,-18.696704219614006
740.4111089157816,-38.116513574680326,-26.143027591857944
740.3196888504754,-18.98989270162552,-19.40882794082269
740.2282913580246,-25.384136751591413,-33.478540849260824
740.1369164300704,-24.216150898015414,-20.463156176160297
740.0455640582572,-26.097989194105807,-34.64083621803273
739.9542342342343,-19.712483250457026,-18.00257944302824
739.8629269496545,-30.45793093588209,-27.13371854646813
739.7716421961752,-30.59960458003961,-25.689946823392845
739.6803799654576,-29.961600440365586,-25.3666959425846
739.5891402491674,-38.175941616506336,-37.339254666723164
739.4979230389738,-20.673592752939314,-21.039759642979803
739.4067283265507,-24.81769672027714,-27.36745714354764
739.3155561035759,-18.457486165225973,-16.958661846473646
739.224406361731,-34.48502681568367,-33.25315907550042
739.1332790927022,-14.21091529672806,-14.320295202597222
739.0421742881795,-24.62303198723778,-22.617338606286168
738.9510919398571,-25.887922644620218,-22.994437048730234
738.8600320394332,-26.272085022611364,-26.279501793489842
738.7689945786101,-17.38947574363077,-16.50589941474091
738.6779795490945,-21.655463854881575,-23.587166453387866
738.5869869425967,-17.50998152189139,-18.534622614939636
738.4960167508314,-25.577967593295156,-27.063564844159643
738.4050689655172,-26.915122948218354,-27.40967668691438
738.314143578377,-13.660892366315707,-14.117819862029009
738.2232405811377,-22.99410520015816,-25.32745899350722
738.13235996553,-26.713709148984364,-27.66475162742087
738.041501723289,-16.18282171503627,-15.389852136541109
737.9506658461539,-20.953745065941845,-22.65913999305893
737.8598523258676,-16.089971245751585,-16.34723670959606
737.7690611541774,-15.326773214255823,-15.892430395975381
737.6782923228346,-13.809020040687969,-14.012907231129546
737.5875458235946,-26.122716069933674,-25.329138739918065
737.4968216482165,-21.696644280808854,-23.352891377305028
737.4061197884639,-15.772347296024137,-15.571306323925612
737.3154402361043,-14.068372686161993,-13.43032435500119
737.2247829829091,-24.33559824692024,-25.608604450519366
737.134148020654,-23.052090993587328,-23.92046932999078
737.0435353411186,-26.450393651107547,-24.043656722938678
736.9529449360866,-22.69833719769663,-25.36633911137615
736.8623767973454,-26.141100333544543,-24.323004665978218
736.7718309166872,-27.689241411858873,-31.704121297193367
736.6813072859073,-15.437550624967272,-15.751278218337276
736.5908058968059,-23.545368960799905,-21.65405396157037
736.5003267411867,-27.65418625479826,-26.30063495908628
736.4098698108573,-29.47723025156519,-25.687278586132194
736.3194350976299,-16.498425656399363,-15.450994176274534
736.2290225933202,-16.327766790399536,-15.39349309486964
736.1386322897483,-22.682548857750177,-20.900234140912815
736.048264178738,-18.960501746726024,-17.829011525415055
735.9579182521175,-18.34884454382471,-18.90900057364341
735.8675945017183,-20.097955166004724,-19.31064960560407
735.7772929193766,-22.631722365907635,-23.606753715718625
735.6870134969325,-25.576450859878562,-27.548144114758813
735.5967562262299,-25.370201690332678,-26.81410762139764
735.5065210991168,-21.573907414066113,-22.17209574162773
735.4163081074452,-28.739152151530178,-28.657225356407835
735.3261172430708,-14.789375261435751,-14.614677358183442
735.2359484978541,-17.452948798732407,-17.44516718634192
735.1458018636587,-26.14189888975558,-25.05723178243467
735.0556773323525,-21.076976332494,-21.50816566956989
734.9655748958078,-15.04576293874915,-14.942139442841622
734.8754945459002,-27.829662007243357,-26.37868210355761
734.7854362745097,-27.25122345644023,-28.87897618963241
734.6954000735204,-26.653329963469204,-24.428258805581365
734.60538593482,-28.402230472590716,-25.494852927037343
734.5153938503001,-28.17118984060157,-25.0082940559589
734.425423811857,-22.87009956317887,-24.905701329641587
734.3354758113901,-23.550345497563356,-21.19257593175469
734.2455498408033,-20.390753756658725,-21.238196456874036
734.1556458920044,-30.28429279447589,-43.793090599661
734.065763956905,-26.292347408228082,-22.472291795582137
733.9759040274207,-28.315019549704047,-23.777089176194195
733.8860660954713,-22.422878004373572,-20.99761852343987
733.7962501529801,-16.38221341739846,-17.515198611692128
733.7064561918746,-19.788317144556586,-19.419189746276217
733.6166842040867,-13.695466727120234,-12.459662688105809
733.5269341815513,-22.958089237626822,-29.21342883696481
733.4372061162079,-22.688062890394676,-18.782165298471526
733.3475,-29.757500777220585,-22.397132357888225
733.2578158248747,-17.60320620356778,-16.601210580888548
733.168153582783,-23.76809529079806,-22.649412094126845
733.0785132656804,-17.56368701798486,-14.97720229832403
732.9888948655256,-17.901605289108673,-20.133477900304413
732.8992983742818,-38.70199176121663,-24.28203031609506
732.8097237839158,-32.617902080077485,-31.306900323172655
732.7201710863986,-19.0197750254233,-23.094582133082085
732.6306402737048,-30.161095607749374,-31.48360483304627
732.541131337813,-21.25400142674009,-27.438712492965166
732.4516442707061,-25.792206891312034,-30.860820278247033
732.3621790643704,-18.653511894299854,-23.68589642933067
732.2727357107964,-27.42264731178703,-26.39490874232611
732.1833142019783,-18.56987765155067,-22.09864310933999
732.0939145299145,-20.957630337230043,-27.007590152727275
732.0045366866073,-15.47787121876597,-18.050454479862637
731.9151806640625,-20.54227715202741,-19.473173423955515
