Effective Refractive Indices:
rel_box_size:     0.001
rel_grid_spacing: 20
rel_tolerance:    0
eigenvectors:     4
boundary cond:    0000
Wavelengths from 1.55 um to 1.55 um in 1 steps
Heights from 0.799 um to 0.801 um in 3 steps
Widths from 1.6 um to 2.6 um in 11 steps
height	width	frequency	Ex_n_eff		Ex_frac	Ex_core	Ex_A_eff		Ey_n_eff		Ey_frac	Ey_core	Ey_A_eff
799   	1600  	186.206		1.78641739648	0.949	0.867	1.11656e-12		1.75482560217	0.873	0.773	1.41789e-12
799   	1600  	186.458		1.7868110216	0.949	0.868	1.11528e-12		1.75528983177	0.873	0.773	1.41527e-12
799   	1600  	186.71		1.78720352504	0.95	0.868	1.11401e-12		1.75575281121	0.873	0.774	1.41267e-12
799   	1600  	186.961		1.7875949112	0.95	0.869	1.11275e-12		1.7562145444	0.874	0.775	1.41009e-12
799   	1600  	187.213		1.78798518443	0.95	0.869	1.11149e-12		1.75667503527	0.874	0.776	1.40751e-12
799   	1600  	187.465		1.7883743491	0.95	0.869	1.11024e-12		1.75713428772	0.874	0.776	1.40496e-12
799   	1600  	187.716		1.78876240955	0.95	0.87	1.10899e-12		1.75759230565	0.874	0.777	1.40241e-12
799   	1600  	187.968		1.78914937007	0.95	0.87	1.10775e-12		1.75804909295	0.874	0.778	1.39988e-12
799   	1600  	188.22		1.78953523498	0.95	0.871	1.10652e-12		1.75850465351	0.874	0.778	1.39736e-12
799   	1600  	188.471		1.78992000854	0.95	0.871	1.10529e-12		1.7589589912	0.875	0.779	1.39486e-12
799   	1600  	188.723		1.79030369502	0.95	0.872	1.10407e-12		1.7594121099	0.875	0.78	1.39237e-12
799   	1600  	188.975		1.79068629866	0.951	0.872	1.10285e-12		1.75986401345	0.875	0.78	1.38989e-12
799   	1600  	189.226		1.79106782368	0.951	0.872	1.10164e-12		1.76031470571	0.875	0.781	1.38743e-12
799   	1600  	189.478		1.79144827428	0.951	0.873	1.10043e-12		1.76076419053	0.875	0.782	1.38498e-12
799   	1600  	189.73		1.79182765465	0.951	0.873	1.09923e-12		1.76121247173	0.875	0.782	1.38254e-12
799   	1600  	189.981		1.79220596895	0.951	0.874	1.09803e-12		1.76165955316	0.876	0.783	1.38012e-12
799   	1600  	190.233		1.79258322134	0.951	0.874	1.09684e-12		1.76210543862	0.876	0.784	1.37771e-12
799   	1600  	190.485		1.79295941595	0.951	0.874	1.09566e-12		1.76255013193	0.876	0.784	1.37531e-12
799   	1600  	190.736		1.79333455688	0.951	0.875	1.09448e-12		1.76299363688	0.876	0.785	1.37293e-12
799   	1600  	190.988		1.79370864824	0.951	0.875	1.0933e-12		1.76343595728	0.876	0.786	1.37055e-12
799   	1600  	191.24		1.7940816941	0.951	0.876	1.09213e-12		1.7638770969	0.876	0.786	1.36819e-12
799   	1600  	191.491		1.79445369852	0.952	0.876	1.09097e-12		1.76431705953	0.876	0.787	1.36585e-12
799   	1600  	191.743		1.79482466554	0.952	0.876	1.08981e-12		1.76475584892	0.877	0.788	1.36351e-12
799   	1600  	191.995		1.7951945992	0.952	0.877	1.08865e-12		1.76519346885	0.877	0.788	1.36119e-12
799   	1600  	192.246		1.79556350348	0.952	0.877	1.0875e-12		1.76562992305	0.877	0.789	1.35888e-12
799   	1600  	192.498		1.79593138239	0.952	0.878	1.08636e-12		1.76606521528	0.877	0.79	1.35658e-12
799   	1600  	192.75		1.7962982399	0.952	0.878	1.08522e-12		1.76649934925	0.877	0.79	1.35429e-12
799   	1600  	193.001		1.79666407995	0.952	0.878	1.08409e-12		1.76693232871	0.877	0.791	1.35202e-12
799   	1600  	193.253		1.7970289065	0.952	0.879	1.08296e-12		1.76736415736	0.878	0.792	1.34975e-12
799   	1600  	193.505		1.79739272345	0.952	0.879	1.08183e-12		1.7677948389	0.878	0.792	1.3475e-12
799   	1600  	193.756		1.79775553471	0.953	0.879	1.08072e-12		1.76822437704	0.878	0.793	1.34526e-12
799   	1600  	194.008		1.79811734417	0.953	0.88	1.0796e-12		1.76865277546	0.878	0.794	1.34303e-12
799   	1600  	194.26		1.7984781557	0.953	0.88	1.07849e-12		1.76908003784	0.878	0.794	1.34082e-12
799   	1600  	194.511		1.79883797314	0.953	0.881	1.07739e-12		1.76950616785	0.878	0.795	1.33861e-12
799   	1600  	194.763		1.79919680034	0.953	0.881	1.07629e-12		1.76993116916	0.879	0.795	1.33642e-12
799   	1600  	195.015		1.79955464111	0.953	0.881	1.07519e-12		1.7703550454	0.879	0.796	1.33423e-12
799   	1600  	195.266		1.79991149926	0.953	0.882	1.0741e-12		1.77077780023	0.879	0.797	1.33206e-12
799   	1600  	195.518		1.80026737857	0.953	0.882	1.07302e-12		1.77119943728	0.879	0.797	1.3299e-12
799   	1600  	195.77		1.80062228281	0.953	0.882	1.07194e-12		1.77161996017	0.879	0.798	1.32775e-12
799   	1600  	196.021		1.80097621573	0.953	0.883	1.07086e-12		1.77203937252	0.879	0.799	1.32561e-12
799   	1600  	196.273		1.80132918107	0.954	0.883	1.06979e-12		1.77245767793	0.879	0.799	1.32348e-12
799   	1600  	196.525		1.80168118255	0.954	0.883	1.06872e-12		1.77287487999	0.88	0.8	1.32137e-12
799   	1600  	196.776		1.80203222387	0.954	0.884	1.06766e-12		1.7732909823	0.88	0.8	1.31926e-12
799   	1600  	197.028		1.80238230872	0.954	0.884	1.0666e-12		1.77370598843	0.88	0.801	1.31716e-12
799   	1600  	197.28		1.80273144077	0.954	0.885	1.06555e-12		1.77411990194	0.88	0.802	1.31508e-12
799   	1600  	197.531		1.80307962368	0.954	0.885	1.0645e-12		1.77453272641	0.88	0.802	1.313e-12
799   	1600  	197.783		1.80342686109	0.954	0.885	1.06345e-12		1.77494446537	0.88	0.803	1.31094e-12
799   	1600  	198.035		1.80377315661	0.954	0.886	1.06241e-12		1.77535512236	0.881	0.803	1.30888e-12
799   	1600  	198.286		1.80411851387	0.954	0.886	1.06137e-12		1.77576470092	0.881	0.804	1.30684e-12
799   	1600  	198.538		1.80446293644	0.954	0.886	1.06034e-12		1.77617320456	0.881	0.805	1.3048e-12
799   	1700  	186.206		1.79169460046	0.954	0.873	1.1602e-12		1.758874323 	0.873	0.776	1.4851e-12
799   	1700  	186.458		1.79207698626	0.954	0.874	1.15894e-12		1.75933137143	0.873	0.777	1.4824e-12
799   	1700  	186.71		1.79245828092	0.954	0.874	1.15768e-12		1.7597871824	0.873	0.777	1.47972e-12
799   	1700  	186.961		1.79283848878	0.954	0.875	1.15643e-12		1.76024175987	0.873	0.778	1.47705e-12
799   	1700  	187.213		1.79321761414	0.954	0.875	1.15518e-12		1.76069510779	0.874	0.779	1.47439e-12
799   	1700  	187.465		1.79359566128	0.954	0.875	1.15394e-12		1.76114723009	0.874	0.779	1.47175e-12
799   	1700  	187.716		1.79397263448	0.955	0.876	1.15271e-12		1.7615981307	0.874	0.78	1.46912e-12
799   	1700  	187.968		1.79434853798	0.955	0.876	1.15148e-12		1.76204781353	0.874	0.781	1.46651e-12
799   	1700  	188.22		1.79472337602	0.955	0.877	1.15026e-12		1.76249628251	0.874	0.782	1.46391e-12
799   	1700  	188.471		1.79509715279	0.955	0.877	1.14904e-12		1.76294354152	0.874	0.782	1.46133e-12
799   	1700  	188.723		1.79546987251	0.955	0.877	1.14783e-12		1.76338959446	0.875	0.783	1.45876e-12
799   	1700  	188.975		1.79584153933	0.955	0.878	1.14662e-12		1.76383444522	0.875	0.784	1.4562e-12
799   	1700  	189.226		1.79621215741	0.955	0.878	1.14542e-12		1.76427809767	0.875	0.784	1.45365e-12
799   	1700  	189.478		1.79658173089	0.955	0.879	1.14422e-12		1.76472055568	0.875	0.785	1.45112e-12
799   	1700  	189.73		1.79695026389	0.955	0.879	1.14303e-12		1.76516182309	0.875	0.786	1.44861e-12
799   	1700  	189.981		1.7973177605	0.955	0.879	1.14184e-12		1.76560190377	0.875	0.786	1.44611e-12
799   	1700  	190.233		1.7976842248	0.956	0.88	1.14066e-12		1.76604080154	0.876	0.787	1.44362e-12
799   	1700  	190.485		1.79804966086	0.956	0.88	1.13949e-12		1.76647852025	0.876	0.788	1.44114e-12
799   	1700  	190.736		1.79841407272	0.956	0.88	1.13832e-12		1.76691506369	0.876	0.788	1.43868e-12
799   	1700  	190.988		1.7987774644	0.956	0.881	1.13715e-12		1.7673504357	0.876	0.789	1.43622e-12
799   	1700  	191.24		1.79913983992	0.956	0.881	1.13599e-12		1.76778464006	0.876	0.79	1.43379e-12
799   	1700  	191.491		1.79950120326	0.956	0.882	1.13483e-12		1.76821768058	0.876	0.79	1.43136e-12
799   	1700  	191.743		1.79986155839	0.956	0.882	1.13368e-12		1.76864956103	0.876	0.791	1.42895e-12
799   	1700  	191.995		1.80022090928	0.956	0.882	1.13254e-12		1.76908028519	0.877	0.791	1.42655e-12
799   	1700  	192.246		1.80057925984	0.956	0.883	1.1314e-12		1.76950985682	0.877	0.792	1.42416e-12
799   	1700  	192.498		1.80093661401	0.956	0.883	1.13026e-12		1.76993827968	0.877	0.793	1.42179e-12
799   	1700  	192.75		1.80129297568	0.957	0.883	1.12913e-12		1.77036555751	0.877	0.793	1.41942e-12
799   	1700  	193.001		1.80164834874	0.957	0.884	1.12801e-12		1.77079169404	0.877	0.794	1.41707e-12
799   	1700  	193.253		1.80200273705	0.957	0.884	1.12689e-12		1.77121669301	0.877	0.795	1.41473e-12
799   	1700  	193.505		1.80235614446	0.957	0.885	1.12577e-12		1.77164055813	0.878	0.795	1.41241e-12
799   	1700  	193.756		1.80270857481	0.957	0.885	1.12466e-12		1.7720632931	0.878	0.796	1.41009e-12
799   	1700  	194.008		1.8030600319	0.957	0.885	1.12355e-12		1.77248490163	0.878	0.797	1.40779e-12
799   	1700  	194.26		1.80341051954	0.957	0.886	1.12245e-12		1.7729053874	0.878	0.797	1.4055e-12
799   	1700  	194.511		1.80376004151	0.957	0.886	1.12135e-12		1.77332475408	0.878	0.798	1.40322e-12
799   	1700  	194.763		1.80410860156	0.957	0.886	1.12026e-12		1.77374300536	0.878	0.798	1.40095e-12
799   	1700  	195.015		1.80445620345	0.957	0.887	1.11917e-12		1.77416014487	0.879	0.799	1.3987e-12
799   	1700  	195.266		1.8048028509	0.957	0.887	1.11809e-12		1.77457617628	0.879	0.8	1.39645e-12
799   	1700  	195.518		1.80514854763	0.958	0.887	1.11701e-12		1.77499110323	0.879	0.8	1.39422e-12
799   	1700  	195.77		1.80549329733	0.958	0.888	1.11594e-12		1.77540492933	0.879	0.801	1.39199e-12
799   	1700  	196.021		1.80583710369	0.958	0.888	1.11487e-12		1.77581765821	0.879	0.801	1.38978e-12
799   	1700  	196.273		1.80617997036	0.958	0.888	1.1138e-12		1.77622929348	0.879	0.802	1.38758e-12
799   	1700  	196.525		1.806521901 	0.958	0.889	1.11274e-12		1.77663983874	0.88	0.803	1.38539e-12
799   	1700  	196.776		1.80686289923	0.958	0.889	1.11169e-12		1.77704929758	0.88	0.803	1.38322e-12
799   	1700  	197.028		1.80720296867	0.958	0.889	1.11063e-12		1.77745767358	0.88	0.804	1.38105e-12
799   	1700  	197.28		1.80754211292	0.958	0.89	1.10959e-12		1.7778649703	0.88	0.804	1.37889e-12
799   	1700  	197.531		1.80788033556	0.958	0.89	1.10854e-12		1.77827119131	0.88	0.805	1.37675e-12
799   	1700  	197.783		1.80821764015	0.958	0.89	1.10751e-12		1.77867634015	0.88	0.806	1.37461e-12
799   	1700  	198.035		1.80855403025	0.959	0.891	1.10647e-12		1.77908042037	0.88	0.806	1.37249e-12
799   	1700  	198.286		1.80888950939	0.959	0.891	1.10544e-12		1.77948343549	0.881	0.807	1.37037e-12
799   	1700  	198.538		1.80922408109	0.959	0.891	1.10441e-12		1.77988538905	0.881	0.807	1.36827e-12
799   	1800  	186.206		1.79622343874	0.958	0.878	1.2051e-12		1.76239389298	0.873	0.779	1.55258e-12
799   	1800  	186.458		1.79659596083	0.958	0.879	1.20384e-12		1.76284449315	0.873	0.779	1.5498e-12
799   	1800  	186.71		1.79696741992	0.958	0.879	1.20259e-12		1.76329386847	0.873	0.78	1.54703e-12
799   	1800  	186.961		1.79733782028	0.958	0.88	1.20135e-12		1.7637420229	0.873	0.781	1.54427e-12
799   	1800  	187.213		1.79770716613	0.958	0.88	1.20011e-12		1.76418896041	0.873	0.781	1.54153e-12
799   	1800  	187.465		1.7980754617	0.958	0.88	1.19887e-12		1.76463468495	0.874	0.782	1.53881e-12
799   	1800  	187.716		1.79844271117	0.959	0.881	1.19764e-12		1.76507920045	0.874	0.783	1.53609e-12
799   	1800  	187.968		1.79880891873	0.959	0.881	1.19642e-12		1.76552251084	0.874	0.784	1.5334e-12
799   	1800  	188.22		1.79917408853	0.959	0.881	1.1952e-12		1.76596462006	0.874	0.784	1.53071e-12
799   	1800  	188.471		1.7995382247	0.959	0.882	1.19399e-12		1.76640553201	0.874	0.785	1.52805e-12
799   	1800  	188.723		1.79990133137	0.959	0.882	1.19278e-12		1.76684525059	0.874	0.786	1.52539e-12
799   	1800  	188.975		1.80026341263	0.959	0.883	1.19158e-12		1.76728377971	0.875	0.786	1.52275e-12
799   	1800  	189.226		1.80062447257	0.959	0.883	1.19038e-12		1.76772112323	0.875	0.787	1.52013e-12
799   	1800  	189.478		1.80098451524	0.959	0.883	1.18919e-12		1.76815728504	0.875	0.788	1.51751e-12
799   	1800  	189.73		1.8013435447	0.959	0.884	1.188e-12		1.768592269 	0.875	0.788	1.51492e-12
799   	1800  	189.981		1.80170156496	0.959	0.884	1.18682e-12		1.76902607896	0.875	0.789	1.51233e-12
799   	1800  	190.233		1.80205858002	0.96	0.884	1.18564e-12		1.76945871878	0.875	0.789	1.50976e-12
799   	1800  	190.485		1.80241459389	0.96	0.885	1.18447e-12		1.76989019228	0.876	0.79	1.5072e-12
799   	1800  	190.736		1.80276961053	0.96	0.885	1.18331e-12		1.7703205033	0.876	0.791	1.50466e-12
799   	1800  	190.988		1.80312363388	0.96	0.885	1.18214e-12		1.77074965564	0.876	0.791	1.50213e-12
799   	1800  	191.24		1.80347666789	0.96	0.886	1.18099e-12		1.77117765311	0.876	0.792	1.49961e-12
799   	1800  	191.491		1.80382871646	0.96	0.886	1.17984e-12		1.77160449952	0.876	0.793	1.49711e-12
799   	1800  	191.743		1.8041797835	0.96	0.887	1.17869e-12		1.77203019864	0.876	0.793	1.49461e-12
799   	1800  	191.995		1.80452987289	0.96	0.887	1.17755e-12		1.77245475425	0.877	0.794	1.49214e-12
799   	1800  	192.246		1.80487898848	0.96	0.887	1.17641e-12		1.77287817013	0.877	0.795	1.48967e-12
799   	1800  	192.498		1.80522713412	0.96	0.888	1.17528e-12		1.77330045002	0.877	0.795	1.48722e-12
799   	1800  	192.75		1.80557431363	0.96	0.888	1.17415e-12		1.77372159767	0.877	0.796	1.48478e-12
799   	1800  	193.001		1.80592053084	0.961	0.888	1.17303e-12		1.77414161681	0.877	0.796	1.48235e-12
799   	1800  	193.253		1.80626578952	0.961	0.889	1.17191e-12		1.77456051119	0.877	0.797	1.47993e-12
799   	1800  	193.505		1.80661009345	0.961	0.889	1.1708e-12		1.7749782845	0.878	0.798	1.47753e-12
799   	1800  	193.756		1.80695344638	0.961	0.889	1.16969e-12		1.77539494046	0.878	0.798	1.47514e-12
799   	1800  	194.008		1.80729585207	0.961	0.89	1.16859e-12		1.77581048276	0.878	0.799	1.47276e-12
799   	1800  	194.26		1.80763731422	0.961	0.89	1.16749e-12		1.77622491509	0.878	0.8	1.47039e-12
799   	1800  	194.511		1.80797783656	0.961	0.89	1.16639e-12		1.77663824112	0.878	0.8	1.46804e-12
799   	1800  	194.763		1.80831742275	0.961	0.891	1.1653e-12		1.77705046452	0.878	0.801	1.46569e-12
799   	1800  	195.015		1.80865607648	0.961	0.891	1.16422e-12		1.77746158895	0.878	0.801	1.46336e-12
799   	1800  	195.266		1.80899380141	0.961	0.891	1.16314e-12		1.77787161804	0.879	0.802	1.46104e-12
799   	1800  	195.518		1.80933060116	0.961	0.892	1.16206e-12		1.77828055544	0.879	0.803	1.45873e-12
799   	1800  	195.77		1.80966647936	0.961	0.892	1.16099e-12		1.77868840477	0.879	0.803	1.45644e-12
799   	1800  	196.021		1.81000143962	0.962	0.892	1.15992e-12		1.77909516965	0.879	0.804	1.45415e-12
799   	1800  	196.273		1.81033548553	0.962	0.893	1.15886e-12		1.77950085367	0.879	0.804	1.45188e-12
799   	1800  	196.525		1.81066862066	0.962	0.893	1.1578e-12		1.77990546043	0.879	0.805	1.44962e-12
799   	1800  	196.776		1.81100084856	0.962	0.893	1.15675e-12		1.78030899352	0.88	0.806	1.44736e-12
799   	1800  	197.028		1.81133217277	0.962	0.894	1.1557e-12		1.7807114565	0.88	0.806	1.44512e-12
799   	1800  	197.28		1.81166259683	0.962	0.894	1.15465e-12		1.78111285295	0.88	0.807	1.4429e-12
799   	1800  	197.531		1.81199212423	0.962	0.894	1.15361e-12		1.78151318641	0.88	0.807	1.44068e-12
799   	1800  	197.783		1.81232075847	0.962	0.895	1.15257e-12		1.78191246042	0.88	0.808	1.43847e-12
799   	1800  	198.035		1.81264850302	0.962	0.895	1.15154e-12		1.78231067853	0.88	0.809	1.43627e-12
799   	1800  	198.286		1.81297536135	0.962	0.895	1.15051e-12		1.78270784424	0.881	0.809	1.43409e-12
799   	1800  	198.538		1.8133013369	0.962	0.896	1.14948e-12		1.78310396107	0.881	0.81	1.43191e-12
799   	1900  	186.206		1.80013753941	0.962	0.882	1.25101e-12		1.76547213109	0.873	0.781	1.62028e-12
799   	1900  	186.458		1.8005013742	0.962	0.883	1.24976e-12		1.76591693105	0.873	0.782	1.61741e-12
799   	1900  	186.71		1.80086417177	0.962	0.883	1.24851e-12		1.76636051841	0.873	0.782	1.61455e-12
799   	1900  	186.961		1.80122593628	0.962	0.884	1.24726e-12		1.76680289714	0.873	0.783	1.6117e-12
799   	1900  	187.213		1.80158667191	0.962	0.884	1.24602e-12		1.7672440712	0.873	0.784	1.60888e-12
799   	1900  	187.465		1.80194638279	0.962	0.884	1.24479e-12		1.76768404453	0.874	0.784	1.60606e-12
799   	1900  	187.716		1.80230507304	0.962	0.885	1.24356e-12		1.7681228211	0.874	0.785	1.60327e-12
799   	1900  	187.968		1.80266274675	0.962	0.885	1.24234e-12		1.76856040482	0.874	0.786	1.60048e-12
799   	1900  	188.22		1.80301940802	0.962	0.885	1.24112e-12		1.76899679962	0.874	0.786	1.59771e-12
799   	1900  	188.471		1.8033750609	0.962	0.886	1.23991e-12		1.76943200942	0.874	0.787	1.59496e-12
799   	1900  	188.723		1.80372970943	0.962	0.886	1.2387e-12		1.76986603812	0.874	0.788	1.59222e-12
799   	1900  	188.975		1.80408335764	0.963	0.886	1.2375e-12		1.77029888961	0.875	0.788	1.5895e-12
799   	1900  	189.226		1.80443600954	0.963	0.887	1.2363e-12		1.77073056777	0.875	0.789	1.58679e-12
799   	1900  	189.478		1.80478766911	0.963	0.887	1.23511e-12		1.77116107649	0.875	0.79	1.58409e-12
799   	1900  	189.73		1.80513834031	0.963	0.888	1.23392e-12		1.77159041962	0.875	0.79	1.58141e-12
799   	1900  	189.981		1.80548802711	0.963	0.888	1.23274e-12		1.77201860101	0.875	0.791	1.57874e-12
799   	1900  	190.233		1.80583673342	0.963	0.888	1.23156e-12		1.77244562451	0.875	0.792	1.57609e-12
799   	1900  	190.485		1.80618446317	0.963	0.889	1.23039e-12		1.77287149396	0.875	0.792	1.57345e-12
799   	1900  	190.736		1.80653122024	0.963	0.889	1.22922e-12		1.77329621316	0.876	0.793	1.57082e-12
799   	1900  	190.988		1.80687700851	0.963	0.889	1.22806e-12		1.77371978594	0.876	0.794	1.56821e-12
799   	1900  	191.24		1.80722183185	0.963	0.89	1.22691e-12		1.7741422161	0.876	0.794	1.56561e-12
799   	1900  	191.491		1.80756569408	0.963	0.89	1.22575e-12		1.77456350743	0.876	0.795	1.56302e-12
799   	1900  	191.743		1.80790859904	0.963	0.89	1.22461e-12		1.77498366371	0.876	0.795	1.56045e-12
799   	1900  	191.995		1.80825055053	0.964	0.891	1.22346e-12		1.77540268871	0.876	0.796	1.55789e-12
799   	1900  	192.246		1.80859155233	0.964	0.891	1.22233e-12		1.77582058619	0.877	0.797	1.55534e-12
799   	1900  	192.498		1.80893160821	0.964	0.891	1.22119e-12		1.77623735991	0.877	0.797	1.55281e-12
799   	1900  	192.75		1.80927072193	0.964	0.892	1.22007e-12		1.77665301359	0.877	0.798	1.55029e-12
799   	1900  	193.001		1.80960889723	0.964	0.892	1.21894e-12		1.77706755098	0.877	0.799	1.54778e-12
799   	1900  	193.253		1.8099461378	0.964	0.892	1.21783e-12		1.77748097579	0.877	0.799	1.54529e-12
799   	1900  	193.505		1.81028244737	0.964	0.893	1.21671e-12		1.77789329173	0.877	0.8	1.54281e-12
799   	1900  	193.756		1.8106178296	0.964	0.893	1.2156e-12		1.7783045025	0.878	0.8	1.54034e-12
799   	1900  	194.008		1.81095228817	0.964	0.893	1.2145e-12		1.77871461178	0.878	0.801	1.53788e-12
799   	1900  	194.26		1.81128582673	0.964	0.894	1.2134e-12		1.77912362325	0.878	0.802	1.53544e-12
799   	1900  	194.511		1.8116184489	0.964	0.894	1.2123e-12		1.77953154058	0.878	0.802	1.53301e-12
799   	1900  	194.763		1.81195015829	0.964	0.894	1.21121e-12		1.77993836742	0.878	0.803	1.53059e-12
799   	1900  	195.015		1.81228095852	0.965	0.895	1.21012e-12		1.78034410743	0.878	0.803	1.52818e-12
799   	1900  	195.266		1.81261085315	0.965	0.895	1.20904e-12		1.78074876423	0.879	0.804	1.52578e-12
799   	1900  	195.518		1.81293984576	0.965	0.895	1.20796e-12		1.78115234145	0.879	0.805	1.5234e-12
799   	1900  	195.77		1.81326793989	0.965	0.896	1.20689e-12		1.7815548427	0.879	0.805	1.52103e-12
799   	1900  	196.021		1.81359513908	0.965	0.896	1.20582e-12		1.78195627159	0.879	0.806	1.51867e-12
799   	1900  	196.273		1.81392144683	0.965	0.896	1.20476e-12		1.78235663171	0.879	0.806	1.51632e-12
799   	1900  	196.525		1.81424686666	0.965	0.896	1.20369e-12		1.78275592664	0.879	0.807	1.51398e-12
799   	1900  	196.776		1.81457140203	0.965	0.897	1.20264e-12		1.78315415996	0.88	0.808	1.51165e-12
799   	1900  	197.028		1.81489505643	0.965	0.897	1.20159e-12		1.78355133522	0.88	0.808	1.50934e-12
799   	1900  	197.28		1.8152178333	0.965	0.897	1.20054e-12		1.78394745597	0.88	0.809	1.50704e-12
799   	1900  	197.531		1.81553973607	0.965	0.898	1.1995e-12		1.78434252576	0.88	0.809	1.50475e-12
799   	1900  	197.783		1.81586076817	0.965	0.898	1.19846e-12		1.78473654811	0.88	0.81	1.50247e-12
799   	1900  	198.035		1.81618093299	0.966	0.898	1.19742e-12		1.78512952654	0.88	0.81	1.5002e-12
799   	1900  	198.286		1.81650023394	0.966	0.899	1.19639e-12		1.78552146457	0.88	0.811	1.49794e-12
799   	1900  	198.538		1.81681867437	0.966	0.899	1.19536e-12		1.78591236568	0.881	0.812	1.49569e-12
799   	2000  	186.206		1.80354238727	0.965	0.886	1.29775e-12		1.76817951144	0.873	0.783	1.68814e-12
799   	2000  	186.458		1.80389854204	0.965	0.886	1.29649e-12		1.76861908318	0.873	0.784	1.68517e-12
799   	2000  	186.71		1.80425368308	0.965	0.887	1.29524e-12		1.76905745406	0.873	0.784	1.68222e-12
799   	2000  	186.961		1.8046078145	0.965	0.887	1.29399e-12		1.76949462806	0.873	0.785	1.67929e-12
799   	2000  	187.213		1.80496094039	0.965	0.887	1.29275e-12		1.76993060912	0.873	0.786	1.67638e-12
799   	2000  	187.465		1.8053130648	0.965	0.888	1.29151e-12		1.77036540121	0.873	0.786	1.67347e-12
799   	2000  	187.716		1.80566419179	0.965	0.888	1.29028e-12		1.77079900825	0.874	0.787	1.67059e-12
799   	2000  	187.968		1.80601432537	0.965	0.888	1.28905e-12		1.77123143418	0.874	0.788	1.66772e-12
799   	2000  	188.22		1.80636346955	0.965	0.889	1.28783e-12		1.77166268292	0.874	0.788	1.66486e-12
799   	2000  	188.471		1.80671162833	0.965	0.889	1.28662e-12		1.77209275836	0.874	0.789	1.66202e-12
799   	2000  	188.723		1.80705880566	0.966	0.889	1.2854e-12		1.77252166441	0.874	0.79	1.6592e-12
799   	2000  	188.975		1.80740500551	0.966	0.89	1.2842e-12		1.77294940495	0.874	0.79	1.65638e-12
799   	2000  	189.226		1.80775023179	0.966	0.89	1.283e-12		1.77337598387	0.875	0.791	1.65359e-12
799   	2000  	189.478		1.80809448842	0.966	0.89	1.2818e-12		1.77380140502	0.875	0.791	1.65081e-12
799   	2000  	189.73		1.8084377793	0.966	0.891	1.28061e-12		1.77422567226	0.875	0.792	1.64804e-12
799   	2000  	189.981		1.8087801083	0.966	0.891	1.27943e-12		1.77464878944	0.875	0.793	1.64529e-12
799   	2000  	190.233		1.80912147928	0.966	0.891	1.27825e-12		1.77507076038	0.875	0.793	1.64255e-12
799   	2000  	190.485		1.80946189607	0.966	0.892	1.27707e-12		1.77549158892	0.875	0.794	1.63983e-12
799   	2000  	190.736		1.8098013625	0.966	0.892	1.2759e-12		1.77591127887	0.876	0.795	1.63712e-12
799   	2000  	190.988		1.81013988237	0.966	0.892	1.27474e-12		1.77632983402	0.876	0.795	1.63442e-12
799   	2000  	191.24		1.81047745947	0.966	0.893	1.27358e-12		1.77674725818	0.876	0.796	1.63174e-12
799   	2000  	191.491		1.81081409756	0.966	0.893	1.27242e-12		1.77716355512	0.876	0.797	1.62907e-12
799   	2000  	191.743		1.81114980038	0.967	0.893	1.27127e-12		1.77757872861	0.876	0.797	1.62642e-12
799   	2000  	191.995		1.81148457168	0.967	0.894	1.27012e-12		1.77799278241	0.876	0.798	1.62378e-12
799   	2000  	192.246		1.81181841517	0.967	0.894	1.26898e-12		1.77840572027	0.877	0.798	1.62115e-12
799   	2000  	192.498		1.81215133454	0.967	0.894	1.26785e-12		1.77881754594	0.877	0.799	1.61853e-12
799   	2000  	192.75		1.81248333347	0.967	0.895	1.26671e-12		1.77922826313	0.877	0.8	1.61593e-12
799   	2000  	193.001		1.81281441562	0.967	0.895	1.26559e-12		1.77963787557	0.877	0.8	1.61335e-12
799   	2000  	193.253		1.81314458464	0.967	0.895	1.26446e-12		1.78004638696	0.877	0.801	1.61077e-12
799   	2000  	193.505		1.81347384416	0.967	0.896	1.26335e-12		1.780453801 	0.877	0.801	1.60821e-12
799   	2000  	193.756		1.81380219778	0.967	0.896	1.26223e-12		1.78086012137	0.878	0.802	1.60566e-12
799   	2000  	194.008		1.81412964911	0.967	0.896	1.26112e-12		1.78126535175	0.878	0.803	1.60313e-12
799   	2000  	194.26		1.8144562017	0.967	0.897	1.26002e-12		1.78166949579	0.878	0.803	1.6006e-12
799   	2000  	194.511		1.81478185914	0.967	0.897	1.25892e-12		1.78207255717	0.878	0.804	1.59809e-12
799   	2000  	194.763		1.81510662495	0.967	0.897	1.25782e-12		1.7824745395	0.878	0.804	1.59559e-12
799   	2000  	195.015		1.81543050267	0.968	0.898	1.25673e-12		1.78287544643	0.878	0.805	1.59311e-12
799   	2000  	195.266		1.81575349581	0.968	0.898	1.25564e-12		1.78327528158	0.879	0.806	1.59064e-12
799   	2000  	195.518		1.81607560786	0.968	0.898	1.25456e-12		1.78367404856	0.879	0.806	1.58817e-12
799   	2000  	195.77		1.81639684229	0.968	0.898	1.25348e-12		1.78407175096	0.879	0.807	1.58573e-12
799   	2000  	196.021		1.81671720258	0.968	0.899	1.25241e-12		1.78446839238	0.879	0.807	1.58329e-12
799   	2000  	196.273		1.81703669216	0.968	0.899	1.25134e-12		1.78486397638	0.879	0.808	1.58087e-12
799   	2000  	196.525		1.81735531446	0.968	0.899	1.25028e-12		1.78525850655	0.879	0.809	1.57845e-12
799   	2000  	196.776		1.81767307289	0.968	0.9	1.24921e-12		1.78565198642	0.879	0.809	1.57605e-12
799   	2000  	197.028		1.81798997086	0.968	0.9	1.24816e-12		1.78604441956	0.88	0.81	1.57366e-12
799   	2000  	197.28		1.81830601175	0.968	0.9	1.2471e-12		1.78643580948	0.88	0.81	1.57129e-12
799   	2000  	197.531		1.81862119891	0.968	0.901	1.24606e-12		1.78682615973	0.88	0.811	1.56892e-12
799   	2000  	197.783		1.8189355357	0.968	0.901	1.24501e-12		1.78721547379	0.88	0.811	1.56657e-12
799   	2000  	198.035		1.81924902546	0.968	0.901	1.24397e-12		1.78760375519	0.88	0.812	1.56422e-12
799   	2000  	198.286		1.8195616715	0.968	0.901	1.24294e-12		1.78799100741	0.88	0.813	1.56189e-12
799   	2000  	198.538		1.81987347713	0.969	0.902	1.2419e-12		1.78837723393	0.881	0.813	1.55957e-12
799   	2100  	186.206		1.80652202744	0.967	0.889	1.34517e-12		1.77057307707	0.873	0.785	1.75612e-12
799   	2100  	186.458		1.8068713667	0.968	0.889	1.3439e-12		1.77100792531	0.873	0.785	1.75306e-12
799   	2100  	186.71		1.80721971365	0.968	0.889	1.34264e-12		1.77144158388	0.873	0.786	1.75002e-12
799   	2100  	186.961		1.80756707231	0.968	0.89	1.34139e-12		1.77187405672	0.873	0.787	1.747e-12
799   	2100  	187.213		1.8079134467	0.968	0.89	1.34014e-12		1.77230534779	0.873	0.787	1.74399e-12
799   	2100  	187.465		1.8082588408	0.968	0.89	1.3389e-12		1.77273546103	0.873	0.788	1.741e-12
799   	2100  	187.716		1.80860325859	0.968	0.891	1.33766e-12		1.77316440037	0.874	0.788	1.73803e-12
799   	2100  	187.968		1.80894670402	0.968	0.891	1.33643e-12		1.77359216972	0.874	0.789	1.73507e-12
799   	2100  	188.22		1.80928918103	0.968	0.891	1.3352e-12		1.774018773 	0.874	0.79	1.73212e-12
799   	2100  	188.471		1.80963069353	0.968	0.892	1.33398e-12		1.77444421409	0.874	0.79	1.72919e-12
799   	2100  	188.723		1.80997124541	0.968	0.892	1.33276e-12		1.77486849688	0.874	0.791	1.72628e-12
799   	2100  	188.975		1.81031084055	0.968	0.892	1.33155e-12		1.77529162524	0.874	0.792	1.72338e-12
799   	2100  	189.226		1.81064948282	0.968	0.893	1.33035e-12		1.77571360305	0.875	0.792	1.7205e-12
799   	2100  	189.478		1.81098717604	0.969	0.893	1.32914e-12		1.77613443415	0.875	0.793	1.71763e-12
799   	2100  	189.73		1.81132392405	0.969	0.893	1.32795e-12		1.77655412239	0.875	0.794	1.71478e-12
799   	2100  	189.981		1.81165973065	0.969	0.894	1.32676e-12		1.7769726716	0.875	0.794	1.71194e-12
799   	2100  	190.233		1.81199459963	0.969	0.894	1.32557e-12		1.77739008559	0.875	0.795	1.70912e-12
799   	2100  	190.485		1.81232853474	0.969	0.894	1.32439e-12		1.77780636819	0.875	0.796	1.70631e-12
799   	2100  	190.736		1.81266153975	0.969	0.895	1.32321e-12		1.77822152318	0.876	0.796	1.70352e-12
799   	2100  	190.988		1.81299361838	0.969	0.895	1.32204e-12		1.77863555436	0.876	0.797	1.70074e-12
799   	2100  	191.24		1.81332477434	0.969	0.895	1.32087e-12		1.77904846551	0.876	0.797	1.69797e-12
799   	2100  	191.491		1.81365501134	0.969	0.896	1.31971e-12		1.77946026038	0.876	0.798	1.69522e-12
799   	2100  	191.743		1.81398433306	0.969	0.896	1.31855e-12		1.77987094275	0.876	0.799	1.69248e-12
799   	2100  	191.995		1.81431274314	0.969	0.896	1.3174e-12		1.78028051634	0.876	0.799	1.68976e-12
799   	2100  	192.246		1.81464024525	0.969	0.897	1.31625e-12		1.78068898491	0.876	0.8	1.68705e-12
799   	2100  	192.498		1.814966843 	0.969	0.897	1.31511e-12		1.78109635216	0.877	0.8	1.68435e-12
799   	2100  	192.75		1.81529254  	0.969	0.897	1.31397e-12		1.78150262182	0.877	0.801	1.68167e-12
799   	2100  	193.001		1.81561733985	0.97	0.898	1.31284e-12		1.78190779757	0.877	0.802	1.679e-12
799   	2100  	193.253		1.81594124613	0.97	0.898	1.31171e-12		1.78231188313	0.877	0.802	1.67634e-12
799   	2100  	193.505		1.81626426238	0.97	0.898	1.31058e-12		1.78271488215	0.877	0.803	1.6737e-12
799   	2100  	193.756		1.81658639216	0.97	0.898	1.30946e-12		1.78311679832	0.877	0.804	1.67107e-12
799   	2100  	194.008		1.81690763898	0.97	0.899	1.30834e-12		1.78351763529	0.878	0.804	1.66846e-12
799   	2100  	194.26		1.81722800636	0.97	0.899	1.30723e-12		1.78391739671	0.878	0.805	1.66586e-12
799   	2100  	194.511		1.81754749778	0.97	0.899	1.30613e-12		1.7843160862	0.878	0.805	1.66327e-12
799   	2100  	194.763		1.81786611673	0.97	0.9	1.30502e-12		1.78471370741	0.878	0.806	1.66069e-12
799   	2100  	195.015		1.81818386666	0.97	0.9	1.30392e-12		1.78511026393	0.878	0.806	1.65813e-12
799   	2100  	195.266		1.81850075101	0.97	0.9	1.30283e-12		1.78550575938	0.878	0.807	1.65557e-12
799   	2100  	195.518		1.81881677321	0.97	0.901	1.30174e-12		1.78590019735	0.879	0.808	1.65304e-12
799   	2100  	195.77		1.81913193667	0.97	0.901	1.30066e-12		1.78629358141	0.879	0.808	1.65051e-12
799   	2100  	196.021		1.81944624478	0.97	0.901	1.29957e-12		1.78668591514	0.879	0.809	1.648e-12
799   	2100  	196.273		1.81975970093	0.97	0.901	1.2985e-12		1.7870772021	0.879	0.809	1.64549e-12
799   	2100  	196.525		1.82007230847	0.971	0.902	1.29743e-12		1.78746744583	0.879	0.81	1.64301e-12
799   	2100  	196.776		1.82038407075	0.971	0.902	1.29636e-12		1.78785664987	0.879	0.811	1.64053e-12
799   	2100  	197.028		1.8206949911	0.971	0.902	1.29529e-12		1.78824481775	0.88	0.811	1.63806e-12
799   	2100  	197.28		1.82100507284	0.971	0.903	1.29423e-12		1.78863195298	0.88	0.812	1.63561e-12
799   	2100  	197.531		1.82131431927	0.971	0.903	1.29318e-12		1.78901805907	0.88	0.812	1.63317e-12
799   	2100  	197.783		1.82162273366	0.971	0.903	1.29213e-12		1.78940313951	0.88	0.813	1.63074e-12
799   	2100  	198.035		1.8219303193	0.971	0.903	1.29108e-12		1.78978719778	0.88	0.813	1.62832e-12
799   	2100  	198.286		1.82223707942	0.971	0.904	1.29004e-12		1.79017023736	0.88	0.814	1.62592e-12
799   	2100  	198.538		1.82254301728	0.971	0.904	1.289e-12		1.7905522617	0.881	0.815	1.62352e-12
799   	2200  	186.206		1.80914401695	0.97	0.891	1.39316e-12		1.77269937304	0.872	0.786	1.82419e-12
799   	2200  	186.458		1.80948728506	0.97	0.891	1.39189e-12		1.77312994353	0.873	0.787	1.82104e-12
799   	2200  	186.71		1.80982958034	0.97	0.892	1.39062e-12		1.77355933491	0.873	0.787	1.81791e-12
799   	2200  	186.961		1.81017090676	0.97	0.892	1.38936e-12		1.77398755114	0.873	0.788	1.8148e-12
799   	2200  	187.213		1.81051126827	0.97	0.892	1.3881e-12		1.77441459614	0.873	0.789	1.8117e-12
799   	2200  	187.465		1.81085066877	0.97	0.893	1.38685e-12		1.77484047384	0.873	0.789	1.80862e-12
799   	2200  	187.716		1.81118911217	0.97	0.893	1.3856e-12		1.77526518815	0.873	0.79	1.80555e-12
799   	2200  	187.968		1.81152660237	0.97	0.893	1.38436e-12		1.77568874299	0.874	0.79	1.8025e-12
799   	2200  	188.22		1.81186314321	0.971	0.894	1.38313e-12		1.77611114223	0.874	0.791	1.79947e-12
799   	2200  	188.471		1.81219873854	0.971	0.894	1.3819e-12		1.77653238977	0.874	0.792	1.79645e-12
799   	2200  	188.723		1.8125333922	0.971	0.894	1.38067e-12		1.77695248946	0.874	0.792	1.79345e-12
799   	2200  	188.975		1.81286710799	0.971	0.895	1.37945e-12		1.77737144518	0.874	0.793	1.79047e-12
799   	2200  	189.226		1.8131998897	0.971	0.895	1.37824e-12		1.77778926077	0.874	0.794	1.7875e-12
799   	2200  	189.478		1.8135317411	0.971	0.895	1.37702e-12		1.77820594007	0.875	0.794	1.78454e-12
799   	2200  	189.73		1.81386266595	0.971	0.896	1.37582e-12		1.7786214869	0.875	0.795	1.7816e-12
799   	2200  	189.981		1.81419266798	0.971	0.896	1.37462e-12		1.77903590509	0.875	0.796	1.77868e-12
799   	2200  	190.233		1.81452175092	0.971	0.896	1.37342e-12		1.77944919842	0.875	0.796	1.77577e-12
799   	2200  	190.485		1.81484991845	0.971	0.897	1.37223e-12		1.77986137071	0.875	0.797	1.77287e-12
799   	2200  	190.736		1.81517717427	0.971	0.897	1.37105e-12		1.78027242573	0.875	0.797	1.76999e-12
799   	2200  	190.988		1.81550352204	0.971	0.897	1.36987e-12		1.78068236725	0.876	0.798	1.76713e-12
799   	2200  	191.24		1.8158289654	0.971	0.897	1.36869e-12		1.78109119904	0.876	0.799	1.76428e-12
799   	2200  	191.491		1.81615350798	0.971	0.898	1.36752e-12		1.78149892484	0.876	0.799	1.76144e-12
799   	2200  	191.743		1.8164771534	0.972	0.898	1.36635e-12		1.78190554839	0.876	0.8	1.75862e-12
799   	2200  	191.995		1.81679990525	0.972	0.898	1.36519e-12		1.78231107342	0.876	0.801	1.75581e-12
799   	2200  	192.246		1.81712176712	0.972	0.899	1.36403e-12		1.78271550365	0.876	0.801	1.75302e-12
799   	2200  	192.498		1.81744274255	0.972	0.899	1.36288e-12		1.78311884277	0.877	0.802	1.75024e-12
799   	2200  	192.75		1.81776283509	0.972	0.899	1.36173e-12		1.7835210945	0.877	0.802	1.74748e-12
799   	2200  	193.001		1.81808204828	0.972	0.9	1.36059e-12		1.7839222625	0.877	0.803	1.74472e-12
799   	2200  	193.253		1.81840038561	0.972	0.9	1.35945e-12		1.78432235046	0.877	0.804	1.74199e-12
799   	2200  	193.505		1.81871785059	0.972	0.9	1.35832e-12		1.78472136203	0.877	0.804	1.73926e-12
799   	2200  	193.756		1.81903444669	0.972	0.901	1.35719e-12		1.78511930086	0.877	0.805	1.73655e-12
799   	2200  	194.008		1.81935017737	0.972	0.901	1.35606e-12		1.78551617059	0.878	0.805	1.73386e-12
799   	2200  	194.26		1.81966504607	0.972	0.901	1.35494e-12		1.78591197485	0.878	0.806	1.73118e-12
799   	2200  	194.511		1.81997905622	0.972	0.901	1.35383e-12		1.78630671726	0.878	0.807	1.72851e-12
799   	2200  	194.763		1.82029221124	0.972	0.902	1.35272e-12		1.78670040142	0.878	0.807	1.72585e-12
799   	2200  	195.015		1.82060451451	0.972	0.902	1.35161e-12		1.78709303093	0.878	0.808	1.72321e-12
799   	2200  	195.266		1.82091596941	0.972	0.902	1.35051e-12		1.78748460936	0.878	0.808	1.72058e-12
799   	2200  	195.518		1.82122657931	0.973	0.903	1.34941e-12		1.7878751403	0.879	0.809	1.71796e-12
799   	2200  	195.77		1.82153634756	0.973	0.903	1.34831e-12		1.7882646273	0.879	0.809	1.71535e-12
799   	2200  	196.021		1.82184527748	0.973	0.903	1.34722e-12		1.78865307392	0.879	0.81	1.71276e-12
799   	2200  	196.273		1.82215337239	0.973	0.903	1.34614e-12		1.78904048369	0.879	0.811	1.71018e-12
799   	2200  	196.525		1.82246063559	0.973	0.904	1.34505e-12		1.78942686014	0.879	0.811	1.70762e-12
799   	2200  	196.776		1.82276707036	0.973	0.904	1.34398e-12		1.78981220679	0.879	0.812	1.70506e-12
799   	2200  	197.028		1.82307267998	0.973	0.904	1.3429e-12		1.79019652715	0.88	0.812	1.70252e-12
799   	2200  	197.28		1.82337746769	0.973	0.905	1.34183e-12		1.7905798247	0.88	0.813	1.69999e-12
799   	2200  	197.531		1.82368143673	0.973	0.905	1.34077e-12		1.79096210294	0.88	0.813	1.69748e-12
799   	2200  	197.783		1.82398459033	0.973	0.905	1.33971e-12		1.79134336533	0.88	0.814	1.69497e-12
799   	2200  	198.035		1.82428693169	0.973	0.905	1.33865e-12		1.79172361535	0.88	0.815	1.69248e-12
799   	2200  	198.286		1.824588464 	0.973	0.906	1.3376e-12		1.79210285643	0.88	0.815	1.69e-12
799   	2200  	198.538		1.82488919045	0.973	0.906	1.33655e-12		1.79248109202	0.881	0.816	1.68753e-12
799   	2300  	186.206		1.81146311468	0.972	0.893	1.44164e-12		1.77459666593	0.872	0.787	1.89234e-12
799   	2300  	186.458		1.81180095478	0.972	0.893	1.44035e-12		1.7750233529	0.873	0.788	1.8891e-12
799   	2300  	186.71		1.81213783981	0.972	0.894	1.43907e-12		1.77544887073	0.873	0.788	1.88587e-12
799   	2300  	186.961		1.81247377368	0.972	0.894	1.4378e-12		1.77587322334	0.873	0.789	1.88267e-12
799   	2300  	187.213		1.81280876026	0.972	0.894	1.43653e-12		1.77629641466	0.873	0.79	1.87948e-12
799   	2300  	187.465		1.81314280339	0.973	0.895	1.43527e-12		1.77671844859	0.873	0.79	1.8763e-12
799   	2300  	187.716		1.81347590692	0.973	0.895	1.43402e-12		1.77713932904	0.873	0.791	1.87315e-12
799   	2300  	187.968		1.81380807467	0.973	0.895	1.43276e-12		1.77755905989	0.874	0.792	1.87001e-12
799   	2300  	188.22		1.81413931043	0.973	0.896	1.43152e-12		1.77797764501	0.874	0.792	1.86688e-12
799   	2300  	188.471		1.81446961798	0.973	0.896	1.43028e-12		1.77839508827	0.874	0.793	1.86378e-12
799   	2300  	188.723		1.81479900108	0.973	0.896	1.42904e-12		1.77881139352	0.874	0.794	1.86069e-12
799   	2300  	188.975		1.81512746348	0.973	0.897	1.42781e-12		1.7792265646	0.874	0.794	1.85761e-12
799   	2300  	189.226		1.81545500891	0.973	0.897	1.42658e-12		1.77964060535	0.874	0.795	1.85455e-12
799   	2300  	189.478		1.81578164106	0.973	0.897	1.42536e-12		1.78005351959	0.875	0.795	1.85151e-12
799   	2300  	189.73		1.81610736364	0.973	0.897	1.42415e-12		1.78046531112	0.875	0.796	1.84848e-12
799   	2300  	189.981		1.8164321803	0.973	0.898	1.42294e-12		1.78087598374	0.875	0.797	1.84547e-12
799   	2300  	190.233		1.81675609471	0.973	0.898	1.42173e-12		1.78128554123	0.875	0.797	1.84247e-12
799   	2300  	190.485		1.8170791105	0.973	0.898	1.42053e-12		1.78169398738	0.875	0.798	1.83949e-12
799   	2300  	190.736		1.81740123129	0.973	0.899	1.41933e-12		1.78210132595	0.875	0.799	1.83653e-12
799   	2300  	190.988		1.81772246068	0.973	0.899	1.41814e-12		1.78250756069	0.876	0.799	1.83358e-12
799   	2300  	191.24		1.81804280226	0.974	0.899	1.41695e-12		1.78291269534	0.876	0.8	1.83064e-12
799   	2300  	191.491		1.81836225958	0.974	0.9	1.41577e-12		1.78331673364	0.876	0.8	1.82772e-12
799   	2300  	191.743		1.81868083621	0.974	0.9	1.41459e-12		1.78371967929	0.876	0.801	1.82481e-12
799   	2300  	191.995		1.81899853567	0.974	0.9	1.41342e-12		1.78412153602	0.876	0.802	1.82192e-12
799   	2300  	192.246		1.81931536147	0.974	0.901	1.41225e-12		1.78452230752	0.876	0.802	1.81904e-12
799   	2300  	192.498		1.81963131713	0.974	0.901	1.41109e-12		1.78492199747	0.877	0.803	1.81618e-12
799   	2300  	192.75		1.81994640611	0.974	0.901	1.40993e-12		1.78532060955	0.877	0.803	1.81333e-12
799   	2300  	193.001		1.82026063188	0.974	0.901	1.40878e-12		1.78571814743	0.877	0.804	1.8105e-12
799   	2300  	193.253		1.8205739979	0.974	0.902	1.40763e-12		1.78611461475	0.877	0.805	1.80768e-12
799   	2300  	193.505		1.82088650759	0.974	0.902	1.40648e-12		1.78651001516	0.877	0.805	1.80488e-12
799   	2300  	193.756		1.82119816436	0.974	0.902	1.40534e-12		1.78690435228	0.877	0.806	1.80208e-12
799   	2300  	194.008		1.82150897163	0.974	0.903	1.40421e-12		1.78729762974	0.878	0.806	1.79931e-12
799   	2300  	194.26		1.82181893276	0.974	0.903	1.40308e-12		1.78768985115	0.878	0.807	1.79654e-12
799   	2300  	194.511		1.82212805114	0.974	0.903	1.40195e-12		1.78808102009	0.878	0.808	1.79379e-12
799   	2300  	194.763		1.8224363301	0.974	0.903	1.40083e-12		1.78847114016	0.878	0.808	1.79106e-12
799   	2300  	195.015		1.82274377298	0.974	0.904	1.39971e-12		1.78886021493	0.878	0.809	1.78833e-12
799   	2300  	195.266		1.82305038311	0.975	0.904	1.39859e-12		1.78924824797	0.878	0.809	1.78562e-12
799   	2300  	195.518		1.82335616378	0.975	0.904	1.39748e-12		1.78963524282	0.879	0.81	1.78293e-12
799   	2300  	195.77		1.82366111828	0.975	0.905	1.39638e-12		1.79002120302	0.879	0.81	1.78025e-12
799   	2300  	196.021		1.82396524988	0.975	0.905	1.39528e-12		1.79040613212	0.879	0.811	1.77758e-12
799   	2300  	196.273		1.82426856185	0.975	0.905	1.39418e-12		1.79079003361	0.879	0.812	1.77492e-12
799   	2300  	196.525		1.82457105741	0.975	0.905	1.39309e-12		1.79117291102	0.879	0.812	1.77227e-12
799   	2300  	196.776		1.82487273981	0.975	0.906	1.392e-12		1.79155476783	0.879	0.813	1.76964e-12
799   	2300  	197.028		1.82517361223	0.975	0.906	1.39092e-12		1.79193560754	0.88	0.813	1.76703e-12
799   	2300  	197.28		1.82547367789	0.975	0.906	1.38984e-12		1.79231543361	0.88	0.814	1.76442e-12
799   	2300  	197.531		1.82577293996	0.975	0.907	1.38876e-12		1.79269424951	0.88	0.814	1.76183e-12
799   	2300  	197.783		1.8260714016	0.975	0.907	1.38769e-12		1.7930720587	0.88	0.815	1.75925e-12
799   	2300  	198.035		1.82636906597	0.975	0.907	1.38662e-12		1.7934488646	0.88	0.816	1.75668e-12
799   	2300  	198.286		1.8266659362	0.975	0.907	1.38556e-12		1.79382467066	0.88	0.816	1.75412e-12
799   	2300  	198.538		1.8269620154	0.975	0.908	1.3845e-12		1.79419948028	0.88	0.817	1.75158e-12
799   	2400  	186.206		1.81352405608	0.974	0.895	1.49053e-12		1.77629663917	0.872	0.788	1.96054e-12
799   	2400  	186.458		1.81385702596	0.974	0.895	1.48923e-12		1.77671979195	0.873	0.789	1.9572e-12
799   	2400  	186.71		1.81418905697	0.974	0.895	1.48794e-12		1.77714178495	0.873	0.789	1.95389e-12
799   	2400  	186.961		1.81452015294	0.974	0.896	1.48666e-12		1.77756262209	0.873	0.79	1.95059e-12
799   	2400  	187.213		1.8148503177	0.974	0.896	1.48538e-12		1.77798230726	0.873	0.791	1.94731e-12
799   	2400  	187.465		1.81517955502	0.974	0.896	1.4841e-12		1.77840084435	0.873	0.791	1.94404e-12
799   	2400  	187.716		1.81550786869	0.975	0.897	1.48283e-12		1.77881823725	0.873	0.792	1.94079e-12
799   	2400  	187.968		1.81583526245	0.975	0.897	1.48157e-12		1.77923448982	0.874	0.793	1.93756e-12
799   	2400  	188.22		1.81616174005	0.975	0.897	1.48031e-12		1.77964960592	0.874	0.793	1.93435e-12
799   	2400  	188.471		1.8164873052	0.975	0.898	1.47906e-12		1.7800635894	0.874	0.794	1.93115e-12
799   	2400  	188.723		1.8168119616	0.975	0.898	1.47781e-12		1.78047644408	0.874	0.795	1.92797e-12
799   	2400  	188.975		1.81713571294	0.975	0.898	1.47656e-12		1.78088817379	0.874	0.795	1.9248e-12
799   	2400  	189.226		1.81745856287	0.975	0.898	1.47532e-12		1.78129878235	0.874	0.796	1.92166e-12
799   	2400  	189.478		1.81778051505	0.975	0.899	1.47409e-12		1.78170827356	0.875	0.796	1.91852e-12
799   	2400  	189.73		1.81810157311	0.975	0.899	1.47286e-12		1.7821166512	0.875	0.797	1.91541e-12
799   	2400  	189.981		1.81842174065	0.975	0.899	1.47164e-12		1.78252391905	0.875	0.798	1.91231e-12
799   	2400  	190.233		1.81874102126	0.975	0.9	1.47042e-12		1.78293008089	0.875	0.798	1.90922e-12
799   	2400  	190.485		1.81905941854	0.975	0.9	1.46921e-12		1.78333514046	0.875	0.799	1.90616e-12
799   	2400  	190.736		1.81937693602	0.975	0.9	1.468e-12		1.78373910151	0.875	0.8	1.9031e-12
799   	2400  	190.988		1.81969357726	0.975	0.901	1.46679e-12		1.78414196777	0.876	0.8	1.90007e-12
799   	2400  	191.24		1.82000934579	0.975	0.901	1.46559e-12		1.78454374297	0.876	0.801	1.89704e-12
799   	2400  	191.491		1.82032424509	0.975	0.901	1.4644e-12		1.78494443082	0.876	0.801	1.89404e-12
799   	2400  	191.743		1.82063827868	0.976	0.901	1.46321e-12		1.78534403502	0.876	0.802	1.89105e-12
799   	2400  	191.995		1.82095145002	0.976	0.902	1.46203e-12		1.78574255925	0.876	0.803	1.88807e-12
799   	2400  	192.246		1.82126376256	0.976	0.902	1.46085e-12		1.78614000719	0.876	0.803	1.88511e-12
799   	2400  	192.498		1.82157521975	0.976	0.902	1.45967e-12		1.78653638251	0.877	0.804	1.88216e-12
799   	2400  	192.75		1.82188582502	0.976	0.903	1.4585e-12		1.78693168887	0.877	0.804	1.87923e-12
799   	2400  	193.001		1.82219558176	0.976	0.903	1.45733e-12		1.7873259299	0.877	0.805	1.87632e-12
799   	2400  	193.253		1.82250449337	0.976	0.903	1.45617e-12		1.78771910923	0.877	0.806	1.87341e-12
799   	2400  	193.505		1.82281256323	0.976	0.904	1.45501e-12		1.7881112305	0.877	0.806	1.87053e-12
799   	2400  	193.756		1.82311979469	0.976	0.904	1.45386e-12		1.78850229731	0.877	0.807	1.86765e-12
799   	2400  	194.008		1.82342619109	0.976	0.904	1.45271e-12		1.78889231325	0.878	0.807	1.86479e-12
799   	2400  	194.26		1.82373175577	0.976	0.904	1.45157e-12		1.78928128192	0.878	0.808	1.86195e-12
799   	2400  	194.511		1.82403649203	0.976	0.905	1.45043e-12		1.78966920689	0.878	0.808	1.85912e-12
799   	2400  	194.763		1.82434040316	0.976	0.905	1.44929e-12		1.79005609172	0.878	0.809	1.8563e-12
799   	2400  	195.015		1.82464349245	0.976	0.905	1.44816e-12		1.79044193997	0.878	0.81	1.8535e-12
799   	2400  	195.266		1.82494576315	0.976	0.905	1.44704e-12		1.79082675518	0.878	0.81	1.85071e-12
799   	2400  	195.518		1.82524721852	0.976	0.906	1.44592e-12		1.79121054088	0.879	0.811	1.84793e-12
799   	2400  	195.77		1.82554786178	0.976	0.906	1.4448e-12		1.79159330059	0.879	0.811	1.84517e-12
799   	2400  	196.021		1.82584769616	0.977	0.906	1.44368e-12		1.79197503782	0.879	0.812	1.84242e-12
799   	2400  	196.273		1.82614672485	0.977	0.907	1.44258e-12		1.79235575607	0.879	0.812	1.83969e-12
799   	2400  	196.525		1.82644495104	0.977	0.907	1.44147e-12		1.79273545881	0.879	0.813	1.83696e-12
799   	2400  	196.776		1.82674237791	0.977	0.907	1.44037e-12		1.79311414954	0.879	0.814	1.83425e-12
799   	2400  	197.028		1.82703900859	0.977	0.907	1.43927e-12		1.79349183171	0.879	0.814	1.83156e-12
799   	2400  	197.28		1.82733484625	0.977	0.908	1.43818e-12		1.79386850877	0.88	0.815	1.82888e-12
799   	2400  	197.531		1.827629894 	0.977	0.908	1.43709e-12		1.79424418417	0.88	0.815	1.82621e-12
799   	2400  	197.783		1.82792415495	0.977	0.908	1.43601e-12		1.79461886133	0.88	0.816	1.82355e-12
799   	2400  	198.035		1.82821763221	0.977	0.908	1.43493e-12		1.79499254368	0.88	0.816	1.8209e-12
799   	2400  	198.286		1.82851032884	0.977	0.909	1.43385e-12		1.79536523462	0.88	0.817	1.81827e-12
799   	2400  	198.538		1.82880224793	0.977	0.909	1.43278e-12		1.79573693755	0.88	0.817	1.81565e-12
799   	2500  	186.206		1.81536365886	0.976	0.896	1.53977e-12		1.77782569963	0.872	0.789	2.02878e-12
799   	2500  	186.458		1.81569224411	0.976	0.896	1.53846e-12		1.77824562843	0.873	0.79	2.02535e-12
799   	2500  	186.71		1.81601990528	0.976	0.897	1.53716e-12		1.77866440625	0.873	0.79	2.02194e-12
799   	2500  	186.961		1.81634664615	0.976	0.897	1.53586e-12		1.77908203696	0.873	0.791	2.01855e-12
799   	2500  	187.213		1.81667247047	0.976	0.897	1.53457e-12		1.77949852445	0.873	0.792	2.01517e-12
799   	2500  	187.465		1.81699738198	0.976	0.898	1.53328e-12		1.7799138726	0.873	0.792	2.01181e-12
799   	2500  	187.716		1.81732138438	0.976	0.898	1.53199e-12		1.78032808527	0.873	0.793	2.00847e-12
799   	2500  	187.968		1.81764448138	0.976	0.898	1.53072e-12		1.78074116629	0.874	0.793	2.00515e-12
799   	2500  	188.22		1.81796667665	0.976	0.899	1.52944e-12		1.78115311952	0.874	0.794	2.00185e-12
799   	2500  	188.471		1.81828797385	0.976	0.899	1.52818e-12		1.78156394877	0.874	0.795	1.99856e-12
799   	2500  	188.723		1.81860837663	0.977	0.899	1.52691e-12		1.78197365786	0.874	0.795	1.99529e-12
799   	2500  	188.975		1.8189278886	0.977	0.9	1.52566e-12		1.7823822506	0.874	0.796	1.99203e-12
799   	2500  	189.226		1.81924651339	0.977	0.9	1.5244e-12		1.78278973077	0.874	0.797	1.98879e-12
799   	2500  	189.478		1.81956425457	0.977	0.9	1.52316e-12		1.78319610216	0.875	0.797	1.98557e-12
799   	2500  	189.73		1.81988111572	0.977	0.9	1.52191e-12		1.78360136854	0.875	0.798	1.98237e-12
799   	2500  	189.981		1.82019710039	0.977	0.901	1.52068e-12		1.78400553366	0.875	0.798	1.97918e-12
799   	2500  	190.233		1.82051221212	0.977	0.901	1.51944e-12		1.78440860128	0.875	0.799	1.97601e-12
799   	2500  	190.485		1.82082645443	0.977	0.901	1.51822e-12		1.78481057513	0.875	0.8	1.97285e-12
799   	2500  	190.736		1.82113983083	0.977	0.902	1.51699e-12		1.78521145893	0.875	0.8	1.96971e-12
799   	2500  	190.988		1.82145234479	0.977	0.902	1.51578e-12		1.78561125639	0.875	0.801	1.96659e-12
799   	2500  	191.24		1.82176399979	0.977	0.902	1.51456e-12		1.78600997123	0.876	0.802	1.96348e-12
799   	2500  	191.491		1.82207479928	0.977	0.903	1.51335e-12		1.78640760712	0.876	0.802	1.96039e-12
799   	2500  	191.743		1.8223847467	0.977	0.903	1.51215e-12		1.78680416775	0.876	0.803	1.95731e-12
799   	2500  	191.995		1.82269384546	0.977	0.903	1.51095e-12		1.78719965679	0.876	0.803	1.95425e-12
799   	2500  	192.246		1.82300209896	0.977	0.903	1.50976e-12		1.78759407788	0.876	0.804	1.9512e-12
799   	2500  	192.498		1.8233095106	0.977	0.904	1.50857e-12		1.78798743469	0.876	0.805	1.94817e-12
799   	2500  	192.75		1.82361608374	0.977	0.904	1.50738e-12		1.78837973084	0.877	0.805	1.94516e-12
799   	2500  	193.001		1.82392182174	0.977	0.904	1.5062e-12		1.78877096995	0.877	0.806	1.94216e-12
799   	2500  	193.253		1.82422672792	0.978	0.905	1.50503e-12		1.78916115564	0.877	0.806	1.93917e-12
799   	2500  	193.505		1.82453080562	0.978	0.905	1.50386e-12		1.7895502915	0.877	0.807	1.9362e-12
799   	2500  	193.756		1.82483405814	0.978	0.905	1.50269e-12		1.78993838113	0.877	0.807	1.93325e-12
799   	2500  	194.008		1.82513648876	0.978	0.905	1.50153e-12		1.7903254281	0.877	0.808	1.9303e-12
799   	2500  	194.26		1.82543810077	0.978	0.906	1.50037e-12		1.79071143598	0.878	0.809	1.92738e-12
799   	2500  	194.511		1.82573889741	0.978	0.906	1.49922e-12		1.79109640832	0.878	0.809	1.92447e-12
799   	2500  	194.763		1.82603888193	0.978	0.906	1.49807e-12		1.79148034866	0.878	0.81	1.92157e-12
799   	2500  	195.015		1.82633805756	0.978	0.906	1.49693e-12		1.79186326055	0.878	0.81	1.91868e-12
799   	2500  	195.266		1.82663642751	0.978	0.907	1.49579e-12		1.79224514749	0.878	0.811	1.91581e-12
799   	2500  	195.518		1.82693399497	0.978	0.907	1.49465e-12		1.79262601301	0.878	0.812	1.91296e-12
799   	2500  	195.77		1.82723076312	0.978	0.907	1.49352e-12		1.79300586059	0.879	0.812	1.91012e-12
799   	2500  	196.021		1.82752673513	0.978	0.908	1.49239e-12		1.79338469373	0.879	0.813	1.90729e-12
799   	2500  	196.273		1.82782191415	0.978	0.908	1.49127e-12		1.7937625159	0.879	0.813	1.90447e-12
799   	2500  	196.525		1.82811630331	0.978	0.908	1.49015e-12		1.79413933057	0.879	0.814	1.90167e-12
799   	2500  	196.776		1.82840990574	0.978	0.908	1.48904e-12		1.79451514119	0.879	0.814	1.89889e-12
799   	2500  	197.028		1.82870272453	0.978	0.909	1.48793e-12		1.7948899512	0.879	0.815	1.89611e-12
799   	2500  	197.28		1.82899476278	0.978	0.909	1.48682e-12		1.79526376403	0.88	0.815	1.89335e-12
799   	2500  	197.531		1.82928602357	0.978	0.909	1.48572e-12		1.79563658311	0.88	0.816	1.8906e-12
799   	2500  	197.783		1.82957650996	0.979	0.909	1.48462e-12		1.79600841185	0.88	0.817	1.88787e-12
799   	2500  	198.035		1.82986622498	0.979	0.91	1.48353e-12		1.79637925363	0.88	0.817	1.88515e-12
799   	2500  	198.286		1.83015517168	0.979	0.91	1.48244e-12		1.79674911186	0.88	0.818	1.88244e-12
799   	2500  	198.538		1.83044335308	0.979	0.91	1.48135e-12		1.7971179899	0.88	0.818	1.87975e-12
799   	2600  	186.206		1.81701243518	0.978	0.897	1.58933e-12		1.77920599325	0.872	0.79	2.09705e-12
799   	2600  	186.458		1.81733706014	0.978	0.898	1.588e-12		1.77962297419	0.872	0.79	2.09353e-12
799   	2600  	186.71		1.81766077456	0.978	0.898	1.58668e-12		1.78003881237	0.873	0.791	2.09002e-12
799   	2600  	186.961		1.81798358215	0.978	0.898	1.58537e-12		1.78045351166	0.873	0.792	2.08654e-12
799   	2600  	187.213		1.81830548661	0.978	0.899	1.58406e-12		1.78086707594	0.873	0.792	2.08307e-12
799   	2600  	187.465		1.81862649161	0.978	0.899	1.58276e-12		1.78127950905	0.873	0.793	2.07962e-12
799   	2600  	187.716		1.81894660082	0.978	0.899	1.58146e-12		1.78169081482	0.873	0.794	2.07618e-12
799   	2600  	187.968		1.81926581787	0.978	0.9	1.58016e-12		1.7821009971	0.873	0.794	2.07277e-12
799   	2600  	188.22		1.81958414639	0.978	0.9	1.57888e-12		1.7825100597	0.874	0.795	2.06937e-12
799   	2600  	188.471		1.81990158999	0.978	0.9	1.57759e-12		1.78291800642	0.874	0.795	2.06599e-12
799   	2600  	188.723		1.82021815226	0.978	0.9	1.57631e-12		1.78332484106	0.874	0.796	2.06263e-12
799   	2600  	188.975		1.82053383676	0.978	0.901	1.57504e-12		1.7837305674	0.874	0.797	2.05928e-12
799   	2600  	189.226		1.82084864705	0.978	0.901	1.57377e-12		1.78413518922	0.874	0.797	2.05596e-12
799   	2600  	189.478		1.82116258667	0.978	0.901	1.57251e-12		1.78453871027	0.874	0.798	2.05265e-12
799   	2600  	189.73		1.82147565913	0.978	0.902	1.57125e-12		1.78494113431	0.875	0.799	2.04935e-12
799   	2600  	189.981		1.82178786794	0.978	0.902	1.57e-12		1.78534246507	0.875	0.799	2.04607e-12
799   	2600  	190.233		1.82209921658	0.978	0.902	1.56875e-12		1.78574270628	0.875	0.8	2.04281e-12
799   	2600  	190.485		1.82240970851	0.978	0.902	1.56751e-12		1.78614186165	0.875	0.8	2.03957e-12
799   	2600  	190.736		1.8227193472	0.979	0.903	1.56627e-12		1.7865399349	0.875	0.801	2.03634e-12
799   	2600  	190.988		1.82302813607	0.979	0.903	1.56504e-12		1.78693692971	0.875	0.802	2.03313e-12
799   	2600  	191.24		1.82333607854	0.979	0.903	1.56381e-12		1.78733284976	0.876	0.802	2.02994e-12
799   	2600  	191.491		1.82364317801	0.979	0.904	1.56259e-12		1.78772769872	0.876	0.803	2.02676e-12
799   	2600  	191.743		1.82394943786	0.979	0.904	1.56137e-12		1.78812148026	0.876	0.803	2.0236e-12
799   	2600  	191.995		1.82425486146	0.979	0.904	1.56016e-12		1.78851419801	0.876	0.804	2.02045e-12
799   	2600  	192.246		1.82455945217	0.979	0.905	1.55895e-12		1.78890585563	0.876	0.805	2.01732e-12
799   	2600  	192.498		1.82486321332	0.979	0.905	1.55774e-12		1.78929645672	0.876	0.805	2.0142e-12
799   	2600  	192.75		1.82516614823	0.979	0.905	1.55654e-12		1.7896860049	0.877	0.806	2.0111e-12
799   	2600  	193.001		1.82546826019	0.979	0.905	1.55535e-12		1.79007450378	0.877	0.806	2.00802e-12
799   	2600  	193.253		1.82576955251	0.979	0.906	1.55416e-12		1.79046195695	0.877	0.807	2.00495e-12
799   	2600  	193.505		1.82607002844	0.979	0.906	1.55297e-12		1.79084836798	0.877	0.808	2.0019e-12
799   	2600  	193.756		1.82636969125	0.979	0.906	1.55179e-12		1.79123374045	0.877	0.808	1.99886e-12
799   	2600  	194.008		1.82666854417	0.979	0.906	1.55062e-12		1.7916180779	0.877	0.809	1.99583e-12
799   	2600  	194.26		1.82696659042	0.979	0.907	1.54944e-12		1.79200138389	0.878	0.809	1.99282e-12
799   	2600  	194.511		1.82726383323	0.979	0.907	1.54828e-12		1.79238366195	0.878	0.81	1.98983e-12
799   	2600  	194.763		1.82756027577	0.979	0.907	1.54711e-12		1.7927649156	0.878	0.81	1.98685e-12
799   	2600  	195.015		1.82785592124	0.979	0.908	1.54595e-12		1.79314514836	0.878	0.811	1.98389e-12
799   	2600  	195.266		1.82815077278	0.979	0.908	1.5448e-12		1.79352436372	0.878	0.812	1.98094e-12
799   	2600  	195.518		1.82844483355	0.98	0.908	1.54365e-12		1.79390256517	0.878	0.812	1.978e-12
799   	2600  	195.77		1.82873810668	0.98	0.908	1.5425e-12		1.79427975619	0.879	0.813	1.97508e-12
799   	2600  	196.021		1.82903059529	0.98	0.909	1.54136e-12		1.79465594025	0.879	0.813	1.97217e-12
799   	2600  	196.273		1.82932230248	0.98	0.909	1.54022e-12		1.7950311208	0.879	0.814	1.96928e-12
799   	2600  	196.525		1.82961323133	0.98	0.909	1.53909e-12		1.79540530129	0.879	0.814	1.9664e-12
799   	2600  	196.776		1.82990338493	0.98	0.909	1.53796e-12		1.79577848515	0.879	0.815	1.96353e-12
799   	2600  	197.028		1.83019276632	0.98	0.91	1.53684e-12		1.7961506758	0.879	0.816	1.96068e-12
799   	2600  	197.28		1.83048137856	0.98	0.91	1.53572e-12		1.79652187666	0.88	0.816	1.95784e-12
799   	2600  	197.531		1.83076922467	0.98	0.91	1.5346e-12		1.79689209111	0.88	0.817	1.95502e-12
799   	2600  	197.783		1.83105630766	0.98	0.91	1.53349e-12		1.79726132255	0.88	0.817	1.95221e-12
799   	2600  	198.035		1.83134263054	0.98	0.911	1.53238e-12		1.79762957436	0.88	0.818	1.94941e-12
799   	2600  	198.286		1.8316281963	0.98	0.911	1.53128e-12		1.7979968499	0.88	0.818	1.94662e-12
799   	2600  	198.538		1.8319130079	0.98	0.911	1.53018e-12		1.79836315253	0.88	0.819	1.94385e-12
800   	1600  	186.206		1.78661302998	0.949	0.868	1.11735e-12		1.75511449186	0.873	0.773	1.41774e-12
800   	1600  	186.458		1.78700642181	0.949	0.868	1.11608e-12		1.75557836364	0.873	0.774	1.41513e-12
800   	1600  	186.71		1.78739869212	0.95	0.868	1.11481e-12		1.75604098507	0.874	0.775	1.41253e-12
800   	1600  	186.961		1.78778984529	0.95	0.869	1.11354e-12		1.7565023601	0.874	0.775	1.40995e-12
800   	1600  	187.213		1.7881798857	0.95	0.869	1.11228e-12		1.75696249264	0.874	0.776	1.40738e-12
800   	1600  	187.465		1.7885688177	0.95	0.87	1.11103e-12		1.7574213866	0.874	0.777	1.40483e-12
800   	1600  	187.716		1.78895664564	0.95	0.87	1.10979e-12		1.7578790459	0.874	0.778	1.40229e-12
800   	1600  	187.968		1.78934337382	0.95	0.871	1.10855e-12		1.75833547444	0.874	0.778	1.39976e-12
800   	1600  	188.22		1.78972900654	0.95	0.871	1.10731e-12		1.7587906761	0.875	0.779	1.39725e-12
800   	1600  	188.471		1.79011354809	0.95	0.871	1.10608e-12		1.75924465477	0.875	0.78	1.39475e-12
800   	1600  	188.723		1.79049700272	0.95	0.872	1.10486e-12		1.75969741433	0.875	0.78	1.39227e-12
800   	1600  	188.975		1.79087937468	0.951	0.872	1.10364e-12		1.76014895864	0.875	0.781	1.38979e-12
800   	1600  	189.226		1.79126066819	0.951	0.873	1.10243e-12		1.76059929157	0.875	0.782	1.38734e-12
800   	1600  	189.478		1.79164088746	0.951	0.873	1.10122e-12		1.76104841697	0.875	0.782	1.38489e-12
800   	1600  	189.73		1.79202003667	0.951	0.873	1.10002e-12		1.76149633867	0.876	0.783	1.38246e-12
800   	1600  	189.981		1.79239811999	0.951	0.874	1.09883e-12		1.76194306051	0.876	0.784	1.38004e-12
800   	1600  	190.233		1.79277514158	0.951	0.874	1.09764e-12		1.76238858633	0.876	0.784	1.37763e-12
800   	1600  	190.485		1.79315110557	0.951	0.875	1.09645e-12		1.76283291993	0.876	0.785	1.37524e-12
800   	1600  	190.736		1.79352601607	0.951	0.875	1.09527e-12		1.76327606513	0.876	0.786	1.37286e-12
800   	1600  	190.988		1.79389987717	0.951	0.875	1.0941e-12		1.76371802573	0.876	0.786	1.37049e-12
800   	1600  	191.24		1.79427269297	0.951	0.876	1.09293e-12		1.76415880551	0.876	0.787	1.36813e-12
800   	1600  	191.491		1.79464446751	0.952	0.876	1.09176e-12		1.76459840827	0.877	0.788	1.36579e-12
800   	1600  	191.743		1.79501520485	0.952	0.877	1.0906e-12		1.76503683777	0.877	0.788	1.36346e-12
800   	1600  	191.995		1.795384909 	0.952	0.877	1.08945e-12		1.76547409779	0.877	0.789	1.36114e-12
800   	1600  	192.246		1.79575358399	0.952	0.877	1.0883e-12		1.76591019207	0.877	0.79	1.35883e-12
800   	1600  	192.498		1.79612123379	0.952	0.878	1.08716e-12		1.76634512438	0.877	0.79	1.35654e-12
800   	1600  	192.75		1.79648786238	0.952	0.878	1.08602e-12		1.76677889844	0.877	0.791	1.35425e-12
800   	1600  	193.001		1.79685347372	0.952	0.879	1.08488e-12		1.76721151799	0.878	0.792	1.35198e-12
800   	1600  	193.253		1.79721807175	0.952	0.879	1.08375e-12		1.76764298675	0.878	0.792	1.34972e-12
800   	1600  	193.505		1.79758166038	0.952	0.879	1.08263e-12		1.76807330842	0.878	0.793	1.34748e-12
800   	1600  	193.756		1.79794424353	0.953	0.88	1.08151e-12		1.76850248673	0.878	0.793	1.34524e-12
800   	1600  	194.008		1.79830582508	0.953	0.88	1.0804e-12		1.76893052535	0.878	0.794	1.34302e-12
800   	1600  	194.26		1.7986664089	0.953	0.88	1.07929e-12		1.76935742797	0.878	0.795	1.3408e-12
800   	1600  	194.511		1.79902599885	0.953	0.881	1.07818e-12		1.76978319828	0.879	0.795	1.3386e-12
800   	1600  	194.763		1.79938459876	0.953	0.881	1.07708e-12		1.77020783993	0.879	0.796	1.33641e-12
800   	1600  	195.015		1.79974221245	0.953	0.882	1.07599e-12		1.77063135658	0.879	0.797	1.33423e-12
800   	1600  	195.266		1.80009884373	0.953	0.882	1.0749e-12		1.77105375189	0.879	0.797	1.33206e-12
800   	1600  	195.518		1.80045449638	0.953	0.882	1.07381e-12		1.77147502949	0.879	0.798	1.32991e-12
800   	1600  	195.77		1.80080917417	0.953	0.883	1.07273e-12		1.771895193 	0.879	0.798	1.32776e-12
800   	1600  	196.021		1.80116288086	0.953	0.883	1.07166e-12		1.77231424606	0.879	0.799	1.32562e-12
800   	1600  	196.273		1.80151562019	0.954	0.883	1.07058e-12		1.77273219227	0.88	0.8	1.3235e-12
800   	1600  	196.525		1.80186739587	0.954	0.884	1.06952e-12		1.77314903523	0.88	0.8	1.32139e-12
800   	1600  	196.776		1.80221821161	0.954	0.884	1.06846e-12		1.77356477854	0.88	0.801	1.31928e-12
800   	1600  	197.028		1.8025680711	0.954	0.884	1.0674e-12		1.77397942577	0.88	0.802	1.31719e-12
800   	1600  	197.28		1.80291697801	0.954	0.885	1.06634e-12		1.7743929805	0.88	0.802	1.31511e-12
800   	1600  	197.531		1.803264936 	0.954	0.885	1.06529e-12		1.7748054463	0.88	0.803	1.31304e-12
800   	1600  	197.783		1.80361194871	0.954	0.885	1.06425e-12		1.77521682672	0.881	0.803	1.31097e-12
800   	1600  	198.035		1.80395801977	0.954	0.886	1.06321e-12		1.7756271253	0.881	0.804	1.30892e-12
800   	1600  	198.286		1.80430315277	0.954	0.886	1.06217e-12		1.77603634557	0.881	0.805	1.30688e-12
800   	1600  	198.538		1.80464735132	0.954	0.887	1.06114e-12		1.77644449107	0.881	0.805	1.30485e-12
800   	1700  	186.206		1.79189026159	0.954	0.874	1.16103e-12		1.75916344117	0.873	0.777	1.48495e-12
800   	1700  	186.458		1.79227241201	0.954	0.874	1.15977e-12		1.75962012778	0.873	0.777	1.48226e-12
800   	1700  	186.71		1.79265347147	0.954	0.875	1.15851e-12		1.7600755768	0.873	0.778	1.47958e-12
800   	1700  	186.961		1.79303344431	0.954	0.875	1.15726e-12		1.76052979219	0.874	0.779	1.47691e-12
800   	1700  	187.213		1.79341233483	0.954	0.875	1.15601e-12		1.7609827779	0.874	0.779	1.47426e-12
800   	1700  	187.465		1.79379014731	0.954	0.876	1.15477e-12		1.76143453788	0.874	0.78	1.47162e-12
800   	1700  	187.716		1.79416688603	0.955	0.876	1.15354e-12		1.76188507606	0.874	0.781	1.469e-12
800   	1700  	187.968		1.79454255524	0.955	0.877	1.15231e-12		1.76233439638	0.874	0.781	1.46639e-12
800   	1700  	188.22		1.79491715917	0.955	0.877	1.15109e-12		1.76278250274	0.874	0.782	1.4638e-12
800   	1700  	188.471		1.79529070203	0.955	0.877	1.14987e-12		1.76322939905	0.875	0.783	1.46122e-12
800   	1700  	188.723		1.79566318801	0.955	0.878	1.14866e-12		1.76367508923	0.875	0.783	1.45865e-12
800   	1700  	188.975		1.7960346213	0.955	0.878	1.14745e-12		1.76411957715	0.875	0.784	1.4561e-12
800   	1700  	189.226		1.79640500604	0.955	0.878	1.14625e-12		1.76456286669	0.875	0.785	1.45356e-12
800   	1700  	189.478		1.79677434637	0.955	0.879	1.14505e-12		1.76500496175	0.875	0.785	1.45104e-12
800   	1700  	189.73		1.79714264642	0.955	0.879	1.14386e-12		1.76544586616	0.875	0.786	1.44853e-12
800   	1700  	189.981		1.79750991028	0.955	0.88	1.14267e-12		1.7658855838	0.876	0.787	1.44603e-12
800   	1700  	190.233		1.79787614203	0.956	0.88	1.14149e-12		1.76632411851	0.876	0.787	1.44354e-12
800   	1700  	190.485		1.79824134574	0.956	0.88	1.14032e-12		1.76676147412	0.876	0.788	1.44107e-12
800   	1700  	190.736		1.79860552546	0.956	0.881	1.13915e-12		1.76719765446	0.876	0.789	1.43861e-12
800   	1700  	190.988		1.7989686852	0.956	0.881	1.13798e-12		1.76763266335	0.876	0.789	1.43616e-12
800   	1700  	191.24		1.79933082899	0.956	0.881	1.13682e-12		1.76806650459	0.876	0.79	1.43373e-12
800   	1700  	191.491		1.7996919608	0.956	0.882	1.13567e-12		1.76849918199	0.876	0.791	1.43131e-12
800   	1700  	191.743		1.80005208462	0.956	0.882	1.13452e-12		1.76893069933	0.877	0.791	1.4289e-12
800   	1700  	191.995		1.80041120439	0.956	0.883	1.13337e-12		1.7693610604	0.877	0.792	1.42651e-12
800   	1700  	192.246		1.80076932407	0.956	0.883	1.13223e-12		1.76979026897	0.877	0.793	1.42412e-12
800   	1700  	192.498		1.80112644755	0.956	0.883	1.1311e-12		1.77021832879	0.877	0.793	1.42175e-12
800   	1700  	192.75		1.80148257876	0.957	0.884	1.12997e-12		1.77064524361	0.877	0.794	1.41939e-12
800   	1700  	193.001		1.80183772157	0.957	0.884	1.12884e-12		1.77107101719	0.877	0.795	1.41705e-12
800   	1700  	193.253		1.80219187985	0.957	0.884	1.12772e-12		1.77149565325	0.878	0.795	1.41471e-12
800   	1700  	193.505		1.80254505745	0.957	0.885	1.1266e-12		1.77191915552	0.878	0.796	1.41239e-12
800   	1700  	193.756		1.80289725821	0.957	0.885	1.12549e-12		1.7723415277	0.878	0.796	1.41008e-12
800   	1700  	194.008		1.80324848593	0.957	0.885	1.12439e-12		1.7727627735	0.878	0.797	1.40778e-12
800   	1700  	194.26		1.80359874442	0.957	0.886	1.12329e-12		1.77318289662	0.878	0.798	1.40549e-12
800   	1700  	194.511		1.80394803746	0.957	0.886	1.12219e-12		1.77360190073	0.878	0.798	1.40322e-12
800   	1700  	194.763		1.80429636882	0.957	0.887	1.1211e-12		1.77401978952	0.879	0.799	1.40095e-12
800   	1700  	195.015		1.80464374223	0.957	0.887	1.12001e-12		1.77443656664	0.879	0.8	1.3987e-12
800   	1700  	195.266		1.80499016144	0.957	0.887	1.11893e-12		1.77485223575	0.879	0.8	1.39646e-12
800   	1700  	195.518		1.80533563015	0.958	0.888	1.11785e-12		1.77526680049	0.879	0.801	1.39423e-12
800   	1700  	195.77		1.80568015207	0.958	0.888	1.11677e-12		1.7756802645	0.879	0.801	1.39201e-12
800   	1700  	196.021		1.80602373087	0.958	0.888	1.1157e-12		1.77609263141	0.879	0.802	1.38981e-12
800   	1700  	196.273		1.80636637022	0.958	0.889	1.11464e-12		1.77650390482	0.88	0.803	1.38761e-12
800   	1700  	196.525		1.80670807377	0.958	0.889	1.11358e-12		1.77691408834	0.88	0.803	1.38542e-12
800   	1700  	196.776		1.80704884515	0.958	0.889	1.11252e-12		1.77732318557	0.88	0.804	1.38325e-12
800   	1700  	197.028		1.80738868797	0.958	0.89	1.11147e-12		1.7777312001	0.88	0.804	1.38109e-12
800   	1700  	197.28		1.80772760583	0.958	0.89	1.11042e-12		1.77813813549	0.88	0.805	1.37893e-12
800   	1700  	197.531		1.80806560232	0.958	0.89	1.10938e-12		1.77854399531	0.88	0.806	1.37679e-12
800   	1700  	197.783		1.80840268101	0.958	0.891	1.10834e-12		1.77894878311	0.88	0.806	1.37466e-12
800   	1700  	198.035		1.80873884544	0.959	0.891	1.10731e-12		1.77935250245	0.881	0.807	1.37254e-12
800   	1700  	198.286		1.80907409915	0.959	0.891	1.10628e-12		1.77975515685	0.881	0.807	1.37043e-12
800   	1700  	198.538		1.80940844567	0.959	0.892	1.10525e-12		1.78015674984	0.881	0.808	1.36833e-12
800   	1800  	186.206		1.7964190898	0.958	0.879	1.20597e-12		1.76268316843	0.873	0.779	1.55244e-12
800   	1800  	186.458		1.79679137496	0.958	0.879	1.20471e-12		1.7631334036	0.873	0.78	1.54966e-12
800   	1800  	186.71		1.79716259733	0.958	0.879	1.20346e-12		1.76358241382	0.873	0.781	1.54689e-12
800   	1800  	186.961		1.79753276116	0.958	0.88	1.20221e-12		1.76403020305	0.873	0.781	1.54414e-12
800   	1800  	187.213		1.79790187068	0.958	0.88	1.20097e-12		1.76447677527	0.874	0.782	1.5414e-12
800   	1800  	187.465		1.79826993012	0.958	0.881	1.19974e-12		1.76492213443	0.874	0.783	1.53868e-12
800   	1800  	187.716		1.79863694366	0.959	0.881	1.19851e-12		1.76536628448	0.874	0.783	1.53598e-12
800   	1800  	187.968		1.7990029155	0.959	0.881	1.19729e-12		1.76580922937	0.874	0.784	1.53328e-12
800   	1800  	188.22		1.79936784977	0.959	0.882	1.19607e-12		1.76625097301	0.874	0.785	1.53061e-12
800   	1800  	188.471		1.79973175063	0.959	0.882	1.19486e-12		1.76669151934	0.874	0.785	1.52794e-12
800   	1800  	188.723		1.80009462219	0.959	0.882	1.19365e-12		1.76713087225	0.875	0.786	1.52529e-12
800   	1800  	188.975		1.80045646855	0.959	0.883	1.19245e-12		1.76756903566	0.875	0.787	1.52266e-12
800   	1800  	189.226		1.8008172938	0.959	0.883	1.19125e-12		1.76800601345	0.875	0.787	1.52004e-12
800   	1800  	189.478		1.801177102 	0.959	0.884	1.19006e-12		1.7684418095	0.875	0.788	1.51743e-12
800   	1800  	189.73		1.80153589719	0.959	0.884	1.18887e-12		1.76887642769	0.875	0.789	1.51484e-12
800   	1800  	189.981		1.8018936834	0.959	0.884	1.18769e-12		1.76930987187	0.875	0.789	1.51226e-12
800   	1800  	190.233		1.80225046464	0.96	0.885	1.18651e-12		1.7697421459	0.876	0.79	1.50969e-12
800   	1800  	190.485		1.80260624489	0.96	0.885	1.18534e-12		1.77017325363	0.876	0.791	1.50714e-12
800   	1800  	190.736		1.80296102813	0.96	0.885	1.18418e-12		1.77060319887	0.876	0.791	1.5046e-12
800   	1800  	190.988		1.80331481831	0.96	0.886	1.18301e-12		1.77103198547	0.876	0.792	1.50207e-12
800   	1800  	191.24		1.80366761937	0.96	0.886	1.18186e-12		1.77145961722	0.876	0.793	1.49956e-12
800   	1800  	191.491		1.80401943522	0.96	0.886	1.18071e-12		1.77188609793	0.876	0.793	1.49706e-12
800   	1800  	191.743		1.80437026975	0.96	0.887	1.17956e-12		1.7723114314	0.877	0.794	1.49457e-12
800   	1800  	191.995		1.80472012686	0.96	0.887	1.17842e-12		1.77273562141	0.877	0.794	1.4921e-12
800   	1800  	192.246		1.8050690104	0.96	0.887	1.17728e-12		1.77315867172	0.877	0.795	1.48963e-12
800   	1800  	192.498		1.80541692422	0.96	0.888	1.17615e-12		1.77358058611	0.877	0.796	1.48719e-12
800   	1800  	192.75		1.80576387214	0.96	0.888	1.17502e-12		1.77400136832	0.877	0.796	1.48475e-12
800   	1800  	193.001		1.80610985798	0.961	0.889	1.1739e-12		1.7744210221	0.877	0.797	1.48233e-12
800   	1800  	193.253		1.80645488553	0.961	0.889	1.17278e-12		1.77483955117	0.878	0.798	1.47991e-12
800   	1800  	193.505		1.80679895857	0.961	0.889	1.17167e-12		1.77525695927	0.878	0.798	1.47751e-12
800   	1800  	193.756		1.80714208084	0.961	0.89	1.17056e-12		1.7756732501	0.878	0.799	1.47513e-12
800   	1800  	194.008		1.8074842561	0.961	0.89	1.16946e-12		1.77608842737	0.878	0.799	1.47275e-12
800   	1800  	194.26		1.80782548806	0.961	0.89	1.16836e-12		1.77650249476	0.878	0.8	1.47039e-12
800   	1800  	194.511		1.80816578044	0.961	0.891	1.16727e-12		1.77691545596	0.878	0.801	1.46804e-12
800   	1800  	194.763		1.80850513692	0.961	0.891	1.16618e-12		1.77732731464	0.878	0.801	1.4657e-12
800   	1800  	195.015		1.80884356118	0.961	0.891	1.16509e-12		1.77773807446	0.879	0.802	1.46337e-12
800   	1800  	195.266		1.80918105687	0.961	0.892	1.16401e-12		1.77814773907	0.879	0.803	1.46106e-12
800   	1800  	195.518		1.80951762763	0.961	0.892	1.16294e-12		1.77855631211	0.879	0.803	1.45875e-12
800   	1800  	195.77		1.80985327708	0.961	0.892	1.16186e-12		1.77896379721	0.879	0.804	1.45646e-12
800   	1800  	196.021		1.81018800884	0.962	0.893	1.1608e-12		1.77937019799	0.879	0.804	1.45418e-12
800   	1800  	196.273		1.81052182649	0.962	0.893	1.15973e-12		1.77977551806	0.879	0.805	1.45191e-12
800   	1800  	196.525		1.8108547336	0.962	0.893	1.15867e-12		1.78017976101	0.88	0.806	1.44965e-12
800   	1800  	196.776		1.81118673373	0.962	0.894	1.15762e-12		1.78058293045	0.88	0.806	1.4474e-12
800   	1800  	197.028		1.81151783042	0.962	0.894	1.15657e-12		1.78098502993	0.88	0.807	1.44517e-12
800   	1800  	197.28		1.8118480272	0.962	0.894	1.15552e-12		1.78138606304	0.88	0.807	1.44294e-12
800   	1800  	197.531		1.81217732758	0.962	0.894	1.15448e-12		1.78178603334	0.88	0.808	1.44073e-12
800   	1800  	197.783		1.81250573504	0.962	0.895	1.15345e-12		1.78218494435	0.88	0.808	1.43853e-12
800   	1800  	198.035		1.81283325308	0.962	0.895	1.15241e-12		1.78258279964	0.881	0.809	1.43633e-12
800   	1800  	198.286		1.81315988514	0.962	0.895	1.15138e-12		1.78297960271	0.881	0.81	1.43415e-12
800   	1800  	198.538		1.81348563467	0.962	0.896	1.15036e-12		1.78337535709	0.881	0.81	1.43198e-12
800   	1900  	186.206		1.80033315652	0.962	0.883	1.25191e-12		1.76576151213	0.873	0.782	1.62013e-12
800   	1900  	186.458		1.80069675325	0.962	0.883	1.25066e-12		1.76620594453	0.873	0.782	1.61726e-12
800   	1900  	186.71		1.80105931295	0.962	0.883	1.24941e-12		1.76664916426	0.873	0.783	1.61441e-12
800   	1900  	186.961		1.80142083982	0.962	0.884	1.24816e-12		1.76709117528	0.873	0.784	1.61157e-12
800   	1900  	187.213		1.80178133802	0.962	0.884	1.24693e-12		1.76753198156	0.874	0.784	1.60875e-12
800   	1900  	187.465		1.80214081167	0.962	0.885	1.24569e-12		1.76797158708	0.874	0.785	1.60594e-12
800   	1900  	187.716		1.80249926492	0.962	0.885	1.24446e-12		1.76840999577	0.874	0.786	1.60315e-12
800   	1900  	187.968		1.80285670184	0.962	0.885	1.24324e-12		1.76884721158	0.874	0.786	1.60037e-12
800   	1900  	188.22		1.80321312654	0.962	0.886	1.24202e-12		1.76928323843	0.874	0.787	1.59761e-12
800   	1900  	188.471		1.80356854307	0.962	0.886	1.24081e-12		1.76971808026	0.874	0.788	1.59486e-12
800   	1900  	188.723		1.80392295547	0.962	0.886	1.2396e-12		1.77015174097	0.875	0.788	1.59212e-12
800   	1900  	188.975		1.80427636778	0.963	0.887	1.2384e-12		1.77058422446	0.875	0.789	1.58941e-12
800   	1900  	189.226		1.80462878399	0.963	0.887	1.23721e-12		1.77101553462	0.875	0.79	1.5867e-12
800   	1900  	189.478		1.8049802081	0.963	0.887	1.23601e-12		1.77144567533	0.875	0.79	1.58401e-12
800   	1900  	189.73		1.80533064408	0.963	0.888	1.23483e-12		1.77187465047	0.875	0.791	1.58133e-12
800   	1900  	189.981		1.80568009587	0.963	0.888	1.23365e-12		1.77230246388	0.875	0.792	1.57867e-12
800   	1900  	190.233		1.80602856741	0.963	0.888	1.23247e-12		1.77272911943	0.875	0.792	1.57602e-12
800   	1900  	190.485		1.80637606262	0.963	0.889	1.2313e-12		1.77315462094	0.876	0.793	1.57338e-12
800   	1900  	190.736		1.80672258538	0.963	0.889	1.23013e-12		1.77357897226	0.876	0.793	1.57076e-12
800   	1900  	190.988		1.80706813957	0.963	0.889	1.22897e-12		1.77400217719	0.876	0.794	1.56815e-12
800   	1900  	191.24		1.80741272907	0.963	0.89	1.22781e-12		1.77442423955	0.876	0.795	1.56556e-12
800   	1900  	191.491		1.80775635769	0.963	0.89	1.22666e-12		1.77484516313	0.876	0.795	1.56298e-12
800   	1900  	191.743		1.80809902928	0.963	0.891	1.22552e-12		1.77526495172	0.876	0.796	1.56041e-12
800   	1900  	191.995		1.80844074764	0.964	0.891	1.22437e-12		1.7756836091	0.877	0.797	1.55786e-12
800   	1900  	192.246		1.80878151654	0.964	0.891	1.22324e-12		1.77610113904	0.877	0.797	1.55532e-12
800   	1900  	192.498		1.80912133977	0.964	0.892	1.2221e-12		1.77651754529	0.877	0.798	1.55279e-12
800   	1900  	192.75		1.80946022108	0.964	0.892	1.22098e-12		1.77693283159	0.877	0.798	1.55027e-12
800   	1900  	193.001		1.8097981642	0.964	0.892	1.21985e-12		1.77734700169	0.877	0.799	1.54777e-12
800   	1900  	193.253		1.81013517285	0.964	0.893	1.21873e-12		1.77776005931	0.877	0.8	1.54528e-12
800   	1900  	193.505		1.81047125073	0.964	0.893	1.21762e-12		1.77817200815	0.878	0.8	1.5428e-12
800   	1900  	193.756		1.81080640153	0.964	0.893	1.21651e-12		1.77858285193	0.878	0.801	1.54034e-12
800   	1900  	194.008		1.81114062891	0.964	0.893	1.21541e-12		1.77899259434	0.878	0.802	1.53788e-12
800   	1900  	194.26		1.81147393651	0.964	0.894	1.21431e-12		1.77940123906	0.878	0.802	1.53544e-12
800   	1900  	194.511		1.81180632798	0.964	0.894	1.21321e-12		1.77980878976	0.878	0.803	1.53301e-12
800   	1900  	194.763		1.81213780693	0.964	0.894	1.21212e-12		1.78021525011	0.878	0.803	1.5306e-12
800   	1900  	195.015		1.81246837696	0.965	0.895	1.21103e-12		1.78062062375	0.879	0.804	1.5282e-12
800   	1900  	195.266		1.81279804165	0.965	0.895	1.20995e-12		1.78102491433	0.879	0.805	1.5258e-12
800   	1900  	195.518		1.81312680456	0.965	0.895	1.20887e-12		1.78142812547	0.879	0.805	1.52342e-12
800   	1900  	195.77		1.81345466925	0.965	0.896	1.2078e-12		1.78183026079	0.879	0.806	1.52106e-12
800   	1900  	196.021		1.81378163924	0.965	0.896	1.20673e-12		1.78223132391	0.879	0.806	1.5187e-12
800   	1900  	196.273		1.81410771806	0.965	0.896	1.20567e-12		1.78263131842	0.879	0.807	1.51636e-12
800   	1900  	196.525		1.81443290921	0.965	0.897	1.20461e-12		1.78303024791	0.88	0.807	1.51402e-12
800   	1900  	196.776		1.81475721616	0.965	0.897	1.20355e-12		1.78342811594	0.88	0.808	1.5117e-12
800   	1900  	197.028		1.81508064239	0.965	0.897	1.2025e-12		1.7838249261	0.88	0.809	1.50939e-12
800   	1900  	197.28		1.81540319135	0.965	0.898	1.20145e-12		1.78422068194	0.88	0.809	1.50709e-12
800   	1900  	197.531		1.81572486647	0.965	0.898	1.20041e-12		1.78461538699	0.88	0.81	1.50481e-12
800   	1900  	197.783		1.81604567118	0.965	0.898	1.19937e-12		1.7850090448	0.88	0.81	1.50253e-12
800   	1900  	198.035		1.81636560887	0.966	0.899	1.19833e-12		1.78540165888	0.88	0.811	1.50026e-12
800   	1900  	198.286		1.81668468295	0.966	0.899	1.1973e-12		1.78579323275	0.881	0.811	1.49801e-12
800   	1900  	198.538		1.81700289677	0.966	0.899	1.19628e-12		1.78618376991	0.881	0.812	1.49577e-12
800   	2000  	186.206		1.80373795569	0.965	0.886	1.29869e-12		1.76846896028	0.873	0.783	1.68799e-12
800   	2000  	186.458		1.80409387153	0.965	0.886	1.29743e-12		1.76890816239	0.873	0.784	1.68503e-12
800   	2000  	186.71		1.80444877387	0.965	0.887	1.29618e-12		1.76934616359	0.873	0.785	1.68209e-12
800   	2000  	186.961		1.80480266681	0.965	0.887	1.29493e-12		1.76978296785	0.873	0.785	1.67916e-12
800   	2000  	187.213		1.80515555444	0.965	0.888	1.29369e-12		1.77021857914	0.873	0.786	1.67625e-12
800   	2000  	187.465		1.80550744082	0.965	0.888	1.29245e-12		1.77065300142	0.874	0.787	1.67335e-12
800   	2000  	187.716		1.80585833  	0.965	0.888	1.29122e-12		1.77108623863	0.874	0.787	1.67047e-12
800   	2000  	187.968		1.806208226 	0.965	0.889	1.28999e-12		1.77151829471	0.874	0.788	1.66761e-12
800   	2000  	188.22		1.80655713284	0.965	0.889	1.28877e-12		1.77194917358	0.874	0.789	1.66476e-12
800   	2000  	188.471		1.8069050545	0.965	0.889	1.28756e-12		1.77237887916	0.874	0.789	1.66192e-12
800   	2000  	188.723		1.80725199495	0.966	0.89	1.28635e-12		1.77280741535	0.874	0.79	1.6591e-12
800   	2000  	188.975		1.80759795815	0.966	0.89	1.28514e-12		1.77323478604	0.875	0.791	1.6563e-12
800   	2000  	189.226		1.80794294801	0.966	0.89	1.28394e-12		1.77366099511	0.875	0.791	1.6535e-12
800   	2000  	189.478		1.80828696847	0.966	0.891	1.28275e-12		1.77408604645	0.875	0.792	1.65073e-12
800   	2000  	189.73		1.8086300234	0.966	0.891	1.28156e-12		1.77450994391	0.875	0.793	1.64797e-12
800   	2000  	189.981		1.8089721167	0.966	0.891	1.28037e-12		1.77493269134	0.875	0.793	1.64522e-12
800   	2000  	190.233		1.80931325221	0.966	0.892	1.27919e-12		1.77535429258	0.875	0.794	1.64249e-12
800   	2000  	190.485		1.80965343378	0.966	0.892	1.27802e-12		1.77577475146	0.876	0.795	1.63977e-12
800   	2000  	190.736		1.80999266523	0.966	0.892	1.27685e-12		1.77619407181	0.876	0.795	1.63706e-12
800   	2000  	190.988		1.81033095036	0.966	0.893	1.27568e-12		1.77661225742	0.876	0.796	1.63437e-12
800   	2000  	191.24		1.81066829296	0.966	0.893	1.27452e-12		1.77702931211	0.876	0.796	1.63169e-12
800   	2000  	191.491		1.81100469679	0.966	0.893	1.27337e-12		1.77744523964	0.876	0.797	1.62903e-12
800   	2000  	191.743		1.81134016562	0.967	0.894	1.27222e-12		1.77786004382	0.876	0.798	1.62638e-12
800   	2000  	191.995		1.81167470316	0.967	0.894	1.27107e-12		1.77827372839	0.877	0.798	1.62374e-12
800   	2000  	192.246		1.81200831313	0.967	0.894	1.26993e-12		1.77868629711	0.877	0.799	1.62112e-12
800   	2000  	192.498		1.81234099924	0.967	0.895	1.26879e-12		1.77909775373	0.877	0.8	1.61851e-12
800   	2000  	192.75		1.81267276516	0.967	0.895	1.26766e-12		1.77950810198	0.877	0.8	1.61592e-12
800   	2000  	193.001		1.81300361455	0.967	0.895	1.26654e-12		1.77991734559	0.877	0.801	1.61333e-12
800   	2000  	193.253		1.81333355107	0.967	0.896	1.26541e-12		1.78032548826	0.877	0.801	1.61076e-12
800   	2000  	193.505		1.81366257833	0.967	0.896	1.26429e-12		1.7807325337	0.878	0.802	1.60821e-12
800   	2000  	193.756		1.81399069995	0.967	0.896	1.26318e-12		1.78113848559	0.878	0.803	1.60566e-12
800   	2000  	194.008		1.81431791953	0.967	0.896	1.26207e-12		1.78154334763	0.878	0.803	1.60313e-12
800   	2000  	194.26		1.81464424063	0.967	0.897	1.26097e-12		1.78194712347	0.878	0.804	1.60061e-12
800   	2000  	194.511		1.81496966683	0.967	0.897	1.25987e-12		1.78234981678	0.878	0.804	1.59811e-12
800   	2000  	194.763		1.81529420167	0.967	0.897	1.25877e-12		1.7827514312	0.878	0.805	1.59561e-12
800   	2000  	195.015		1.81561784867	0.968	0.898	1.25768e-12		1.78315197036	0.878	0.806	1.59313e-12
800   	2000  	195.266		1.81594061135	0.968	0.898	1.25659e-12		1.7835514379	0.879	0.806	1.59066e-12
800   	2000  	195.518		1.8162624932	0.968	0.898	1.25551e-12		1.78394983743	0.879	0.807	1.58821e-12
800   	2000  	195.77		1.81658349769	0.968	0.899	1.25443e-12		1.78434717255	0.879	0.807	1.58576e-12
800   	2000  	196.021		1.8169036283	0.968	0.899	1.25336e-12		1.78474344685	0.879	0.808	1.58333e-12
800   	2000  	196.273		1.81722288846	0.968	0.899	1.25229e-12		1.78513866393	0.879	0.809	1.58091e-12
800   	2000  	196.525		1.81754128161	0.968	0.9	1.25123e-12		1.78553282734	0.879	0.809	1.5785e-12
800   	2000  	196.776		1.81785881115	0.968	0.9	1.25017e-12		1.78592594065	0.88	0.81	1.57611e-12
800   	2000  	197.028		1.8181754805	0.968	0.9	1.24911e-12		1.7863180074	0.88	0.81	1.57372e-12
800   	2000  	197.28		1.81849129302	0.968	0.9	1.24806e-12		1.78670903115	0.88	0.811	1.57135e-12
800   	2000  	197.531		1.81880625209	0.968	0.901	1.24701e-12		1.78709901541	0.88	0.811	1.56899e-12
800   	2000  	197.783		1.81912036105	0.968	0.901	1.24596e-12		1.7874879637	0.88	0.812	1.56664e-12
800   	2000  	198.035		1.81943362325	0.968	0.901	1.24492e-12		1.78787587953	0.88	0.813	1.5643e-12
800   	2000  	198.286		1.819746042 	0.968	0.902	1.24389e-12		1.78826276639	0.881	0.813	1.56197e-12
800   	2000  	198.538		1.8200576206	0.969	0.902	1.24286e-12		1.78864862777	0.881	0.814	1.55965e-12
800   	2100  	186.206		1.80671753844	0.968	0.889	1.34615e-12		1.77086256599	0.873	0.785	1.75597e-12
800   	2100  	186.458		1.80706663814	0.968	0.889	1.34488e-12		1.77129704291	0.873	0.786	1.75292e-12
800   	2100  	186.71		1.80741474575	0.968	0.89	1.34362e-12		1.77173033011	0.873	0.786	1.74989e-12
800   	2100  	186.961		1.80776186531	0.968	0.89	1.34237e-12		1.77216243157	0.873	0.787	1.74687e-12
800   	2100  	187.213		1.80810800083	0.968	0.89	1.34112e-12		1.77259335124	0.873	0.788	1.74387e-12
800   	2100  	187.465		1.8084531563	0.968	0.891	1.33988e-12		1.77302309306	0.874	0.788	1.74088e-12
800   	2100  	187.716		1.8087973357	0.968	0.891	1.33864e-12		1.77345166097	0.874	0.789	1.73791e-12
800   	2100  	187.968		1.80914054297	0.968	0.891	1.33741e-12		1.77387905889	0.874	0.79	1.73496e-12
800   	2100  	188.22		1.80948278205	0.968	0.892	1.33618e-12		1.77430529075	0.874	0.79	1.73202e-12
800   	2100  	188.471		1.80982405687	0.968	0.892	1.33496e-12		1.77473036043	0.874	0.791	1.7291e-12
800   	2100  	188.723		1.81016437131	0.968	0.892	1.33375e-12		1.77515427184	0.874	0.792	1.72619e-12
800   	2100  	188.975		1.81050372925	0.968	0.893	1.33254e-12		1.77557702885	0.875	0.792	1.7233e-12
800   	2100  	189.226		1.81084213456	0.968	0.893	1.33133e-12		1.77599863533	0.875	0.793	1.72042e-12
800   	2100  	189.478		1.81117959107	0.969	0.893	1.33013e-12		1.77641909515	0.875	0.794	1.71756e-12
800   	2100  	189.73		1.81151610262	0.969	0.894	1.32893e-12		1.77683841216	0.875	0.794	1.71471e-12
800   	2100  	189.981		1.811851673 	0.969	0.894	1.32774e-12		1.77725659018	0.875	0.795	1.71188e-12
800   	2100  	190.233		1.812186306 	0.969	0.894	1.32655e-12		1.77767363305	0.875	0.795	1.70906e-12
800   	2100  	190.485		1.81252000539	0.969	0.895	1.32537e-12		1.77808954459	0.876	0.796	1.70625e-12
800   	2100  	190.736		1.81285277492	0.969	0.895	1.3242e-12		1.7785043286	0.876	0.797	1.70346e-12
800   	2100  	190.988		1.81318461832	0.969	0.895	1.32302e-12		1.77891798887	0.876	0.797	1.70069e-12
800   	2100  	191.24		1.81351553932	0.969	0.896	1.32186e-12		1.77933052919	0.876	0.798	1.69793e-12
800   	2100  	191.491		1.8138455416	0.969	0.896	1.3207e-12		1.77974195334	0.876	0.799	1.69518e-12
800   	2100  	191.743		1.81417462884	0.969	0.896	1.31954e-12		1.78015226506	0.876	0.799	1.69245e-12
800   	2100  	191.995		1.81450280472	0.969	0.896	1.31839e-12		1.78056146812	0.876	0.8	1.68973e-12
800   	2100  	192.246		1.81483007286	0.969	0.897	1.31724e-12		1.78096956625	0.877	0.8	1.68703e-12
800   	2100  	192.498		1.81515643691	0.969	0.897	1.31609e-12		1.78137656319	0.877	0.801	1.68433e-12
800   	2100  	192.75		1.81548190047	0.969	0.897	1.31496e-12		1.78178246265	0.877	0.802	1.68166e-12
800   	2100  	193.001		1.81580646714	0.97	0.898	1.31382e-12		1.78218726833	0.877	0.802	1.67899e-12
800   	2100  	193.253		1.81613014049	0.97	0.898	1.31269e-12		1.78259098394	0.877	0.803	1.67634e-12
800   	2100  	193.505		1.81645292407	0.97	0.898	1.31157e-12		1.78299361315	0.877	0.803	1.6737e-12
800   	2100  	193.756		1.81677482144	0.97	0.899	1.31045e-12		1.78339515965	0.878	0.804	1.67108e-12
800   	2100  	194.008		1.81709583612	0.97	0.899	1.30933e-12		1.78379562709	0.878	0.805	1.66847e-12
800   	2100  	194.26		1.81741597162	0.97	0.899	1.30822e-12		1.78419501913	0.878	0.805	1.66587e-12
800   	2100  	194.511		1.81773523142	0.97	0.9	1.30711e-12		1.7845933394	0.878	0.806	1.66329e-12
800   	2100  	194.763		1.81805361901	0.97	0.9	1.30601e-12		1.78499059155	0.878	0.806	1.66071e-12
800   	2100  	195.015		1.81837113785	0.97	0.9	1.30491e-12		1.78538677918	0.878	0.807	1.65815e-12
800   	2100  	195.266		1.81868779138	0.97	0.9	1.30382e-12		1.7857819059	0.879	0.808	1.65561e-12
800   	2100  	195.518		1.81900358302	0.97	0.901	1.30273e-12		1.78617597532	0.879	0.808	1.65307e-12
800   	2100  	195.77		1.81931851619	0.97	0.901	1.30165e-12		1.78656899101	0.879	0.809	1.65055e-12
800   	2100  	196.021		1.81963259428	0.97	0.901	1.30056e-12		1.78696095656	0.879	0.809	1.64804e-12
800   	2100  	196.273		1.81994582067	0.97	0.902	1.29949e-12		1.78735187552	0.879	0.81	1.64555e-12
800   	2100  	196.525		1.82025819872	0.971	0.902	1.29842e-12		1.78774175145	0.879	0.81	1.64306e-12
800   	2100  	196.776		1.82056973178	0.971	0.902	1.29735e-12		1.78813058789	0.88	0.811	1.64059e-12
800   	2100  	197.028		1.82088042319	0.971	0.903	1.29628e-12		1.78851838837	0.88	0.812	1.63813e-12
800   	2100  	197.28		1.82119027625	0.971	0.903	1.29522e-12		1.78890515641	0.88	0.812	1.63568e-12
800   	2100  	197.531		1.82149929427	0.971	0.903	1.29417e-12		1.78929089552	0.88	0.813	1.63324e-12
800   	2100  	197.783		1.82180748053	0.971	0.903	1.29312e-12		1.7896756092	0.88	0.813	1.63082e-12
800   	2100  	198.035		1.8221148383	0.971	0.904	1.29207e-12		1.79005930093	0.88	0.814	1.62841e-12
800   	2100  	198.286		1.82242137084	0.971	0.904	1.29103e-12		1.79044197419	0.881	0.814	1.626e-12
800   	2100  	198.538		1.82272708138	0.971	0.904	1.28999e-12		1.79082363245	0.881	0.815	1.62361e-12
800   	2200  	186.206		1.80933946587	0.97	0.891	1.39418e-12		1.77298888162	0.873	0.786	1.82404e-12
800   	2200  	186.458		1.80968249394	0.97	0.892	1.3929e-12		1.7734190794	0.873	0.787	1.8209e-12
800   	2200  	186.71		1.81002454942	0.97	0.892	1.39164e-12		1.77384809806	0.873	0.788	1.81778e-12
800   	2200  	186.961		1.81036563628	0.97	0.892	1.39038e-12		1.77427594154	0.873	0.788	1.81467e-12
800   	2200  	187.213		1.81070575846	0.97	0.893	1.38912e-12		1.7747026138	0.873	0.789	1.81158e-12
800   	2200  	187.465		1.81104491988	0.97	0.893	1.38787e-12		1.77512811876	0.873	0.79	1.8085e-12
800   	2200  	187.716		1.81138312445	0.97	0.893	1.38662e-12		1.77555246035	0.874	0.79	1.80544e-12
800   	2200  	187.968		1.81172037605	0.97	0.894	1.38538e-12		1.77597564247	0.874	0.791	1.8024e-12
800   	2200  	188.22		1.81205667854	0.971	0.894	1.38415e-12		1.77639766902	0.874	0.792	1.79937e-12
800   	2200  	188.471		1.81239203578	0.971	0.894	1.38292e-12		1.77681854389	0.874	0.792	1.79636e-12
800   	2200  	188.723		1.81272645159	0.971	0.895	1.38169e-12		1.77723827096	0.874	0.793	1.79336e-12
800   	2200  	188.975		1.81305992977	0.971	0.895	1.38047e-12		1.7776568541	0.874	0.794	1.79038e-12
800   	2200  	189.226		1.81339247413	0.971	0.895	1.37926e-12		1.77807429715	0.875	0.794	1.78741e-12
800   	2200  	189.478		1.81372408843	0.971	0.896	1.37805e-12		1.77849060397	0.875	0.795	1.78447e-12
800   	2200  	189.73		1.81405477643	0.971	0.896	1.37684e-12		1.77890577839	0.875	0.795	1.78153e-12
800   	2200  	189.981		1.81438454186	0.971	0.896	1.37564e-12		1.77931982422	0.875	0.796	1.77861e-12
800   	2200  	190.233		1.81471338845	0.971	0.896	1.37445e-12		1.77973274528	0.875	0.797	1.77571e-12
800   	2200  	190.485		1.8150413199	0.971	0.897	1.37326e-12		1.78014454537	0.875	0.797	1.77282e-12
800   	2200  	190.736		1.81536833989	0.971	0.897	1.37207e-12		1.78055522827	0.876	0.798	1.76994e-12
800   	2200  	190.988		1.81569445208	0.971	0.897	1.37089e-12		1.78096479778	0.876	0.799	1.76708e-12
800   	2200  	191.24		1.81601966012	0.971	0.898	1.36972e-12		1.78137325764	0.876	0.799	1.76424e-12
800   	2200  	191.491		1.81634396764	0.971	0.898	1.36854e-12		1.78178061162	0.876	0.8	1.76141e-12
800   	2200  	191.743		1.81666737826	0.972	0.898	1.36738e-12		1.78218686346	0.876	0.8	1.75859e-12
800   	2200  	191.995		1.81698989558	0.972	0.899	1.36622e-12		1.78259201689	0.876	0.801	1.75579e-12
800   	2200  	192.246		1.81731152316	0.972	0.899	1.36506e-12		1.78299607565	0.877	0.802	1.753e-12
800   	2200  	192.498		1.81763226458	0.972	0.899	1.36391e-12		1.78339904342	0.877	0.802	1.75023e-12
800   	2200  	192.75		1.81795212337	0.972	0.9	1.36276e-12		1.78380092393	0.877	0.803	1.74747e-12
800   	2200  	193.001		1.81827110306	0.972	0.9	1.36162e-12		1.78420172085	0.877	0.803	1.74472e-12
800   	2200  	193.253		1.81858920717	0.972	0.9	1.36048e-12		1.78460143787	0.877	0.804	1.74199e-12
800   	2200  	193.505		1.81890643919	0.972	0.9	1.35935e-12		1.78500007864	0.877	0.805	1.73927e-12
800   	2200  	193.756		1.8192228026	0.972	0.901	1.35822e-12		1.78539764683	0.878	0.805	1.73657e-12
800   	2200  	194.008		1.81953830085	0.972	0.901	1.35709e-12		1.78579414608	0.878	0.806	1.73387e-12
800   	2200  	194.26		1.81985293739	0.972	0.901	1.35597e-12		1.78618958002	0.878	0.806	1.7312e-12
800   	2200  	194.511		1.82016671565	0.972	0.902	1.35486e-12		1.78658395227	0.878	0.807	1.72853e-12
800   	2200  	194.763		1.82047963905	0.972	0.902	1.35374e-12		1.78697726645	0.878	0.808	1.72588e-12
800   	2200  	195.015		1.82079171096	0.972	0.902	1.35264e-12		1.78736952615	0.878	0.808	1.72324e-12
800   	2200  	195.266		1.82110293479	0.972	0.903	1.35153e-12		1.78776073496	0.879	0.809	1.72062e-12
800   	2200  	195.518		1.82141331388	0.973	0.903	1.35044e-12		1.78815089646	0.879	0.809	1.718e-12
800   	2200  	195.77		1.82172285159	0.973	0.903	1.34934e-12		1.78854001422	0.879	0.81	1.7154e-12
800   	2200  	196.021		1.82203155124	0.973	0.903	1.34825e-12		1.78892809178	0.879	0.811	1.71282e-12
800   	2200  	196.273		1.82233941616	0.973	0.904	1.34717e-12		1.7893151327	0.879	0.811	1.71024e-12
800   	2200  	196.525		1.82264644964	0.973	0.904	1.34608e-12		1.78970114051	0.879	0.812	1.70768e-12
800   	2200  	196.776		1.82295265497	0.973	0.904	1.34501e-12		1.79008611873	0.88	0.812	1.70513e-12
800   	2200  	197.028		1.82325803542	0.973	0.905	1.34393e-12		1.79047007086	0.88	0.813	1.70259e-12
800   	2200  	197.28		1.82356259423	0.973	0.905	1.34286e-12		1.79085300041	0.88	0.813	1.70007e-12
800   	2200  	197.531		1.82386633466	0.973	0.905	1.3418e-12		1.79123491087	0.88	0.814	1.69756e-12
800   	2200  	197.783		1.82416925991	0.973	0.905	1.34074e-12		1.79161580572	0.88	0.814	1.69506e-12
800   	2200  	198.035		1.82447137321	0.973	0.906	1.33968e-12		1.79199568841	0.88	0.815	1.69257e-12
800   	2200  	198.286		1.82477267774	0.973	0.906	1.33863e-12		1.7923745624	0.881	0.816	1.69009e-12
800   	2200  	198.538		1.82507317667	0.973	0.906	1.33758e-12		1.79275243115	0.881	0.816	1.68763e-12
800   	2300  	186.206		1.81165849954	0.972	0.893	1.44269e-12		1.77488617915	0.873	0.788	1.89219e-12
800   	2300  	186.458		1.81199609924	0.972	0.894	1.44141e-12		1.77531249228	0.873	0.788	1.88895e-12
800   	2300  	186.71		1.81233274413	0.972	0.894	1.44013e-12		1.77573763625	0.873	0.789	1.88574e-12
800   	2300  	186.961		1.81266843809	0.972	0.894	1.43886e-12		1.77616161501	0.873	0.79	1.88254e-12
800   	2300  	187.213		1.81300318501	0.972	0.895	1.43759e-12		1.77658443249	0.873	0.79	1.87935e-12
800   	2300  	187.465		1.81333698874	0.973	0.895	1.43633e-12		1.7770060926	0.873	0.791	1.87619e-12
800   	2300  	187.716		1.81366985311	0.973	0.895	1.43508e-12		1.77742659925	0.874	0.792	1.87303e-12
800   	2300  	187.968		1.81400178195	0.973	0.895	1.43382e-12		1.77784595632	0.874	0.792	1.8699e-12
800   	2300  	188.22		1.81433277905	0.973	0.896	1.43258e-12		1.77826416771	0.874	0.793	1.86678e-12
800   	2300  	188.471		1.8146628482	0.973	0.896	1.43134e-12		1.77868123727	0.874	0.793	1.86368e-12
800   	2300  	188.723		1.81499199315	0.973	0.896	1.4301e-12		1.77909716888	0.874	0.794	1.8606e-12
800   	2300  	188.975		1.81532021766	0.973	0.897	1.42887e-12		1.77951196638	0.874	0.795	1.85753e-12
800   	2300  	189.226		1.81564752544	0.973	0.897	1.42764e-12		1.7799256336	0.875	0.795	1.85447e-12
800   	2300  	189.478		1.81597392021	0.973	0.897	1.42642e-12		1.78033817437	0.875	0.796	1.85144e-12
800   	2300  	189.73		1.81629940566	0.973	0.898	1.42521e-12		1.78074959251	0.875	0.797	1.84841e-12
800   	2300  	189.981		1.81662398545	0.973	0.898	1.424e-12		1.78115989182	0.875	0.797	1.84541e-12
800   	2300  	190.233		1.81694766325	0.973	0.898	1.42279e-12		1.7815690761	0.875	0.798	1.84242e-12
800   	2300  	190.485		1.81727044269	0.973	0.899	1.42159e-12		1.78197714912	0.875	0.798	1.83944e-12
800   	2300  	190.736		1.81759232739	0.973	0.899	1.42039e-12		1.78238411466	0.876	0.799	1.83648e-12
800   	2300  	190.988		1.81791332095	0.973	0.899	1.4192e-12		1.78278997646	0.876	0.8	1.83353e-12
800   	2300  	191.24		1.81823342696	0.974	0.9	1.41802e-12		1.7831947383	0.876	0.8	1.8306e-12
800   	2300  	191.491		1.81855264899	0.974	0.9	1.41684e-12		1.78359840388	0.876	0.801	1.82769e-12
800   	2300  	191.743		1.81887099058	0.974	0.9	1.41566e-12		1.78400097696	0.876	0.802	1.82479e-12
800   	2300  	191.995		1.81918845527	0.974	0.9	1.41449e-12		1.78440246123	0.876	0.802	1.8219e-12
800   	2300  	192.246		1.81950504657	0.974	0.901	1.41332e-12		1.78480286039	0.877	0.803	1.81903e-12
800   	2300  	192.498		1.81982076798	0.974	0.901	1.41216e-12		1.78520217815	0.877	0.803	1.81617e-12
800   	2300  	192.75		1.82013562299	0.974	0.901	1.411e-12		1.78560041819	0.877	0.804	1.81333e-12
800   	2300  	193.001		1.82044961506	0.974	0.902	1.40984e-12		1.78599758416	0.877	0.805	1.8105e-12
800   	2300  	193.253		1.82076274764	0.974	0.902	1.40869e-12		1.78639367973	0.877	0.805	1.80769e-12
800   	2300  	193.505		1.82107502417	0.974	0.902	1.40755e-12		1.78678870854	0.877	0.806	1.80489e-12
800   	2300  	193.756		1.82138644805	0.974	0.903	1.40641e-12		1.78718267424	0.878	0.806	1.8021e-12
800   	2300  	194.008		1.8216970227	0.974	0.903	1.40527e-12		1.78757558043	0.878	0.807	1.79933e-12
800   	2300  	194.26		1.82200675148	0.974	0.903	1.40414e-12		1.78796743075	0.878	0.807	1.79657e-12
800   	2300  	194.511		1.82231563778	0.974	0.903	1.40302e-12		1.78835822878	0.878	0.808	1.79382e-12
800   	2300  	194.763		1.82262368493	0.974	0.904	1.40189e-12		1.78874797812	0.878	0.809	1.79109e-12
800   	2300  	195.015		1.82293089629	0.974	0.904	1.40078e-12		1.78913668235	0.878	0.809	1.78837e-12
800   	2300  	195.266		1.82323727516	0.975	0.904	1.39966e-12		1.78952434503	0.879	0.81	1.78567e-12
800   	2300  	195.518		1.82354282485	0.975	0.905	1.39855e-12		1.78991096972	0.879	0.81	1.78298e-12
800   	2300  	195.77		1.82384754864	0.975	0.905	1.39745e-12		1.79029655997	0.879	0.811	1.7803e-12
800   	2300  	196.021		1.82415144982	0.975	0.905	1.39635e-12		1.79068111931	0.879	0.812	1.77763e-12
800   	2300  	196.273		1.82445453163	0.975	0.905	1.39525e-12		1.79106465127	0.879	0.812	1.77498e-12
800   	2300  	196.525		1.82475679733	0.975	0.906	1.39416e-12		1.79144715935	0.879	0.813	1.77234e-12
800   	2300  	196.776		1.82505825012	0.975	0.906	1.39307e-12		1.79182864706	0.88	0.813	1.76972e-12
800   	2300  	197.028		1.82535889323	0.975	0.906	1.39199e-12		1.79220911788	0.88	0.814	1.7671e-12
800   	2300  	197.28		1.82565872985	0.975	0.906	1.39091e-12		1.7925885753	0.88	0.814	1.7645e-12
800   	2300  	197.531		1.82595776316	0.975	0.907	1.38983e-12		1.79296702277	0.88	0.815	1.76191e-12
800   	2300  	197.783		1.82625599633	0.975	0.907	1.38876e-12		1.79334446377	0.88	0.815	1.75934e-12
800   	2300  	198.035		1.8265534325	0.975	0.907	1.38769e-12		1.79372090172	0.88	0.816	1.75677e-12
800   	2300  	198.286		1.82685007481	0.975	0.908	1.38663e-12		1.79409634008	0.88	0.817	1.75422e-12
800   	2300  	198.538		1.82714592639	0.975	0.908	1.38557e-12		1.79447078224	0.881	0.817	1.75168e-12
800   	2400  	186.206		1.81371937668	0.974	0.895	1.49162e-12		1.77658614602	0.873	0.789	1.96039e-12
800   	2400  	186.458		1.8140521059	0.974	0.895	1.49033e-12		1.77700892401	0.873	0.789	1.95706e-12
800   	2400  	186.71		1.81438389651	0.974	0.896	1.48904e-12		1.77743054223	0.873	0.79	1.95375e-12
800   	2400  	186.961		1.81471475234	0.974	0.896	1.48775e-12		1.7778510046	0.873	0.791	1.95046e-12
800   	2400  	187.213		1.8150446772	0.974	0.896	1.48647e-12		1.77827031502	0.873	0.791	1.94718e-12
800   	2400  	187.465		1.81537367487	0.974	0.897	1.4852e-12		1.7786884774	0.873	0.792	1.94392e-12
800   	2400  	187.716		1.81570174915	0.975	0.897	1.48393e-12		1.77910549561	0.874	0.793	1.94068e-12
800   	2400  	187.968		1.81602890377	0.975	0.897	1.48267e-12		1.77952137354	0.874	0.793	1.93745e-12
800   	2400  	188.22		1.81635514249	0.975	0.897	1.48141e-12		1.77993611504	0.874	0.794	1.93425e-12
800   	2400  	188.471		1.81668046902	0.975	0.898	1.48015e-12		1.78034972397	0.874	0.794	1.93105e-12
800   	2400  	188.723		1.81700488705	0.975	0.898	1.47891e-12		1.78076220417	0.874	0.795	1.92788e-12
800   	2400  	188.975		1.81732840028	0.975	0.898	1.47766e-12		1.78117355947	0.874	0.796	1.92472e-12
800   	2400  	189.226		1.81765101237	0.975	0.899	1.47642e-12		1.78158379368	0.875	0.796	1.92158e-12
800   	2400  	189.478		1.81797272697	0.975	0.899	1.47519e-12		1.78199291062	0.875	0.797	1.91845e-12
800   	2400  	189.73		1.81829354769	0.975	0.899	1.47396e-12		1.78240091407	0.875	0.798	1.91534e-12
800   	2400  	189.981		1.81861347817	0.975	0.9	1.47274e-12		1.78280780783	0.875	0.798	1.91225e-12
800   	2400  	190.233		1.81893252199	0.975	0.9	1.47152e-12		1.78321359567	0.875	0.799	1.90917e-12
800   	2400  	190.485		1.81925068273	0.975	0.9	1.47031e-12		1.78361828134	0.875	0.799	1.90611e-12
800   	2400  	190.736		1.81956796395	0.975	0.901	1.4691e-12		1.78402186861	0.876	0.8	1.90306e-12
800   	2400  	190.988		1.81988436919	0.975	0.901	1.4679e-12		1.7844243612	0.876	0.801	1.90003e-12
800   	2400  	191.24		1.82019990197	0.975	0.901	1.4667e-12		1.78482576284	0.876	0.801	1.89701e-12
800   	2400  	191.491		1.82051456581	0.975	0.901	1.4655e-12		1.78522607726	0.876	0.802	1.89401e-12
800   	2400  	191.743		1.82082836419	0.976	0.902	1.46431e-12		1.78562530815	0.876	0.802	1.89103e-12
800   	2400  	191.995		1.8211413006	0.976	0.902	1.46313e-12		1.78602345921	0.876	0.803	1.88805e-12
800   	2400  	192.246		1.82145337848	0.976	0.902	1.46195e-12		1.78642053413	0.877	0.804	1.8851e-12
800   	2400  	192.498		1.82176460128	0.976	0.903	1.46077e-12		1.78681653657	0.877	0.804	1.88216e-12
800   	2400  	192.75		1.82207497243	0.976	0.903	1.4596e-12		1.7872114702	0.877	0.805	1.87923e-12
800   	2400  	193.001		1.82238449532	0.976	0.903	1.45844e-12		1.78760533866	0.877	0.805	1.87632e-12
800   	2400  	193.253		1.82269317336	0.976	0.903	1.45728e-12		1.78799814558	0.877	0.806	1.87342e-12
800   	2400  	193.505		1.82300100992	0.976	0.904	1.45612e-12		1.78838989461	0.877	0.807	1.87054e-12
800   	2400  	193.756		1.82330800835	0.976	0.904	1.45497e-12		1.78878058934	0.878	0.807	1.86767e-12
800   	2400  	194.008		1.823614172 	0.976	0.904	1.45382e-12		1.78917023338	0.878	0.808	1.86482e-12
800   	2400  	194.26		1.8239195042	0.976	0.905	1.45267e-12		1.78955883034	0.878	0.808	1.86198e-12
800   	2400  	194.511		1.82422400826	0.976	0.905	1.45154e-12		1.78994638377	0.878	0.809	1.85915e-12
800   	2400  	194.763		1.82452768746	0.976	0.905	1.4504e-12		1.79033289726	0.878	0.81	1.85634e-12
800   	2400  	195.015		1.8248305451	0.976	0.905	1.44927e-12		1.79071837437	0.878	0.81	1.85354e-12
800   	2400  	195.266		1.82513258444	0.976	0.906	1.44814e-12		1.79110281863	0.878	0.811	1.85076e-12
800   	2400  	195.518		1.82543380871	0.976	0.906	1.44702e-12		1.79148623359	0.879	0.811	1.84799e-12
800   	2400  	195.77		1.82573422117	0.976	0.906	1.44591e-12		1.79186862277	0.879	0.812	1.84523e-12
800   	2400  	196.021		1.82603382501	0.977	0.907	1.44479e-12		1.79224998969	0.879	0.812	1.84249e-12
800   	2400  	196.273		1.82633262345	0.977	0.907	1.44368e-12		1.79263033783	0.879	0.813	1.83975e-12
800   	2400  	196.525		1.82663061967	0.977	0.907	1.44258e-12		1.7930096707	0.879	0.814	1.83704e-12
800   	2400  	196.776		1.82692781685	0.977	0.907	1.44148e-12		1.79338799178	0.879	0.814	1.83433e-12
800   	2400  	197.028		1.82722421813	0.977	0.908	1.44038e-12		1.79376530453	0.88	0.815	1.83164e-12
800   	2400  	197.28		1.82751982666	0.977	0.908	1.43929e-12		1.7941416124	0.88	0.815	1.82896e-12
800   	2400  	197.531		1.82781464557	0.977	0.908	1.4382e-12		1.79451691885	0.88	0.816	1.8263e-12
800   	2400  	197.783		1.82810867796	0.977	0.908	1.43712e-12		1.79489122731	0.88	0.816	1.82365e-12
800   	2400  	198.035		1.82840192694	0.977	0.909	1.43604e-12		1.7952645412	0.88	0.817	1.82101e-12
800   	2400  	198.286		1.82869439558	0.977	0.909	1.43496e-12		1.79563686394	0.88	0.817	1.81838e-12
800   	2400  	198.538		1.82898608696	0.977	0.909	1.43389e-12		1.79600819892	0.881	0.818	1.81576e-12
800   	2500  	186.206		1.81555891618	0.976	0.896	1.54091e-12		1.77811519208	0.872	0.79	2.02863e-12
800   	2500  	186.458		1.81588726059	0.976	0.897	1.5396e-12		1.77853474531	0.873	0.79	2.02521e-12
800   	2500  	186.71		1.81621468118	0.976	0.897	1.53829e-12		1.77895314757	0.873	0.791	2.0218e-12
800   	2500  	186.961		1.81654118173	0.976	0.897	1.537e-12		1.77937040275	0.873	0.791	2.01842e-12
800   	2500  	187.213		1.81686676598	0.976	0.898	1.5357e-12		1.77978651475	0.873	0.792	2.01505e-12
800   	2500  	187.465		1.81719143767	0.976	0.898	1.53441e-12		1.78020148744	0.873	0.793	2.0117e-12
800   	2500  	187.716		1.81751520051	0.976	0.898	1.53313e-12		1.78061532469	0.873	0.793	2.00836e-12
800   	2500  	187.968		1.81783805821	0.976	0.899	1.53185e-12		1.78102803034	0.874	0.794	2.00505e-12
800   	2500  	188.22		1.81816001444	0.976	0.899	1.53058e-12		1.78143960826	0.874	0.795	2.00175e-12
800   	2500  	188.471		1.81848107287	0.976	0.899	1.52931e-12		1.78185006226	0.874	0.795	1.99846e-12
800   	2500  	188.723		1.81880123713	0.977	0.899	1.52805e-12		1.78225939618	0.874	0.796	1.9952e-12
800   	2500  	188.975		1.81912051085	0.977	0.9	1.52679e-12		1.78266761381	0.874	0.797	1.99195e-12
800   	2500  	189.226		1.81943889764	0.977	0.9	1.52554e-12		1.78307471896	0.874	0.797	1.98872e-12
800   	2500  	189.478		1.8197564011	0.977	0.9	1.5243e-12		1.78348071542	0.875	0.798	1.9855e-12
800   	2500  	189.73		1.82007302479	0.977	0.901	1.52305e-12		1.78388560696	0.875	0.798	1.9823e-12
800   	2500  	189.981		1.82038877227	0.977	0.901	1.52182e-12		1.78428939734	0.875	0.799	1.97912e-12
800   	2500  	190.233		1.82070364707	0.977	0.901	1.52058e-12		1.78469209032	0.875	0.8	1.97596e-12
800   	2500  	190.485		1.82101765272	0.977	0.902	1.51936e-12		1.78509368964	0.875	0.8	1.97281e-12
800   	2500  	190.736		1.82133079273	0.977	0.902	1.51813e-12		1.78549419903	0.875	0.801	1.96967e-12
800   	2500  	190.988		1.82164307057	0.977	0.902	1.51692e-12		1.78589362221	0.876	0.801	1.96655e-12
800   	2500  	191.24		1.82195448972	0.977	0.902	1.5157e-12		1.78629196288	0.876	0.802	1.96345e-12
800   	2500  	191.491		1.82226505363	0.977	0.903	1.5145e-12		1.78668922474	0.876	0.803	1.96036e-12
800   	2500  	191.743		1.82257476573	0.977	0.903	1.51329e-12		1.78708541148	0.876	0.803	1.95729e-12
800   	2500  	191.995		1.82288362946	0.977	0.903	1.5121e-12		1.78748052677	0.876	0.804	1.95424e-12
800   	2500  	192.246		1.8231916482	0.977	0.904	1.5109e-12		1.78787457427	0.876	0.804	1.9512e-12
800   	2500  	192.498		1.82349882535	0.977	0.904	1.50971e-12		1.78826755764	0.877	0.805	1.94817e-12
800   	2500  	192.75		1.82380516427	0.977	0.904	1.50853e-12		1.7886594805	0.877	0.806	1.94516e-12
800   	2500  	193.001		1.82411066832	0.977	0.904	1.50735e-12		1.78905034649	0.877	0.806	1.94217e-12
800   	2500  	193.253		1.82441534085	0.978	0.905	1.50617e-12		1.78944015922	0.877	0.807	1.93919e-12
800   	2500  	193.505		1.82471918516	0.978	0.905	1.505e-12		1.78982892231	0.877	0.807	1.93622e-12
800   	2500  	193.756		1.82502220456	0.978	0.905	1.50384e-12		1.79021663934	0.877	0.808	1.93327e-12
800   	2500  	194.008		1.82532440235	0.978	0.906	1.50267e-12		1.79060331389	0.878	0.809	1.93033e-12
800   	2500  	194.26		1.8256257818	0.978	0.906	1.50152e-12		1.79098894954	0.878	0.809	1.92741e-12
800   	2500  	194.511		1.82592634617	0.978	0.906	1.50036e-12		1.79137354985	0.878	0.81	1.92451e-12
800   	2500  	194.763		1.82622609869	0.978	0.906	1.49922e-12		1.79175711835	0.878	0.81	1.92161e-12
800   	2500  	195.015		1.8265250426	0.978	0.907	1.49807e-12		1.79213965861	0.878	0.811	1.91873e-12
800   	2500  	195.266		1.82682318111	0.978	0.907	1.49693e-12		1.79252117412	0.878	0.811	1.91587e-12
800   	2500  	195.518		1.82712051742	0.978	0.907	1.4958e-12		1.79290166842	0.879	0.812	1.91302e-12
800   	2500  	195.77		1.8274170547	0.978	0.908	1.49467e-12		1.79328114501	0.879	0.813	1.91018e-12
800   	2500  	196.021		1.82771279611	0.978	0.908	1.49354e-12		1.79365960737	0.879	0.813	1.90736e-12
800   	2500  	196.273		1.82800774482	0.978	0.908	1.49242e-12		1.79403705898	0.879	0.814	1.90455e-12
800   	2500  	196.525		1.82830190396	0.978	0.908	1.4913e-12		1.79441350332	0.879	0.814	1.90175e-12
800   	2500  	196.776		1.82859527664	0.978	0.909	1.49019e-12		1.79478894385	0.879	0.815	1.89897e-12
800   	2500  	197.028		1.82888786598	0.978	0.909	1.48908e-12		1.795163384 	0.88	0.815	1.8962e-12
800   	2500  	197.28		1.82917967506	0.978	0.909	1.48797e-12		1.79553682723	0.88	0.816	1.89345e-12
800   	2500  	197.531		1.82947070696	0.978	0.909	1.48687e-12		1.79590927694	0.88	0.817	1.8907e-12
800   	2500  	197.783		1.82976096474	0.979	0.91	1.48577e-12		1.79628073655	0.88	0.817	1.88797e-12
800   	2500  	198.035		1.83005045145	0.979	0.91	1.48468e-12		1.79665120947	0.88	0.818	1.88526e-12
800   	2500  	198.286		1.83033917012	0.979	0.91	1.48359e-12		1.79702069909	0.88	0.818	1.88256e-12
800   	2500  	198.538		1.83062712378	0.979	0.91	1.48251e-12		1.79738920878	0.881	0.819	1.87986e-12
800   	2600  	186.206		1.81720763096	0.978	0.898	1.5905e-12		1.77949546551	0.872	0.79	2.0969e-12
800   	2600  	186.458		1.81753201495	0.978	0.898	1.58918e-12		1.77991207022	0.873	0.791	2.09338e-12
800   	2600  	186.71		1.81785548866	0.978	0.898	1.58786e-12		1.7803275322	0.873	0.792	2.08988e-12
800   	2600  	186.961		1.8181780558	0.978	0.899	1.58654e-12		1.78074185534	0.873	0.792	2.0864e-12
800   	2600  	187.213		1.81849972007	0.978	0.899	1.58523e-12		1.78115504349	0.873	0.793	2.08294e-12
800   	2600  	187.465		1.81882048514	0.978	0.899	1.58393e-12		1.78156710052	0.873	0.793	2.0795e-12
800   	2600  	187.716		1.81914035467	0.978	0.899	1.58263e-12		1.78197803027	0.873	0.794	2.07607e-12
800   	2600  	187.968		1.81945933232	0.978	0.9	1.58134e-12		1.78238783659	0.874	0.795	2.07266e-12
800   	2600  	188.22		1.8197774217	0.978	0.9	1.58005e-12		1.78279652328	0.874	0.795	2.06927e-12
800   	2600  	188.471		1.82009462642	0.978	0.9	1.57877e-12		1.78320409417	0.874	0.796	2.0659e-12
800   	2600  	188.723		1.82041095006	0.978	0.901	1.57749e-12		1.78361055306	0.874	0.797	2.06254e-12
800   	2600  	188.975		1.82072639622	0.978	0.901	1.57622e-12		1.78401590373	0.874	0.797	2.0592e-12
800   	2600  	189.226		1.82104096842	0.978	0.901	1.57495e-12		1.78442014997	0.874	0.798	2.05588e-12
800   	2600  	189.478		1.82135467022	0.978	0.902	1.57369e-12		1.78482329554	0.875	0.799	2.05258e-12
800   	2600  	189.73		1.82166750514	0.978	0.902	1.57243e-12		1.78522534419	0.875	0.799	2.04929e-12
800   	2600  	189.981		1.82197947666	0.978	0.902	1.57118e-12		1.78562629967	0.875	0.8	2.04602e-12
800   	2600  	190.233		1.82229058829	0.978	0.902	1.56993e-12		1.78602616572	0.875	0.8	2.04276e-12
800   	2600  	190.485		1.82260084349	0.978	0.903	1.56869e-12		1.78642494605	0.875	0.801	2.03953e-12
800   	2600  	190.736		1.82291024571	0.979	0.903	1.56746e-12		1.78682264437	0.875	0.802	2.0363e-12
800   	2600  	190.988		1.82321879838	0.979	0.903	1.56622e-12		1.78721926438	0.876	0.802	2.0331e-12
800   	2600  	191.24		1.82352650492	0.979	0.904	1.565e-12		1.78761480977	0.876	0.803	2.02991e-12
800   	2600  	191.491		1.82383336874	0.979	0.904	1.56377e-12		1.78800928421	0.876	0.803	2.02674e-12
800   	2600  	191.743		1.82413939322	0.979	0.904	1.56255e-12		1.78840269138	0.876	0.804	2.02358e-12
800   	2600  	191.995		1.82444458172	0.979	0.904	1.56134e-12		1.78879503491	0.876	0.805	2.02044e-12
800   	2600  	192.246		1.82474893761	0.979	0.905	1.56013e-12		1.78918631845	0.876	0.805	2.01731e-12
800   	2600  	192.498		1.82505246421	0.979	0.905	1.55893e-12		1.78957654563	0.877	0.806	2.0142e-12
800   	2600  	192.75		1.82535516484	0.979	0.905	1.55773e-12		1.78996572007	0.877	0.806	2.01111e-12
800   	2600  	193.001		1.82565704281	0.979	0.906	1.55653e-12		1.79035384538	0.877	0.807	2.00803e-12
800   	2600  	193.253		1.82595810141	0.979	0.906	1.55534e-12		1.79074092515	0.877	0.808	2.00497e-12
800   	2600  	193.505		1.8262583439	0.979	0.906	1.55416e-12		1.79112696297	0.877	0.808	2.00192e-12
800   	2600  	193.756		1.82655777355	0.979	0.906	1.55298e-12		1.7915119624	0.877	0.809	1.99889e-12
800   	2600  	194.008		1.82685639359	0.979	0.907	1.5518e-12		1.79189592702	0.878	0.809	1.99587e-12
800   	2600  	194.26		1.82715420725	0.979	0.907	1.55063e-12		1.79227886036	0.878	0.81	1.99286e-12
800   	2600  	194.511		1.82745121774	0.979	0.907	1.54946e-12		1.79266076597	0.878	0.81	1.98987e-12
800   	2600  	194.763		1.82774742825	0.979	0.907	1.5483e-12		1.79304164738	0.878	0.811	1.9869e-12
800   	2600  	195.015		1.82804284196	0.979	0.908	1.54714e-12		1.7934215081	0.878	0.812	1.98394e-12
800   	2600  	195.266		1.82833746204	0.979	0.908	1.54599e-12		1.79380035164	0.878	0.812	1.981e-12
800   	2600  	195.518		1.82863129162	0.98	0.908	1.54484e-12		1.79417818149	0.879	0.813	1.97806e-12
800   	2600  	195.77		1.82892433385	0.98	0.909	1.54369e-12		1.79455500113	0.879	0.813	1.97515e-12
800   	2600  	196.021		1.82921659184	0.98	0.909	1.54255e-12		1.79493081404	0.879	0.814	1.97225e-12
800   	2600  	196.273		1.82950806869	0.98	0.909	1.54141e-12		1.79530562367	0.879	0.814	1.96936e-12
800   	2600  	196.525		1.8297987675	0.98	0.909	1.54028e-12		1.79567943347	0.879	0.815	1.96648e-12
800   	2600  	196.776		1.83008869133	0.98	0.91	1.53915e-12		1.79605224687	0.879	0.816	1.96362e-12
800   	2600  	197.028		1.83037784325	0.98	0.91	1.53803e-12		1.79642406732	0.88	0.816	1.96077e-12
800   	2600  	197.28		1.83066622629	0.98	0.91	1.53691e-12		1.79679489821	0.88	0.817	1.95794e-12
800   	2600  	197.531		1.8309538435	0.98	0.91	1.53579e-12		1.79716474295	0.88	0.817	1.95512e-12
800   	2600  	197.783		1.83124069788	0.98	0.911	1.53468e-12		1.79753360493	0.88	0.818	1.95232e-12
800   	2600  	198.035		1.83152679244	0.98	0.911	1.53357e-12		1.79790148755	0.88	0.818	1.94952e-12
800   	2600  	198.286		1.83181213015	0.98	0.911	1.53247e-12		1.79826839415	0.88	0.819	1.94674e-12
800   	2600  	198.538		1.832096714 	0.98	0.911	1.53137e-12		1.79863432811	0.881	0.819	1.94398e-12
801   	1600  	186.206		1.78680819853	0.949	0.868	1.11814e-12		1.75540267565	0.873	0.774	1.41759e-12
801   	1600  	186.458		1.78720135729	0.949	0.868	1.11687e-12		1.75586618958	0.874	0.775	1.41498e-12
801   	1600  	186.71		1.78759339467	0.95	0.869	1.1156e-12		1.756328453 	0.874	0.775	1.41239e-12
801   	1600  	186.961		1.78798431507	0.95	0.869	1.11433e-12		1.75678946984	0.874	0.776	1.40982e-12
801   	1600  	187.213		1.78837412287	0.95	0.87	1.11308e-12		1.75724924403	0.874	0.777	1.40725e-12
801   	1600  	187.465		1.78876282242	0.95	0.87	1.11183e-12		1.75770777951	0.874	0.777	1.4047e-12
801   	1600  	187.716		1.78915041806	0.95	0.87	1.11058e-12		1.75816508018	0.874	0.778	1.40217e-12
801   	1600  	187.968		1.78953691411	0.95	0.871	1.10934e-12		1.75862114996	0.875	0.779	1.39965e-12
801   	1600  	188.22		1.78992231487	0.95	0.871	1.10811e-12		1.75907599274	0.875	0.779	1.39714e-12
801   	1600  	188.471		1.79030662462	0.95	0.872	1.10688e-12		1.75952961241	0.875	0.78	1.39465e-12
801   	1600  	188.723		1.79068984762	0.95	0.872	1.10565e-12		1.75998201287	0.875	0.781	1.39216e-12
801   	1600  	188.975		1.79107198813	0.951	0.872	1.10444e-12		1.76043319798	0.875	0.782	1.3897e-12
801   	1600  	189.226		1.79145305036	0.951	0.873	1.10322e-12		1.76088317161	0.875	0.782	1.38724e-12
801   	1600  	189.478		1.79183303852	0.951	0.873	1.10202e-12		1.76133193763	0.876	0.783	1.3848e-12
801   	1600  	189.73		1.7922119568	0.951	0.874	1.10082e-12		1.76177949988	0.876	0.784	1.38237e-12
801   	1600  	189.981		1.79258980937	0.951	0.874	1.09962e-12		1.7622258622	0.876	0.784	1.37996e-12
801   	1600  	190.233		1.79296660039	0.951	0.874	1.09843e-12		1.76267102844	0.876	0.785	1.37756e-12
801   	1600  	190.485		1.79334233399	0.951	0.875	1.09724e-12		1.7631150024	0.876	0.786	1.37517e-12
801   	1600  	190.736		1.79371701428	0.951	0.875	1.09606e-12		1.76355778792	0.876	0.786	1.37279e-12
801   	1600  	190.988		1.79409064537	0.951	0.876	1.09489e-12		1.7639993888	0.876	0.787	1.37043e-12
801   	1600  	191.24		1.79446323133	0.951	0.876	1.09372e-12		1.76443980883	0.877	0.788	1.36808e-12
801   	1600  	191.491		1.79483477623	0.952	0.876	1.09256e-12		1.76487905181	0.877	0.788	1.36574e-12
801   	1600  	191.743		1.79520528412	0.952	0.877	1.0914e-12		1.76531712152	0.877	0.789	1.36341e-12
801   	1600  	191.995		1.79557475902	0.952	0.877	1.09024e-12		1.76575402173	0.877	0.79	1.36109e-12
801   	1600  	192.246		1.79594320494	0.952	0.878	1.0891e-12		1.76618975621	0.877	0.79	1.35879e-12
801   	1600  	192.498		1.79631062587	0.952	0.878	1.08795e-12		1.7666243287	0.877	0.791	1.3565e-12
801   	1600  	192.75		1.79667702579	0.952	0.878	1.08681e-12		1.76705774297	0.878	0.791	1.35422e-12
801   	1600  	193.001		1.79704240866	0.952	0.879	1.08568e-12		1.76749000274	0.878	0.792	1.35195e-12
801   	1600  	193.253		1.79740677841	0.952	0.879	1.08455e-12		1.76792111173	0.878	0.793	1.3497e-12
801   	1600  	193.505		1.79777013898	0.952	0.88	1.08343e-12		1.76835107368	0.878	0.793	1.34746e-12
801   	1600  	193.756		1.79813249426	0.953	0.88	1.08231e-12		1.76877989229	0.878	0.794	1.34522e-12
801   	1600  	194.008		1.79849384815	0.953	0.88	1.0812e-12		1.76920757126	0.878	0.795	1.343e-12
801   	1600  	194.26		1.79885420451	0.953	0.881	1.08009e-12		1.76963411428	0.879	0.795	1.34079e-12
801   	1600  	194.511		1.79921356721	0.953	0.881	1.07898e-12		1.77005952503	0.879	0.796	1.3386e-12
801   	1600  	194.763		1.79957194008	0.953	0.881	1.07788e-12		1.77048380719	0.879	0.797	1.33641e-12
801   	1600  	195.015		1.79992932695	0.953	0.882	1.07679e-12		1.77090696442	0.879	0.797	1.33423e-12
801   	1600  	195.266		1.80028573161	0.953	0.882	1.0757e-12		1.77132900037	0.879	0.798	1.33207e-12
801   	1600  	195.518		1.80064115785	0.953	0.882	1.07461e-12		1.77174991869	0.879	0.798	1.32992e-12
801   	1600  	195.77		1.80099560945	0.953	0.883	1.07353e-12		1.77216972301	0.879	0.799	1.32777e-12
801   	1600  	196.021		1.80134909017	0.953	0.883	1.07245e-12		1.77258841697	0.88	0.8	1.32564e-12
801   	1600  	196.273		1.80170160374	0.954	0.884	1.07138e-12		1.77300600417	0.88	0.8	1.32352e-12
801   	1600  	196.525		1.80205315388	0.954	0.884	1.07032e-12		1.77342248822	0.88	0.801	1.32141e-12
801   	1600  	196.776		1.8024037443	0.954	0.884	1.06925e-12		1.77383787272	0.88	0.801	1.31931e-12
801   	1600  	197.028		1.80275337869	0.954	0.885	1.0682e-12		1.77425216126	0.88	0.802	1.31722e-12
801   	1600  	197.28		1.80310206072	0.954	0.885	1.06714e-12		1.77466535742	0.88	0.803	1.31514e-12
801   	1600  	197.531		1.80344979406	0.954	0.885	1.06609e-12		1.77507746477	0.881	0.803	1.31308e-12
801   	1600  	197.783		1.80379658234	0.954	0.886	1.06505e-12		1.77548848686	0.881	0.804	1.31102e-12
801   	1600  	198.035		1.80414242919	0.954	0.886	1.06401e-12		1.77589842724	0.881	0.804	1.30897e-12
801   	1600  	198.286		1.80448733821	0.954	0.886	1.06297e-12		1.77630728946	0.881	0.805	1.30693e-12
801   	1600  	198.538		1.80483131301	0.954	0.887	1.06194e-12		1.77671507705	0.881	0.806	1.3049e-12
801   	1700  	186.206		1.79208545681	0.954	0.874	1.16186e-12		1.759451851 	0.873	0.777	1.4848e-12
801   	1700  	186.458		1.79246737207	0.954	0.874	1.1606e-12		1.75990817579	0.873	0.778	1.48211e-12
801   	1700  	186.71		1.79284819656	0.954	0.875	1.15934e-12		1.76036326286	0.874	0.779	1.47944e-12
801   	1700  	186.961		1.79322793459	0.954	0.875	1.15809e-12		1.76081711617	0.874	0.779	1.47678e-12
801   	1700  	187.213		1.79360659049	0.954	0.876	1.15684e-12		1.76126973969	0.874	0.78	1.47413e-12
801   	1700  	187.465		1.79398416854	0.954	0.876	1.1556e-12		1.76172113737	0.874	0.781	1.4715e-12
801   	1700  	187.716		1.79436067301	0.955	0.876	1.15437e-12		1.76217131316	0.874	0.781	1.46889e-12
801   	1700  	187.968		1.79473610815	0.955	0.877	1.15314e-12		1.76262027098	0.874	0.782	1.46628e-12
801   	1700  	188.22		1.7951104782	0.955	0.877	1.15192e-12		1.76306801476	0.875	0.783	1.46369e-12
801   	1700  	188.471		1.79548378737	0.955	0.878	1.1507e-12		1.76351454842	0.875	0.783	1.46112e-12
801   	1700  	188.723		1.79585603986	0.955	0.878	1.14949e-12		1.76395987587	0.875	0.784	1.45856e-12
801   	1700  	188.975		1.79622723985	0.955	0.878	1.14828e-12		1.764404001 	0.875	0.785	1.45601e-12
801   	1700  	189.226		1.79659739148	0.955	0.879	1.14708e-12		1.76484692771	0.875	0.785	1.45347e-12
801   	1700  	189.478		1.79696649891	0.955	0.879	1.14588e-12		1.76528865988	0.875	0.786	1.45095e-12
801   	1700  	189.73		1.79733456624	0.955	0.879	1.14469e-12		1.76572920137	0.876	0.787	1.44845e-12
801   	1700  	189.981		1.79770159759	0.955	0.88	1.14351e-12		1.76616855605	0.876	0.787	1.44595e-12
801   	1700  	190.233		1.79806759703	0.956	0.88	1.14232e-12		1.76660672778	0.876	0.788	1.44347e-12
801   	1700  	190.485		1.79843256864	0.956	0.881	1.14115e-12		1.76704372039	0.876	0.789	1.441e-12
801   	1700  	190.736		1.79879651645	0.956	0.881	1.13998e-12		1.76747953771	0.876	0.789	1.43855e-12
801   	1700  	190.988		1.7991594445	0.956	0.881	1.13881e-12		1.76791418358	0.876	0.79	1.43611e-12
801   	1700  	191.24		1.79952135679	0.956	0.882	1.13765e-12		1.76834766181	0.876	0.791	1.43368e-12
801   	1700  	191.491		1.79988225733	0.956	0.882	1.1365e-12		1.7687799762	0.877	0.791	1.43126e-12
801   	1700  	191.743		1.80024215007	0.956	0.882	1.13535e-12		1.76921113056	0.877	0.792	1.42886e-12
801   	1700  	191.995		1.80060103899	0.956	0.883	1.13421e-12		1.76964112866	0.877	0.793	1.42647e-12
801   	1700  	192.246		1.80095892802	0.956	0.883	1.13307e-12		1.77006997428	0.877	0.793	1.42409e-12
801   	1700  	192.498		1.80131582108	0.956	0.884	1.13193e-12		1.7704976712	0.877	0.794	1.42172e-12
801   	1700  	192.75		1.80167172207	0.957	0.884	1.1308e-12		1.77092422317	0.877	0.794	1.41937e-12
801   	1700  	193.001		1.80202663488	0.957	0.884	1.12967e-12		1.77134963393	0.878	0.795	1.41702e-12
801   	1700  	193.253		1.80238056339	0.957	0.885	1.12855e-12		1.77177390723	0.878	0.796	1.41469e-12
801   	1700  	193.505		1.80273351143	0.957	0.885	1.12744e-12		1.7721970468	0.878	0.796	1.41237e-12
801   	1700  	193.756		1.80308548285	0.957	0.885	1.12633e-12		1.77261905635	0.878	0.797	1.41007e-12
801   	1700  	194.008		1.80343648146	0.957	0.886	1.12522e-12		1.77303993959	0.878	0.798	1.40777e-12
801   	1700  	194.26		1.80378651106	0.957	0.886	1.12412e-12		1.77345970022	0.878	0.798	1.40549e-12
801   	1700  	194.511		1.80413557544	0.957	0.886	1.12302e-12		1.77387834194	0.879	0.799	1.40322e-12
801   	1700  	194.763		1.80448367835	0.957	0.887	1.12193e-12		1.77429586841	0.879	0.799	1.40096e-12
801   	1700  	195.015		1.80483082356	0.957	0.887	1.12084e-12		1.77471228332	0.879	0.8	1.39871e-12
801   	1700  	195.266		1.80517701478	0.958	0.887	1.11976e-12		1.77512759032	0.879	0.801	1.39647e-12
801   	1700  	195.518		1.80552225574	0.958	0.888	1.11868e-12		1.77554179305	0.879	0.801	1.39425e-12
801   	1700  	195.77		1.80586655014	0.958	0.888	1.11761e-12		1.77595489517	0.879	0.802	1.39203e-12
801   	1700  	196.021		1.80620990165	0.958	0.888	1.11654e-12		1.7763669003	0.88	0.802	1.38983e-12
801   	1700  	196.273		1.80655231394	0.958	0.889	1.11547e-12		1.77677781206	0.88	0.803	1.38764e-12
801   	1700  	196.525		1.80689379067	0.958	0.889	1.11441e-12		1.77718763406	0.88	0.804	1.38546e-12
801   	1700  	196.776		1.80723433545	0.958	0.89	1.11336e-12		1.7775963699	0.88	0.804	1.38328e-12
801   	1700  	197.028		1.80757395192	0.958	0.89	1.11231e-12		1.77800402317	0.88	0.805	1.38113e-12
801   	1700  	197.28		1.80791264367	0.958	0.89	1.11126e-12		1.77841059745	0.88	0.805	1.37898e-12
801   	1700  	197.531		1.80825041429	0.958	0.891	1.11022e-12		1.77881609631	0.88	0.806	1.37684e-12
801   	1700  	197.783		1.80858726734	0.958	0.891	1.10918e-12		1.77922052331	0.881	0.807	1.37471e-12
801   	1700  	198.035		1.80892320637	0.959	0.891	1.10814e-12		1.779623882 	0.881	0.807	1.37259e-12
801   	1700  	198.286		1.80925823493	0.959	0.892	1.10711e-12		1.78002617592	0.881	0.808	1.37048e-12
801   	1700  	198.538		1.80959235653	0.959	0.892	1.10609e-12		1.78042740859	0.881	0.808	1.36839e-12
801   	1800  	186.206		1.79661427425	0.958	0.879	1.20683e-12		1.76297173361	0.873	0.78	1.55229e-12
801   	1800  	186.458		1.79698632272	0.958	0.879	1.20558e-12		1.7634216038	0.873	0.781	1.54952e-12
801   	1800  	186.71		1.79735730859	0.958	0.88	1.20433e-12		1.76387024893	0.873	0.781	1.54676e-12
801   	1800  	186.961		1.79772723613	0.958	0.88	1.20308e-12		1.76431767299	0.874	0.782	1.54401e-12
801   	1800  	187.213		1.79809610955	0.958	0.88	1.20184e-12		1.76476387995	0.874	0.783	1.54128e-12
801   	1800  	187.465		1.79846393309	0.958	0.881	1.20061e-12		1.76520887377	0.874	0.783	1.53856e-12
801   	1800  	187.716		1.79883071094	0.959	0.881	1.19938e-12		1.76565265842	0.874	0.784	1.53586e-12
801   	1800  	187.968		1.79919644728	0.959	0.882	1.19815e-12		1.76609523784	0.874	0.785	1.53317e-12
801   	1800  	188.22		1.79956114627	0.959	0.882	1.19694e-12		1.76653661597	0.874	0.785	1.5305e-12
801   	1800  	188.471		1.79992481205	0.959	0.882	1.19572e-12		1.76697679673	0.875	0.786	1.52784e-12
801   	1800  	188.723		1.80028744874	0.959	0.883	1.19452e-12		1.76741578404	0.875	0.787	1.5252e-12
801   	1800  	188.975		1.80064906045	0.959	0.883	1.19331e-12		1.76785358182	0.875	0.787	1.52257e-12
801   	1800  	189.226		1.80100965125	0.959	0.883	1.19212e-12		1.76829019395	0.875	0.788	1.51995e-12
801   	1800  	189.478		1.80136922522	0.959	0.884	1.19093e-12		1.76872562433	0.875	0.789	1.51735e-12
801   	1800  	189.73		1.80172778639	0.959	0.884	1.18974e-12		1.76915987683	0.875	0.789	1.51476e-12
801   	1800  	189.981		1.8020853388	0.959	0.885	1.18856e-12		1.76959295533	0.876	0.79	1.51219e-12
801   	1800  	190.233		1.80244188645	0.96	0.885	1.18738e-12		1.77002486368	0.876	0.791	1.50962e-12
801   	1800  	190.485		1.80279743334	0.96	0.885	1.18621e-12		1.77045560573	0.876	0.791	1.50708e-12
801   	1800  	190.736		1.80315198344	0.96	0.886	1.18505e-12		1.77088518532	0.876	0.792	1.50454e-12
801   	1800  	190.988		1.8035055407	0.96	0.886	1.18388e-12		1.77131360629	0.876	0.792	1.50202e-12
801   	1800  	191.24		1.80385810906	0.96	0.886	1.18273e-12		1.77174087244	0.876	0.793	1.49951e-12
801   	1800  	191.491		1.80420969243	0.96	0.887	1.18158e-12		1.77216698759	0.877	0.794	1.49701e-12
801   	1800  	191.743		1.80456029472	0.96	0.887	1.18043e-12		1.77259195554	0.877	0.794	1.49453e-12
801   	1800  	191.995		1.8049099198	0.96	0.887	1.17929e-12		1.77301578007	0.877	0.795	1.49206e-12
801   	1800  	192.246		1.80525857155	0.96	0.888	1.17815e-12		1.77343846497	0.877	0.796	1.4896e-12
801   	1800  	192.498		1.8056062538	0.96	0.888	1.17702e-12		1.773860014 	0.877	0.796	1.48716e-12
801   	1800  	192.75		1.80595297039	0.96	0.888	1.1759e-12		1.77428043093	0.877	0.797	1.48473e-12
801   	1800  	193.001		1.80629872513	0.961	0.889	1.17477e-12		1.7746997195	0.878	0.798	1.48231e-12
801   	1800  	193.253		1.80664352181	0.961	0.889	1.17366e-12		1.77511788344	0.878	0.798	1.4799e-12
801   	1800  	193.505		1.80698736421	0.961	0.889	1.17254e-12		1.7755349265	0.878	0.799	1.47751e-12
801   	1800  	193.756		1.80733025608	0.961	0.89	1.17144e-12		1.77595085237	0.878	0.799	1.47512e-12
801   	1800  	194.008		1.80767220118	0.961	0.89	1.17033e-12		1.77636566478	0.878	0.8	1.47275e-12
801   	1800  	194.26		1.80801320322	0.961	0.89	1.16923e-12		1.77677936742	0.878	0.801	1.47039e-12
801   	1800  	194.511		1.80835326591	0.961	0.891	1.16814e-12		1.77719196398	0.878	0.801	1.46805e-12
801   	1800  	194.763		1.80869239294	0.961	0.891	1.16705e-12		1.77760345813	0.879	0.802	1.46571e-12
801   	1800  	195.015		1.80903058799	0.961	0.891	1.16597e-12		1.77801385354	0.879	0.802	1.46339e-12
801   	1800  	195.266		1.80936785471	0.961	0.892	1.16488e-12		1.77842315386	0.879	0.803	1.46108e-12
801   	1800  	195.518		1.80970419675	0.961	0.892	1.16381e-12		1.77883136275	0.879	0.804	1.45878e-12
801   	1800  	195.77		1.81003961772	0.961	0.892	1.16274e-12		1.77923848383	0.879	0.804	1.45649e-12
801   	1800  	196.021		1.81037412124	0.962	0.893	1.16167e-12		1.77964452073	0.879	0.805	1.45421e-12
801   	1800  	196.273		1.8107077109	0.962	0.893	1.16061e-12		1.78004947706	0.88	0.805	1.45195e-12
801   	1800  	196.525		1.81104039027	0.962	0.893	1.15955e-12		1.78045335644	0.88	0.806	1.44969e-12
801   	1800  	196.776		1.8113721629	0.962	0.894	1.15849e-12		1.78085616245	0.88	0.807	1.44745e-12
801   	1800  	197.028		1.81170303235	0.962	0.894	1.15744e-12		1.78125789867	0.88	0.807	1.44522e-12
801   	1800  	197.28		1.81203300213	0.962	0.894	1.1564e-12		1.78165856868	0.88	0.808	1.44299e-12
801   	1800  	197.531		1.81236207576	0.962	0.895	1.15536e-12		1.78205817605	0.88	0.808	1.44078e-12
801   	1800  	197.783		1.81269025673	0.962	0.895	1.15432e-12		1.78245672431	0.881	0.809	1.43858e-12
801   	1800  	198.035		1.81301754852	0.962	0.895	1.15329e-12		1.78285421703	0.881	0.81	1.4364e-12
801   	1800  	198.286		1.81334395458	0.962	0.896	1.15226e-12		1.78325065771	0.881	0.81	1.43422e-12
801   	1800  	198.538		1.81366947838	0.962	0.896	1.15123e-12		1.7836460499	0.881	0.811	1.43205e-12
801   	1900  	186.206		1.80052830653	0.962	0.883	1.25282e-12		1.76605018136	0.873	0.782	1.61999e-12
801   	1900  	186.458		1.80089166542	0.962	0.883	1.25156e-12		1.76649424623	0.873	0.783	1.61713e-12
801   	1900  	186.71		1.80125398751	0.962	0.884	1.25031e-12		1.76693709835	0.873	0.783	1.61428e-12
801   	1900  	186.961		1.80161527697	0.962	0.884	1.24907e-12		1.76737874171	0.874	0.784	1.61144e-12
801   	1900  	187.213		1.80197553797	0.962	0.884	1.24783e-12		1.76781918027	0.874	0.785	1.60863e-12
801   	1900  	187.465		1.80233477464	0.962	0.885	1.2466e-12		1.76825841801	0.874	0.786	1.60582e-12
801   	1900  	187.716		1.80269299112	0.962	0.885	1.24537e-12		1.76869645888	0.874	0.786	1.60304e-12
801   	1900  	187.968		1.8030501915	0.962	0.886	1.24415e-12		1.76913330685	0.874	0.787	1.60026e-12
801   	1900  	188.22		1.80340637987	0.962	0.886	1.24293e-12		1.76956896583	0.874	0.787	1.59751e-12
801   	1900  	188.471		1.8037615603	0.962	0.886	1.24172e-12		1.77000343976	0.875	0.788	1.59476e-12
801   	1900  	188.723		1.80411573682	0.962	0.887	1.24051e-12		1.77043673256	0.875	0.789	1.59203e-12
801   	1900  	188.975		1.80446891347	0.963	0.887	1.23931e-12		1.77086884814	0.875	0.789	1.58932e-12
801   	1900  	189.226		1.80482109425	0.963	0.887	1.23811e-12		1.77129979038	0.875	0.79	1.58662e-12
801   	1900  	189.478		1.80517228316	0.963	0.888	1.23692e-12		1.77172956319	0.875	0.791	1.58393e-12
801   	1900  	189.73		1.80552248415	0.963	0.888	1.23573e-12		1.77215817044	0.875	0.791	1.58126e-12
801   	1900  	189.981		1.8058717012	0.963	0.888	1.23455e-12		1.77258561598	0.875	0.792	1.5786e-12
801   	1900  	190.233		1.80621993822	0.963	0.889	1.23338e-12		1.77301190369	0.876	0.793	1.57596e-12
801   	1900  	190.485		1.80656719914	0.963	0.889	1.23221e-12		1.77343703739	0.876	0.793	1.57333e-12
801   	1900  	190.736		1.80691348784	0.963	0.889	1.23104e-12		1.77386102094	0.876	0.794	1.57071e-12
801   	1900  	190.988		1.80725880822	0.963	0.89	1.22988e-12		1.77428385816	0.876	0.795	1.56811e-12
801   	1900  	191.24		1.80760316413	0.963	0.89	1.22872e-12		1.77470555285	0.876	0.795	1.56552e-12
801   	1900  	191.491		1.80794655941	0.963	0.89	1.22757e-12		1.77512610883	0.876	0.796	1.56294e-12
801   	1900  	191.743		1.80828899788	0.963	0.891	1.22642e-12		1.77554552988	0.877	0.796	1.56038e-12
801   	1900  	191.995		1.80863048336	0.964	0.891	1.22528e-12		1.77596381979	0.877	0.797	1.55783e-12
801   	1900  	192.246		1.80897101964	0.964	0.891	1.22415e-12		1.77638098234	0.877	0.798	1.55529e-12
801   	1900  	192.498		1.80931061048	0.964	0.892	1.22301e-12		1.77679702128	0.877	0.798	1.55277e-12
801   	1900  	192.75		1.80964925964	0.964	0.892	1.22189e-12		1.77721194037	0.877	0.799	1.55025e-12
801   	1900  	193.001		1.80998697085	0.964	0.892	1.22076e-12		1.77762574335	0.877	0.8	1.54776e-12
801   	1900  	193.253		1.81032374784	0.964	0.893	1.21965e-12		1.77803843395	0.878	0.8	1.54527e-12
801   	1900  	193.505		1.8106595943	0.964	0.893	1.21853e-12		1.77845001588	0.878	0.801	1.5428e-12
801   	1900  	193.756		1.81099451392	0.964	0.893	1.21742e-12		1.77886049286	0.878	0.801	1.54034e-12
801   	1900  	194.008		1.81132851038	0.964	0.894	1.21632e-12		1.77926986859	0.878	0.802	1.53789e-12
801   	1900  	194.26		1.81166158731	0.964	0.894	1.21522e-12		1.77967814675	0.878	0.803	1.53545e-12
801   	1900  	194.511		1.81199374835	0.964	0.894	1.21412e-12		1.78008533103	0.878	0.803	1.53303e-12
801   	1900  	194.763		1.81232499712	0.964	0.895	1.21303e-12		1.78049142508	0.879	0.804	1.53062e-12
801   	1900  	195.015		1.81265533722	0.965	0.895	1.21195e-12		1.78089643257	0.879	0.804	1.52822e-12
801   	1900  	195.266		1.81298477224	0.965	0.895	1.21086e-12		1.78130035713	0.879	0.805	1.52583e-12
801   	1900  	195.518		1.81331330573	0.965	0.896	1.20979e-12		1.78170320241	0.879	0.806	1.52345e-12
801   	1900  	195.77		1.81364094125	0.965	0.896	1.20871e-12		1.78210497204	0.879	0.806	1.52109e-12
801   	1900  	196.021		1.81396768233	0.965	0.896	1.20764e-12		1.78250566961	0.879	0.807	1.51874e-12
801   	1900  	196.273		1.81429353249	0.965	0.897	1.20658e-12		1.78290529874	0.88	0.807	1.5164e-12
801   	1900  	196.525		1.81461849523	0.965	0.897	1.20552e-12		1.78330386301	0.88	0.808	1.51407e-12
801   	1900  	196.776		1.81494257404	0.965	0.897	1.20446e-12		1.78370136602	0.88	0.809	1.51175e-12
801   	1900  	197.028		1.81526577238	0.965	0.898	1.20341e-12		1.78409781132	0.88	0.809	1.50945e-12
801   	1900  	197.28		1.81558809371	0.965	0.898	1.20236e-12		1.78449320248	0.88	0.81	1.50715e-12
801   	1900  	197.531		1.81590954146	0.965	0.898	1.20132e-12		1.78488754305	0.88	0.81	1.50487e-12
801   	1900  	197.783		1.81623011906	0.965	0.898	1.20028e-12		1.78528083657	0.88	0.811	1.5026e-12
801   	1900  	198.035		1.81654982991	0.966	0.899	1.19925e-12		1.78567308656	0.881	0.811	1.50033e-12
801   	1900  	198.286		1.81686867739	0.966	0.899	1.19822e-12		1.78606429655	0.881	0.812	1.49808e-12
801   	1900  	198.538		1.81718666489	0.966	0.899	1.19719e-12		1.78645447003	0.881	0.813	1.49585e-12
801   	2000  	186.206		1.80393305664	0.965	0.886	1.29963e-12		1.76875769608	0.873	0.784	1.68785e-12
801   	2000  	186.458		1.80428873379	0.965	0.887	1.29837e-12		1.76919652859	0.873	0.785	1.68489e-12
801   	2000  	186.71		1.80464339767	0.965	0.887	1.29712e-12		1.76963416015	0.873	0.785	1.68196e-12
801   	2000  	186.961		1.80499705238	0.965	0.887	1.29587e-12		1.77007059473	0.873	0.786	1.67903e-12
801   	2000  	187.213		1.80534970199	0.965	0.888	1.29463e-12		1.7705058363	0.874	0.787	1.67613e-12
801   	2000  	187.465		1.80570135059	0.965	0.888	1.2934e-12		1.77093988884	0.874	0.787	1.67324e-12
801   	2000  	187.716		1.80605200221	0.965	0.888	1.29216e-12		1.77137275629	0.874	0.788	1.67036e-12
801   	2000  	187.968		1.80640166089	0.965	0.889	1.29094e-12		1.77180444259	0.874	0.789	1.6675e-12
801   	2000  	188.22		1.80675033063	0.965	0.889	1.28972e-12		1.77223495169	0.874	0.789	1.66466e-12
801   	2000  	188.471		1.80709801543	0.965	0.889	1.2885e-12		1.77266428749	0.874	0.79	1.66183e-12
801   	2000  	188.723		1.80744471925	0.966	0.89	1.28729e-12		1.7730924539	0.875	0.791	1.65901e-12
801   	2000  	188.975		1.80779044604	0.966	0.89	1.28609e-12		1.77351945484	0.875	0.791	1.65621e-12
801   	2000  	189.226		1.80813519975	0.966	0.891	1.28489e-12		1.77394529419	0.875	0.792	1.65343e-12
801   	2000  	189.478		1.80847898428	0.966	0.891	1.28369e-12		1.77436997582	0.875	0.793	1.65065e-12
801   	2000  	189.73		1.80882180353	0.966	0.891	1.2825e-12		1.77479350361	0.875	0.793	1.6479e-12
801   	2000  	189.981		1.80916366138	0.966	0.892	1.28132e-12		1.77521588141	0.875	0.794	1.64515e-12
801   	2000  	190.233		1.80950456168	0.966	0.892	1.28014e-12		1.77563711307	0.876	0.794	1.64243e-12
801   	2000  	190.485		1.80984450829	0.966	0.892	1.27897e-12		1.77605720243	0.876	0.795	1.63971e-12
801   	2000  	190.736		1.81018350501	0.966	0.893	1.2778e-12		1.77647615331	0.876	0.796	1.63701e-12
801   	2000  	190.988		1.81052155567	0.966	0.893	1.27663e-12		1.77689396953	0.876	0.796	1.63433e-12
801   	2000  	191.24		1.81085866403	0.966	0.893	1.27547e-12		1.77731065489	0.876	0.797	1.63165e-12
801   	2000  	191.491		1.81119483388	0.966	0.894	1.27432e-12		1.77772621318	0.876	0.798	1.629e-12
801   	2000  	191.743		1.81153006896	0.967	0.894	1.27317e-12		1.77814064819	0.877	0.798	1.62635e-12
801   	2000  	191.995		1.81186437301	0.967	0.894	1.27202e-12		1.77855396369	0.877	0.799	1.62372e-12
801   	2000  	192.246		1.81219774974	0.967	0.894	1.27088e-12		1.77896616344	0.877	0.799	1.6211e-12
801   	2000  	192.498		1.81253020286	0.967	0.895	1.26974e-12		1.77937725119	0.877	0.8	1.6185e-12
801   	2000  	192.75		1.81286173603	0.967	0.895	1.26861e-12		1.77978723067	0.877	0.801	1.6159e-12
801   	2000  	193.001		1.81319235293	0.967	0.895	1.26748e-12		1.78019610563	0.877	0.801	1.61333e-12
801   	2000  	193.253		1.81352205721	0.967	0.896	1.26636e-12		1.78060387977	0.878	0.802	1.61076e-12
801   	2000  	193.505		1.81385085249	0.967	0.896	1.26524e-12		1.7810105568	0.878	0.803	1.60821e-12
801   	2000  	193.756		1.81417874238	0.967	0.896	1.26413e-12		1.78141614042	0.878	0.803	1.60567e-12
801   	2000  	194.008		1.81450573048	0.967	0.897	1.26302e-12		1.78182063432	0.878	0.804	1.60314e-12
801   	2000  	194.26		1.81483182037	0.967	0.897	1.26192e-12		1.78222404216	0.878	0.804	1.60063e-12
801   	2000  	194.511		1.81515701561	0.967	0.897	1.26082e-12		1.78262636761	0.878	0.805	1.59813e-12
801   	2000  	194.763		1.81548131975	0.967	0.898	1.25972e-12		1.78302761432	0.878	0.806	1.59564e-12
801   	2000  	195.015		1.81580473631	0.968	0.898	1.25863e-12		1.78342778594	0.879	0.806	1.59316e-12
801   	2000  	195.266		1.8161272688	0.968	0.898	1.25755e-12		1.78382688609	0.879	0.807	1.5907e-12
801   	2000  	195.518		1.81644892072	0.968	0.899	1.25646e-12		1.7842249184	0.879	0.807	1.58824e-12
801   	2000  	195.77		1.81676969556	0.968	0.899	1.25539e-12		1.78462188647	0.879	0.808	1.5858e-12
801   	2000  	196.021		1.81708959676	0.968	0.899	1.25431e-12		1.7850177939	0.879	0.808	1.58338e-12
801   	2000  	196.273		1.81740862779	0.968	0.899	1.25324e-12		1.78541264428	0.879	0.809	1.58096e-12
801   	2000  	196.525		1.81772679206	0.968	0.9	1.25218e-12		1.78580644118	0.88	0.81	1.57856e-12
801   	2000  	196.776		1.818044093 	0.968	0.9	1.25112e-12		1.78619918817	0.88	0.81	1.57616e-12
801   	2000  	197.028		1.818360534 	0.968	0.9	1.25006e-12		1.78659088881	0.88	0.811	1.57378e-12
801   	2000  	197.28		1.81867611845	0.968	0.901	1.24901e-12		1.78698154663	0.88	0.811	1.57141e-12
801   	2000  	197.531		1.81899084971	0.968	0.901	1.24796e-12		1.78737116517	0.88	0.812	1.56906e-12
801   	2000  	197.783		1.81930473113	0.968	0.901	1.24692e-12		1.78775974795	0.88	0.812	1.56671e-12
801   	2000  	198.035		1.81961776605	0.968	0.902	1.24588e-12		1.78814729848	0.881	0.813	1.56437e-12
801   	2000  	198.286		1.8199299578	0.968	0.902	1.24484e-12		1.78853382026	0.881	0.814	1.56205e-12
801   	2000  	198.538		1.82024130966	0.969	0.902	1.24381e-12		1.78891931678	0.881	0.814	1.55974e-12
801   	2100  	186.206		1.80691258173	0.968	0.889	1.34713e-12		1.77115134085	0.873	0.786	1.75583e-12
801   	2100  	186.458		1.80726144211	0.968	0.889	1.34586e-12		1.77158544649	0.873	0.786	1.75278e-12
801   	2100  	186.71		1.80760931063	0.968	0.89	1.3446e-12		1.7720183624	0.873	0.787	1.74975e-12
801   	2100  	186.961		1.80795619134	0.968	0.89	1.34335e-12		1.77245009253	0.873	0.788	1.74674e-12
801   	2100  	187.213		1.80830208824	0.968	0.891	1.3421e-12		1.77288064086	0.874	0.788	1.74375e-12
801   	2100  	187.465		1.80864700533	0.968	0.891	1.34086e-12		1.77331001134	0.874	0.789	1.74077e-12
801   	2100  	187.716		1.80899094658	0.968	0.891	1.33963e-12		1.77373820791	0.874	0.79	1.7378e-12
801   	2100  	187.968		1.80933391594	0.968	0.892	1.33839e-12		1.77416523449	0.874	0.79	1.73485e-12
801   	2100  	188.22		1.80967591736	0.968	0.892	1.33717e-12		1.77459109502	0.874	0.791	1.73192e-12
801   	2100  	188.471		1.81001695475	0.968	0.892	1.33595e-12		1.7750157934	0.874	0.792	1.729e-12
801   	2100  	188.723		1.810357032 	0.968	0.893	1.33473e-12		1.77543933352	0.875	0.792	1.7261e-12
801   	2100  	188.975		1.810696153 	0.968	0.893	1.33352e-12		1.77586171929	0.875	0.793	1.72321e-12
801   	2100  	189.226		1.81103432161	0.968	0.893	1.33231e-12		1.77628295456	0.875	0.793	1.72034e-12
801   	2100  	189.478		1.81137154167	0.969	0.894	1.33111e-12		1.77670304322	0.875	0.794	1.71748e-12
801   	2100  	189.73		1.81170781701	0.969	0.894	1.32992e-12		1.77712198911	0.875	0.795	1.71464e-12
801   	2100  	189.981		1.81204315143	0.969	0.894	1.32872e-12		1.77753979609	0.875	0.795	1.71181e-12
801   	2100  	190.233		1.81237754872	0.969	0.894	1.32754e-12		1.77795646797	0.875	0.796	1.709e-12
801   	2100  	190.485		1.81271101265	0.969	0.895	1.32636e-12		1.77837200859	0.876	0.797	1.7062e-12
801   	2100  	190.736		1.81304354697	0.969	0.895	1.32518e-12		1.77878642176	0.876	0.797	1.70342e-12
801   	2100  	190.988		1.81337515542	0.969	0.895	1.32401e-12		1.77919971128	0.876	0.798	1.70065e-12
801   	2100  	191.24		1.8137058417	0.969	0.896	1.32284e-12		1.77961188093	0.876	0.798	1.69789e-12
801   	2100  	191.491		1.81403560953	0.969	0.896	1.32168e-12		1.7800229345	0.876	0.799	1.69515e-12
801   	2100  	191.743		1.81436446258	0.969	0.896	1.32052e-12		1.78043287576	0.876	0.8	1.69242e-12
801   	2100  	191.995		1.81469240451	0.969	0.897	1.31937e-12		1.78084170845	0.877	0.8	1.68971e-12
801   	2100  	192.246		1.81501943897	0.969	0.897	1.31822e-12		1.78124943633	0.877	0.801	1.68701e-12
801   	2100  	192.498		1.81534556959	0.969	0.897	1.31708e-12		1.78165606313	0.877	0.802	1.68432e-12
801   	2100  	192.75		1.81567079998	0.969	0.898	1.31594e-12		1.78206159257	0.877	0.802	1.68165e-12
801   	2100  	193.001		1.81599513373	0.97	0.898	1.31481e-12		1.78246602837	0.877	0.803	1.67899e-12
801   	2100  	193.253		1.81631857442	0.97	0.898	1.31368e-12		1.78286937423	0.877	0.803	1.67634e-12
801   	2100  	193.505		1.81664112562	0.97	0.899	1.31256e-12		1.78327163383	0.878	0.804	1.67371e-12
801   	2100  	193.756		1.81696279086	0.97	0.899	1.31144e-12		1.78367281086	0.878	0.805	1.67109e-12
801   	2100  	194.008		1.81728357367	0.97	0.899	1.31032e-12		1.78407290898	0.878	0.805	1.66848e-12
801   	2100  	194.26		1.81760347756	0.97	0.899	1.30921e-12		1.78447193186	0.878	0.806	1.66589e-12
801   	2100  	194.511		1.81792250602	0.97	0.9	1.3081e-12		1.78486988313	0.878	0.806	1.66331e-12
801   	2100  	194.763		1.81824066254	0.97	0.9	1.307e-12		1.78526676644	0.878	0.807	1.66074e-12
801   	2100  	195.015		1.81855795056	0.97	0.9	1.3059e-12		1.7856625854	0.879	0.808	1.65819e-12
801   	2100  	195.266		1.81887437354	0.97	0.901	1.30481e-12		1.78605734364	0.879	0.808	1.65565e-12
801   	2100  	195.518		1.81918993491	0.97	0.901	1.30372e-12		1.78645104474	0.879	0.809	1.65312e-12
801   	2100  	195.77		1.81950463806	0.97	0.901	1.30264e-12		1.7868436923	0.879	0.809	1.6506e-12
801   	2100  	196.021		1.81981848641	0.97	0.902	1.30155e-12		1.78723528991	0.879	0.81	1.64809e-12
801   	2100  	196.273		1.82013148333	0.97	0.902	1.30048e-12		1.78762584113	0.879	0.81	1.6456e-12
801   	2100  	196.525		1.82044363218	0.971	0.902	1.29941e-12		1.78801534951	0.88	0.811	1.64312e-12
801   	2100  	196.776		1.82075493631	0.971	0.902	1.29834e-12		1.7884038186	0.88	0.812	1.64065e-12
801   	2100  	197.028		1.82106539905	0.971	0.903	1.29728e-12		1.78879125194	0.88	0.812	1.6382e-12
801   	2100  	197.28		1.82137502372	0.971	0.903	1.29622e-12		1.78917765306	0.88	0.813	1.63575e-12
801   	2100  	197.531		1.82168381362	0.971	0.903	1.29516e-12		1.78956302546	0.88	0.813	1.63332e-12
801   	2100  	197.783		1.82199177204	0.971	0.904	1.29411e-12		1.78994737265	0.88	0.814	1.6309e-12
801   	2100  	198.035		1.82229890224	0.971	0.904	1.29306e-12		1.79033069812	0.881	0.814	1.62849e-12
801   	2100  	198.286		1.82260520748	0.971	0.904	1.29202e-12		1.79071300534	0.881	0.815	1.62609e-12
801   	2100  	198.538		1.822910691 	0.971	0.904	1.29098e-12		1.7910942978	0.881	0.816	1.62371e-12
801   	2200  	186.206		1.8095344469	0.97	0.891	1.3952e-12		1.77327767532	0.873	0.787	1.8239e-12
801   	2200  	186.458		1.80987723518	0.97	0.892	1.39392e-12		1.77370750046	0.873	0.788	1.82076e-12
801   	2200  	186.71		1.8102190511	0.97	0.892	1.39266e-12		1.77413614645	0.873	0.788	1.81764e-12
801   	2200  	186.961		1.81055989865	0.97	0.892	1.3914e-12		1.77456361728	0.873	0.789	1.81454e-12
801   	2200  	187.213		1.81089978177	0.97	0.893	1.39014e-12		1.77498991687	0.873	0.79	1.81146e-12
801   	2200  	187.465		1.81123870437	0.97	0.893	1.38889e-12		1.77541504918	0.874	0.79	1.80839e-12
801   	2200  	187.716		1.81157667035	0.97	0.893	1.38764e-12		1.77583901812	0.874	0.791	1.80533e-12
801   	2200  	187.968		1.81191368362	0.97	0.894	1.3864e-12		1.77626182762	0.874	0.792	1.80229e-12
801   	2200  	188.22		1.81224974802	0.971	0.894	1.38517e-12		1.77668348158	0.874	0.792	1.79927e-12
801   	2200  	188.471		1.81258486742	0.971	0.894	1.38394e-12		1.7771039839	0.874	0.793	1.79626e-12
801   	2200  	188.723		1.81291904563	0.971	0.895	1.38271e-12		1.77752333846	0.874	0.794	1.79327e-12
801   	2200  	188.975		1.81325228647	0.971	0.895	1.38149e-12		1.77794154913	0.875	0.794	1.7903e-12
801   	2200  	189.226		1.81358459374	0.971	0.895	1.38028e-12		1.77835861977	0.875	0.795	1.78734e-12
801   	2200  	189.478		1.8139159712	0.971	0.896	1.37907e-12		1.77877455424	0.875	0.795	1.78439e-12
801   	2200  	189.73		1.81424642261	0.971	0.896	1.37787e-12		1.77918935637	0.875	0.796	1.78147e-12
801   	2200  	189.981		1.81457595171	0.971	0.896	1.37667e-12		1.77960302999	0.875	0.797	1.77855e-12
801   	2200  	190.233		1.81490456223	0.971	0.897	1.37547e-12		1.78001557892	0.875	0.797	1.77565e-12
801   	2200  	190.485		1.81523225785	0.971	0.897	1.37428e-12		1.78042700696	0.876	0.798	1.77277e-12
801   	2200  	190.736		1.81555904227	0.971	0.897	1.3731e-12		1.78083731791	0.876	0.799	1.7699e-12
801   	2200  	190.988		1.81588491915	0.971	0.898	1.37192e-12		1.78124651555	0.876	0.799	1.76704e-12
801   	2200  	191.24		1.81620989214	0.971	0.898	1.37074e-12		1.78165460365	0.876	0.8	1.7642e-12
801   	2200  	191.491		1.81653396488	0.971	0.898	1.36957e-12		1.78206158598	0.876	0.8	1.76138e-12
801   	2200  	191.743		1.81685714097	0.972	0.899	1.3684e-12		1.78246746628	0.876	0.801	1.75857e-12
801   	2200  	191.995		1.81717942402	0.972	0.899	1.36724e-12		1.7828722483	0.877	0.802	1.75577e-12
801   	2200  	192.246		1.8175008176	0.972	0.899	1.36609e-12		1.78327593576	0.877	0.802	1.75299e-12
801   	2200  	192.498		1.81782132527	0.972	0.899	1.36493e-12		1.78367853238	0.877	0.803	1.75022e-12
801   	2200  	192.75		1.81814095058	0.972	0.9	1.36379e-12		1.78408004186	0.877	0.803	1.74746e-12
801   	2200  	193.001		1.81845969706	0.972	0.9	1.36264e-12		1.78448046789	0.877	0.804	1.74472e-12
801   	2200  	193.253		1.81877756823	0.972	0.9	1.36151e-12		1.78487981417	0.877	0.805	1.742e-12
801   	2200  	193.505		1.81909456756	0.972	0.901	1.36037e-12		1.78527808436	0.878	0.805	1.73928e-12
801   	2200  	193.756		1.81941069855	0.972	0.901	1.35924e-12		1.78567528212	0.878	0.806	1.73658e-12
801   	2200  	194.008		1.81972596466	0.972	0.901	1.35812e-12		1.7860714111	0.878	0.806	1.73389e-12
801   	2200  	194.26		1.82004036932	0.972	0.902	1.357e-12		1.78646647493	0.878	0.807	1.73122e-12
801   	2200  	194.511		1.82035391597	0.972	0.902	1.35588e-12		1.78686047726	0.878	0.808	1.72856e-12
801   	2200  	194.763		1.82066660802	0.972	0.902	1.35477e-12		1.78725342168	0.878	0.808	1.72591e-12
801   	2200  	195.015		1.82097844887	0.972	0.902	1.35366e-12		1.78764531181	0.879	0.809	1.72328e-12
801   	2200  	195.266		1.82128944189	0.972	0.903	1.35256e-12		1.78803615124	0.879	0.809	1.72066e-12
801   	2200  	195.518		1.82159959046	0.973	0.903	1.35146e-12		1.78842594354	0.879	0.81	1.71805e-12
801   	2200  	195.77		1.82190889791	0.973	0.903	1.35037e-12		1.7888146923	0.879	0.81	1.71546e-12
801   	2200  	196.021		1.82221736759	0.973	0.904	1.34928e-12		1.78920240107	0.879	0.811	1.71287e-12
801   	2200  	196.273		1.8225250028	0.973	0.904	1.3482e-12		1.7895890734	0.879	0.812	1.7103e-12
801   	2200  	196.525		1.82283180685	0.973	0.904	1.34711e-12		1.78997471282	0.88	0.812	1.70775e-12
801   	2200  	196.776		1.82313778302	0.973	0.904	1.34604e-12		1.79035932287	0.88	0.813	1.7052e-12
801   	2200  	197.028		1.82344293459	0.973	0.905	1.34496e-12		1.79074290705	0.88	0.813	1.70267e-12
801   	2200  	197.28		1.8237472648	0.973	0.905	1.3439e-12		1.79112546887	0.88	0.814	1.70015e-12
801   	2200  	197.531		1.82405077689	0.973	0.905	1.34283e-12		1.79150701182	0.88	0.814	1.69764e-12
801   	2200  	197.783		1.8243534741	0.973	0.906	1.34177e-12		1.79188753939	0.88	0.815	1.69515e-12
801   	2200  	198.035		1.82465535962	0.973	0.906	1.34071e-12		1.79226705505	0.881	0.816	1.69266e-12
801   	2200  	198.286		1.82495643665	0.973	0.906	1.33966e-12		1.79264556224	0.881	0.816	1.69019e-12
801   	2200  	198.538		1.82525670837	0.973	0.906	1.33861e-12		1.79302306443	0.881	0.817	1.68773e-12
801   	2300  	186.206		1.81185341639	0.972	0.893	1.44375e-12		1.77517497683	0.873	0.788	1.89205e-12
801   	2300  	186.458		1.81219077595	0.972	0.894	1.44247e-12		1.77560091618	0.873	0.789	1.88882e-12
801   	2300  	186.71		1.81252718094	0.972	0.894	1.44119e-12		1.77602568637	0.873	0.789	1.88561e-12
801   	2300  	186.961		1.81286263526	0.972	0.894	1.43992e-12		1.77644929137	0.873	0.79	1.88241e-12
801   	2300  	187.213		1.81319714278	0.972	0.895	1.43865e-12		1.7768717351	0.873	0.791	1.87923e-12
801   	2300  	187.465		1.81353070735	0.973	0.895	1.43739e-12		1.77729302147	0.874	0.791	1.87607e-12
801   	2300  	187.716		1.81386333283	0.973	0.895	1.43613e-12		1.77771315442	0.874	0.792	1.87293e-12
801   	2300  	187.968		1.81419502302	0.973	0.896	1.43488e-12		1.77813213782	0.874	0.793	1.8698e-12
801   	2300  	188.22		1.81452578172	0.973	0.896	1.43364e-12		1.77854997558	0.874	0.793	1.86669e-12
801   	2300  	188.471		1.81485561272	0.973	0.896	1.4324e-12		1.77896667157	0.874	0.794	1.86359e-12
801   	2300  	188.723		1.81518451979	0.973	0.897	1.43116e-12		1.77938222965	0.874	0.795	1.86051e-12
801   	2300  	188.975		1.81551250666	0.973	0.897	1.42993e-12		1.77979665368	0.875	0.795	1.85745e-12
801   	2300  	189.226		1.81583957706	0.973	0.897	1.42871e-12		1.7802099475	0.875	0.796	1.8544e-12
801   	2300  	189.478		1.81616573471	0.973	0.898	1.42749e-12		1.78062211495	0.875	0.797	1.85137e-12
801   	2300  	189.73		1.8164909833	0.973	0.898	1.42627e-12		1.78103315984	0.875	0.797	1.84835e-12
801   	2300  	189.981		1.81681532649	0.973	0.898	1.42506e-12		1.78144308599	0.875	0.798	1.84535e-12
801   	2300  	190.233		1.81713876795	0.973	0.899	1.42385e-12		1.7818518972	0.875	0.798	1.84236e-12
801   	2300  	190.485		1.81746131131	0.973	0.899	1.42265e-12		1.78225959724	0.876	0.799	1.83939e-12
801   	2300  	190.736		1.81778296019	0.973	0.899	1.42146e-12		1.78266618991	0.876	0.8	1.83644e-12
801   	2300  	190.988		1.8181037182	0.973	0.899	1.42027e-12		1.78307167895	0.876	0.8	1.8335e-12
801   	2300  	191.24		1.81842358891	0.974	0.9	1.41908e-12		1.78347606814	0.876	0.801	1.83057e-12
801   	2300  	191.491		1.81874257591	0.974	0.9	1.4179e-12		1.78387936119	0.876	0.801	1.82766e-12
801   	2300  	191.743		1.81906068273	0.974	0.9	1.41672e-12		1.78428156186	0.876	0.802	1.82477e-12
801   	2300  	191.995		1.81937791292	0.974	0.901	1.41555e-12		1.78468267386	0.877	0.803	1.82189e-12
801   	2300  	192.246		1.81969427  	0.974	0.901	1.41438e-12		1.78508270089	0.877	0.803	1.81902e-12
801   	2300  	192.498		1.82000975745	0.974	0.901	1.41322e-12		1.78548164665	0.877	0.804	1.81617e-12
801   	2300  	192.75		1.82032437876	0.974	0.902	1.41206e-12		1.78587951483	0.877	0.804	1.81333e-12
801   	2300  	193.001		1.82063813741	0.974	0.902	1.41091e-12		1.7862763091	0.877	0.805	1.81051e-12
801   	2300  	193.253		1.82095103684	0.974	0.902	1.40976e-12		1.78667203313	0.877	0.806	1.8077e-12
801   	2300  	193.505		1.82126308048	0.974	0.902	1.40862e-12		1.78706669057	0.878	0.806	1.8049e-12
801   	2300  	193.756		1.82157427175	0.974	0.903	1.40748e-12		1.78746028505	0.878	0.807	1.80212e-12
801   	2300  	194.008		1.82188461405	0.974	0.903	1.40634e-12		1.78785282021	0.878	0.807	1.79935e-12
801   	2300  	194.26		1.82219411077	0.974	0.903	1.40521e-12		1.78824429966	0.878	0.808	1.7966e-12
801   	2300  	194.511		1.82250276527	0.974	0.904	1.40408e-12		1.78863472701	0.878	0.809	1.79386e-12
801   	2300  	194.763		1.8228105809	0.974	0.904	1.40296e-12		1.78902410585	0.878	0.809	1.79113e-12
801   	2300  	195.015		1.82311756101	0.974	0.904	1.40184e-12		1.78941243977	0.879	0.81	1.78842e-12
801   	2300  	195.266		1.82342370891	0.975	0.904	1.40073e-12		1.78979973235	0.879	0.81	1.78572e-12
801   	2300  	195.518		1.8237290279	0.975	0.905	1.39962e-12		1.79018598713	0.879	0.811	1.78303e-12
801   	2300  	195.77		1.82403352128	0.975	0.905	1.39852e-12		1.79057120768	0.879	0.811	1.78036e-12
801   	2300  	196.021		1.82433719232	0.975	0.905	1.39742e-12		1.79095539753	0.879	0.812	1.7777e-12
801   	2300  	196.273		1.82464004427	0.975	0.906	1.39632e-12		1.79133856021	0.879	0.813	1.77505e-12
801   	2300  	196.525		1.82494208038	0.975	0.906	1.39523e-12		1.79172069923	0.88	0.813	1.77242e-12
801   	2300  	196.776		1.82524330387	0.975	0.906	1.39414e-12		1.7921018181	0.88	0.814	1.76979e-12
801   	2300  	197.028		1.82554371795	0.975	0.906	1.39306e-12		1.79248192031	0.88	0.814	1.76718e-12
801   	2300  	197.28		1.82584332582	0.975	0.907	1.39198e-12		1.79286100935	0.88	0.815	1.76459e-12
801   	2300  	197.531		1.82614213067	0.975	0.907	1.3909e-12		1.79323908868	0.88	0.815	1.762e-12
801   	2300  	197.783		1.82644013565	0.975	0.907	1.38983e-12		1.79361616177	0.88	0.816	1.75943e-12
801   	2300  	198.035		1.82673734392	0.975	0.908	1.38876e-12		1.79399223206	0.88	0.817	1.75687e-12
801   	2300  	198.286		1.82703375861	0.975	0.908	1.3877e-12		1.794367303 	0.881	0.817	1.75433e-12
801   	2300  	198.538		1.82732938284	0.975	0.908	1.38664e-12		1.79474137801	0.881	0.818	1.75179e-12
801   	2400  	186.206		1.8139142292	0.974	0.895	1.49272e-12		1.77687493678	0.873	0.789	1.96025e-12
801   	2400  	186.458		1.81424671802	0.974	0.895	1.49142e-12		1.77729734006	0.873	0.79	1.95692e-12
801   	2400  	186.71		1.81457826849	0.974	0.896	1.49013e-12		1.77771858358	0.873	0.791	1.95362e-12
801   	2400  	186.961		1.81490888442	0.974	0.896	1.48885e-12		1.77813867127	0.873	0.791	1.95033e-12
801   	2400  	187.213		1.81523856964	0.974	0.896	1.48757e-12		1.77855760704	0.873	0.792	1.94706e-12
801   	2400  	187.465		1.81556732793	0.974	0.897	1.4863e-12		1.77897539479	0.874	0.792	1.94381e-12
801   	2400  	187.716		1.81589516307	0.975	0.897	1.48503e-12		1.77939203842	0.874	0.793	1.94057e-12
801   	2400  	187.968		1.81622207882	0.975	0.897	1.48377e-12		1.77980754182	0.874	0.794	1.93735e-12
801   	2400  	188.22		1.81654807892	0.975	0.898	1.48251e-12		1.78022190884	0.874	0.794	1.93415e-12
801   	2400  	188.471		1.81687316709	0.975	0.898	1.48125e-12		1.78063514334	0.874	0.795	1.93096e-12
801   	2400  	188.723		1.81719734702	0.975	0.898	1.48001e-12		1.78104724918	0.874	0.796	1.9278e-12
801   	2400  	188.975		1.81752062241	0.975	0.899	1.47876e-12		1.78145823019	0.875	0.796	1.92464e-12
801   	2400  	189.226		1.81784299692	0.975	0.899	1.47753e-12		1.7818680902	0.875	0.797	1.92151e-12
801   	2400  	189.478		1.81816447419	0.975	0.899	1.47629e-12		1.78227683301	0.875	0.797	1.91839e-12
801   	2400  	189.73		1.81848505786	0.975	0.9	1.47507e-12		1.78268446243	0.875	0.798	1.91528e-12
801   	2400  	189.981		1.81880475155	0.975	0.9	1.47384e-12		1.78309098224	0.875	0.799	1.91219e-12
801   	2400  	190.233		1.81912355884	0.975	0.9	1.47262e-12		1.78349639624	0.875	0.799	1.90912e-12
801   	2400  	190.485		1.81944148331	0.975	0.9	1.47141e-12		1.78390070818	0.876	0.8	1.90606e-12
801   	2400  	190.736		1.81975852853	0.975	0.901	1.4702e-12		1.78430392182	0.876	0.801	1.90302e-12
801   	2400  	190.988		1.82007469804	0.975	0.901	1.469e-12		1.78470604091	0.876	0.801	1.9e-12
801   	2400  	191.24		1.82038999536	0.975	0.901	1.4678e-12		1.78510706917	0.876	0.802	1.89698e-12
801   	2400  	191.491		1.82070442401	0.975	0.902	1.46661e-12		1.78550701034	0.876	0.802	1.89399e-12
801   	2400  	191.743		1.82101798747	0.976	0.902	1.46542e-12		1.78590586812	0.876	0.803	1.89101e-12
801   	2400  	191.995		1.82133068922	0.976	0.902	1.46423e-12		1.7863036462	0.877	0.804	1.88804e-12
801   	2400  	192.246		1.82164253272	0.976	0.903	1.46305e-12		1.78670034829	0.877	0.804	1.88509e-12
801   	2400  	192.498		1.8219535214	0.976	0.903	1.46188e-12		1.78709597805	0.877	0.805	1.88216e-12
801   	2400  	192.75		1.82226365871	0.976	0.903	1.46071e-12		1.78749053915	0.877	0.805	1.87924e-12
801   	2400  	193.001		1.82257294804	0.976	0.903	1.45954e-12		1.78788403525	0.877	0.806	1.87633e-12
801   	2400  	193.253		1.82288139278	0.976	0.904	1.45838e-12		1.78827646998	0.877	0.807	1.87344e-12
801   	2400  	193.505		1.82318899632	0.976	0.904	1.45722e-12		1.78866784698	0.878	0.807	1.87056e-12
801   	2400  	193.756		1.823495762 	0.976	0.904	1.45607e-12		1.78905816986	0.878	0.808	1.8677e-12
801   	2400  	194.008		1.82380169318	0.976	0.905	1.45492e-12		1.78944744223	0.878	0.808	1.86485e-12
801   	2400  	194.26		1.82410679319	0.976	0.905	1.45378e-12		1.7898356677	0.878	0.809	1.86201e-12
801   	2400  	194.511		1.82441106533	0.976	0.905	1.45264e-12		1.79022284984	0.878	0.809	1.85919e-12
801   	2400  	194.763		1.8247145129	0.976	0.905	1.45151e-12		1.79060899224	0.878	0.81	1.85638e-12
801   	2400  	195.015		1.82501713918	0.976	0.906	1.45038e-12		1.79099409844	0.878	0.811	1.85359e-12
801   	2400  	195.266		1.82531894743	0.976	0.906	1.44925e-12		1.79137817201	0.879	0.811	1.85081e-12
801   	2400  	195.518		1.8256199409	0.976	0.906	1.44813e-12		1.79176121648	0.879	0.812	1.84805e-12
801   	2400  	195.77		1.82592012283	0.976	0.906	1.44701e-12		1.79214323539	0.879	0.812	1.84529e-12
801   	2400  	196.021		1.82621949643	0.977	0.907	1.4459e-12		1.79252423224	0.879	0.813	1.84255e-12
801   	2400  	196.273		1.82651806491	0.977	0.907	1.44479e-12		1.79290421056	0.879	0.813	1.83983e-12
801   	2400  	196.525		1.82681583145	0.977	0.907	1.44369e-12		1.79328317382	0.879	0.814	1.83712e-12
801   	2400  	196.776		1.82711279923	0.977	0.908	1.44259e-12		1.79366112552	0.88	0.815	1.83442e-12
801   	2400  	197.028		1.82740897139	0.977	0.908	1.44149e-12		1.79403806912	0.88	0.815	1.83173e-12
801   	2400  	197.28		1.82770435109	0.977	0.908	1.4404e-12		1.79441400809	0.88	0.816	1.82906e-12
801   	2400  	197.531		1.82799894144	0.977	0.908	1.43931e-12		1.79478894588	0.88	0.816	1.8264e-12
801   	2400  	197.783		1.82829274557	0.977	0.909	1.43823e-12		1.79516288593	0.88	0.817	1.82375e-12
801   	2400  	198.035		1.82858576657	0.977	0.909	1.43715e-12		1.79553583165	0.88	0.817	1.82111e-12
801   	2400  	198.286		1.82887800752	0.977	0.909	1.43607e-12		1.79590778648	0.881	0.818	1.81849e-12
801   	2400  	198.538		1.82916947148	0.977	0.909	1.435e-12		1.79627875381	0.881	0.818	1.81588e-12
801   	2500  	186.206		1.81575370538	0.976	0.897	1.54204e-12		1.77840396798	0.873	0.79	2.02849e-12
801   	2500  	186.458		1.81608180921	0.976	0.897	1.54073e-12		1.77882314573	0.873	0.791	2.02507e-12
801   	2500  	186.71		1.81640898948	0.976	0.897	1.53943e-12		1.77924117252	0.873	0.791	2.02167e-12
801   	2500  	186.961		1.81673524995	0.976	0.898	1.53813e-12		1.77965805227	0.873	0.792	2.01829e-12
801   	2500  	187.213		1.81706059439	0.976	0.898	1.53684e-12		1.78007378887	0.873	0.793	2.01493e-12
801   	2500  	187.465		1.81738502652	0.976	0.898	1.53555e-12		1.7804883862	0.873	0.793	2.01158e-12
801   	2500  	187.716		1.81770855007	0.976	0.898	1.53427e-12		1.78090184814	0.874	0.794	2.00825e-12
801   	2500  	187.968		1.81803116874	0.976	0.899	1.53299e-12		1.78131417854	0.874	0.795	2.00494e-12
801   	2500  	188.22		1.81835288619	0.976	0.899	1.53172e-12		1.78172538127	0.874	0.795	2.00165e-12
801   	2500  	188.471		1.81867370611	0.976	0.899	1.53045e-12		1.78213546015	0.874	0.796	1.99837e-12
801   	2500  	188.723		1.81899363212	0.977	0.9	1.52919e-12		1.78254441902	0.874	0.796	1.99512e-12
801   	2500  	188.975		1.81931266786	0.977	0.9	1.52793e-12		1.78295226169	0.874	0.797	1.99187e-12
801   	2500  	189.226		1.81963081693	0.977	0.9	1.52668e-12		1.78335899196	0.875	0.798	1.98865e-12
801   	2500  	189.478		1.81994808293	0.977	0.901	1.52544e-12		1.78376461363	0.875	0.798	1.98544e-12
801   	2500  	189.73		1.82026446943	0.977	0.901	1.52419e-12		1.78416913048	0.875	0.799	1.98224e-12
801   	2500  	189.981		1.82057997998	0.977	0.901	1.52296e-12		1.78457254628	0.875	0.8	1.97907e-12
801   	2500  	190.233		1.82089461813	0.977	0.901	1.52173e-12		1.78497486478	0.875	0.8	1.97591e-12
801   	2500  	190.485		1.82120838739	0.977	0.902	1.5205e-12		1.78537608974	0.875	0.801	1.97276e-12
801   	2500  	190.736		1.82152129128	0.977	0.902	1.51928e-12		1.78577622489	0.876	0.801	1.96964e-12
801   	2500  	190.988		1.82183333327	0.977	0.902	1.51806e-12		1.78617527396	0.876	0.802	1.96652e-12
801   	2500  	191.24		1.82214451685	0.977	0.903	1.51685e-12		1.78657324065	0.876	0.803	1.96343e-12
801   	2500  	191.491		1.82245484545	0.977	0.903	1.51564e-12		1.78697012867	0.876	0.803	1.96034e-12
801   	2500  	191.743		1.82276432253	0.977	0.903	1.51444e-12		1.78736594171	0.876	0.804	1.95728e-12
801   	2500  	191.995		1.82307295149	0.977	0.904	1.51324e-12		1.78776068345	0.876	0.804	1.95423e-12
801   	2500  	192.246		1.82338073575	0.977	0.904	1.51205e-12		1.78815435756	0.877	0.805	1.95119e-12
801   	2500  	192.498		1.82368767868	0.977	0.904	1.51086e-12		1.78854696768	0.877	0.806	1.94817e-12
801   	2500  	192.75		1.82399378367	0.977	0.904	1.50967e-12		1.78893851746	0.877	0.806	1.94517e-12
801   	2500  	193.001		1.82429905407	0.978	0.905	1.50849e-12		1.78932901055	0.877	0.807	1.94218e-12
801   	2500  	193.253		1.82460349321	0.978	0.905	1.50732e-12		1.78971845055	0.877	0.807	1.9392e-12
801   	2500  	193.505		1.82490710441	0.978	0.905	1.50615e-12		1.79010684108	0.877	0.808	1.93624e-12
801   	2500  	193.756		1.82520989099	0.978	0.906	1.50498e-12		1.79049418573	0.878	0.809	1.9333e-12
801   	2500  	194.008		1.82551185623	0.978	0.906	1.50382e-12		1.7908804881	0.878	0.809	1.93037e-12
801   	2500  	194.26		1.82581300341	0.978	0.906	1.50266e-12		1.79126575176	0.878	0.81	1.92745e-12
801   	2500  	194.511		1.82611333578	0.978	0.906	1.50151e-12		1.79164998027	0.878	0.81	1.92455e-12
801   	2500  	194.763		1.8264128566	0.978	0.907	1.50036e-12		1.79203317719	0.878	0.811	1.92166e-12
801   	2500  	195.015		1.82671156908	0.978	0.907	1.49922e-12		1.79241534606	0.878	0.811	1.91879e-12
801   	2500  	195.266		1.82700947644	0.978	0.907	1.49808e-12		1.7927964904	0.879	0.812	1.91593e-12
801   	2500  	195.518		1.82730658188	0.978	0.907	1.49695e-12		1.79317661374	0.879	0.813	1.91308e-12
801   	2500  	195.77		1.82760288857	0.978	0.908	1.49581e-12		1.79355571959	0.879	0.813	1.91025e-12
801   	2500  	196.021		1.82789839969	0.978	0.908	1.49469e-12		1.79393381143	0.879	0.814	1.90743e-12
801   	2500  	196.273		1.82819311838	0.978	0.908	1.49357e-12		1.79431089276	0.879	0.814	1.90463e-12
801   	2500  	196.525		1.82848704778	0.978	0.909	1.49245e-12		1.79468696705	0.879	0.815	1.90184e-12
801   	2500  	196.776		1.82878019101	0.978	0.909	1.49133e-12		1.79506203776	0.88	0.815	1.89906e-12
801   	2500  	197.028		1.82907255119	0.978	0.909	1.49023e-12		1.79543610834	0.88	0.816	1.8963e-12
801   	2500  	197.28		1.82936413139	0.978	0.909	1.48912e-12		1.79580918224	0.88	0.816	1.89355e-12
801   	2500  	197.531		1.82965493469	0.978	0.91	1.48802e-12		1.79618126287	0.88	0.817	1.89081e-12
801   	2500  	197.783		1.82994496417	0.979	0.91	1.48692e-12		1.79655235366	0.88	0.818	1.88808e-12
801   	2500  	198.035		1.83023422286	0.979	0.91	1.48583e-12		1.79692245801	0.88	0.818	1.88537e-12
801   	2500  	198.286		1.83052271379	0.979	0.91	1.48474e-12		1.79729157932	0.881	0.819	1.88267e-12
801   	2500  	198.538		1.83081044  	0.979	0.911	1.48366e-12		1.79765972096	0.881	0.819	1.87999e-12
801   	2600  	186.206		1.8174023586	0.978	0.898	1.59168e-12		1.77978422084	0.873	0.791	2.09675e-12
801   	2600  	186.458		1.81772650188	0.978	0.898	1.59035e-12		1.78020044942	0.873	0.791	2.09324e-12
801   	2600  	186.71		1.81804973514	0.978	0.898	1.58903e-12		1.7806155353	0.873	0.792	2.08975e-12
801   	2600  	186.961		1.81837206209	0.978	0.899	1.58772e-12		1.78102948237	0.873	0.793	2.08628e-12
801   	2600  	187.213		1.81869348642	0.978	0.899	1.58641e-12		1.78144229451	0.873	0.793	2.08282e-12
801   	2600  	187.465		1.81901401183	0.978	0.899	1.58511e-12		1.78185397557	0.873	0.794	2.07938e-12
801   	2600  	187.716		1.81933364195	0.978	0.9	1.58381e-12		1.78226452941	0.874	0.795	2.07596e-12
801   	2600  	187.968		1.81965238046	0.978	0.9	1.58252e-12		1.78267395988	0.874	0.795	2.07256e-12
801   	2600  	188.22		1.81997023096	0.978	0.9	1.58123e-12		1.7830822708	0.874	0.796	2.06918e-12
801   	2600  	188.471		1.82028719706	0.978	0.901	1.57995e-12		1.78348946599	0.874	0.797	2.06581e-12
801   	2600  	188.723		1.82060328236	0.978	0.901	1.57867e-12		1.78389554926	0.874	0.797	2.06246e-12
801   	2600  	188.975		1.82091849043	0.978	0.901	1.5774e-12		1.7843005244	0.874	0.798	2.05913e-12
801   	2600  	189.226		1.82123282482	0.978	0.901	1.57613e-12		1.78470439521	0.875	0.798	2.05581e-12
801   	2600  	189.478		1.82154628907	0.978	0.902	1.57487e-12		1.78510716544	0.875	0.799	2.05251e-12
801   	2600  	189.73		1.82185888671	0.978	0.902	1.57361e-12		1.78550883887	0.875	0.8	2.04923e-12
801   	2600  	189.981		1.82217062123	0.978	0.902	1.57236e-12		1.78590941923	0.875	0.8	2.04597e-12
801   	2600  	190.233		1.82248149612	0.978	0.903	1.57112e-12		1.78630891028	0.875	0.801	2.04272e-12
801   	2600  	190.485		1.82279151485	0.978	0.903	1.56987e-12		1.78670731573	0.875	0.802	2.03949e-12
801   	2600  	190.736		1.82310068088	0.979	0.903	1.56864e-12		1.7871046393	0.876	0.802	2.03627e-12
801   	2600  	190.988		1.82340899763	0.979	0.904	1.5674e-12		1.7875008847	0.876	0.803	2.03307e-12
801   	2600  	191.24		1.82371646853	0.979	0.904	1.56618e-12		1.78789605562	0.876	0.803	2.02989e-12
801   	2600  	191.491		1.82402309697	0.979	0.904	1.56495e-12		1.78829015573	0.876	0.804	2.02672e-12
801   	2600  	191.743		1.82432888635	0.979	0.904	1.56374e-12		1.78868318872	0.876	0.805	2.02357e-12
801   	2600  	191.995		1.82463384003	0.979	0.905	1.56252e-12		1.78907515822	0.876	0.805	2.02043e-12
801   	2600  	192.246		1.82493796137	0.979	0.905	1.56132e-12		1.7894660679	0.877	0.806	2.01731e-12
801   	2600  	192.498		1.8252412537	0.979	0.905	1.56011e-12		1.78985592138	0.877	0.806	2.01421e-12
801   	2600  	192.75		1.82554372035	0.979	0.906	1.55891e-12		1.7902447223	0.877	0.807	2.01112e-12
801   	2600  	193.001		1.8258453646	0.979	0.906	1.55772e-12		1.79063247425	0.877	0.807	2.00805e-12
801   	2600  	193.253		1.82614618977	0.979	0.906	1.55653e-12		1.79101918085	0.877	0.808	2.00499e-12
801   	2600  	193.505		1.82644619911	0.979	0.906	1.55534e-12		1.79140484567	0.877	0.809	2.00195e-12
801   	2600  	193.756		1.82674539588	0.979	0.907	1.55416e-12		1.79178947231	0.878	0.809	1.99892e-12
801   	2600  	194.008		1.82704378333	0.979	0.907	1.55299e-12		1.79217306432	0.878	0.81	1.99591e-12
801   	2600  	194.26		1.82734136468	0.979	0.907	1.55182e-12		1.79255562526	0.878	0.81	1.99291e-12
801   	2600  	194.511		1.82763814314	0.979	0.907	1.55065e-12		1.79293715867	0.878	0.811	1.98992e-12
801   	2600  	194.763		1.82793412191	0.979	0.908	1.54949e-12		1.79331766808	0.878	0.812	1.98695e-12
801   	2600  	195.015		1.82822930415	0.979	0.908	1.54833e-12		1.79369715702	0.878	0.812	1.984e-12
801   	2600  	195.266		1.82852369304	0.979	0.908	1.54717e-12		1.794075629 	0.879	0.813	1.98106e-12
801   	2600  	195.518		1.82881729173	0.98	0.909	1.54602e-12		1.79445308751	0.879	0.813	1.97813e-12
801   	2600  	195.77		1.82911010335	0.98	0.909	1.54488e-12		1.79482953603	0.879	0.814	1.97522e-12
801   	2600  	196.021		1.82940213101	0.98	0.909	1.54374e-12		1.79520497805	0.879	0.814	1.97233e-12
801   	2600  	196.273		1.82969337782	0.98	0.909	1.5426e-12		1.79557941703	0.879	0.815	1.96944e-12
801   	2600  	196.525		1.82998384687	0.98	0.91	1.54147e-12		1.79595285641	0.879	0.815	1.96657e-12
801   	2600  	196.776		1.83027354123	0.98	0.91	1.54034e-12		1.79632529965	0.88	0.816	1.96372e-12
801   	2600  	197.028		1.83056246397	0.98	0.91	1.53922e-12		1.79669675017	0.88	0.817	1.96088e-12
801   	2600  	197.28		1.83085061812	0.98	0.91	1.5381e-12		1.79706721138	0.88	0.817	1.95805e-12
801   	2600  	197.531		1.83113800672	0.98	0.911	1.53698e-12		1.79743668671	0.88	0.818	1.95523e-12
801   	2600  	197.783		1.83142463278	0.98	0.911	1.53587e-12		1.79780517953	0.88	0.818	1.95243e-12
801   	2600  	198.035		1.8317104993	0.98	0.911	1.53476e-12		1.79817269325	0.88	0.819	1.94964e-12
801   	2600  	198.286		1.83199560928	0.98	0.911	1.53366e-12		1.79853923122	0.881	0.819	1.94687e-12
801   	2600  	198.538		1.83227996568	0.98	0.912	1.53256e-12		1.79890479682	0.881	0.82	1.94411e-12
