Effective Refractive Indices:
rel_box_size:     0.001
rel_grid_spacing: 20
rel_tolerance:    0
eigenvectors:     4
boundary cond:    0000
Wavelengths from 1.55 um to 1.55 um in 1 steps
Heights from 0.799 um to 0.801 um in 3 steps
Widths from 3.7 um to 4.6 um in 10 steps
height	width	frequency	Ex_n_eff		Ex_frac	Ex_core	Ex_A_eff		Ey_n_eff		Ey_frac	Ey_core	Ey_A_eff
799   	3700  	186.206		1.8276673025	0.988	0.904	2.1469e-12		1.79308656813	0.000464	0.892	2.33359e-12
799   	3700  	186.458		1.82796559805	0.988	0.904	2.14535e-12		1.79347631055	0.000461	0.892	2.33133e-12
799   	3700  	186.71		1.82826307705	0.988	0.905	2.14381e-12		1.79386488101	0.000459	0.893	2.32907e-12
799   	3700  	186.961		1.82855974279	0.988	0.905	2.14228e-12		1.79425228459	0.000456	0.893	2.32683e-12
799   	3700  	187.213		1.82885559856	0.988	0.905	2.14075e-12		1.79463852633	0.000454	0.893	2.3246e-12
799   	3700  	187.465		1.82915064762	0.988	0.906	2.13922e-12		1.79502361124	0.000451	0.894	2.32237e-12
799   	3700  	187.716		1.82944489321	0.988	0.906	2.13771e-12		1.79540754433	0.000449	0.894	2.32016e-12
799   	3700  	187.968		1.82973833857	0.988	0.906	2.13619e-12		1.79579033057	0.000447	0.894	2.31795e-12
799   	3700  	188.22		1.83003098691	0.988	0.906	2.13469e-12		1.79617197489	0.000444	0.895	2.31576e-12
799   	3700  	188.471		1.83032284144	0.988	0.907	2.13319e-12		1.79655248221	0.000442	0.895	2.31357e-12
799   	3700  	188.723		1.83061390534	0.988	0.907	2.13169e-12		1.79693185742	0.00044	0.895	2.31139e-12
799   	3700  	188.975		1.83090418178	0.988	0.907	2.1302e-12		1.79731010539	0.000437	0.896	2.30923e-12
799   	3700  	189.226		1.83119367391	0.988	0.907	2.12872e-12		1.79768723096	0.000435	0.896	2.30707e-12
799   	3700  	189.478		1.83148238487	0.989	0.908	2.12724e-12		1.79806323894	0.000433	0.896	2.30492e-12
799   	3700  	189.73		1.83177031779	0.989	0.908	2.12577e-12		1.79843813412	0.000431	0.897	2.30279e-12
799   	3700  	189.981		1.83205747576	0.989	0.908	2.1243e-12		1.79881192126	0.000428	0.897	2.30066e-12
799   	3700  	190.233		1.83234386189	0.989	0.909	2.12284e-12		1.7991846051	0.000426	0.897	2.29854e-12
799   	3700  	190.485		1.83262947925	0.989	0.909	2.12138e-12		1.79955619036	0.000424	0.898	2.29643e-12
799   	3700  	190.736		1.8329143309	0.989	0.909	2.11993e-12		1.79992668173	0.000422	0.898	2.29433e-12
799   	3700  	190.988		1.83319841989	0.989	0.909	2.11849e-12		1.80029608388	0.00042	0.898	2.29223e-12
799   	3700  	191.24		1.83348174926	0.989	0.91	2.11705e-12		1.80066440143	0.000418	0.899	2.29015e-12
799   	3700  	191.491		1.83376432202	0.989	0.91	2.11561e-12		1.80103163903	0.000415	0.899	2.28808e-12
799   	3700  	191.743		1.83404614117	0.989	0.91	2.11418e-12		1.80139780124	0.000413	0.899	2.28601e-12
799   	3700  	191.995		1.8343272097	0.989	0.91	2.11276e-12		1.80176289265	0.000411	0.899	2.28396e-12
799   	3700  	192.246		1.8346075306	0.989	0.911	2.11134e-12		1.80212691781	0.000409	0.9	2.28191e-12
799   	3700  	192.498		1.83488710681	0.989	0.911	2.10993e-12		1.80248988123	0.000407	0.9	2.27987e-12
799   	3700  	192.75		1.83516594129	0.989	0.911	2.10852e-12		1.80285178741	0.000405	0.9	2.27784e-12
799   	3700  	193.001		1.83544403696	0.989	0.911	2.10711e-12		1.80321264083	0.000403	0.901	2.27582e-12
799   	3700  	193.253		1.83572139674	0.989	0.912	2.10572e-12		1.80357244595	0.000401	0.901	2.2738e-12
799   	3700  	193.505		1.83599802355	0.989	0.912	2.10432e-12		1.80393120719	0.000399	0.901	2.2718e-12
799   	3700  	193.756		1.83627392025	0.989	0.912	2.10294e-12		1.80428892895	0.000397	0.902	2.2698e-12
799   	3700  	194.008		1.83654908974	0.989	0.912	2.10155e-12		1.80464561563	0.000395	0.902	2.26781e-12
799   	3700  	194.26		1.83682353488	0.989	0.913	2.10017e-12		1.80500127159	0.000393	0.902	2.26583e-12
799   	3700  	194.511		1.8370972585	0.989	0.913	2.0988e-12		1.80535590117	0.000391	0.903	2.26386e-12
799   	3700  	194.763		1.83737026345	0.989	0.913	2.09743e-12		1.80570950867	0.000389	0.903	2.2619e-12
799   	3700  	195.015		1.83764255255	0.989	0.913	2.09607e-12		1.80606209841	0.000387	0.903	2.25995e-12
799   	3700  	195.266		1.8379141286	0.989	0.914	2.09471e-12		1.80641367465	0.000385	0.903	2.258e-12
799   	3700  	195.518		1.8381849944	0.989	0.914	2.09336e-12		1.80676424164	0.000383	0.904	2.25606e-12
799   	3700  	195.77		1.83845515272	0.989	0.914	2.09201e-12		1.80711380361	0.000381	0.904	2.25413e-12
799   	3700  	196.021		1.83872460635	0.989	0.914	2.09067e-12		1.80746236477	0.000379	0.904	2.25221e-12
799   	3700  	196.273		1.83899335802	0.989	0.915	2.08933e-12		1.80780992931	0.000377	0.905	2.25029e-12
799   	3700  	196.525		1.83926141049	0.989	0.915	2.08799e-12		1.80815650139	0.000375	0.905	2.24839e-12
799   	3700  	196.776		1.83952876648	0.989	0.915	2.08666e-12		1.80850208516	0.000373	0.905	2.24649e-12
799   	3700  	197.028		1.8397954287	0.989	0.915	2.08534e-12		1.80884668474	0.000372	0.905	2.24459e-12
799   	3700  	197.28		1.84006139986	0.989	0.916	2.08402e-12		1.80919030423	0.00037	0.906	2.24271e-12
799   	3700  	197.531		1.84032668264	0.989	0.916	2.0827e-12		1.8095329477	0.000368	0.906	2.24084e-12
799   	3700  	197.783		1.84059127973	0.989	0.916	2.08139e-12		1.80987461924	0.000366	0.906	2.23897e-12
799   	3700  	198.035		1.84085519379	0.989	0.916	2.08008e-12		1.81021532286	0.000364	0.907	2.23711e-12
799   	3700  	198.286		1.84111842746	0.989	0.917	2.07878e-12		1.8105550626	0.000362	0.907	2.23525e-12
799   	3700  	198.538		1.8413809834	0.99	0.917	2.07749e-12		1.81089384244	0.000361	0.907	2.23341e-12
799   	3800  	186.206		1.82823043774	0.989	0.904	2.1983e-12		1.79534615602	0.000429	0.893	2.37951e-12
799   	3800  	186.458		1.82852730342	0.989	0.905	2.19673e-12		1.79573016137	0.000427	0.894	2.37724e-12
799   	3800  	186.71		1.82882335784	0.989	0.905	2.19516e-12		1.79611301573	0.000425	0.894	2.37499e-12
799   	3800  	186.961		1.8291186043	0.989	0.905	2.1936e-12		1.79649472409	0.000423	0.894	2.37274e-12
799   	3800  	187.213		1.82941304604	0.989	0.906	2.19205e-12		1.79687529139	0.00042	0.895	2.37051e-12
799   	3800  	187.465		1.8297066863	0.989	0.906	2.19051e-12		1.79725472257	0.000418	0.895	2.36829e-12
799   	3800  	187.716		1.82999952831	0.989	0.906	2.18896e-12		1.79763302253	0.000416	0.895	2.36607e-12
799   	3800  	187.968		1.83029157527	0.989	0.906	2.18743e-12		1.79801019614	0.000414	0.896	2.36387e-12
799   	3800  	188.22		1.83058283038	0.989	0.907	2.1859e-12		1.79838624825	0.000412	0.896	2.36167e-12
799   	3800  	188.471		1.8308732968	0.989	0.907	2.18438e-12		1.79876118369	0.00041	0.896	2.35948e-12
799   	3800  	188.723		1.83116297771	0.989	0.907	2.18286e-12		1.79913500726	0.000407	0.896	2.35731e-12
799   	3800  	188.975		1.83145187625	0.989	0.907	2.18135e-12		1.79950772373	0.000405	0.897	2.35514e-12
799   	3800  	189.226		1.83173999554	0.989	0.908	2.17984e-12		1.79987933784	0.000403	0.897	2.35298e-12
799   	3800  	189.478		1.8320273387	0.989	0.908	2.17834e-12		1.80024985434	0.000401	0.897	2.35083e-12
799   	3800  	189.73		1.83231390883	0.989	0.908	2.17685e-12		1.80061927791	0.000399	0.898	2.3487e-12
799   	3800  	189.981		1.83259970901	0.989	0.909	2.17536e-12		1.80098761323	0.000397	0.898	2.34657e-12
799   	3800  	190.233		1.83288474232	0.989	0.909	2.17387e-12		1.80135486495	0.000395	0.898	2.34445e-12
799   	3800  	190.485		1.8331690118	0.989	0.909	2.1724e-12		1.8017210377	0.000393	0.899	2.34233e-12
799   	3800  	190.736		1.8334525205	0.989	0.909	2.17092e-12		1.80208613607	0.000391	0.899	2.34023e-12
799   	3800  	190.988		1.83373527144	0.989	0.91	2.16946e-12		1.80245016466	0.000389	0.899	2.33814e-12
799   	3800  	191.24		1.83401726763	0.989	0.91	2.16799e-12		1.80281312801	0.000387	0.9	2.33605e-12
799   	3800  	191.491		1.83429851206	0.989	0.91	2.16654e-12		1.80317503065	0.000385	0.9	2.33398e-12
799   	3800  	191.743		1.83457900772	0.989	0.91	2.16509e-12		1.8035358771	0.000383	0.9	2.33191e-12
799   	3800  	191.995		1.83485875758	0.989	0.911	2.16364e-12		1.80389567183	0.000381	0.901	2.32985e-12
799   	3800  	192.246		1.83513776458	0.989	0.911	2.1622e-12		1.8042544193	0.000379	0.901	2.32781e-12
799   	3800  	192.498		1.83541603166	0.989	0.911	2.16077e-12		1.80461212396	0.000377	0.901	2.32576e-12
799   	3800  	192.75		1.83569356175	0.989	0.911	2.15934e-12		1.80496879023	0.000375	0.901	2.32373e-12
799   	3800  	193.001		1.83597035775	0.989	0.912	2.15791e-12		1.80532442248	0.000373	0.902	2.32171e-12
799   	3800  	193.253		1.83624642256	0.989	0.912	2.15649e-12		1.80567902509	0.000371	0.902	2.31969e-12
799   	3800  	193.505		1.83652175907	0.99	0.912	2.15508e-12		1.80603260241	0.000369	0.902	2.31769e-12
799   	3800  	193.756		1.83679637014	0.99	0.912	2.15367e-12		1.80638515877	0.000368	0.903	2.31569e-12
799   	3800  	194.008		1.83707025862	0.99	0.913	2.15226e-12		1.80673669845	0.000366	0.903	2.3137e-12
799   	3800  	194.26		1.83734342735	0.99	0.913	2.15086e-12		1.80708722575	0.000364	0.903	2.31172e-12
799   	3800  	194.511		1.83761587917	0.99	0.913	2.14947e-12		1.80743674493	0.000362	0.904	2.30974e-12
799   	3800  	194.763		1.83788761689	0.99	0.913	2.14808e-12		1.80778526021	0.00036	0.904	2.30778e-12
799   	3800  	195.015		1.83815864329	0.99	0.914	2.1467e-12		1.80813277582	0.000358	0.904	2.30582e-12
799   	3800  	195.266		1.83842896118	0.99	0.914	2.14532e-12		1.80847929594	0.000357	0.904	2.30387e-12
799   	3800  	195.518		1.83869857332	0.99	0.914	2.14394e-12		1.80882482474	0.000355	0.905	2.30193e-12
799   	3800  	195.77		1.83896748248	0.99	0.914	2.14257e-12		1.80916936639	0.000353	0.905	2.3e-12
799   	3800  	196.021		1.8392356914	0.99	0.915	2.14121e-12		1.809512925 	0.000351	0.905	2.29807e-12
799   	3800  	196.273		1.83950320281	0.99	0.915	2.13985e-12		1.80985550468	0.000349	0.906	2.29616e-12
799   	3800  	196.525		1.83977001944	0.99	0.915	2.1385e-12		1.81019710953	0.000348	0.906	2.29425e-12
799   	3800  	196.776		1.84003614399	0.99	0.915	2.13715e-12		1.8105377436	0.000346	0.906	2.29235e-12
799   	3800  	197.028		1.84030157916	0.99	0.916	2.1358e-12		1.81087741094	0.000344	0.906	2.29045e-12
799   	3800  	197.28		1.84056632763	0.99	0.916	2.13446e-12		1.81121611558	0.000343	0.907	2.28857e-12
799   	3800  	197.531		1.84083039207	0.99	0.916	2.13312e-12		1.81155386151	0.000341	0.907	2.28669e-12
799   	3800  	197.783		1.84109377513	0.99	0.916	2.13179e-12		1.81189065273	0.000339	0.907	2.28482e-12
799   	3800  	198.035		1.84135647947	0.99	0.917	2.13047e-12		1.8122264932	0.000338	0.908	2.28295e-12
799   	3800  	198.286		1.84161850771	0.99	0.917	2.12914e-12		1.81256138686	0.000336	0.908	2.2811e-12
799   	3800  	198.538		1.84187986247	0.99	0.917	2.12783e-12		1.81289533763	0.000334	0.908	2.27925e-12
799   	3900  	186.206		1.82875323879	0.989	0.905	2.24977e-12		1.79744371265	0.000399	0.894	2.42584e-12
799   	3900  	186.458		1.82904877321	0.989	0.905	2.24818e-12		1.79782237338	0.000397	0.895	2.42358e-12
799   	3900  	186.71		1.82934350135	0.989	0.905	2.24659e-12		1.79819990279	0.000395	0.895	2.42132e-12
799   	3900  	186.961		1.82963742646	0.989	0.906	2.24501e-12		1.79857630577	0.000392	0.895	2.41908e-12
799   	3900  	187.213		1.82993055176	0.989	0.906	2.24343e-12		1.79895158719	0.00039	0.896	2.41684e-12
799   	3900  	187.465		1.83022288048	0.989	0.906	2.24186e-12		1.79932575188	0.000388	0.896	2.41461e-12
799   	3900  	187.716		1.83051441582	0.989	0.906	2.2403e-12		1.79969880467	0.000386	0.896	2.41239e-12
799   	3900  	187.968		1.83080516095	0.989	0.907	2.23874e-12		1.80007075033	0.000384	0.897	2.41019e-12
799   	3900  	188.22		1.83109511905	0.989	0.907	2.23719e-12		1.80044159363	0.000382	0.897	2.40799e-12
799   	3900  	188.471		1.83138429327	0.989	0.907	2.23564e-12		1.80081133931	0.00038	0.897	2.4058e-12
799   	3900  	188.723		1.83167268675	0.989	0.907	2.2341e-12		1.80117999209	0.000378	0.898	2.40362e-12
799   	3900  	188.975		1.83196030261	0.99	0.908	2.23257e-12		1.80154755664	0.000376	0.898	2.40145e-12
799   	3900  	189.226		1.83224714396	0.99	0.908	2.23104e-12		1.80191403763	0.000374	0.898	2.39929e-12
799   	3900  	189.478		1.83253321388	0.99	0.908	2.22952e-12		1.80227943971	0.000372	0.898	2.39714e-12
799   	3900  	189.73		1.83281851547	0.99	0.908	2.228e-12		1.80264376749	0.000371	0.899	2.395e-12
799   	3900  	189.981		1.83310305177	0.99	0.909	2.22649e-12		1.80300702555	0.000369	0.899	2.39287e-12
799   	3900  	190.233		1.83338682584	0.99	0.909	2.22498e-12		1.80336921847	0.000367	0.899	2.39075e-12
799   	3900  	190.485		1.83366984071	0.99	0.909	2.22348e-12		1.80373035078	0.000365	0.9	2.38863e-12
799   	3900  	190.736		1.83395209939	0.99	0.91	2.22199e-12		1.80409042702	0.000363	0.9	2.38653e-12
799   	3900  	190.988		1.83423360489	0.99	0.91	2.2205e-12		1.80444945167	0.000361	0.9	2.38443e-12
799   	3900  	191.24		1.83451436019	0.99	0.91	2.21901e-12		1.8048074292	0.000359	0.901	2.38234e-12
799   	3900  	191.491		1.83479436828	0.99	0.91	2.21753e-12		1.80516436407	0.000357	0.901	2.38026e-12
799   	3900  	191.743		1.83507363211	0.99	0.911	2.21606e-12		1.8055202607	0.000356	0.901	2.37819e-12
799   	3900  	191.995		1.83535215462	0.99	0.911	2.21459e-12		1.80587512349	0.000354	0.902	2.37613e-12
799   	3900  	192.246		1.83562993875	0.99	0.911	2.21313e-12		1.80622895683	0.000352	0.902	2.37408e-12
799   	3900  	192.498		1.83590698741	0.99	0.911	2.21167e-12		1.80658176507	0.00035	0.902	2.37204e-12
799   	3900  	192.75		1.83618330351	0.99	0.912	2.21022e-12		1.80693355254	0.000348	0.902	2.37e-12
799   	3900  	193.001		1.83645888993	0.99	0.912	2.20878e-12		1.80728432357	0.000347	0.903	2.36797e-12
799   	3900  	193.253		1.83673374955	0.99	0.912	2.20733e-12		1.80763408243	0.000345	0.903	2.36596e-12
799   	3900  	193.505		1.83700788523	0.99	0.912	2.2059e-12		1.8079828334	0.000343	0.903	2.36395e-12
799   	3900  	193.756		1.83728129982	0.99	0.913	2.20447e-12		1.80833058073	0.000341	0.904	2.36194e-12
799   	3900  	194.008		1.83755399615	0.99	0.913	2.20304e-12		1.80867732863	0.00034	0.904	2.35995e-12
799   	3900  	194.26		1.83782597704	0.99	0.913	2.20162e-12		1.80902308132	0.000338	0.904	2.35797e-12
799   	3900  	194.511		1.8380972453	0.99	0.913	2.20021e-12		1.80936784296	0.000336	0.905	2.35599e-12
799   	3900  	194.763		1.83836780372	0.99	0.914	2.1988e-12		1.80971161773	0.000335	0.905	2.35402e-12
799   	3900  	195.015		1.83863765509	0.99	0.914	2.19739e-12		1.81005440975	0.000333	0.905	2.35206e-12
799   	3900  	195.266		1.83890680216	0.99	0.914	2.19599e-12		1.81039622315	0.000331	0.905	2.35011e-12
799   	3900  	195.518		1.8391752477	0.99	0.914	2.19459e-12		1.81073706202	0.00033	0.906	2.34816e-12
799   	3900  	195.77		1.83944299443	0.99	0.915	2.1932e-12		1.81107693044	0.000328	0.906	2.34622e-12
799   	3900  	196.021		1.8397100451	0.99	0.915	2.19182e-12		1.81141583245	0.000326	0.906	2.3443e-12
799   	3900  	196.273		1.83997640241	0.99	0.915	2.19044e-12		1.8117537721	0.000325	0.907	2.34237e-12
799   	3900  	196.525		1.84024206907	0.99	0.915	2.18906e-12		1.8120907534	0.000323	0.907	2.34046e-12
799   	3900  	196.776		1.84050704776	0.99	0.916	2.18769e-12		1.81242678033	0.000321	0.907	2.33856e-12
799   	3900  	197.028		1.84077134117	0.99	0.916	2.18633e-12		1.81276185687	0.00032	0.907	2.33666e-12
799   	3900  	197.28		1.84103495194	0.99	0.916	2.18496e-12		1.81309598697	0.000318	0.908	2.33477e-12
799   	3900  	197.531		1.84129788275	0.99	0.916	2.18361e-12		1.81342917456	0.000317	0.908	2.33288e-12
799   	3900  	197.783		1.84156013621	0.99	0.917	2.18226e-12		1.81376142356	0.000315	0.908	2.33101e-12
799   	3900  	198.035		1.84182171496	0.99	0.917	2.18091e-12		1.81409273785	0.000314	0.908	2.32914e-12
799   	3900  	198.286		1.84208262162	0.99	0.917	2.17957e-12		1.81442312131	0.000312	0.909	2.32728e-12
799   	3900  	198.538		1.84234285878	0.99	0.917	2.17823e-12		1.81475257779	0.00031	0.909	2.32543e-12
799   	4000  	186.206		1.82923946998	0.99	0.905	2.30131e-12		1.79939433024	0.000371	0.895	2.47256e-12
799   	4000  	186.458		1.82953376294	0.99	0.905	2.29969e-12		1.79976800444	0.000369	0.896	2.47029e-12
799   	4000  	186.71		1.82982725426	0.99	0.905	2.29808e-12		1.80014056578	0.000367	0.896	2.46803e-12
799   	4000  	186.961		1.83011994718	0.99	0.906	2.29648e-12		1.80051201906	0.000365	0.896	2.46578e-12
799   	4000  	187.213		1.83041184489	0.99	0.906	2.29488e-12		1.80088236907	0.000363	0.897	2.46354e-12
799   	4000  	187.465		1.83070295059	0.99	0.906	2.29328e-12		1.80125162056	0.000361	0.897	2.46131e-12
799   	4000  	187.716		1.83099326747	0.99	0.907	2.2917e-12		1.80161977826	0.00036	0.897	2.45909e-12
799   	4000  	187.968		1.83128279868	0.99	0.907	2.29012e-12		1.80198684688	0.000358	0.898	2.45688e-12
799   	4000  	188.22		1.83157154737	0.99	0.907	2.28854e-12		1.80235283108	0.000356	0.898	2.45468e-12
799   	4000  	188.471		1.83185951667	0.99	0.907	2.28697e-12		1.80271773554	0.000354	0.898	2.45249e-12
799   	4000  	188.723		1.8321467097	0.99	0.908	2.28541e-12		1.80308156488	0.000352	0.898	2.4503e-12
799   	4000  	188.975		1.83243312956	0.99	0.908	2.28385e-12		1.80344432371	0.00035	0.899	2.44813e-12
799   	4000  	189.226		1.83271877934	0.99	0.908	2.2823e-12		1.80380601661	0.000348	0.899	2.44596e-12
799   	4000  	189.478		1.83300366211	0.99	0.908	2.28075e-12		1.80416664814	0.000347	0.899	2.44381e-12
799   	4000  	189.73		1.83328778091	0.99	0.909	2.27921e-12		1.80452622283	0.000345	0.9	2.44166e-12
799   	4000  	189.981		1.8335711388	0.99	0.909	2.27768e-12		1.80488474519	0.000343	0.9	2.43953e-12
799   	4000  	190.233		1.8338537388	0.99	0.909	2.27615e-12		1.80524221972	0.000341	0.9	2.4374e-12
799   	4000  	190.485		1.83413558393	0.99	0.91	2.27463e-12		1.80559865087	0.00034	0.901	2.43528e-12
799   	4000  	190.736		1.83441667717	0.99	0.91	2.27311e-12		1.80595404309	0.000338	0.901	2.43317e-12
799   	4000  	190.988		1.83469702151	0.99	0.91	2.2716e-12		1.80630840079	0.000336	0.901	2.43107e-12
799   	4000  	191.24		1.83497661992	0.99	0.91	2.27009e-12		1.80666172836	0.000334	0.902	2.42898e-12
799   	4000  	191.491		1.83525547536	0.99	0.911	2.26859e-12		1.80701403019	0.000333	0.902	2.4269e-12
799   	4000  	191.743		1.83553359076	0.99	0.911	2.2671e-12		1.80736531062	0.000331	0.902	2.42482e-12
799   	4000  	191.995		1.83581096904	0.99	0.911	2.26561e-12		1.80771557397	0.000329	0.902	2.42276e-12
799   	4000  	192.246		1.83608761313	0.99	0.911	2.26412e-12		1.80806482455	0.000328	0.903	2.4207e-12
799   	4000  	192.498		1.83636352591	0.99	0.912	2.26264e-12		1.80841306663	0.000326	0.903	2.41865e-12
799   	4000  	192.75		1.83663871027	0.99	0.912	2.26117e-12		1.80876030449	0.000324	0.903	2.41661e-12
799   	4000  	193.001		1.83691316908	0.99	0.912	2.2597e-12		1.80910654235	0.000323	0.904	2.41458e-12
799   	4000  	193.253		1.83718690519	0.99	0.912	2.25824e-12		1.80945178444	0.000321	0.904	2.41256e-12
799   	4000  	193.505		1.83745992145	0.99	0.913	2.25678e-12		1.80979603494	0.000319	0.904	2.41054e-12
799   	4000  	193.756		1.83773222068	0.99	0.913	2.25533e-12		1.81013929803	0.000318	0.905	2.40853e-12
799   	4000  	194.008		1.8380038057	0.991	0.913	2.25388e-12		1.81048157785	0.000316	0.905	2.40654e-12
799   	4000  	194.26		1.83827467931	0.991	0.913	2.25244e-12		1.81082287854	0.000315	0.905	2.40455e-12
799   	4000  	194.511		1.83854484431	0.991	0.914	2.251e-12		1.81116320421	0.000313	0.905	2.40256e-12
799   	4000  	194.763		1.83881430345	0.991	0.914	2.24957e-12		1.81150255893	0.000311	0.906	2.40059e-12
799   	4000  	195.015		1.83908305951	0.991	0.914	2.24814e-12		1.81184094679	0.00031	0.906	2.39862e-12
799   	4000  	195.266		1.83935111523	0.991	0.914	2.24672e-12		1.81217837181	0.000308	0.906	2.39667e-12
799   	4000  	195.518		1.83961847334	0.991	0.915	2.24531e-12		1.81251483803	0.000307	0.907	2.39472e-12
799   	4000  	195.77		1.83988513658	0.991	0.915	2.24389e-12		1.81285034945	0.000305	0.907	2.39277e-12
799   	4000  	196.021		1.84015110765	0.991	0.915	2.24249e-12		1.81318491006	0.000304	0.907	2.39084e-12
799   	4000  	196.273		1.84041638924	0.991	0.915	2.24109e-12		1.81351852381	0.000302	0.907	2.38891e-12
799   	4000  	196.525		1.84068098403	0.991	0.916	2.23969e-12		1.81385119464	0.000301	0.908	2.38699e-12
799   	4000  	196.776		1.84094489471	0.991	0.916	2.2383e-12		1.81418292649	0.000299	0.908	2.38508e-12
799   	4000  	197.028		1.84120812393	0.991	0.916	2.23691e-12		1.81451372324	0.000298	0.908	2.38318e-12
799   	4000  	197.28		1.84147067433	0.991	0.916	2.23553e-12		1.8148435888	0.000296	0.908	2.38128e-12
799   	4000  	197.531		1.84173254854	0.991	0.916	2.23415e-12		1.81517252701	0.000295	0.909	2.3794e-12
799   	4000  	197.783		1.84199374919	0.991	0.917	2.23278e-12		1.81550054172	0.000293	0.909	2.37751e-12
799   	4000  	198.035		1.84225427889	0.991	0.917	2.23141e-12		1.81582763675	0.000292	0.909	2.37564e-12
799   	4000  	198.286		1.84251414023	0.991	0.917	2.23005e-12		1.81615381592	0.00029	0.91	2.37378e-12
799   	4000  	198.538		1.84277333579	0.991	0.917	2.22869e-12		1.81647908299	0.000289	0.91	2.37192e-12
799   	4100  	186.206		1.82969246666	0.99	0.905	2.35291e-12		1.80121139243	0.000346	0.896	2.51963e-12
799   	4100  	186.458		1.82998560007	0.99	0.905	2.35127e-12		1.8015804074	0.000344	0.897	2.51735e-12
799   	4100  	186.71		1.8302779362	0.99	0.906	2.34964e-12		1.80194832685	0.000342	0.897	2.51509e-12
799   	4100  	186.961		1.83056947825	0.99	0.906	2.34801e-12		1.8023151555	0.000341	0.897	2.51283e-12
799   	4100  	187.213		1.83086022941	0.99	0.906	2.34639e-12		1.80268089805	0.000339	0.897	2.51059e-12
799   	4100  	187.465		1.83115019285	0.99	0.906	2.34477e-12		1.80304555918	0.000337	0.898	2.50835e-12
799   	4100  	187.716		1.83143937174	0.99	0.907	2.34316e-12		1.80340914354	0.000335	0.898	2.50613e-12
799   	4100  	187.968		1.83172776921	0.99	0.907	2.34156e-12		1.80377165575	0.000334	0.898	2.50391e-12
799   	4100  	188.22		1.8320153884	0.99	0.907	2.33996e-12		1.80413310042	0.000332	0.899	2.5017e-12
799   	4100  	188.471		1.8323022324	0.99	0.908	2.33836e-12		1.80449348212	0.00033	0.899	2.4995e-12
799   	4100  	188.723		1.83258830432	0.99	0.908	2.33678e-12		1.8048528054	0.000328	0.899	2.49732e-12
799   	4100  	188.975		1.83287360724	0.99	0.908	2.3352e-12		1.8052110748	0.000327	0.9	2.49514e-12
799   	4100  	189.226		1.83315814423	0.99	0.908	2.33362e-12		1.80556829482	0.000325	0.9	2.49297e-12
799   	4100  	189.478		1.83344191833	0.99	0.909	2.33205e-12		1.80592446995	0.000323	0.9	2.49081e-12
799   	4100  	189.73		1.83372493259	0.991	0.909	2.33049e-12		1.80627960463	0.000322	0.901	2.48865e-12
799   	4100  	189.981		1.83400719002	0.991	0.909	2.32893e-12		1.80663370331	0.00032	0.901	2.48651e-12
799   	4100  	190.233		1.83428869363	0.991	0.909	2.32738e-12		1.80698677039	0.000318	0.901	2.48438e-12
799   	4100  	190.485		1.83456944641	0.991	0.91	2.32584e-12		1.80733881028	0.000317	0.901	2.48225e-12
799   	4100  	190.736		1.83484945134	0.991	0.91	2.3243e-12		1.80768982732	0.000315	0.902	2.48014e-12
799   	4100  	190.988		1.83512871139	0.991	0.91	2.32276e-12		1.80803982587	0.000313	0.902	2.47803e-12
799   	4100  	191.24		1.8354072295	0.991	0.91	2.32123e-12		1.80838881025	0.000312	0.902	2.47593e-12
799   	4100  	191.491		1.83568500861	0.991	0.911	2.31971e-12		1.80873678475	0.00031	0.903	2.47385e-12
799   	4100  	191.743		1.83596205163	0.991	0.911	2.31819e-12		1.80908375365	0.000309	0.903	2.47176e-12
799   	4100  	191.995		1.83623836149	0.991	0.911	2.31668e-12		1.80942972121	0.000307	0.903	2.46969e-12
799   	4100  	192.246		1.83651394105	0.991	0.912	2.31517e-12		1.80977469165	0.000306	0.904	2.46763e-12
799   	4100  	192.498		1.83678879322	0.991	0.912	2.31367e-12		1.81011866918	0.000304	0.904	2.46557e-12
799   	4100  	192.75		1.83706292085	0.991	0.912	2.31218e-12		1.81046165799	0.000302	0.904	2.46353e-12
799   	4100  	193.001		1.83733632678	0.991	0.912	2.31069e-12		1.81080366225	0.000301	0.904	2.46149e-12
799   	4100  	193.253		1.83760901387	0.991	0.913	2.3092e-12		1.81114468611	0.000299	0.905	2.45946e-12
799   	4100  	193.505		1.83788098493	0.991	0.913	2.30772e-12		1.81148473368	0.000298	0.905	2.45744e-12
799   	4100  	193.756		1.83815224277	0.991	0.913	2.30625e-12		1.81182380906	0.000296	0.905	2.45543e-12
799   	4100  	194.008		1.8384227902	0.991	0.913	2.30478e-12		1.81216191634	0.000295	0.906	2.45342e-12
799   	4100  	194.26		1.83869262998	0.991	0.914	2.30331e-12		1.81249905958	0.000293	0.906	2.45143e-12
799   	4100  	194.511		1.8389617649	0.991	0.914	2.30186e-12		1.81283524282	0.000292	0.906	2.44944e-12
799   	4100  	194.763		1.83923019771	0.991	0.914	2.3004e-12		1.81317047007	0.00029	0.906	2.44746e-12
799   	4100  	195.015		1.83949793116	0.991	0.914	2.29895e-12		1.81350474533	0.000289	0.907	2.44549e-12
799   	4100  	195.266		1.83976496797	0.991	0.914	2.29751e-12		1.81383807258	0.000288	0.907	2.44352e-12
799   	4100  	195.518		1.84003131086	0.991	0.915	2.29607e-12		1.81417045578	0.000286	0.907	2.44156e-12
799   	4100  	195.77		1.84029696254	0.991	0.915	2.29464e-12		1.81450189885	0.000285	0.908	2.43962e-12
799   	4100  	196.021		1.8405619257	0.991	0.915	2.29321e-12		1.81483240572	0.000283	0.908	2.43768e-12
799   	4100  	196.273		1.84082620302	0.991	0.915	2.29179e-12		1.81516198029	0.000282	0.908	2.43574e-12
799   	4100  	196.525		1.84108979717	0.991	0.916	2.29037e-12		1.81549062642	0.00028	0.908	2.43382e-12
799   	4100  	196.776		1.84135271079	0.991	0.916	2.28896e-12		1.81581834798	0.000279	0.909	2.4319e-12
799   	4100  	197.028		1.84161494654	0.991	0.916	2.28755e-12		1.8161451488	0.000278	0.909	2.42999e-12
799   	4100  	197.28		1.84187650703	0.991	0.916	2.28615e-12		1.8164710327	0.000276	0.909	2.42809e-12
799   	4100  	197.531		1.84213739489	0.991	0.917	2.28475e-12		1.81679600348	0.000275	0.909	2.42619e-12
799   	4100  	197.783		1.84239761272	0.991	0.917	2.28336e-12		1.81712006491	0.000274	0.91	2.4243e-12
799   	4100  	198.035		1.84265716312	0.991	0.917	2.28197e-12		1.81744322076	0.000272	0.91	2.42242e-12
799   	4100  	198.286		1.84291604866	0.991	0.917	2.28058e-12		1.81776547476	0.000271	0.91	2.42055e-12
799   	4100  	198.538		1.8431742719	0.991	0.918	2.2792e-12		1.81808683064	0.00027	0.911	2.41869e-12
799   	4200  	186.206		1.83011519246	0.991	0.905	2.40458e-12		1.80290679952	0.000323	0.897	2.56701e-12
799   	4200  	186.458		1.8304072412	0.991	0.906	2.40291e-12		1.80327145492	0.000322	0.897	2.56473e-12
799   	4200  	186.71		1.83069849674	0.991	0.906	2.40125e-12		1.80363503111	0.00032	0.898	2.56246e-12
799   	4200  	186.961		1.83098896228	0.991	0.906	2.3996e-12		1.80399753272	0.000318	0.898	2.5602e-12
799   	4200  	187.213		1.83127864097	0.991	0.906	2.39795e-12		1.80435896438	0.000317	0.898	2.55795e-12
799   	4200  	187.465		1.83156753597	0.991	0.907	2.39631e-12		1.80471933069	0.000315	0.899	2.5557e-12
799   	4200  	187.716		1.83185565043	0.991	0.907	2.39468e-12		1.80507863623	0.000313	0.899	2.55347e-12
799   	4200  	187.968		1.83214298745	0.991	0.907	2.39305e-12		1.80543688555	0.000312	0.899	2.55125e-12
799   	4200  	188.22		1.83242955015	0.991	0.907	2.39143e-12		1.80579408317	0.00031	0.9	2.54903e-12
799   	4200  	188.471		1.83271534163	0.991	0.908	2.38981e-12		1.80615023359	0.000308	0.9	2.54683e-12
799   	4200  	188.723		1.83300036495	0.991	0.908	2.3882e-12		1.80650534131	0.000307	0.9	2.54463e-12
799   	4200  	188.975		1.83328462319	0.991	0.908	2.3866e-12		1.80685941076	0.000305	0.9	2.54245e-12
799   	4200  	189.226		1.83356811938	0.991	0.909	2.385e-12		1.8072124464	0.000304	0.901	2.54027e-12
799   	4200  	189.478		1.83385085657	0.991	0.909	2.38341e-12		1.80756445261	0.000302	0.901	2.5381e-12
799   	4200  	189.73		1.83413283776	0.991	0.909	2.38182e-12		1.8079154338	0.000301	0.901	2.53594e-12
799   	4200  	189.981		1.83441406597	0.991	0.909	2.38024e-12		1.80826539432	0.000299	0.902	2.53379e-12
799   	4200  	190.233		1.83469454417	0.991	0.91	2.37867e-12		1.80861433851	0.000298	0.902	2.53165e-12
799   	4200  	190.485		1.83497427535	0.991	0.91	2.3771e-12		1.80896227069	0.000296	0.902	2.52952e-12
799   	4200  	190.736		1.83525326246	0.991	0.91	2.37554e-12		1.80930919516	0.000294	0.903	2.5274e-12
799   	4200  	190.988		1.83553150845	0.991	0.91	2.37398e-12		1.80965511619	0.000293	0.903	2.52529e-12
799   	4200  	191.24		1.83580901625	0.991	0.911	2.37243e-12		1.81000003803	0.000291	0.903	2.52318e-12
799   	4200  	191.491		1.83608578877	0.991	0.911	2.37088e-12		1.81034396491	0.00029	0.903	2.52108e-12
799   	4200  	191.743		1.83636182893	0.991	0.911	2.36934e-12		1.81068690104	0.000288	0.904	2.519e-12
799   	4200  	191.995		1.8366371396	0.991	0.911	2.36781e-12		1.81102885059	0.000287	0.904	2.51692e-12
799   	4200  	192.246		1.83691172366	0.991	0.912	2.36628e-12		1.81136981773	0.000286	0.904	2.51485e-12
799   	4200  	192.498		1.83718558399	0.991	0.912	2.36476e-12		1.81170980661	0.000284	0.905	2.51279e-12
799   	4200  	192.75		1.83745872341	0.991	0.912	2.36324e-12		1.81204882134	0.000283	0.905	2.51073e-12
799   	4200  	193.001		1.83773114476	0.991	0.912	2.36172e-12		1.81238686602	0.000281	0.905	2.50869e-12
799   	4200  	193.253		1.83800285088	0.991	0.913	2.36022e-12		1.81272394473	0.00028	0.905	2.50665e-12
799   	4200  	193.505		1.83827384455	0.991	0.913	2.35872e-12		1.81306006153	0.000278	0.906	2.50462e-12
799   	4200  	193.756		1.83854412858	0.991	0.913	2.35722e-12		1.81339522044	0.000277	0.906	2.5026e-12
799   	4200  	194.008		1.83881370575	0.991	0.913	2.35573e-12		1.81372942549	0.000276	0.906	2.50059e-12
799   	4200  	194.26		1.83908257882	0.991	0.914	2.35424e-12		1.81406268068	0.000274	0.907	2.49858e-12
799   	4200  	194.511		1.83935075054	0.991	0.914	2.35276e-12		1.81439498996	0.000273	0.907	2.49659e-12
799   	4200  	194.763		1.83961822366	0.991	0.914	2.35129e-12		1.8147263573	0.000271	0.907	2.4946e-12
799   	4200  	195.015		1.83988500091	0.991	0.914	2.34982e-12		1.81505678662	0.00027	0.907	2.49262e-12
799   	4200  	195.266		1.84015108499	0.991	0.915	2.34835e-12		1.81538628185	0.000269	0.908	2.49065e-12
799   	4200  	195.518		1.84041647861	0.991	0.915	2.34689e-12		1.81571484686	0.000267	0.908	2.48868e-12
799   	4200  	195.77		1.84068118445	0.991	0.915	2.34544e-12		1.81604248555	0.000266	0.908	2.48673e-12
799   	4200  	196.021		1.8409452052	0.992	0.915	2.34399e-12		1.81636920175	0.000265	0.909	2.48478e-12
799   	4200  	196.273		1.84120854352	0.992	0.916	2.34254e-12		1.8166949993	0.000263	0.909	2.48284e-12
799   	4200  	196.525		1.84147120206	0.992	0.916	2.3411e-12		1.81701988202	0.000262	0.909	2.48091e-12
799   	4200  	196.776		1.84173318345	0.992	0.916	2.33967e-12		1.81734385369	0.000261	0.909	2.47898e-12
799   	4200  	197.028		1.84199449032	0.992	0.916	2.33824e-12		1.8176669181	0.00026	0.91	2.47706e-12
799   	4200  	197.28		1.84225512528	0.992	0.917	2.33682e-12		1.817989079 	0.000258	0.91	2.47515e-12
799   	4200  	197.531		1.84251509094	0.992	0.917	2.3354e-12		1.81831034012	0.000257	0.91	2.47325e-12
799   	4200  	197.783		1.84277438989	0.992	0.917	2.33398e-12		1.81863070519	0.000256	0.91	2.47136e-12
799   	4200  	198.035		1.84303302469	0.992	0.917	2.33257e-12		1.81895017789	0.000255	0.911	2.46947e-12
799   	4200  	198.286		1.84329099792	0.992	0.917	2.33117e-12		1.81926876192	0.000253	0.911	2.46759e-12
799   	4200  	198.538		1.84354831213	0.992	0.918	2.32977e-12		1.81958646093	0.000252	0.911	2.46571e-12
799   	4300  	186.206		1.83051028791	0.991	0.905	2.4563e-12		1.80449116023	0.000303	0.898	2.61469e-12
799   	4300  	186.458		1.83080132057	0.991	0.906	2.45461e-12		1.80485173088	0.000301	0.898	2.6124e-12
799   	4300  	186.71		1.83109156386	0.991	0.906	2.45292e-12		1.80521123765	0.0003	0.898	2.61012e-12
799   	4300  	186.961		1.83138102097	0.991	0.906	2.45125e-12		1.80556968512	0.000298	0.899	2.60785e-12
799   	4300  	187.213		1.83166969504	0.991	0.907	2.44958e-12		1.80592707784	0.000296	0.899	2.60559e-12
799   	4300  	187.465		1.8319575892	0.991	0.907	2.44791e-12		1.80628342033	0.000295	0.899	2.60334e-12
799   	4300  	187.716		1.83224470657	0.991	0.907	2.44625e-12		1.80663871711	0.000293	0.9	2.6011e-12
799   	4300  	187.968		1.83253105027	0.991	0.907	2.4446e-12		1.80699297265	0.000292	0.9	2.59887e-12
799   	4300  	188.22		1.83281662337	0.991	0.908	2.44296e-12		1.8073461914	0.00029	0.9	2.59665e-12
799   	4300  	188.471		1.83310142896	0.991	0.908	2.44132e-12		1.8076983778	0.000289	0.901	2.59443e-12
799   	4300  	188.723		1.83338547009	0.991	0.908	2.43968e-12		1.80804953627	0.000287	0.901	2.59223e-12
799   	4300  	188.975		1.8336687498	0.991	0.908	2.43806e-12		1.80839967117	0.000286	0.901	2.59004e-12
799   	4300  	189.226		1.83395127113	0.991	0.909	2.43643e-12		1.80874878689	0.000284	0.901	2.58785e-12
799   	4300  	189.478		1.8342330371	0.991	0.909	2.43482e-12		1.80909688775	0.000283	0.902	2.58567e-12
799   	4300  	189.73		1.83451405069	0.991	0.909	2.43321e-12		1.80944397808	0.000281	0.902	2.58351e-12
799   	4300  	189.981		1.8347943149	0.991	0.91	2.43161e-12		1.80979006217	0.00028	0.902	2.58135e-12
799   	4300  	190.233		1.83507383269	0.991	0.91	2.43001e-12		1.8101351443	0.000279	0.903	2.5792e-12
799   	4300  	190.485		1.83535260703	0.991	0.91	2.42842e-12		1.81047922871	0.000277	0.903	2.57706e-12
799   	4300  	190.736		1.83563064086	0.991	0.91	2.42683e-12		1.81082231963	0.000276	0.903	2.57493e-12
799   	4300  	190.988		1.8359079371	0.991	0.911	2.42525e-12		1.81116442127	0.000274	0.904	2.57281e-12
799   	4300  	191.24		1.83618449867	0.991	0.911	2.42368e-12		1.81150553781	0.000273	0.904	2.57069e-12
799   	4300  	191.491		1.83646032846	0.991	0.911	2.42211e-12		1.81184567341	0.000272	0.904	2.56859e-12
799   	4300  	191.743		1.83673542938	0.991	0.911	2.42054e-12		1.81218483222	0.00027	0.904	2.56649e-12
799   	4300  	191.995		1.83700980428	0.992	0.912	2.41899e-12		1.81252301836	0.000269	0.905	2.56441e-12
799   	4300  	192.246		1.83728345602	0.992	0.912	2.41743e-12		1.81286023592	0.000267	0.905	2.56233e-12
799   	4300  	192.498		1.83755638746	0.992	0.912	2.41589e-12		1.81319648898	0.000266	0.905	2.56026e-12
799   	4300  	192.75		1.83782860141	0.992	0.912	2.41435e-12		1.81353178159	0.000265	0.906	2.55819e-12
799   	4300  	193.001		1.83810010071	0.992	0.913	2.41281e-12		1.81386611779	0.000263	0.906	2.55614e-12
799   	4300  	193.253		1.83837088815	0.992	0.913	2.41128e-12		1.81419950159	0.000262	0.906	2.5541e-12
799   	4300  	193.505		1.83864096652	0.992	0.913	2.40976e-12		1.81453193699	0.000261	0.906	2.55206e-12
799   	4300  	193.756		1.8389103386	0.992	0.913	2.40824e-12		1.81486342796	0.000259	0.907	2.55003e-12
799   	4300  	194.008		1.83917900715	0.992	0.914	2.40673e-12		1.81519397845	0.000258	0.907	2.54801e-12
799   	4300  	194.26		1.83944697493	0.992	0.914	2.40522e-12		1.81552359239	0.000257	0.907	2.546e-12
799   	4300  	194.511		1.83971424468	0.992	0.914	2.40372e-12		1.81585227369	0.000256	0.908	2.54399e-12
799   	4300  	194.763		1.83998081911	0.992	0.914	2.40222e-12		1.81618002625	0.000254	0.908	2.542e-12
799   	4300  	195.015		1.84024670094	0.992	0.915	2.40073e-12		1.81650685394	0.000253	0.908	2.54001e-12
799   	4300  	195.266		1.84051189287	0.992	0.915	2.39924e-12		1.8168327606	0.000252	0.908	2.53803e-12
799   	4300  	195.518		1.84077639758	0.992	0.915	2.39776e-12		1.81715775007	0.00025	0.909	2.53605e-12
799   	4300  	195.77		1.84104021775	0.992	0.915	2.39628e-12		1.81748182617	0.000249	0.909	2.53409e-12
799   	4300  	196.021		1.84130335604	0.992	0.916	2.39481e-12		1.81780499268	0.000248	0.909	2.53213e-12
799   	4300  	196.273		1.8415658151	0.992	0.916	2.39335e-12		1.81812725337	0.000247	0.909	2.53018e-12
799   	4300  	196.525		1.84182759755	0.992	0.916	2.39188e-12		1.81844861201	0.000246	0.91	2.52824e-12
799   	4300  	196.776		1.84208870604	0.992	0.916	2.39043e-12		1.81876907233	0.000244	0.91	2.52631e-12
799   	4300  	197.028		1.84234914315	0.992	0.916	2.38898e-12		1.81908863803	0.000243	0.91	2.52438e-12
799   	4300  	197.28		1.84260891151	0.992	0.917	2.38753e-12		1.81940731283	0.000242	0.91	2.52246e-12
799   	4300  	197.531		1.84286801368	0.992	0.917	2.38609e-12		1.8197251004	0.000241	0.911	2.52055e-12
799   	4300  	197.783		1.84312645225	0.992	0.917	2.38466e-12		1.82004200439	0.00024	0.911	2.51865e-12
799   	4300  	198.035		1.84338422977	0.992	0.917	2.38323e-12		1.82035802846	0.000238	0.911	2.51675e-12
799   	4300  	198.286		1.8436413488	0.992	0.918	2.3818e-12		1.82067317622	0.000237	0.912	2.51486e-12
799   	4300  	198.538		1.84389781188	0.992	0.918	2.38038e-12		1.82098745127	0.000236	0.912	2.51298e-12
799   	4400  	186.206		1.83088011178	0.991	0.906	2.50807e-12		1.8059739553	0.000284	0.898	2.66264e-12
799   	4400  	186.458		1.83117019128	0.991	0.906	2.50635e-12		1.80633069363	0.000283	0.899	2.66034e-12
799   	4400  	186.71		1.83145948502	0.991	0.906	2.50464e-12		1.80668638254	0.000281	0.899	2.65805e-12
799   	4400  	186.961		1.83174799618	0.991	0.906	2.50294e-12		1.80704102654	0.00028	0.899	2.65577e-12
799   	4400  	187.213		1.83203572787	0.991	0.907	2.50125e-12		1.8073946301	0.000278	0.9	2.6535e-12
799   	4400  	187.465		1.83232268321	0.991	0.907	2.49956e-12		1.80774719768	0.000277	0.9	2.65124e-12
799   	4400  	187.716		1.83260886532	0.991	0.907	2.49788e-12		1.80809873373	0.000275	0.9	2.64899e-12
799   	4400  	187.968		1.83289427726	0.992	0.908	2.4962e-12		1.80844924265	0.000274	0.901	2.64675e-12
799   	4400  	188.22		1.83317892213	0.992	0.908	2.49453e-12		1.80879872883	0.000272	0.901	2.64452e-12
799   	4400  	188.471		1.83346280296	0.992	0.908	2.49287e-12		1.80914719664	0.000271	0.901	2.6423e-12
799   	4400  	188.723		1.83374592282	0.992	0.908	2.49121e-12		1.80949465042	0.00027	0.901	2.64008e-12
799   	4400  	188.975		1.83402828471	0.992	0.909	2.48956e-12		1.80984109449	0.000268	0.902	2.63788e-12
799   	4400  	189.226		1.83430989166	0.992	0.909	2.48791e-12		1.81018653315	0.000267	0.902	2.63569e-12
799   	4400  	189.478		1.83459074667	0.992	0.909	2.48628e-12		1.81053097067	0.000265	0.902	2.6335e-12
799   	4400  	189.73		1.83487085271	0.992	0.909	2.48464e-12		1.81087441131	0.000264	0.903	2.63132e-12
799   	4400  	189.981		1.83515021276	0.992	0.91	2.48302e-12		1.8112168593	0.000263	0.903	2.62916e-12
799   	4400  	190.233		1.83542882978	0.992	0.91	2.48139e-12		1.81155831884	0.000261	0.903	2.627e-12
799   	4400  	190.485		1.83570670669	0.992	0.91	2.47978e-12		1.81189879413	0.00026	0.904	2.62485e-12
799   	4400  	190.736		1.83598384643	0.992	0.91	2.47817e-12		1.81223828931	0.000259	0.904	2.62271e-12
799   	4400  	190.988		1.83626025191	0.992	0.911	2.47657e-12		1.81257680855	0.000257	0.904	2.62058e-12
799   	4400  	191.24		1.83653592603	0.992	0.911	2.47497e-12		1.81291435596	0.000256	0.904	2.61845e-12
799   	4400  	191.491		1.83681087168	0.992	0.911	2.47338e-12		1.81325093563	0.000255	0.905	2.61634e-12
799   	4400  	191.743		1.83708509171	0.992	0.911	2.47179e-12		1.81358655166	0.000253	0.905	2.61423e-12
799   	4400  	191.995		1.837358589 	0.992	0.912	2.47021e-12		1.81392120809	0.000252	0.905	2.61214e-12
799   	4400  	192.246		1.83763136637	0.992	0.912	2.46864e-12		1.81425490896	0.000251	0.906	2.61005e-12
799   	4400  	192.498		1.83790342667	0.992	0.912	2.46707e-12		1.81458765829	0.00025	0.906	2.60797e-12
799   	4400  	192.75		1.83817477271	0.992	0.912	2.4655e-12		1.81491946007	0.000248	0.906	2.6059e-12
799   	4400  	193.001		1.83844540728	0.992	0.913	2.46395e-12		1.81525031827	0.000247	0.906	2.60384e-12
799   	4400  	193.253		1.83871533318	0.992	0.913	2.46239e-12		1.81558023686	0.000246	0.907	2.60178e-12
799   	4400  	193.505		1.83898455318	0.992	0.913	2.46085e-12		1.81590921976	0.000245	0.907	2.59973e-12
799   	4400  	193.756		1.83925307005	0.992	0.913	2.45931e-12		1.81623727088	0.000243	0.907	2.5977e-12
799   	4400  	194.008		1.83952088653	0.992	0.914	2.45777e-12		1.81656439412	0.000242	0.908	2.59567e-12
799   	4400  	194.26		1.83978800537	0.992	0.914	2.45624e-12		1.81689059335	0.000241	0.908	2.59364e-12
799   	4400  	194.511		1.84005442927	0.992	0.914	2.45472e-12		1.81721587242	0.00024	0.908	2.59163e-12
799   	4400  	194.763		1.84032016096	0.992	0.914	2.4532e-12		1.81754023517	0.000239	0.908	2.58962e-12
799   	4400  	195.015		1.84058520313	0.992	0.915	2.45168e-12		1.81786368541	0.000237	0.909	2.58763e-12
799   	4400  	195.266		1.84084955846	0.992	0.915	2.45017e-12		1.81818622694	0.000236	0.909	2.58564e-12
799   	4400  	195.518		1.84111322962	0.992	0.915	2.44867e-12		1.81850786352	0.000235	0.909	2.58365e-12
799   	4400  	195.77		1.84137621928	0.992	0.915	2.44717e-12		1.81882859891	0.000234	0.909	2.58168e-12
799   	4400  	196.021		1.84163853008	0.992	0.916	2.44568e-12		1.81914843686	0.000233	0.91	2.57971e-12
799   	4400  	196.273		1.84190016466	0.992	0.916	2.44419e-12		1.81946738107	0.000231	0.91	2.57775e-12
799   	4400  	196.525		1.84216112563	0.992	0.916	2.44271e-12		1.81978543524	0.00023	0.91	2.5758e-12
799   	4400  	196.776		1.8424214156	0.992	0.916	2.44123e-12		1.82010260306	0.000229	0.911	2.57386e-12
799   	4400  	197.028		1.84268103718	0.992	0.917	2.43976e-12		1.82041888818	0.000228	0.911	2.57192e-12
799   	4400  	197.28		1.84293999294	0.992	0.917	2.43829e-12		1.82073429424	0.000227	0.911	2.56999e-12
799   	4400  	197.531		1.84319828547	0.992	0.917	2.43683e-12		1.82104882488	0.000226	0.911	2.56807e-12
799   	4400  	197.783		1.84345591731	0.992	0.917	2.43537e-12		1.82136248369	0.000225	0.912	2.56616e-12
799   	4400  	198.035		1.84371289101	0.992	0.918	2.43392e-12		1.82167527426	0.000224	0.912	2.56425e-12
799   	4400  	198.286		1.84396920912	0.992	0.918	2.43247e-12		1.82198720016	0.000223	0.912	2.56235e-12
799   	4400  	198.538		1.84422487416	0.992	0.918	2.43103e-12		1.82229826494	0.000221	0.912	2.56046e-12
799   	4500  	186.206		1.83122677636	0.992	0.906	2.55988e-12		1.80736367772	0.000267	0.899	2.71083e-12
799   	4500  	186.458		1.83151596053	0.992	0.906	2.55814e-12		1.80771681599	0.000265	0.899	2.70852e-12
799   	4500  	186.71		1.83180436237	0.992	0.906	2.55641e-12		1.80806891848	0.000264	0.9	2.70622e-12
799   	4500  	186.961		1.832091985 	0.992	0.907	2.55469e-12		1.80841998961	0.000263	0.9	2.70393e-12
799   	4500  	187.213		1.83237883153	0.992	0.907	2.55297e-12		1.8087700338	0.000261	0.9	2.70165e-12
799   	4500  	187.465		1.83266490507	0.992	0.907	2.55125e-12		1.80911905546	0.00026	0.901	2.69938e-12
799   	4500  	187.716		1.8329502087	0.992	0.907	2.54955e-12		1.80946705894	0.000259	0.901	2.69712e-12
799   	4500  	187.968		1.8332347455	0.992	0.908	2.54785e-12		1.8098140486	0.000257	0.901	2.69487e-12
799   	4500  	188.22		1.83351851852	0.992	0.908	2.54615e-12		1.81016002877	0.000256	0.901	2.69263e-12
799   	4500  	188.471		1.83380153079	0.992	0.908	2.54447e-12		1.81050500374	0.000255	0.902	2.6904e-12
799   	4500  	188.723		1.83408378536	0.992	0.908	2.54278e-12		1.8108489778	0.000253	0.902	2.68817e-12
799   	4500  	188.975		1.83436528523	0.992	0.909	2.54111e-12		1.8111919552	0.000252	0.902	2.68596e-12
799   	4500  	189.226		1.83464603339	0.992	0.909	2.53944e-12		1.81153394018	0.000251	0.903	2.68375e-12
799   	4500  	189.478		1.83492603283	0.992	0.909	2.53778e-12		1.81187493695	0.000249	0.903	2.68156e-12
799   	4500  	189.73		1.83520528651	0.992	0.91	2.53612e-12		1.81221494971	0.000248	0.903	2.67937e-12
799   	4500  	189.981		1.83548379739	0.992	0.91	2.53447e-12		1.81255398261	0.000247	0.904	2.6772e-12
799   	4500  	190.233		1.83576156842	0.992	0.91	2.53283e-12		1.81289203982	0.000246	0.904	2.67503e-12
799   	4500  	190.485		1.8360386025	0.992	0.91	2.53119e-12		1.81322912545	0.000244	0.904	2.67287e-12
799   	4500  	190.736		1.83631490257	0.992	0.911	2.52955e-12		1.81356524361	0.000243	0.904	2.67072e-12
799   	4500  	190.988		1.8365904715	0.992	0.911	2.52793e-12		1.81390039838	0.000242	0.905	2.66857e-12
799   	4500  	191.24		1.83686531219	0.992	0.911	2.52631e-12		1.81423459382	0.000241	0.905	2.66644e-12
799   	4500  	191.491		1.8371394275	0.992	0.911	2.52469e-12		1.81456783398	0.000239	0.905	2.66432e-12
799   	4500  	191.743		1.83741282029	0.992	0.912	2.52308e-12		1.81490012287	0.000238	0.906	2.6622e-12
799   	4500  	191.995		1.8376854934	0.992	0.912	2.52148e-12		1.8152314645	0.000237	0.906	2.66009e-12
799   	4500  	192.246		1.83795744966	0.992	0.912	2.51988e-12		1.81556186283	0.000236	0.906	2.658e-12
799   	4500  	192.498		1.83822869188	0.992	0.912	2.51829e-12		1.81589132183	0.000235	0.906	2.6559e-12
799   	4500  	192.75		1.83849922287	0.992	0.913	2.5167e-12		1.81621984544	0.000233	0.907	2.65382e-12
799   	4500  	193.001		1.83876904541	0.992	0.913	2.51512e-12		1.81654743756	0.000232	0.907	2.65175e-12
799   	4500  	193.253		1.83903816227	0.992	0.913	2.51355e-12		1.8168741021	0.000231	0.907	2.64968e-12
799   	4500  	193.505		1.83930657622	0.992	0.913	2.51198e-12		1.81719984294	0.00023	0.908	2.64763e-12
799   	4500  	193.756		1.83957429001	0.992	0.914	2.51042e-12		1.81752466392	0.000229	0.908	2.64558e-12
799   	4500  	194.008		1.83984130637	0.992	0.914	2.50886e-12		1.81784856889	0.000228	0.908	2.64354e-12
799   	4500  	194.26		1.84010762801	0.992	0.914	2.5073e-12		1.81817156166	0.000226	0.908	2.64151e-12
799   	4500  	194.511		1.84037325766	0.992	0.914	2.50576e-12		1.81849364604	0.000225	0.909	2.63948e-12
799   	4500  	194.763		1.840638198 	0.992	0.915	2.50422e-12		1.81881482579	0.000224	0.909	2.63746e-12
799   	4500  	195.015		1.84090245172	0.992	0.915	2.50268e-12		1.81913510468	0.000223	0.909	2.63546e-12
799   	4500  	195.266		1.84116602149	0.992	0.915	2.50115e-12		1.81945448644	0.000222	0.909	2.63346e-12
799   	4500  	195.518		1.84142890997	0.992	0.915	2.49962e-12		1.8197729748	0.000221	0.91	2.63146e-12
799   	4500  	195.77		1.8416911198	0.993	0.916	2.4981e-12		1.82009057345	0.00022	0.91	2.62948e-12
799   	4500  	196.021		1.84195265362	0.993	0.916	2.49659e-12		1.82040728609	0.000219	0.91	2.6275e-12
799   	4500  	196.273		1.84221351404	0.993	0.916	2.49508e-12		1.82072311636	0.000218	0.91	2.62553e-12
799   	4500  	196.525		1.84247370367	0.993	0.916	2.49357e-12		1.82103806793	0.000216	0.911	2.62357e-12
799   	4500  	196.776		1.84273322512	0.993	0.916	2.49207e-12		1.82135214441	0.000215	0.911	2.62162e-12
799   	4500  	197.028		1.84299208096	0.993	0.917	2.49058e-12		1.8216653494	0.000214	0.911	2.61967e-12
799   	4500  	197.28		1.84325027376	0.993	0.917	2.48909e-12		1.82197768651	0.000213	0.912	2.61773e-12
799   	4500  	197.531		1.84350780608	0.993	0.917	2.48761e-12		1.8222891593	0.000212	0.912	2.6158e-12
799   	4500  	197.783		1.84376468048	0.993	0.917	2.48613e-12		1.82259977133	0.000211	0.912	2.61388e-12
799   	4500  	198.035		1.84402089948	0.993	0.918	2.48466e-12		1.82290952613	0.00021	0.912	2.61196e-12
799   	4500  	198.286		1.84427646561	0.993	0.918	2.48319e-12		1.82321842722	0.000209	0.913	2.61005e-12
799   	4500  	198.538		1.84453138138	0.993	0.918	2.48172e-12		1.82352647809	0.000208	0.913	2.60815e-12
799   	4600  	186.206		1.83155217772	0.992	0.906	2.61174e-12		1.8086679531	0.000251	0.9	2.75925e-12
799   	4600  	186.458		1.83184051984	0.992	0.906	2.60998e-12		1.80901770533	0.00025	0.9	2.75693e-12
799   	4600  	186.71		1.83212808283	0.992	0.906	2.60822e-12		1.80936643464	0.000248	0.9	2.75462e-12
799   	4600  	186.961		1.8324148698	0.992	0.907	2.60647e-12		1.8097141454	0.000247	0.901	2.75232e-12
799   	4600  	187.213		1.83270088386	0.992	0.907	2.60473e-12		1.81006084196	0.000246	0.901	2.75003e-12
799   	4600  	187.465		1.83298612808	0.992	0.907	2.60299e-12		1.81040652865	0.000245	0.901	2.74775e-12
799   	4600  	187.716		1.83327060555	0.992	0.908	2.60126e-12		1.8107512098	0.000243	0.901	2.74548e-12
799   	4600  	187.968		1.83355431931	0.992	0.908	2.59954e-12		1.81109488968	0.000242	0.902	2.74321e-12
799   	4600  	188.22		1.8338372724	0.992	0.908	2.59782e-12		1.81143757256	0.000241	0.902	2.74096e-12
799   	4600  	188.471		1.83411946786	0.992	0.908	2.59611e-12		1.81177926268	0.00024	0.902	2.73872e-12
799   	4600  	188.723		1.83440090868	0.992	0.909	2.5944e-12		1.81211996426	0.000238	0.903	2.73648e-12
799   	4600  	188.975		1.83468159788	0.992	0.909	2.5927e-12		1.8124596815	0.000237	0.903	2.73426e-12
799   	4600  	189.226		1.83496153843	0.992	0.909	2.59101e-12		1.81279841858	0.000236	0.903	2.73204e-12
799   	4600  	189.478		1.83524073329	0.992	0.909	2.58932e-12		1.81313617965	0.000235	0.903	2.72983e-12
799   	4600  	189.73		1.83551918542	0.992	0.91	2.58764e-12		1.81347296884	0.000233	0.904	2.72764e-12
799   	4600  	189.981		1.83579689776	0.992	0.91	2.58597e-12		1.81380879027	0.000232	0.904	2.72545e-12
799   	4600  	190.233		1.83607387324	0.992	0.91	2.5843e-12		1.81414364801	0.000231	0.904	2.72327e-12
799   	4600  	190.485		1.83635011476	0.992	0.91	2.58264e-12		1.81447754615	0.00023	0.905	2.7211e-12
799   	4600  	190.736		1.83662562523	0.992	0.911	2.58098e-12		1.81481048873	0.000229	0.905	2.71894e-12
799   	4600  	190.988		1.83690040751	0.992	0.911	2.57933e-12		1.81514247977	0.000228	0.905	2.71678e-12
799   	4600  	191.24		1.83717446449	0.992	0.911	2.57769e-12		1.81547352328	0.000226	0.906	2.71464e-12
799   	4600  	191.491		1.83744779902	0.992	0.911	2.57605e-12		1.81580362324	0.000225	0.906	2.7125e-12
799   	4600  	191.743		1.83772041393	0.993	0.912	2.57441e-12		1.81613278361	0.000224	0.906	2.71038e-12
799   	4600  	191.995		1.83799231206	0.993	0.912	2.57279e-12		1.81646100835	0.000223	0.906	2.70826e-12
799   	4600  	192.246		1.83826349622	0.993	0.912	2.57117e-12		1.81678830137	0.000222	0.907	2.70615e-12
799   	4600  	192.498		1.83853396921	0.993	0.912	2.56955e-12		1.81711466657	0.000221	0.907	2.70405e-12
799   	4600  	192.75		1.83880373381	0.993	0.913	2.56794e-12		1.81744010784	0.00022	0.907	2.70195e-12
799   	4600  	193.001		1.83907279281	0.993	0.913	2.56634e-12		1.81776462903	0.000219	0.907	2.69987e-12
799   	4600  	193.253		1.83934114896	0.993	0.913	2.56474e-12		1.818088234 	0.000217	0.908	2.69779e-12
799   	4600  	193.505		1.83960880501	0.993	0.913	2.56315e-12		1.81841092656	0.000216	0.908	2.69572e-12
799   	4600  	193.756		1.83987576369	0.993	0.914	2.56156e-12		1.81873271051	0.000215	0.908	2.69366e-12
799   	4600  	194.008		1.84014202773	0.993	0.914	2.55998e-12		1.81905358964	0.000214	0.909	2.69161e-12
799   	4600  	194.26		1.84040759983	0.993	0.914	2.55841e-12		1.81937356772	0.000213	0.909	2.68957e-12
799   	4600  	194.511		1.84067248269	0.993	0.914	2.55684e-12		1.81969264848	0.000212	0.909	2.68753e-12
799   	4600  	194.763		1.84093667899	0.993	0.915	2.55527e-12		1.82001083566	0.000211	0.909	2.6855e-12
799   	4600  	195.015		1.84120019141	0.993	0.915	2.55372e-12		1.82032813295	0.00021	0.91	2.68348e-12
799   	4600  	195.266		1.84146302259	0.993	0.915	2.55216e-12		1.82064454405	0.000209	0.91	2.68147e-12
799   	4600  	195.518		1.84172517519	0.993	0.915	2.55061e-12		1.82096007263	0.000208	0.91	2.67947e-12
799   	4600  	195.77		1.84198665183	0.993	0.916	2.54907e-12		1.82127472233	0.000207	0.91	2.67747e-12
799   	4600  	196.021		1.84224745514	0.993	0.916	2.54754e-12		1.82158849678	0.000206	0.911	2.67549e-12
799   	4600  	196.273		1.84250758772	0.993	0.916	2.546e-12		1.82190139961	0.000205	0.911	2.6735e-12
799   	4600  	196.525		1.84276705217	0.993	0.916	2.54448e-12		1.8222134344	0.000204	0.911	2.67153e-12
799   	4600  	196.776		1.84302585107	0.993	0.917	2.54296e-12		1.82252460472	0.000203	0.911	2.66957e-12
799   	4600  	197.028		1.843283987 	0.993	0.917	2.54144e-12		1.82283491415	0.000202	0.912	2.66761e-12
799   	4600  	197.28		1.84354146251	0.993	0.917	2.53993e-12		1.82314436621	0.000201	0.912	2.66566e-12
799   	4600  	197.531		1.84379828015	0.993	0.917	2.53842e-12		1.82345296443	0.0002	0.912	2.66372e-12
799   	4600  	197.783		1.84405444245	0.993	0.918	2.53692e-12		1.82376071232	0.000199	0.913	2.66178e-12
799   	4600  	198.035		1.84430995193	0.993	0.918	2.53543e-12		1.82406761335	0.000198	0.913	2.65985e-12
799   	4600  	198.286		1.84456481112	0.993	0.918	2.53394e-12		1.82437367101	0.000197	0.913	2.65793e-12
799   	4600  	198.538		1.8448190225	0.993	0.918	2.53245e-12		1.82467888873	0.000196	0.913	2.65602e-12
800   	3700  	186.206		1.82786198296	0.988	0.904	2.14851e-12		1.79328379779	0.000463	0.892	2.33528e-12
800   	3700  	186.458		1.8281600376	0.988	0.905	2.14697e-12		1.79367329284	0.000461	0.893	2.33302e-12
800   	3700  	186.71		1.82845727596	0.988	0.905	2.14542e-12		1.79406161621	0.000458	0.893	2.33077e-12
800   	3700  	186.961		1.82875370133	0.988	0.905	2.14389e-12		1.79444877297	0.000456	0.893	2.32852e-12
800   	3700  	187.213		1.829049317 	0.988	0.905	2.14236e-12		1.79483476816	0.000453	0.894	2.32629e-12
800   	3700  	187.465		1.82934412624	0.988	0.906	2.14084e-12		1.7952196068	0.000451	0.894	2.32406e-12
800   	3700  	187.716		1.82963813228	0.988	0.906	2.13932e-12		1.7956032939	0.000449	0.894	2.32185e-12
800   	3700  	187.968		1.82993133837	0.988	0.906	2.13781e-12		1.79598583442	0.000446	0.895	2.31965e-12
800   	3700  	188.22		1.83022374773	0.988	0.907	2.1363e-12		1.7963672333	0.000444	0.895	2.31745e-12
800   	3700  	188.471		1.83051536354	0.988	0.907	2.1348e-12		1.79674749546	0.000442	0.895	2.31527e-12
800   	3700  	188.723		1.830806189 	0.988	0.907	2.13331e-12		1.7971266258	0.000439	0.896	2.31309e-12
800   	3700  	188.975		1.83109622728	0.988	0.907	2.13182e-12		1.79750462917	0.000437	0.896	2.31093e-12
800   	3700  	189.226		1.83138548153	0.988	0.908	2.13034e-12		1.79788151042	0.000435	0.896	2.30877e-12
800   	3700  	189.478		1.83167395489	0.989	0.908	2.12886e-12		1.79825727437	0.000432	0.897	2.30662e-12
800   	3700  	189.73		1.83196165048	0.989	0.908	2.12739e-12		1.79863192579	0.00043	0.897	2.30448e-12
800   	3700  	189.981		1.83224857142	0.989	0.908	2.12592e-12		1.79900546947	0.000428	0.897	2.30236e-12
800   	3700  	190.233		1.83253472079	0.989	0.909	2.12446e-12		1.79937791014	0.000426	0.898	2.30024e-12
800   	3700  	190.485		1.83282010167	0.989	0.909	2.123e-12		1.79974925251	0.000424	0.898	2.29813e-12
800   	3700  	190.736		1.83310471713	0.989	0.909	2.12155e-12		1.80011950127	0.000421	0.898	2.29603e-12
800   	3700  	190.988		1.83338857021	0.989	0.91	2.12011e-12		1.8004886611	0.000419	0.898	2.29394e-12
800   	3700  	191.24		1.83367166395	0.989	0.91	2.11867e-12		1.80085673663	0.000417	0.899	2.29185e-12
800   	3700  	191.491		1.83395400137	0.989	0.91	2.11724e-12		1.80122373248	0.000415	0.899	2.28978e-12
800   	3700  	191.743		1.83423558547	0.989	0.91	2.11581e-12		1.80158965325	0.000413	0.899	2.28771e-12
800   	3700  	191.995		1.83451641923	0.989	0.911	2.11438e-12		1.80195450351	0.000411	0.9	2.28566e-12
800   	3700  	192.246		1.83479650564	0.989	0.911	2.11296e-12		1.8023182878	0.000409	0.9	2.28361e-12
800   	3700  	192.498		1.83507584766	0.989	0.911	2.11155e-12		1.80268101065	0.000406	0.9	2.28157e-12
800   	3700  	192.75		1.83535444823	0.989	0.911	2.11014e-12		1.80304267655	0.000404	0.901	2.27954e-12
800   	3700  	193.001		1.83563231028	0.989	0.912	2.10874e-12		1.80340328999	0.000402	0.901	2.27752e-12
800   	3700  	193.253		1.83590943673	0.989	0.912	2.10734e-12		1.80376285542	0.0004	0.901	2.27551e-12
800   	3700  	193.505		1.83618583049	0.989	0.912	2.10595e-12		1.80412137726	0.000398	0.902	2.2735e-12
800   	3700  	193.756		1.83646149444	0.989	0.912	2.10456e-12		1.80447885993	0.000396	0.902	2.27151e-12
800   	3700  	194.008		1.83673643146	0.989	0.913	2.10318e-12		1.80483530781	0.000394	0.902	2.26952e-12
800   	3700  	194.26		1.83701064442	0.989	0.913	2.1018e-12		1.80519072527	0.000392	0.902	2.26754e-12
800   	3700  	194.511		1.83728413615	0.989	0.913	2.10043e-12		1.80554511664	0.00039	0.903	2.26557e-12
800   	3700  	194.763		1.83755690951	0.989	0.913	2.09906e-12		1.80589848624	0.000388	0.903	2.26361e-12
800   	3700  	195.015		1.8378289673	0.989	0.914	2.0977e-12		1.80625083836	0.000386	0.903	2.26165e-12
800   	3700  	195.266		1.83810031234	0.989	0.914	2.09634e-12		1.80660217729	0.000384	0.904	2.25971e-12
800   	3700  	195.518		1.83837094742	0.989	0.914	2.09499e-12		1.80695250727	0.000382	0.904	2.25777e-12
800   	3700  	195.77		1.83864087531	0.989	0.914	2.09364e-12		1.80730183254	0.000381	0.904	2.25584e-12
800   	3700  	196.021		1.8389100988	0.989	0.915	2.0923e-12		1.80765015729	0.000379	0.905	2.25392e-12
800   	3700  	196.273		1.83917862063	0.989	0.915	2.09096e-12		1.80799748573	0.000377	0.905	2.252e-12
800   	3700  	196.525		1.83944644355	0.989	0.915	2.08962e-12		1.80834382201	0.000375	0.905	2.2501e-12
800   	3700  	196.776		1.83971357028	0.989	0.915	2.0883e-12		1.80868917027	0.000373	0.905	2.2482e-12
800   	3700  	197.028		1.83998000354	0.989	0.916	2.08697e-12		1.80903353465	0.000371	0.906	2.24631e-12
800   	3700  	197.28		1.84024574603	0.989	0.916	2.08565e-12		1.80937691925	0.000369	0.906	2.24442e-12
800   	3700  	197.531		1.84051080044	0.989	0.916	2.08434e-12		1.80971932814	0.000367	0.906	2.24255e-12
800   	3700  	197.783		1.84077516945	0.989	0.916	2.08303e-12		1.81006076538	0.000366	0.907	2.24068e-12
800   	3700  	198.035		1.84103885572	0.989	0.917	2.08172e-12		1.81040123503	0.000364	0.907	2.23882e-12
800   	3700  	198.286		1.84130186191	0.99	0.917	2.08042e-12		1.81074074109	0.000362	0.907	2.23697e-12
800   	3700  	198.538		1.84156419065	0.99	0.917	2.07912e-12		1.81107928756	0.00036	0.907	2.23512e-12
800   	3800  	186.206		1.82842508482	0.989	0.905	2.19995e-12		1.79554325913	0.000429	0.893	2.38124e-12
800   	3800  	186.458		1.82872170962	0.989	0.905	2.19838e-12		1.79592701721	0.000427	0.894	2.37897e-12
800   	3800  	186.71		1.82901752346	0.989	0.905	2.19681e-12		1.79630962458	0.000424	0.894	2.37672e-12
800   	3800  	186.961		1.8293125296	0.989	0.905	2.19526e-12		1.79669108621	0.000422	0.894	2.37447e-12
800   	3800  	187.213		1.82960673129	0.989	0.906	2.19371e-12		1.79707140708	0.00042	0.895	2.37224e-12
800   	3800  	187.465		1.82990013178	0.989	0.906	2.19216e-12		1.79745059209	0.000418	0.895	2.37002e-12
800   	3800  	187.716		1.8301927343	0.989	0.906	2.19062e-12		1.79782864617	0.000416	0.895	2.3678e-12
800   	3800  	187.968		1.83048454204	0.989	0.907	2.18909e-12		1.79820557417	0.000413	0.896	2.3656e-12
800   	3800  	188.22		1.8307755582	0.989	0.907	2.18756e-12		1.79858138096	0.000411	0.896	2.3634e-12
800   	3800  	188.471		1.83106578597	0.989	0.907	2.18603e-12		1.79895607136	0.000409	0.896	2.36122e-12
800   	3800  	188.723		1.83135522849	0.989	0.907	2.18452e-12		1.79932965017	0.000407	0.897	2.35904e-12
800   	3800  	188.975		1.83164388892	0.989	0.908	2.18301e-12		1.79970212216	0.000405	0.897	2.35688e-12
800   	3800  	189.226		1.83193177038	0.989	0.908	2.1815e-12		1.80007349209	0.000403	0.897	2.35472e-12
800   	3800  	189.478		1.83221887599	0.989	0.908	2.18e-12		1.80044376468	0.000401	0.898	2.35257e-12
800   	3800  	189.73		1.83250520886	0.989	0.908	2.17851e-12		1.80081294463	0.000399	0.898	2.35043e-12
800   	3800  	189.981		1.83279077205	0.989	0.909	2.17702e-12		1.80118103662	0.000396	0.898	2.3483e-12
800   	3800  	190.233		1.83307556866	0.989	0.909	2.17554e-12		1.8015480453	0.000394	0.899	2.34618e-12
800   	3800  	190.485		1.83335960172	0.989	0.909	2.17406e-12		1.80191397529	0.000392	0.899	2.34407e-12
800   	3800  	190.736		1.83364287428	0.989	0.91	2.17259e-12		1.80227883121	0.00039	0.899	2.34197e-12
800   	3800  	190.988		1.83392538937	0.989	0.91	2.17112e-12		1.80264261762	0.000388	0.9	2.33988e-12
800   	3800  	191.24		1.83420714999	0.989	0.91	2.16966e-12		1.80300533908	0.000386	0.9	2.33779e-12
800   	3800  	191.491		1.83448815914	0.989	0.91	2.1682e-12		1.80336700014	0.000384	0.9	2.33572e-12
800   	3800  	191.743		1.8347684198	0.989	0.911	2.16675e-12		1.80372760528	0.000382	0.901	2.33365e-12
800   	3800  	191.995		1.83504793494	0.989	0.911	2.16531e-12		1.80408715901	0.00038	0.901	2.3316e-12
800   	3800  	192.246		1.83532670751	0.989	0.911	2.16387e-12		1.80444566577	0.000378	0.901	2.32955e-12
800   	3800  	192.498		1.83560474046	0.989	0.911	2.16243e-12		1.80480313002	0.000377	0.901	2.32751e-12
800   	3800  	192.75		1.83588203669	0.989	0.912	2.161e-12		1.80515955616	0.000375	0.902	2.32547e-12
800   	3800  	193.001		1.83615859913	0.989	0.912	2.15958e-12		1.80551494858	0.000373	0.902	2.32345e-12
800   	3800  	193.253		1.83643443067	0.989	0.912	2.15816e-12		1.80586931167	0.000371	0.902	2.32144e-12
800   	3800  	193.505		1.83670953419	0.99	0.912	2.15674e-12		1.80622264976	0.000369	0.903	2.31943e-12
800   	3800  	193.756		1.83698391256	0.99	0.913	2.15534e-12		1.80657496718	0.000367	0.903	2.31743e-12
800   	3800  	194.008		1.83725756863	0.99	0.913	2.15393e-12		1.80692626823	0.000365	0.903	2.31544e-12
800   	3800  	194.26		1.83753050525	0.99	0.913	2.15253e-12		1.80727655719	0.000363	0.904	2.31346e-12
800   	3800  	194.511		1.83780272524	0.99	0.913	2.15114e-12		1.80762583833	0.000362	0.904	2.31149e-12
800   	3800  	194.763		1.83807423142	0.99	0.914	2.14975e-12		1.80797411587	0.00036	0.904	2.30953e-12
800   	3800  	195.015		1.83834502658	0.99	0.914	2.14837e-12		1.80832139404	0.000358	0.904	2.30757e-12
800   	3800  	195.266		1.83861511351	0.99	0.914	2.14699e-12		1.80866767703	0.000356	0.905	2.30562e-12
800   	3800  	195.518		1.83888449499	0.99	0.914	2.14561e-12		1.809012969 	0.000354	0.905	2.30368e-12
800   	3800  	195.77		1.83915317378	0.99	0.915	2.14425e-12		1.80935727412	0.000353	0.905	2.30175e-12
800   	3800  	196.021		1.83942115262	0.99	0.915	2.14288e-12		1.8097005965	0.000351	0.906	2.29982e-12
800   	3800  	196.273		1.83968843425	0.99	0.915	2.14152e-12		1.81004294026	0.000349	0.906	2.29791e-12
800   	3800  	196.525		1.83995502139	0.99	0.915	2.14017e-12		1.81038430948	0.000347	0.906	2.296e-12
800   	3800  	196.776		1.84022091674	0.99	0.916	2.13882e-12		1.81072470823	0.000346	0.906	2.2941e-12
800   	3800  	197.028		1.84048612301	0.99	0.916	2.13747e-12		1.81106414056	0.000344	0.907	2.2922e-12
800   	3800  	197.28		1.84075064287	0.99	0.916	2.13613e-12		1.81140261049	0.000342	0.907	2.29032e-12
800   	3800  	197.531		1.841014479 	0.99	0.916	2.1348e-12		1.81174012202	0.00034	0.907	2.28844e-12
800   	3800  	197.783		1.84127763405	0.99	0.917	2.13347e-12		1.81207667914	0.000339	0.908	2.28657e-12
800   	3800  	198.035		1.84154011066	0.99	0.917	2.13214e-12		1.81241228582	0.000337	0.908	2.2847e-12
800   	3800  	198.286		1.84180191147	0.99	0.917	2.13082e-12		1.81274694599	0.000335	0.908	2.28285e-12
800   	3800  	198.538		1.8420630391	0.99	0.917	2.1295e-12		1.81308066359	0.000334	0.908	2.281e-12
800   	3900  	186.206		1.82894785425	0.989	0.905	2.25146e-12		1.79764069499	0.000398	0.895	2.42761e-12
800   	3900  	186.458		1.82924314786	0.989	0.905	2.24987e-12		1.79801910857	0.000396	0.895	2.42534e-12
800   	3900  	186.71		1.82953763546	0.989	0.905	2.24828e-12		1.7983963911	0.000394	0.895	2.42309e-12
800   	3900  	186.961		1.82983132029	0.989	0.906	2.2467e-12		1.79877254749	0.000392	0.896	2.42084e-12
800   	3900  	187.213		1.83012420561	0.989	0.906	2.24512e-12		1.79914758259	0.00039	0.896	2.41861e-12
800   	3900  	187.465		1.83041629461	0.989	0.906	2.24356e-12		1.79952150125	0.000388	0.896	2.41638e-12
800   	3900  	187.716		1.8307075905	0.989	0.907	2.24199e-12		1.79989430828	0.000386	0.897	2.41416e-12
800   	3900  	187.968		1.83099809646	0.989	0.907	2.24044e-12		1.80026600847	0.000384	0.897	2.41196e-12
800   	3900  	188.22		1.83128781568	0.989	0.907	2.23888e-12		1.80063660658	0.000382	0.897	2.40976e-12
800   	3900  	188.471		1.83157675129	0.989	0.907	2.23734e-12		1.80100610736	0.00038	0.897	2.40757e-12
800   	3900  	188.723		1.83186490643	0.989	0.908	2.2358e-12		1.80137451551	0.000378	0.898	2.40539e-12
800   	3900  	188.975		1.83215228424	0.99	0.908	2.23427e-12		1.80174183573	0.000376	0.898	2.40323e-12
800   	3900  	189.226		1.83243888781	0.99	0.908	2.23274e-12		1.80210807268	0.000374	0.898	2.40107e-12
800   	3900  	189.478		1.83272472025	0.99	0.908	2.23121e-12		1.80247323099	0.000372	0.899	2.39892e-12
800   	3900  	189.73		1.83300978462	0.99	0.909	2.2297e-12		1.8028373153	0.00037	0.899	2.39677e-12
800   	3900  	189.981		1.83329408399	0.99	0.909	2.22819e-12		1.80320033018	0.000368	0.899	2.39464e-12
800   	3900  	190.233		1.83357762141	0.99	0.909	2.22668e-12		1.8035622802	0.000366	0.9	2.39252e-12
800   	3900  	190.485		1.83386039991	0.99	0.91	2.22518e-12		1.80392316992	0.000364	0.9	2.39041e-12
800   	3900  	190.736		1.83414242251	0.99	0.91	2.22369e-12		1.80428300384	0.000362	0.9	2.3883e-12
800   	3900  	190.988		1.83442369222	0.99	0.91	2.2222e-12		1.80464178647	0.000361	0.901	2.38621e-12
800   	3900  	191.24		1.83470421201	0.99	0.91	2.22072e-12		1.80499952228	0.000359	0.901	2.38412e-12
800   	3900  	191.491		1.83498398487	0.99	0.911	2.21924e-12		1.80535621572	0.000357	0.901	2.38204e-12
800   	3900  	191.743		1.83526301375	0.99	0.911	2.21776e-12		1.80571187121	0.000355	0.902	2.37997e-12
800   	3900  	191.995		1.83554130161	0.99	0.911	2.2163e-12		1.80606649316	0.000353	0.902	2.37791e-12
800   	3900  	192.246		1.83581885137	0.99	0.911	2.21484e-12		1.80642008595	0.000351	0.902	2.37586e-12
800   	3900  	192.498		1.83609566594	0.99	0.912	2.21338e-12		1.80677265394	0.00035	0.902	2.37382e-12
800   	3900  	192.75		1.83637174825	0.99	0.912	2.21193e-12		1.80712420146	0.000348	0.903	2.37178e-12
800   	3900  	193.001		1.83664710116	0.99	0.912	2.21048e-12		1.80747473283	0.000346	0.903	2.36976e-12
800   	3900  	193.253		1.83692172756	0.99	0.912	2.20904e-12		1.80782425233	0.000344	0.903	2.36774e-12
800   	3900  	193.505		1.83719563031	0.99	0.913	2.20761e-12		1.80817276425	0.000343	0.904	2.36573e-12
800   	3900  	193.756		1.83746881226	0.99	0.913	2.20618e-12		1.80852027281	0.000341	0.904	2.36373e-12
800   	3900  	194.008		1.83774127624	0.99	0.913	2.20475e-12		1.80886678225	0.000339	0.904	2.36173e-12
800   	3900  	194.26		1.83801302507	0.99	0.913	2.20333e-12		1.80921229678	0.000337	0.904	2.35975e-12
800   	3900  	194.511		1.83828406157	0.99	0.914	2.20192e-12		1.80955682056	0.000336	0.905	2.35777e-12
800   	3900  	194.763		1.83855438851	0.99	0.914	2.20051e-12		1.80990035777	0.000334	0.905	2.3558e-12
800   	3900  	195.015		1.83882400869	0.99	0.914	2.1991e-12		1.81024291254	0.000332	0.905	2.35384e-12
800   	3900  	195.266		1.83909292487	0.99	0.914	2.1977e-12		1.81058448899	0.000331	0.906	2.35189e-12
800   	3900  	195.518		1.8393611398	0.99	0.915	2.19631e-12		1.81092509121	0.000329	0.906	2.34995e-12
800   	3900  	195.77		1.83962865623	0.99	0.915	2.19492e-12		1.81126472327	0.000327	0.906	2.34801e-12
800   	3900  	196.021		1.83989547688	0.99	0.915	2.19353e-12		1.81160338925	0.000326	0.906	2.34608e-12
800   	3900  	196.273		1.84016160446	0.99	0.915	2.19215e-12		1.81194109316	0.000324	0.907	2.34416e-12
800   	3900  	196.525		1.84042704169	0.99	0.916	2.19078e-12		1.81227783902	0.000323	0.907	2.34225e-12
800   	3900  	196.776		1.84069179125	0.99	0.916	2.18941e-12		1.81261363082	0.000321	0.907	2.34034e-12
800   	3900  	197.028		1.84095585581	0.99	0.916	2.18804e-12		1.81294847254	0.000319	0.908	2.33845e-12
800   	3900  	197.28		1.84121923804	0.99	0.916	2.18668e-12		1.81328236812	0.000318	0.908	2.33656e-12
800   	3900  	197.531		1.84148194058	0.99	0.916	2.18532e-12		1.8136153215	0.000316	0.908	2.33467e-12
800   	3900  	197.783		1.84174396609	0.99	0.917	2.18397e-12		1.81394733659	0.000315	0.908	2.3328e-12
800   	3900  	198.035		1.84200531718	0.99	0.917	2.18263e-12		1.81427841729	0.000313	0.909	2.33093e-12
800   	3900  	198.286		1.84226599647	0.99	0.917	2.18128e-12		1.81460856746	0.000312	0.909	2.32907e-12
800   	3900  	198.538		1.84252600656	0.991	0.917	2.17995e-12		1.81493779096	0.00031	0.909	2.32722e-12
800   	4000  	186.206		1.8294340555	0.99	0.905	2.30304e-12		1.79959119742	0.000371	0.896	2.47437e-12
800   	4000  	186.458		1.8297281077	0.99	0.905	2.30142e-12		1.7999646246	0.000369	0.896	2.4721e-12
800   	4000  	186.71		1.83002135853	0.99	0.906	2.29981e-12		1.8003369392	0.000367	0.896	2.46984e-12
800   	4000  	186.961		1.83031381122	0.99	0.906	2.29821e-12		1.80070814603	0.000365	0.897	2.46759e-12
800   	4000  	187.213		1.83060546899	0.99	0.906	2.29661e-12		1.80107824986	0.000363	0.897	2.46535e-12
800   	4000  	187.465		1.83089633503	0.99	0.907	2.29502e-12		1.80144725546	0.000361	0.897	2.46312e-12
800   	4000  	187.716		1.83118641252	0.99	0.907	2.29343e-12		1.80181516755	0.000359	0.897	2.4609e-12
800   	4000  	187.968		1.83147570461	0.99	0.907	2.29185e-12		1.80218199083	0.000357	0.898	2.45869e-12
800   	4000  	188.22		1.83176421447	0.99	0.907	2.29028e-12		1.80254773  	0.000355	0.898	2.45649e-12
800   	4000  	188.471		1.83205194521	0.99	0.908	2.28871e-12		1.8029123897	0.000354	0.898	2.45429e-12
800   	4000  	188.723		1.83233889997	0.99	0.908	2.28715e-12		1.80327597457	0.000352	0.899	2.45211e-12
800   	4000  	188.975		1.83262508183	0.99	0.908	2.28559e-12		1.80363848922	0.00035	0.899	2.44994e-12
800   	4000  	189.226		1.83291049389	0.99	0.908	2.28404e-12		1.80399993823	0.000348	0.899	2.44778e-12
800   	4000  	189.478		1.83319513921	0.99	0.909	2.28249e-12		1.80436032615	0.000346	0.9	2.44562e-12
800   	4000  	189.73		1.83347902086	0.99	0.909	2.28096e-12		1.80471965753	0.000344	0.9	2.44348e-12
800   	4000  	189.981		1.83376214188	0.99	0.909	2.27942e-12		1.80507793687	0.000343	0.9	2.44134e-12
800   	4000  	190.233		1.83404450528	0.99	0.909	2.27789e-12		1.80543516866	0.000341	0.901	2.43921e-12
800   	4000  	190.485		1.8343261141	0.99	0.91	2.27637e-12		1.80579135738	0.000339	0.901	2.43709e-12
800   	4000  	190.736		1.83460697131	0.99	0.91	2.27485e-12		1.80614650745	0.000337	0.901	2.43499e-12
800   	4000  	190.988		1.83488707991	0.99	0.91	2.27334e-12		1.8065006233	0.000336	0.902	2.43289e-12
800   	4000  	191.24		1.83516644287	0.99	0.911	2.27184e-12		1.80685370932	0.000334	0.902	2.43079e-12
800   	4000  	191.491		1.83544506313	0.99	0.911	2.27034e-12		1.80720576988	0.000332	0.902	2.42871e-12
800   	4000  	191.743		1.83572294364	0.99	0.911	2.26884e-12		1.80755680934	0.000331	0.902	2.42664e-12
800   	4000  	191.995		1.83600008733	0.99	0.911	2.26735e-12		1.80790683202	0.000329	0.903	2.42457e-12
800   	4000  	192.246		1.8362764971	0.99	0.912	2.26587e-12		1.80825584222	0.000327	0.903	2.42252e-12
800   	4000  	192.498		1.83655217585	0.99	0.912	2.26439e-12		1.80860384423	0.000325	0.903	2.42047e-12
800   	4000  	192.75		1.83682712647	0.99	0.912	2.26292e-12		1.80895084231	0.000324	0.904	2.41843e-12
800   	4000  	193.001		1.83710135183	0.99	0.912	2.26145e-12		1.80929684069	0.000322	0.904	2.4164e-12
800   	4000  	193.253		1.83737485478	0.99	0.913	2.25999e-12		1.8096418436	0.000321	0.904	2.41437e-12
800   	4000  	193.505		1.83764763817	0.99	0.913	2.25853e-12		1.80998585522	0.000319	0.904	2.41236e-12
800   	4000  	193.756		1.83791970482	0.99	0.913	2.25708e-12		1.81032887972	0.000317	0.905	2.41035e-12
800   	4000  	194.008		1.83819105755	0.991	0.913	2.25563e-12		1.81067092127	0.000316	0.905	2.40836e-12
800   	4000  	194.26		1.83846169915	0.991	0.914	2.25419e-12		1.81101198398	0.000314	0.905	2.40637e-12
800   	4000  	194.511		1.83873163243	0.991	0.914	2.25275e-12		1.81135207197	0.000313	0.906	2.40438e-12
800   	4000  	194.763		1.83900086016	0.991	0.914	2.25132e-12		1.81169118933	0.000311	0.906	2.40241e-12
800   	4000  	195.015		1.83926938508	0.991	0.914	2.2499e-12		1.81202934011	0.000309	0.906	2.40045e-12
800   	4000  	195.266		1.83953720997	0.991	0.915	2.24847e-12		1.81236652837	0.000308	0.906	2.39849e-12
800   	4000  	195.518		1.83980433754	0.991	0.915	2.24706e-12		1.81270275812	0.000306	0.907	2.39654e-12
800   	4000  	195.77		1.84007077052	0.991	0.915	2.24565e-12		1.81303803339	0.000305	0.907	2.3946e-12
800   	4000  	196.021		1.84033651163	0.991	0.915	2.24424e-12		1.81337235814	0.000303	0.907	2.39266e-12
800   	4000  	196.273		1.84060156355	0.991	0.915	2.24284e-12		1.81370573633	0.000302	0.908	2.39074e-12
800   	4000  	196.525		1.84086592898	0.991	0.916	2.24144e-12		1.81403817193	0.0003	0.908	2.38882e-12
800   	4000  	196.776		1.84112961058	0.991	0.916	2.24005e-12		1.81436966884	0.000299	0.908	2.38691e-12
800   	4000  	197.028		1.84139261101	0.991	0.916	2.23867e-12		1.81470023096	0.000297	0.908	2.38501e-12
800   	4000  	197.28		1.84165493292	0.991	0.916	2.23728e-12		1.81502986219	0.000296	0.909	2.38311e-12
800   	4000  	197.531		1.84191657894	0.991	0.917	2.23591e-12		1.81535856639	0.000294	0.909	2.38122e-12
800   	4000  	197.783		1.84217755169	0.991	0.917	2.23454e-12		1.81568634739	0.000293	0.909	2.37934e-12
800   	4000  	198.035		1.84243785378	0.991	0.917	2.23317e-12		1.81601320902	0.000292	0.909	2.37747e-12
800   	4000  	198.286		1.84269748781	0.991	0.917	2.23181e-12		1.81633915509	0.00029	0.91	2.3756e-12
800   	4000  	198.538		1.84295645636	0.991	0.918	2.23045e-12		1.81666418938	0.000289	0.91	2.37375e-12
800   	4100  	186.206		1.8298870238	0.99	0.905	2.35469e-12		1.80140814985	0.000346	0.896	2.52147e-12
800   	4100  	186.458		1.8301799165	0.99	0.906	2.35305e-12		1.80177691795	0.000344	0.897	2.5192e-12
800   	4100  	186.71		1.83047201219	0.99	0.906	2.35141e-12		1.80214459081	0.000342	0.897	2.51693e-12
800   	4100  	186.961		1.83076331407	0.99	0.906	2.34978e-12		1.80251117315	0.00034	0.897	2.51468e-12
800   	4100  	187.213		1.83105382535	0.99	0.906	2.34816e-12		1.80287666968	0.000338	0.898	2.51243e-12
800   	4100  	187.465		1.83134354918	0.99	0.907	2.34655e-12		1.80324108507	0.000337	0.898	2.5102e-12
800   	4100  	187.716		1.83163248873	0.99	0.907	2.34494e-12		1.80360442397	0.000335	0.898	2.50797e-12
800   	4100  	187.968		1.83192064714	0.99	0.907	2.34333e-12		1.80396669101	0.000333	0.899	2.50575e-12
800   	4100  	188.22		1.83220802754	0.99	0.908	2.34173e-12		1.80432789079	0.000331	0.899	2.50355e-12
800   	4100  	188.471		1.83249463304	0.99	0.908	2.34014e-12		1.8046880279	0.00033	0.899	2.50135e-12
800   	4100  	188.723		1.83278046674	0.99	0.908	2.33856e-12		1.80504710687	0.000328	0.9	2.49916e-12
800   	4100  	188.975		1.83306553171	0.99	0.908	2.33698e-12		1.80540513225	0.000326	0.9	2.49698e-12
800   	4100  	189.226		1.83334983103	0.99	0.909	2.3354e-12		1.80576210855	0.000325	0.9	2.49482e-12
800   	4100  	189.478		1.83363336775	0.99	0.909	2.33383e-12		1.80611804023	0.000323	0.901	2.49265e-12
800   	4100  	189.73		1.8339161449	0.991	0.909	2.33227e-12		1.80647293177	0.000321	0.901	2.4905e-12
800   	4100  	189.981		1.83419816551	0.991	0.909	2.33072e-12		1.80682678759	0.00032	0.901	2.48836e-12
800   	4100  	190.233		1.83447943258	0.991	0.91	2.32916e-12		1.80717961211	0.000318	0.901	2.48623e-12
800   	4100  	190.485		1.83475994911	0.991	0.91	2.32762e-12		1.80753140973	0.000316	0.902	2.48411e-12
800   	4100  	190.736		1.83503971807	0.991	0.91	2.32608e-12		1.8078821848	0.000315	0.902	2.48199e-12
800   	4100  	190.988		1.83531874243	0.991	0.91	2.32455e-12		1.80823194167	0.000313	0.902	2.47988e-12
800   	4100  	191.24		1.83559702513	0.991	0.911	2.32302e-12		1.80858068466	0.000311	0.903	2.47779e-12
800   	4100  	191.491		1.83587456913	0.991	0.911	2.3215e-12		1.80892841808	0.00031	0.903	2.4757e-12
800   	4100  	191.743		1.83615137732	0.991	0.911	2.31998e-12		1.80927514618	0.000308	0.903	2.47362e-12
800   	4100  	191.995		1.83642745263	0.991	0.911	2.31847e-12		1.80962087324	0.000307	0.904	2.47155e-12
800   	4100  	192.246		1.83670279794	0.991	0.912	2.31696e-12		1.80996560349	0.000305	0.904	2.46948e-12
800   	4100  	192.498		1.83697741613	0.991	0.912	2.31546e-12		1.81030934112	0.000304	0.904	2.46743e-12
800   	4100  	192.75		1.83725131007	0.991	0.912	2.31396e-12		1.81065209034	0.000302	0.904	2.46539e-12
800   	4100  	193.001		1.83752448262	0.991	0.912	2.31248e-12		1.8109938553	0.000301	0.905	2.46335e-12
800   	4100  	193.253		1.8377969366	0.991	0.913	2.31099e-12		1.81133464015	0.000299	0.905	2.46132e-12
800   	4100  	193.505		1.83806867484	0.991	0.913	2.30951e-12		1.81167444903	0.000298	0.905	2.4593e-12
800   	4100  	193.756		1.83833970016	0.991	0.913	2.30804e-12		1.81201328602	0.000296	0.906	2.45729e-12
800   	4100  	194.008		1.83861001534	0.991	0.913	2.30657e-12		1.8123511552	0.000295	0.906	2.45528e-12
800   	4100  	194.26		1.83887962318	0.991	0.914	2.30511e-12		1.81268806065	0.000293	0.906	2.45329e-12
800   	4100  	194.511		1.83914852645	0.991	0.914	2.30365e-12		1.8130240064	0.000292	0.906	2.4513e-12
800   	4100  	194.763		1.83941672789	0.991	0.914	2.30219e-12		1.81335899646	0.00029	0.907	2.44932e-12
800   	4100  	195.015		1.83968423026	0.991	0.914	2.30075e-12		1.81369303484	0.000289	0.907	2.44735e-12
800   	4100  	195.266		1.83995103629	0.991	0.915	2.2993e-12		1.81402612551	0.000287	0.907	2.44538e-12
800   	4100  	195.518		1.8402171487	0.991	0.915	2.29787e-12		1.81435827243	0.000286	0.908	2.44343e-12
800   	4100  	195.77		1.84048257018	0.991	0.915	2.29643e-12		1.81468947954	0.000284	0.908	2.44148e-12
800   	4100  	196.021		1.84074730344	0.991	0.915	2.29501e-12		1.81501975075	0.000283	0.908	2.43954e-12
800   	4100  	196.273		1.84101135115	0.991	0.916	2.29358e-12		1.81534908996	0.000282	0.908	2.43761e-12
800   	4100  	196.525		1.84127471598	0.991	0.916	2.29217e-12		1.81567750104	0.00028	0.909	2.43568e-12
800   	4100  	196.776		1.84153740058	0.991	0.916	2.29075e-12		1.81600498786	0.000279	0.909	2.43376e-12
800   	4100  	197.028		1.8417994076	0.991	0.916	2.28935e-12		1.81633155424	0.000277	0.909	2.43185e-12
800   	4100  	197.28		1.84206073966	0.991	0.917	2.28794e-12		1.81665720401	0.000276	0.909	2.42995e-12
800   	4100  	197.531		1.84232139938	0.991	0.917	2.28655e-12		1.81698194097	0.000275	0.91	2.42806e-12
800   	4100  	197.783		1.84258138937	0.991	0.917	2.28515e-12		1.81730576889	0.000273	0.91	2.42617e-12
800   	4100  	198.035		1.84284071222	0.991	0.917	2.28377e-12		1.81762869153	0.000272	0.91	2.42429e-12
800   	4100  	198.286		1.8430993705	0.991	0.918	2.28238e-12		1.81795071264	0.000271	0.91	2.42242e-12
800   	4100  	198.538		1.8433573668	0.991	0.918	2.281e-12		1.81827183593	0.000269	0.911	2.42055e-12
800   	4200  	186.206		1.8303097227	0.991	0.906	2.40639e-12		1.80310345238	0.000323	0.897	2.56889e-12
800   	4200  	186.458		1.83060153078	0.991	0.906	2.40473e-12		1.80346786106	0.000321	0.898	2.56661e-12
800   	4200  	186.71		1.83089254594	0.991	0.906	2.40307e-12		1.80383119081	0.00032	0.898	2.56434e-12
800   	4200  	186.961		1.83118277136	0.991	0.906	2.40142e-12		1.80419344627	0.000318	0.898	2.56208e-12
800   	4200  	187.213		1.83147221021	0.991	0.907	2.39977e-12		1.80455463206	0.000316	0.899	2.55983e-12
800   	4200  	187.465		1.83176086565	0.991	0.907	2.39813e-12		1.8049147528	0.000315	0.899	2.55759e-12
800   	4200  	187.716		1.83204874082	0.991	0.907	2.3965e-12		1.80527381304	0.000313	0.899	2.55535e-12
800   	4200  	187.968		1.83233583884	0.991	0.907	2.39487e-12		1.80563181735	0.000311	0.899	2.55313e-12
800   	4200  	188.22		1.83262216281	0.991	0.908	2.39325e-12		1.80598877025	0.00031	0.9	2.55092e-12
800   	4200  	188.471		1.83290771584	0.991	0.908	2.39163e-12		1.80634467625	0.000308	0.9	2.54871e-12
800   	4200  	188.723		1.83319250099	0.991	0.908	2.39002e-12		1.80669953982	0.000306	0.9	2.54652e-12
800   	4200  	188.975		1.83347652133	0.991	0.909	2.38842e-12		1.80705336543	0.000305	0.901	2.54433e-12
800   	4200  	189.226		1.83375977991	0.991	0.909	2.38682e-12		1.8074061575	0.000303	0.901	2.54216e-12
800   	4200  	189.478		1.83404227976	0.991	0.909	2.38523e-12		1.80775792044	0.000302	0.901	2.53999e-12
800   	4200  	189.73		1.83432402391	0.991	0.909	2.38365e-12		1.80810865865	0.0003	0.902	2.53783e-12
800   	4200  	189.981		1.83460501534	0.991	0.91	2.38207e-12		1.80845837649	0.000299	0.902	2.53568e-12
800   	4200  	190.233		1.83488525706	0.991	0.91	2.38049e-12		1.80880707829	0.000297	0.902	2.53354e-12
800   	4200  	190.485		1.83516475204	0.991	0.91	2.37892e-12		1.80915476838	0.000296	0.902	2.53141e-12
800   	4200  	190.736		1.83544350323	0.991	0.91	2.37736e-12		1.80950145106	0.000294	0.903	2.52929e-12
800   	4200  	190.988		1.83572151358	0.991	0.911	2.37581e-12		1.80984713058	0.000293	0.903	2.52718e-12
800   	4200  	191.24		1.83599878603	0.991	0.911	2.37425e-12		1.81019181122	0.000291	0.903	2.52507e-12
800   	4200  	191.491		1.8362753235	0.991	0.911	2.37271e-12		1.81053549718	0.00029	0.904	2.52298e-12
800   	4200  	191.743		1.83655112887	0.991	0.911	2.37117e-12		1.81087819269	0.000288	0.904	2.52089e-12
800   	4200  	191.995		1.83682620505	0.991	0.912	2.36963e-12		1.81121990193	0.000287	0.904	2.51881e-12
800   	4200  	192.246		1.83710055492	0.991	0.912	2.36811e-12		1.81156062906	0.000285	0.905	2.51674e-12
800   	4200  	192.498		1.83737418132	0.991	0.912	2.36658e-12		1.81190037822	0.000284	0.905	2.51468e-12
800   	4200  	192.75		1.83764708711	0.991	0.912	2.36507e-12		1.81223915354	0.000282	0.905	2.51263e-12
800   	4200  	193.001		1.83791927513	0.991	0.913	2.36355e-12		1.8125769591	0.000281	0.905	2.51058e-12
800   	4200  	193.253		1.83819074819	0.991	0.913	2.36205e-12		1.812913799 	0.000279	0.906	2.50855e-12
800   	4200  	193.505		1.8384615091	0.991	0.913	2.36055e-12		1.81324967728	0.000278	0.906	2.50652e-12
800   	4200  	193.756		1.83873156066	0.991	0.913	2.35905e-12		1.81358459799	0.000277	0.906	2.5045e-12
800   	4200  	194.008		1.83900090565	0.991	0.914	2.35756e-12		1.81391856513	0.000275	0.907	2.50249e-12
800   	4200  	194.26		1.83926954682	0.991	0.914	2.35607e-12		1.81425158271	0.000274	0.907	2.50048e-12
800   	4200  	194.511		1.83953748695	0.991	0.914	2.35459e-12		1.81458365469	0.000273	0.907	2.49849e-12
800   	4200  	194.763		1.83980472876	0.991	0.914	2.35312e-12		1.81491478503	0.000271	0.907	2.4965e-12
800   	4200  	195.015		1.84007127498	0.991	0.915	2.35165e-12		1.81524497766	0.00027	0.908	2.49452e-12
800   	4200  	195.266		1.84033712834	0.991	0.915	2.35019e-12		1.8155742365	0.000268	0.908	2.49255e-12
800   	4200  	195.518		1.84060229152	0.991	0.915	2.34873e-12		1.81590256543	0.000267	0.908	2.49059e-12
800   	4200  	195.77		1.84086676723	0.991	0.915	2.34727e-12		1.81622996834	0.000266	0.908	2.48863e-12
800   	4200  	196.021		1.84113055813	0.992	0.916	2.34582e-12		1.81655644907	0.000264	0.909	2.48668e-12
800   	4200  	196.273		1.84139366689	0.992	0.916	2.34438e-12		1.81688201146	0.000263	0.909	2.48474e-12
800   	4200  	196.525		1.84165609617	0.992	0.916	2.34294e-12		1.81720665932	0.000262	0.909	2.48281e-12
800   	4200  	196.776		1.84191784859	0.992	0.916	2.34151e-12		1.81753039644	0.000261	0.91	2.48088e-12
800   	4200  	197.028		1.84217892679	0.992	0.917	2.34008e-12		1.81785322661	0.000259	0.91	2.47897e-12
800   	4200  	197.28		1.84243933338	0.992	0.917	2.33865e-12		1.81817515357	0.000258	0.91	2.47706e-12
800   	4200  	197.531		1.84269907095	0.992	0.917	2.33724e-12		1.81849618107	0.000257	0.91	2.47515e-12
800   	4200  	197.783		1.84295814211	0.992	0.917	2.33582e-12		1.81881631281	0.000255	0.911	2.47326e-12
800   	4200  	198.035		1.84321654943	0.992	0.917	2.33441e-12		1.81913555251	0.000254	0.911	2.47137e-12
800   	4200  	198.286		1.84347429546	0.992	0.918	2.33301e-12		1.81945390384	0.000253	0.911	2.46949e-12
800   	4200  	198.538		1.84373138277	0.992	0.918	2.33161e-12		1.81977137046	0.000252	0.911	2.46762e-12
800   	4300  	186.206		1.83070479263	0.991	0.906	2.45815e-12		1.80468771346	0.000302	0.898	2.61661e-12
800   	4300  	186.458		1.83099558468	0.991	0.906	2.45646e-12		1.80504803756	0.000301	0.898	2.61432e-12
800   	4300  	186.71		1.83128558764	0.991	0.906	2.45478e-12		1.80540729806	0.000299	0.899	2.61204e-12
800   	4300  	186.961		1.83157480468	0.991	0.907	2.4531e-12		1.80576549954	0.000298	0.899	2.60977e-12
800   	4300  	187.213		1.83186323896	0.991	0.907	2.45143e-12		1.80612264656	0.000296	0.899	2.60751e-12
800   	4300  	187.465		1.83215089361	0.991	0.907	2.44977e-12		1.80647874364	0.000295	0.9	2.60526e-12
800   	4300  	187.716		1.83243777176	0.991	0.907	2.44811e-12		1.80683379529	0.000293	0.9	2.60302e-12
800   	4300  	187.968		1.8327238765	0.991	0.908	2.44646e-12		1.80718780598	0.000291	0.9	2.60079e-12
800   	4300  	188.22		1.83300921092	0.991	0.908	2.44481e-12		1.80754078019	0.00029	0.9	2.59857e-12
800   	4300  	188.471		1.83329377811	0.991	0.908	2.44317e-12		1.80789272233	0.000288	0.901	2.59636e-12
800   	4300  	188.723		1.83357758112	0.991	0.908	2.44154e-12		1.80824363682	0.000287	0.901	2.59415e-12
800   	4300  	188.975		1.83386062299	0.991	0.909	2.43992e-12		1.80859352805	0.000285	0.901	2.59196e-12
800   	4300  	189.226		1.83414290676	0.991	0.909	2.43829e-12		1.80894240038	0.000284	0.902	2.58977e-12
800   	4300  	189.478		1.83442443544	0.991	0.909	2.43668e-12		1.80929025815	0.000283	0.902	2.5876e-12
800   	4300  	189.73		1.83470521204	0.991	0.909	2.43507e-12		1.80963710567	0.000281	0.902	2.58543e-12
800   	4300  	189.981		1.83498523953	0.991	0.91	2.43347e-12		1.80998294726	0.00028	0.903	2.58328e-12
800   	4300  	190.233		1.83526452089	0.991	0.91	2.43187e-12		1.81032778717	0.000278	0.903	2.58113e-12
800   	4300  	190.485		1.83554305908	0.991	0.91	2.43028e-12		1.81067162966	0.000277	0.903	2.57899e-12
800   	4300  	190.736		1.83582085704	0.991	0.911	2.42869e-12		1.81101447896	0.000275	0.903	2.57686e-12
800   	4300  	190.988		1.8360979177	0.991	0.911	2.42711e-12		1.81135633928	0.000274	0.904	2.57474e-12
800   	4300  	191.24		1.83637424397	0.991	0.911	2.42554e-12		1.81169721479	0.000273	0.904	2.57262e-12
800   	4300  	191.491		1.83664983876	0.991	0.911	2.42397e-12		1.81203710967	0.000271	0.904	2.57052e-12
800   	4300  	191.743		1.83692470495	0.992	0.912	2.42241e-12		1.81237602805	0.00027	0.905	2.56842e-12
800   	4300  	191.995		1.83719884541	0.992	0.912	2.42085e-12		1.81271397405	0.000268	0.905	2.56634e-12
800   	4300  	192.246		1.837472263 	0.992	0.912	2.4193e-12		1.81305095177	0.000267	0.905	2.56426e-12
800   	4300  	192.498		1.83774496058	0.992	0.912	2.41776e-12		1.8133869653	0.000266	0.905	2.56219e-12
800   	4300  	192.75		1.83801694096	0.992	0.913	2.41622e-12		1.81372201868	0.000264	0.906	2.56013e-12
800   	4300  	193.001		1.83828820696	0.992	0.913	2.41468e-12		1.81405611595	0.000263	0.906	2.55807e-12
800   	4300  	193.253		1.8385587614	0.992	0.913	2.41315e-12		1.81438926112	0.000262	0.906	2.55603e-12
800   	4300  	193.505		1.83882860707	0.992	0.913	2.41163e-12		1.8147214582	0.00026	0.907	2.55399e-12
800   	4300  	193.756		1.83909774673	0.992	0.914	2.41011e-12		1.81505271114	0.000259	0.907	2.55197e-12
800   	4300  	194.008		1.83936618315	0.992	0.914	2.4086e-12		1.81538302391	0.000258	0.907	2.54995e-12
800   	4300  	194.26		1.8396339191	0.992	0.914	2.40709e-12		1.81571240043	0.000256	0.907	2.54793e-12
800   	4300  	194.511		1.83990095729	0.992	0.914	2.40559e-12		1.81604084462	0.000255	0.908	2.54593e-12
800   	4300  	194.763		1.84016730047	0.992	0.915	2.40409e-12		1.81636836037	0.000254	0.908	2.54393e-12
800   	4300  	195.015		1.84043295133	0.992	0.915	2.4026e-12		1.81669495155	0.000253	0.908	2.54195e-12
800   	4300  	195.266		1.84069791259	0.992	0.915	2.40111e-12		1.81702062201	0.000251	0.909	2.53997e-12
800   	4300  	195.518		1.84096218692	0.992	0.915	2.39963e-12		1.81734537559	0.00025	0.909	2.53799e-12
800   	4300  	195.77		1.841225777 	0.992	0.916	2.39816e-12		1.8176692161	0.000249	0.909	2.53603e-12
800   	4300  	196.021		1.8414886855	0.992	0.916	2.39669e-12		1.81799214733	0.000248	0.909	2.53407e-12
800   	4300  	196.273		1.84175091505	0.992	0.916	2.39522e-12		1.81831417305	0.000246	0.91	2.53212e-12
800   	4300  	196.525		1.8420124683	0.992	0.916	2.39376e-12		1.81863529702	0.000245	0.91	2.53018e-12
800   	4300  	196.776		1.84227334787	0.992	0.916	2.39231e-12		1.81895552298	0.000244	0.91	2.52825e-12
800   	4300  	197.028		1.84253355637	0.992	0.917	2.39086e-12		1.81927485464	0.000243	0.91	2.52632e-12
800   	4300  	197.28		1.8427930964	0.992	0.917	2.38941e-12		1.81959329569	0.000242	0.911	2.5244e-12
800   	4300  	197.531		1.84305197055	0.992	0.917	2.38797e-12		1.81991084983	0.00024	0.911	2.52249e-12
800   	4300  	197.783		1.84331018138	0.992	0.917	2.38654e-12		1.8202275207	0.000239	0.911	2.52059e-12
800   	4300  	198.035		1.84356773146	0.992	0.918	2.38511e-12		1.82054331194	0.000238	0.911	2.51869e-12
800   	4300  	198.286		1.84382462335	0.992	0.918	2.38368e-12		1.8208582272	0.000237	0.912	2.51681e-12
800   	4300  	198.538		1.84408085958	0.992	0.918	2.38226e-12		1.82117227005	0.000236	0.912	2.51492e-12
800   	4400  	186.206		1.83107459228	0.991	0.906	2.50996e-12		1.80617041363	0.000284	0.899	2.66459e-12
800   	4400  	186.458		1.83136443121	0.991	0.906	2.50824e-12		1.80652690558	0.000282	0.899	2.66229e-12
800   	4400  	186.71		1.83165348468	0.991	0.906	2.50654e-12		1.80688234839	0.000281	0.899	2.66001e-12
800   	4400  	186.961		1.83194175582	0.991	0.907	2.50484e-12		1.80723674656	0.000279	0.9	2.65773e-12
800   	4400  	187.213		1.83222924777	0.991	0.907	2.50314e-12		1.80759010459	0.000278	0.9	2.65546e-12
800   	4400  	187.465		1.83251596366	0.991	0.907	2.50146e-12		1.80794242693	0.000276	0.9	2.6532e-12
800   	4400  	187.716		1.83280190658	0.991	0.908	2.49977e-12		1.80829371801	0.000275	0.901	2.65095e-12
800   	4400  	187.968		1.83308707962	0.992	0.908	2.4981e-12		1.80864398226	0.000273	0.901	2.64871e-12
800   	4400  	188.22		1.83337148585	0.992	0.908	2.49643e-12		1.80899322407	0.000272	0.901	2.64648e-12
800   	4400  	188.471		1.83365512834	0.992	0.908	2.49477e-12		1.80934144779	0.000271	0.901	2.64426e-12
800   	4400  	188.723		1.83393801012	0.992	0.909	2.49311e-12		1.80968865777	0.000269	0.902	2.64204e-12
800   	4400  	188.975		1.83422013423	0.992	0.909	2.49146e-12		1.81003485833	0.000268	0.902	2.63984e-12
800   	4400  	189.226		1.83450150367	0.992	0.909	2.48982e-12		1.81038005378	0.000266	0.902	2.63765e-12
800   	4400  	189.478		1.83478212145	0.992	0.909	2.48818e-12		1.81072424839	0.000265	0.903	2.63546e-12
800   	4400  	189.73		1.83506199055	0.992	0.91	2.48654e-12		1.8110674464	0.000264	0.903	2.63329e-12
800   	4400  	189.981		1.83534111393	0.992	0.91	2.48492e-12		1.81140965206	0.000262	0.903	2.63112e-12
800   	4400  	190.233		1.83561949456	0.992	0.91	2.4833e-12		1.81175086956	0.000261	0.904	2.62896e-12
800   	4400  	190.485		1.83589713538	0.992	0.91	2.48168e-12		1.81209110311	0.00026	0.904	2.62682e-12
800   	4400  	190.736		1.83617403931	0.992	0.911	2.48007e-12		1.81243035685	0.000258	0.904	2.62468e-12
800   	4400  	190.988		1.83645020926	0.992	0.911	2.47847e-12		1.81276863494	0.000257	0.904	2.62254e-12
800   	4400  	191.24		1.83672564814	0.992	0.911	2.47687e-12		1.8131059415	0.000256	0.905	2.62042e-12
800   	4400  	191.491		1.83700035882	0.992	0.911	2.47528e-12		1.81344228063	0.000254	0.905	2.61831e-12
800   	4400  	191.743		1.83727434418	0.992	0.912	2.4737e-12		1.8137776564	0.000253	0.905	2.6162e-12
800   	4400  	191.995		1.83754760708	0.992	0.912	2.47212e-12		1.81411207288	0.000252	0.906	2.61411e-12
800   	4400  	192.246		1.83782015036	0.992	0.912	2.47054e-12		1.8144455341	0.000251	0.906	2.61202e-12
800   	4400  	192.498		1.83809197685	0.992	0.912	2.46898e-12		1.81477804408	0.000249	0.906	2.60994e-12
800   	4400  	192.75		1.83836308936	0.992	0.913	2.46741e-12		1.81510960681	0.000248	0.906	2.60787e-12
800   	4400  	193.001		1.83863349069	0.992	0.913	2.46586e-12		1.81544022627	0.000247	0.907	2.60581e-12
800   	4400  	193.253		1.83890318365	0.992	0.913	2.4643e-12		1.81576990641	0.000245	0.907	2.60375e-12
800   	4400  	193.505		1.83917217099	0.992	0.913	2.46276e-12		1.81609865116	0.000244	0.907	2.60171e-12
800   	4400  	193.756		1.8394404555	0.992	0.914	2.46122e-12		1.81642646445	0.000243	0.907	2.59967e-12
800   	4400  	194.008		1.8397080399	0.992	0.914	2.45968e-12		1.81675335015	0.000242	0.908	2.59764e-12
800   	4400  	194.26		1.83997492695	0.992	0.914	2.45815e-12		1.81707931215	0.000241	0.908	2.59562e-12
800   	4400  	194.511		1.84024111936	0.992	0.914	2.45663e-12		1.81740435429	0.000239	0.908	2.5936e-12
800   	4400  	194.763		1.84050661984	0.992	0.915	2.45511e-12		1.81772848042	0.000238	0.909	2.5916e-12
800   	4400  	195.015		1.84077143109	0.992	0.915	2.4536e-12		1.81805169434	0.000237	0.909	2.5896e-12
800   	4400  	195.266		1.8410355558	0.992	0.915	2.45209e-12		1.81837399985	0.000236	0.909	2.58761e-12
800   	4400  	195.518		1.84129899664	0.992	0.915	2.45059e-12		1.81869540073	0.000235	0.909	2.58563e-12
800   	4400  	195.77		1.84156175627	0.992	0.916	2.44909e-12		1.81901590073	0.000234	0.91	2.58366e-12
800   	4400  	196.021		1.84182383732	0.992	0.916	2.4476e-12		1.81933550358	0.000232	0.91	2.58169e-12
800   	4400  	196.273		1.84208524245	0.992	0.916	2.44611e-12		1.819654213 	0.000231	0.91	2.57973e-12
800   	4400  	196.525		1.84234597427	0.992	0.916	2.44463e-12		1.8199720327	0.00023	0.91	2.57778e-12
800   	4400  	196.776		1.84260603538	0.992	0.917	2.44315e-12		1.82028896634	0.000229	0.911	2.57584e-12
800   	4400  	197.028		1.84286542839	0.992	0.917	2.44168e-12		1.8206050176	0.000228	0.911	2.5739e-12
800   	4400  	197.28		1.84312415588	0.992	0.917	2.44021e-12		1.82092019012	0.000227	0.911	2.57198e-12
800   	4400  	197.531		1.84338222043	0.992	0.917	2.43875e-12		1.82123448751	0.000226	0.912	2.57005e-12
800   	4400  	197.783		1.84363962459	0.992	0.918	2.43729e-12		1.82154791338	0.000224	0.912	2.56814e-12
800   	4400  	198.035		1.84389637091	0.992	0.918	2.43584e-12		1.82186047133	0.000223	0.912	2.56624e-12
800   	4400  	198.286		1.84415246193	0.992	0.918	2.43439e-12		1.82217216491	0.000222	0.912	2.56434e-12
800   	4400  	198.538		1.84440790017	0.992	0.918	2.43295e-12		1.82248299768	0.000221	0.913	2.56245e-12
800   	4500  	186.206		1.83142123384	0.992	0.906	2.56181e-12		1.80756004564	0.000266	0.899	2.71282e-12
800   	4500  	186.458		1.83171017751	0.992	0.906	2.56008e-12		1.80791293769	0.000265	0.9	2.71051e-12
800   	4500  	186.71		1.83199833911	0.992	0.907	2.55835e-12		1.80826479424	0.000264	0.9	2.70822e-12
800   	4500  	186.961		1.83228572178	0.992	0.907	2.55662e-12		1.80861561972	0.000262	0.9	2.70593e-12
800   	4500  	187.213		1.83257232862	0.992	0.907	2.5549e-12		1.80896541855	0.000261	0.901	2.70365e-12
800   	4500  	187.465		1.83285816275	0.992	0.907	2.55319e-12		1.80931419513	0.00026	0.901	2.70138e-12
800   	4500  	187.716		1.83314322725	0.992	0.908	2.55148e-12		1.80966195382	0.000258	0.901	2.69912e-12
800   	4500  	187.968		1.83342752519	0.992	0.908	2.54978e-12		1.81000869899	0.000257	0.901	2.69687e-12
800   	4500  	188.22		1.83371105963	0.992	0.908	2.54809e-12		1.81035443495	0.000256	0.902	2.69463e-12
800   	4500  	188.471		1.83399383361	0.992	0.908	2.5464e-12		1.810699166 	0.000254	0.902	2.6924e-12
800   	4500  	188.723		1.83427585016	0.992	0.909	2.54472e-12		1.81104289643	0.000253	0.902	2.69017e-12
800   	4500  	188.975		1.83455711228	0.992	0.909	2.54305e-12		1.8113856305	0.000252	0.903	2.68796e-12
800   	4500  	189.226		1.83483762299	0.992	0.909	2.54138e-12		1.81172737245	0.00025	0.903	2.68576e-12
800   	4500  	189.478		1.83511738525	0.992	0.91	2.53972e-12		1.81206812648	0.000249	0.903	2.68356e-12
800   	4500  	189.73		1.83539640203	0.992	0.91	2.53806e-12		1.81240789678	0.000248	0.903	2.68138e-12
800   	4500  	189.981		1.83567467631	0.992	0.91	2.53641e-12		1.81274668753	0.000246	0.904	2.6792e-12
800   	4500  	190.233		1.835952211 	0.992	0.91	2.53477e-12		1.81308450288	0.000245	0.904	2.67703e-12
800   	4500  	190.485		1.83622900904	0.992	0.911	2.53313e-12		1.81342134695	0.000244	0.904	2.67487e-12
800   	4500  	190.736		1.83650507333	0.992	0.911	2.5315e-12		1.81375722384	0.000243	0.905	2.67272e-12
800   	4500  	190.988		1.83678040679	0.992	0.911	2.52987e-12		1.81409213765	0.000241	0.905	2.67058e-12
800   	4500  	191.24		1.83705501228	0.992	0.911	2.52825e-12		1.81442609242	0.00024	0.905	2.66845e-12
800   	4500  	191.491		1.83732889269	0.992	0.912	2.52664e-12		1.81475909221	0.000239	0.906	2.66632e-12
800   	4500  	191.743		1.83760205085	0.992	0.912	2.52503e-12		1.81509114103	0.000238	0.906	2.66421e-12
800   	4500  	191.995		1.83787448963	0.992	0.912	2.52343e-12		1.81542224289	0.000237	0.906	2.6621e-12
800   	4500  	192.246		1.83814621184	0.992	0.912	2.52183e-12		1.81575240175	0.000235	0.906	2.66e-12
800   	4500  	192.498		1.8384172203	0.992	0.913	2.52024e-12		1.81608162158	0.000234	0.907	2.65791e-12
800   	4500  	192.75		1.83868751782	0.992	0.913	2.51865e-12		1.81640990632	0.000233	0.907	2.65583e-12
800   	4500  	193.001		1.83895710717	0.992	0.913	2.51707e-12		1.81673725987	0.000232	0.907	2.65376e-12
800   	4500  	193.253		1.83922599114	0.992	0.913	2.5155e-12		1.81706368615	0.000231	0.907	2.6517e-12
800   	4500  	193.505		1.83949417248	0.992	0.914	2.51393e-12		1.81738918903	0.00023	0.908	2.64964e-12
800   	4500  	193.756		1.83976165395	0.992	0.914	2.51237e-12		1.81771377235	0.000228	0.908	2.64759e-12
800   	4500  	194.008		1.84002843828	0.992	0.914	2.51081e-12		1.81803743997	0.000227	0.908	2.64555e-12
800   	4500  	194.26		1.84029452819	0.992	0.914	2.50926e-12		1.8183601957	0.000226	0.909	2.64352e-12
800   	4500  	194.511		1.84055992639	0.992	0.915	2.50771e-12		1.81868204332	0.000225	0.909	2.6415e-12
800   	4500  	194.763		1.84082463558	0.992	0.915	2.50617e-12		1.81900298664	0.000224	0.909	2.63948e-12
800   	4500  	195.015		1.84108865844	0.992	0.915	2.50463e-12		1.81932302939	0.000223	0.909	2.63747e-12
800   	4500  	195.266		1.84135199764	0.992	0.915	2.5031e-12		1.81964217533	0.000222	0.91	2.63547e-12
800   	4500  	195.518		1.84161465584	0.992	0.916	2.50158e-12		1.81996042816	0.000221	0.91	2.63348e-12
800   	4500  	195.77		1.84187663568	0.993	0.916	2.50006e-12		1.82027779161	0.000219	0.91	2.6315e-12
800   	4500  	196.021		1.84213793981	0.993	0.916	2.49855e-12		1.82059426933	0.000218	0.91	2.62952e-12
800   	4500  	196.273		1.84239857083	0.993	0.916	2.49704e-12		1.82090986501	0.000217	0.911	2.62755e-12
800   	4500  	196.525		1.84265853136	0.993	0.916	2.49553e-12		1.82122458228	0.000216	0.911	2.62559e-12
800   	4500  	196.776		1.842917824 	0.993	0.917	2.49403e-12		1.82153842477	0.000215	0.911	2.62364e-12
800   	4500  	197.028		1.84317645132	0.993	0.917	2.49254e-12		1.8218513961	0.000214	0.911	2.62169e-12
800   	4500  	197.28		1.8434344159	0.993	0.917	2.49105e-12		1.82216349984	0.000213	0.912	2.61975e-12
800   	4500  	197.531		1.8436917203	0.993	0.917	2.48957e-12		1.82247473957	0.000212	0.912	2.61782e-12
800   	4500  	197.783		1.84394836706	0.993	0.918	2.48809e-12		1.82278511885	0.000211	0.912	2.6159e-12
800   	4500  	198.035		1.84420435873	0.993	0.918	2.48662e-12		1.82309464121	0.00021	0.913	2.61398e-12
800   	4500  	198.286		1.84445969782	0.993	0.918	2.48515e-12		1.82340331017	0.000209	0.913	2.61207e-12
800   	4500  	198.538		1.84471438685	0.993	0.918	2.48369e-12		1.82371112922	0.000208	0.913	2.61017e-12
800   	4600  	186.206		1.83174661334	0.992	0.906	2.61372e-12		1.80886423486	0.000251	0.9	2.76128e-12
800   	4600  	186.458		1.832034715 	0.992	0.906	2.61195e-12		1.80921374104	0.000249	0.9	2.75896e-12
800   	4600  	186.71		1.8323220378	0.992	0.907	2.6102e-12		1.80956222458	0.000248	0.9	2.75665e-12
800   	4600  	186.961		1.83260858486	0.992	0.907	2.60845e-12		1.80990968985	0.000247	0.901	2.75435e-12
800   	4600  	187.213		1.83289435928	0.992	0.907	2.6067e-12		1.81025614122	0.000246	0.901	2.75206e-12
800   	4600  	187.465		1.83317936415	0.992	0.908	2.60497e-12		1.81060158301	0.000244	0.901	2.74978e-12
800   	4600  	187.716		1.83346360253	0.992	0.908	2.60324e-12		1.81094601954	0.000243	0.902	2.74751e-12
800   	4600  	187.968		1.83374707748	0.992	0.908	2.60151e-12		1.81128945509	0.000242	0.902	2.74525e-12
800   	4600  	188.22		1.83402979204	0.992	0.908	2.5998e-12		1.81163189394	0.000241	0.902	2.743e-12
800   	4600  	188.471		1.83431174925	0.992	0.909	2.59809e-12		1.81197334031	0.000239	0.903	2.74075e-12
800   	4600  	188.723		1.8345929521	0.992	0.909	2.59638e-12		1.81231379845	0.000238	0.903	2.73852e-12
800   	4600  	188.975		1.83487340361	0.992	0.909	2.59468e-12		1.81265327253	0.000237	0.903	2.7363e-12
800   	4600  	189.226		1.83515310674	0.992	0.909	2.59299e-12		1.81299176674	0.000236	0.903	2.73408e-12
800   	4600  	189.478		1.83543206448	0.992	0.91	2.5913e-12		1.81332928524	0.000234	0.904	2.73188e-12
800   	4600  	189.73		1.83571027976	0.992	0.91	2.58962e-12		1.81366583216	0.000233	0.904	2.72968e-12
800   	4600  	189.981		1.83598775554	0.992	0.91	2.58795e-12		1.81400141161	0.000232	0.904	2.72749e-12
800   	4600  	190.233		1.83626449473	0.992	0.91	2.58628e-12		1.81433602767	0.000231	0.905	2.72531e-12
800   	4600  	190.485		1.83654050026	0.992	0.911	2.58462e-12		1.81466968442	0.00023	0.905	2.72314e-12
800   	4600  	190.736		1.836815775 	0.992	0.911	2.58297e-12		1.81500238591	0.000228	0.905	2.72098e-12
800   	4600  	190.988		1.83709032186	0.992	0.911	2.58132e-12		1.81533413616	0.000227	0.905	2.71883e-12
800   	4600  	191.24		1.83736414369	0.992	0.911	2.57967e-12		1.81566493917	0.000226	0.906	2.71668e-12
800   	4600  	191.491		1.83763724336	0.992	0.912	2.57803e-12		1.81599479894	0.000225	0.906	2.71455e-12
800   	4600  	191.743		1.8379096237	0.993	0.912	2.5764e-12		1.81632371943	0.000224	0.906	2.71242e-12
800   	4600  	191.995		1.83818128754	0.993	0.912	2.57478e-12		1.81665170457	0.000223	0.907	2.7103e-12
800   	4600  	192.246		1.8384522377	0.993	0.912	2.57316e-12		1.8169787583	0.000222	0.907	2.70819e-12
800   	4600  	192.498		1.83872247698	0.993	0.913	2.57154e-12		1.81730488451	0.00022	0.907	2.70609e-12
800   	4600  	192.75		1.83899200816	0.993	0.913	2.56993e-12		1.81763008708	0.000219	0.907	2.704e-12
800   	4600  	193.001		1.83926083403	0.993	0.913	2.56833e-12		1.81795436989	0.000218	0.908	2.70192e-12
800   	4600  	193.253		1.83952895733	0.993	0.913	2.56673e-12		1.81827773677	0.000217	0.908	2.69984e-12
800   	4600  	193.505		1.83979638082	0.993	0.914	2.56514e-12		1.81860019155	0.000216	0.908	2.69777e-12
800   	4600  	193.756		1.84006310723	0.993	0.914	2.56356e-12		1.81892173803	0.000215	0.909	2.69571e-12
800   	4600  	194.008		1.84032913929	0.993	0.914	2.56198e-12		1.81924237999	0.000214	0.909	2.69366e-12
800   	4600  	194.26		1.84059447971	0.993	0.914	2.5604e-12		1.8195621212	0.000213	0.909	2.69162e-12
800   	4600  	194.511		1.84085913117	0.993	0.915	2.55883e-12		1.8198809654	0.000212	0.909	2.68959e-12
800   	4600  	194.763		1.84112309637	0.993	0.915	2.55727e-12		1.82019891631	0.000211	0.91	2.68756e-12
800   	4600  	195.015		1.84138637797	0.993	0.915	2.55571e-12		1.82051597766	0.00021	0.91	2.68554e-12
800   	4600  	195.266		1.84164897863	0.993	0.915	2.55416e-12		1.82083215311	0.000209	0.91	2.68353e-12
800   	4600  	195.518		1.841910901 	0.993	0.916	2.55261e-12		1.82114744635	0.000208	0.91	2.68153e-12
800   	4600  	195.77		1.8421721477	0.993	0.916	2.55107e-12		1.82146186101	0.000207	0.911	2.67953e-12
800   	4600  	196.021		1.84243272137	0.993	0.916	2.54953e-12		1.82177540074	0.000206	0.911	2.67754e-12
800   	4600  	196.273		1.8426926246	0.993	0.916	2.548e-12		1.82208806915	0.000205	0.911	2.67556e-12
800   	4600  	196.525		1.84295186  	0.993	0.917	2.54648e-12		1.82239986983	0.000204	0.911	2.67359e-12
800   	4600  	196.776		1.84321043014	0.993	0.917	2.54496e-12		1.82271080635	0.000203	0.912	2.67163e-12
800   	4600  	197.028		1.8434683376	0.993	0.917	2.54344e-12		1.82302088228	0.000202	0.912	2.66967e-12
800   	4600  	197.28		1.84372558494	0.993	0.917	2.54193e-12		1.82333010116	0.000201	0.912	2.66772e-12
800   	4600  	197.531		1.84398217469	0.993	0.918	2.54043e-12		1.8236384665	0.0002	0.912	2.66578e-12
800   	4600  	197.783		1.84423810941	0.993	0.918	2.53893e-12		1.82394598182	0.000199	0.913	2.66384e-12
800   	4600  	198.035		1.84449339161	0.993	0.918	2.53743e-12		1.8242526506	0.000198	0.913	2.66192e-12
800   	4600  	198.286		1.84474802381	0.993	0.918	2.53594e-12		1.82455847631	0.000197	0.913	2.66e-12
800   	4600  	198.538		1.8450020085	0.993	0.918	2.53446e-12		1.8248634624	0.000196	0.913	2.65808e-12
801   	3700  	186.206		1.82805619567	0.988	0.905	2.15012e-12		1.79348055485	0.000462	0.892	2.33698e-12
801   	3700  	186.458		1.82835400965	0.988	0.905	2.14858e-12		1.79386980281	0.00046	0.893	2.33471e-12
801   	3700  	186.71		1.82865100764	0.988	0.905	2.14704e-12		1.79425787935	0.000458	0.893	2.33246e-12
801   	3700  	186.961		1.82894719291	0.988	0.905	2.1455e-12		1.79464478955	0.000455	0.893	2.33022e-12
801   	3700  	187.213		1.82924256875	0.988	0.906	2.14398e-12		1.79503053846	0.000453	0.894	2.32798e-12
801   	3700  	187.465		1.82953713844	0.988	0.906	2.14245e-12		1.79541513111	0.00045	0.894	2.32576e-12
801   	3700  	187.716		1.82983090521	0.988	0.906	2.14094e-12		1.79579857248	0.000448	0.894	2.32355e-12
801   	3700  	187.968		1.8301238723	0.988	0.907	2.13942e-12		1.79618086756	0.000446	0.895	2.32134e-12
801   	3700  	188.22		1.83041604293	0.988	0.907	2.13792e-12		1.79656202127	0.000443	0.895	2.31915e-12
801   	3700  	188.471		1.8307074203	0.988	0.907	2.13642e-12		1.79694203855	0.000441	0.895	2.31696e-12
801   	3700  	188.723		1.83099800759	0.988	0.907	2.13493e-12		1.79732092428	0.000439	0.896	2.31479e-12
801   	3700  	188.975		1.83128780799	0.988	0.908	2.13344e-12		1.79769868333	0.000436	0.896	2.31262e-12
801   	3700  	189.226		1.83157682463	0.988	0.908	2.13196e-12		1.79807532054	0.000434	0.896	2.31047e-12
801   	3700  	189.478		1.83186506066	0.989	0.908	2.13048e-12		1.79845084073	0.000432	0.897	2.30832e-12
801   	3700  	189.73		1.83215251922	0.989	0.908	2.12901e-12		1.79882524869	0.00043	0.897	2.30618e-12
801   	3700  	189.981		1.83243920339	0.989	0.909	2.12754e-12		1.79919854919	0.000427	0.897	2.30406e-12
801   	3700  	190.233		1.83272511628	0.989	0.909	2.12608e-12		1.79957074695	0.000425	0.898	2.30194e-12
801   	3700  	190.485		1.83301026097	0.989	0.909	2.12463e-12		1.79994184671	0.000423	0.898	2.29983e-12
801   	3700  	190.736		1.83329464052	0.989	0.91	2.12318e-12		1.80031185316	0.000421	0.898	2.29773e-12
801   	3700  	190.988		1.83357825797	0.989	0.91	2.12173e-12		1.80068077095	0.000419	0.899	2.29564e-12
801   	3700  	191.24		1.83386111637	0.989	0.91	2.12029e-12		1.80104860474	0.000416	0.899	2.29356e-12
801   	3700  	191.491		1.83414321873	0.989	0.91	2.11886e-12		1.80141535914	0.000414	0.899	2.29148e-12
801   	3700  	191.743		1.83442456806	0.989	0.911	2.11743e-12		1.80178103875	0.000412	0.9	2.28942e-12
801   	3700  	191.995		1.83470516734	0.989	0.911	2.11601e-12		1.80214564814	0.00041	0.9	2.28736e-12
801   	3700  	192.246		1.83498501955	0.989	0.911	2.11459e-12		1.80250919185	0.000408	0.9	2.28532e-12
801   	3700  	192.498		1.83526412766	0.989	0.911	2.11318e-12		1.80287167442	0.000406	0.901	2.28328e-12
801   	3700  	192.75		1.8355424946	0.989	0.912	2.11177e-12		1.80323310034	0.000404	0.901	2.28125e-12
801   	3700  	193.001		1.83582012332	0.989	0.912	2.11037e-12		1.80359347408	0.000402	0.901	2.27923e-12
801   	3700  	193.253		1.83609701672	0.989	0.912	2.10897e-12		1.80395280011	0.0004	0.901	2.27721e-12
801   	3700  	193.505		1.83637317772	0.989	0.912	2.10758e-12		1.80431108285	0.000398	0.902	2.27521e-12
801   	3700  	193.756		1.83664860921	0.989	0.913	2.10619e-12		1.80466832672	0.000396	0.902	2.27322e-12
801   	3700  	194.008		1.83692331406	0.989	0.913	2.10481e-12		1.80502453609	0.000394	0.902	2.27123e-12
801   	3700  	194.26		1.83719729513	0.989	0.913	2.10343e-12		1.80537971533	0.000392	0.903	2.26925e-12
801   	3700  	194.511		1.83747055527	0.989	0.913	2.10206e-12		1.80573386879	0.00039	0.903	2.26728e-12
801   	3700  	194.763		1.83774309732	0.989	0.914	2.10069e-12		1.80608700078	0.000388	0.903	2.26532e-12
801   	3700  	195.015		1.8380149241	0.989	0.914	2.09933e-12		1.80643911559	0.000386	0.904	2.26336e-12
801   	3700  	195.266		1.83828603842	0.989	0.914	2.09797e-12		1.80679021751	0.000384	0.904	2.26142e-12
801   	3700  	195.518		1.83855644307	0.989	0.914	2.09662e-12		1.80714031078	0.000382	0.904	2.25948e-12
801   	3700  	195.77		1.83882614083	0.989	0.915	2.09527e-12		1.80748939964	0.00038	0.904	2.25755e-12
801   	3700  	196.021		1.83909513448	0.989	0.915	2.09393e-12		1.80783748828	0.000378	0.905	2.25563e-12
801   	3700  	196.273		1.83936342677	0.989	0.915	2.09259e-12		1.80818458091	0.000376	0.905	2.25371e-12
801   	3700  	196.525		1.83963102043	0.989	0.915	2.09126e-12		1.80853068169	0.000374	0.905	2.25181e-12
801   	3700  	196.776		1.8398979182	0.989	0.916	2.08993e-12		1.80887579476	0.000373	0.906	2.24991e-12
801   	3700  	197.028		1.84016412279	0.989	0.916	2.0886e-12		1.80921992424	0.000371	0.906	2.24802e-12
801   	3700  	197.28		1.84042963691	0.989	0.916	2.08729e-12		1.80956307425	0.000369	0.906	2.24614e-12
801   	3700  	197.531		1.84069446325	0.989	0.916	2.08597e-12		1.80990524885	0.000367	0.906	2.24426e-12
801   	3700  	197.783		1.84095860448	0.989	0.916	2.08466e-12		1.81024645212	0.000365	0.907	2.24239e-12
801   	3700  	198.035		1.84122206327	0.989	0.917	2.08335e-12		1.81058668809	0.000363	0.907	2.24053e-12
801   	3700  	198.286		1.84148484228	0.99	0.917	2.08205e-12		1.81092596078	0.000362	0.907	2.23868e-12
801   	3700  	198.538		1.84174694413	0.99	0.917	2.08076e-12		1.81126427419	0.00036	0.908	2.23683e-12
801   	3800  	186.206		1.82861926417	0.989	0.905	2.2016e-12		1.79573988979	0.000428	0.894	2.38297e-12
801   	3800  	186.458		1.82891564838	0.989	0.905	2.20003e-12		1.79612340087	0.000426	0.894	2.3807e-12
801   	3800  	186.71		1.82921122189	0.989	0.905	2.19847e-12		1.79650576151	0.000424	0.894	2.37845e-12
801   	3800  	186.961		1.82950598798	0.989	0.906	2.19691e-12		1.7968869767	0.000422	0.895	2.37621e-12
801   	3800  	187.213		1.82979994989	0.989	0.906	2.19536e-12		1.79726705139	0.000419	0.895	2.37397e-12
801   	3800  	187.465		1.83009311089	0.989	0.906	2.19381e-12		1.79764599051	0.000417	0.895	2.37175e-12
801   	3800  	187.716		1.83038547418	0.989	0.907	2.19228e-12		1.79802379897	0.000415	0.896	2.36954e-12
801   	3800  	187.968		1.83067704297	0.989	0.907	2.19074e-12		1.79840048165	0.000413	0.896	2.36733e-12
801   	3800  	188.22		1.83096782047	0.989	0.907	2.18921e-12		1.79877604339	0.000411	0.896	2.36514e-12
801   	3800  	188.471		1.83125780984	0.989	0.907	2.18769e-12		1.79915048902	0.000409	0.897	2.36295e-12
801   	3800  	188.723		1.83154701425	0.989	0.908	2.18618e-12		1.79952382335	0.000406	0.897	2.36078e-12
801   	3800  	188.975		1.83183543684	0.989	0.908	2.18467e-12		1.79989605114	0.000404	0.897	2.35861e-12
801   	3800  	189.226		1.83212308076	0.989	0.908	2.18316e-12		1.80026717716	0.000402	0.898	2.35645e-12
801   	3800  	189.478		1.8324099491	0.989	0.908	2.18166e-12		1.80063720612	0.0004	0.898	2.35431e-12
801   	3800  	189.73		1.83269604497	0.989	0.909	2.18017e-12		1.80100614274	0.000398	0.898	2.35217e-12
801   	3800  	189.981		1.83298137147	0.989	0.909	2.17868e-12		1.80137399168	0.000396	0.899	2.35004e-12
801   	3800  	190.233		1.83326593165	0.989	0.909	2.1772e-12		1.80174075759	0.000394	0.899	2.34792e-12
801   	3800  	190.485		1.83354972857	0.989	0.91	2.17572e-12		1.80210644512	0.000392	0.899	2.34581e-12
801   	3800  	190.736		1.83383276527	0.989	0.91	2.17425e-12		1.80247105885	0.00039	0.9	2.34371e-12
801   	3800  	190.988		1.83411504479	0.989	0.91	2.17278e-12		1.80283460337	0.000388	0.9	2.34162e-12
801   	3800  	191.24		1.83439657012	0.989	0.91	2.17132e-12		1.80319708324	0.000386	0.9	2.33953e-12
801   	3800  	191.491		1.83467734427	0.989	0.911	2.16987e-12		1.80355850298	0.000384	0.9	2.33746e-12
801   	3800  	191.743		1.83495737022	0.989	0.911	2.16842e-12		1.80391886712	0.000382	0.901	2.33539e-12
801   	3800  	191.995		1.83523665093	0.989	0.911	2.16697e-12		1.80427818013	0.00038	0.901	2.33334e-12
801   	3800  	192.246		1.83551518936	0.989	0.911	2.16553e-12		1.80463644647	0.000378	0.901	2.33129e-12
801   	3800  	192.498		1.83579298845	0.989	0.912	2.1641e-12		1.80499367059	0.000376	0.902	2.32925e-12
801   	3800  	192.75		1.83607005112	0.989	0.912	2.16267e-12		1.8053498569	0.000374	0.902	2.32722e-12
801   	3800  	193.001		1.83634638028	0.989	0.912	2.16124e-12		1.80570500979	0.000372	0.902	2.3252e-12
801   	3800  	193.253		1.83662197884	0.989	0.912	2.15983e-12		1.80605913364	0.00037	0.903	2.32318e-12
801   	3800  	193.505		1.83689684966	0.99	0.913	2.15841e-12		1.80641223279	0.000368	0.903	2.32118e-12
801   	3800  	193.756		1.83717099562	0.99	0.913	2.157e-12		1.80676431156	0.000367	0.903	2.31918e-12
801   	3800  	194.008		1.83744441957	0.99	0.913	2.1556e-12		1.80711537427	0.000365	0.903	2.31719e-12
801   	3800  	194.26		1.83771712436	0.99	0.913	2.1542e-12		1.8074654252	0.000363	0.904	2.31521e-12
801   	3800  	194.511		1.83798911282	0.99	0.914	2.15281e-12		1.80781446859	0.000361	0.904	2.31324e-12
801   	3800  	194.763		1.83826038775	0.99	0.914	2.15142e-12		1.8081625087	0.000359	0.904	2.31127e-12
801   	3800  	195.015		1.83853095196	0.99	0.914	2.15004e-12		1.80850954973	0.000357	0.905	2.30932e-12
801   	3800  	195.266		1.83880080824	0.99	0.914	2.14866e-12		1.80885559587	0.000356	0.905	2.30737e-12
801   	3800  	195.518		1.83906995935	0.99	0.915	2.14729e-12		1.80920065131	0.000354	0.905	2.30543e-12
801   	3800  	195.77		1.83933840806	0.99	0.915	2.14592e-12		1.8095447202	0.000352	0.905	2.3035e-12
801   	3800  	196.021		1.83960615712	0.99	0.915	2.14455e-12		1.80988780665	0.00035	0.906	2.30157e-12
801   	3800  	196.273		1.83987320926	0.99	0.915	2.1432e-12		1.81022991478	0.000349	0.906	2.29965e-12
801   	3800  	196.525		1.84013956721	0.99	0.916	2.14184e-12		1.81057104868	0.000347	0.906	2.29775e-12
801   	3800  	196.776		1.84040523367	0.99	0.916	2.14049e-12		1.81091121242	0.000345	0.907	2.29585e-12
801   	3800  	197.028		1.84067021133	0.99	0.916	2.13915e-12		1.81125041004	0.000343	0.907	2.29395e-12
801   	3800  	197.28		1.84093450288	0.99	0.916	2.13781e-12		1.81158864556	0.000342	0.907	2.29207e-12
801   	3800  	197.531		1.84119811099	0.99	0.916	2.13647e-12		1.811925923 	0.00034	0.907	2.29019e-12
801   	3800  	197.783		1.84146103832	0.99	0.917	2.13514e-12		1.81226224633	0.000338	0.908	2.28832e-12
801   	3800  	198.035		1.84172328752	0.99	0.917	2.13382e-12		1.81259761952	0.000337	0.908	2.28646e-12
801   	3800  	198.286		1.8419848612	0.99	0.917	2.1325e-12		1.81293204651	0.000335	0.908	2.2846e-12
801   	3800  	198.538		1.842245762 	0.99	0.917	2.13118e-12		1.81326553124	0.000333	0.909	2.28275e-12
801   	3900  	186.206		1.82914200203	0.989	0.905	2.25315e-12		1.79783720503	0.000398	0.895	2.42938e-12
801   	3900  	186.458		1.82943705509	0.989	0.905	2.25156e-12		1.79821537172	0.000396	0.895	2.42711e-12
801   	3900  	186.71		1.82973130242	0.989	0.906	2.24997e-12		1.79859240765	0.000394	0.895	2.42486e-12
801   	3900  	186.961		1.83002474726	0.989	0.906	2.24839e-12		1.79896831771	0.000392	0.896	2.42261e-12
801   	3900  	187.213		1.83031739284	0.989	0.906	2.24682e-12		1.79934310677	0.000389	0.896	2.42038e-12
801   	3900  	187.465		1.8306092424	0.989	0.907	2.24525e-12		1.79971677966	0.000387	0.896	2.41815e-12
801   	3900  	187.716		1.83090029912	0.989	0.907	2.24369e-12		1.80008934121	0.000385	0.897	2.41593e-12
801   	3900  	187.968		1.83119056619	0.989	0.907	2.24213e-12		1.8004607962	0.000383	0.897	2.41373e-12
801   	3900  	188.22		1.83148004678	0.989	0.907	2.24058e-12		1.8008311494	0.000381	0.897	2.41153e-12
801   	3900  	188.471		1.83176874406	0.989	0.908	2.23904e-12		1.80120040555	0.000379	0.898	2.40934e-12
801   	3900  	188.723		1.83205666115	0.989	0.908	2.2375e-12		1.80156856936	0.000377	0.898	2.40717e-12
801   	3900  	188.975		1.83234380117	0.99	0.908	2.23596e-12		1.80193564552	0.000375	0.898	2.405e-12
801   	3900  	189.226		1.83263016725	0.99	0.908	2.23444e-12		1.8023016387	0.000373	0.899	2.40284e-12
801   	3900  	189.478		1.83291576247	0.99	0.909	2.23291e-12		1.80266655354	0.000372	0.899	2.40069e-12
801   	3900  	189.73		1.83320058991	0.99	0.909	2.2314e-12		1.80303039465	0.00037	0.899	2.39855e-12
801   	3900  	189.981		1.83348465263	0.99	0.909	2.22989e-12		1.80339316663	0.000368	0.9	2.39642e-12
801   	3900  	190.233		1.83376795368	0.99	0.909	2.22838e-12		1.80375487405	0.000366	0.9	2.3943e-12
801   	3900  	190.485		1.8340504961	0.99	0.91	2.22688e-12		1.80411552144	0.000364	0.9	2.39218e-12
801   	3900  	190.736		1.8343322829	0.99	0.91	2.22539e-12		1.80447511334	0.000362	0.901	2.39008e-12
801   	3900  	190.988		1.83461331708	0.99	0.91	2.2239e-12		1.80483365424	0.00036	0.901	2.38798e-12
801   	3900  	191.24		1.83489360165	0.99	0.911	2.22242e-12		1.80519114861	0.000358	0.901	2.3859e-12
801   	3900  	191.491		1.83517313956	0.99	0.911	2.22094e-12		1.8055476009	0.000356	0.901	2.38382e-12
801   	3900  	191.743		1.83545193379	0.99	0.911	2.21947e-12		1.80590301554	0.000355	0.902	2.38175e-12
801   	3900  	191.995		1.83572998727	0.99	0.911	2.218e-12		1.80625739694	0.000353	0.902	2.37969e-12
801   	3900  	192.246		1.83600730295	0.99	0.912	2.21654e-12		1.80661074947	0.000351	0.902	2.37764e-12
801   	3900  	192.498		1.83628388373	0.99	0.912	2.21509e-12		1.8069630775	0.000349	0.903	2.3756e-12
801   	3900  	192.75		1.83655973252	0.99	0.912	2.21364e-12		1.80731438536	0.000347	0.903	2.37356e-12
801   	3900  	193.001		1.83683485222	0.99	0.912	2.21219e-12		1.80766467736	0.000346	0.903	2.37154e-12
801   	3900  	193.253		1.83710924569	0.99	0.913	2.21075e-12		1.8080139578	0.000344	0.904	2.36952e-12
801   	3900  	193.505		1.8373829158	0.99	0.913	2.20932e-12		1.80836223095	0.000342	0.904	2.36751e-12
801   	3900  	193.756		1.8376558654	0.99	0.913	2.20789e-12		1.80870950105	0.00034	0.904	2.36551e-12
801   	3900  	194.008		1.83792809732	0.99	0.913	2.20646e-12		1.80905577232	0.000339	0.904	2.36352e-12
801   	3900  	194.26		1.83819961438	0.99	0.914	2.20504e-12		1.80940104898	0.000337	0.905	2.36153e-12
801   	3900  	194.511		1.83847041939	0.99	0.914	2.20363e-12		1.80974533521	0.000335	0.905	2.35956e-12
801   	3900  	194.763		1.83874051515	0.99	0.914	2.20222e-12		1.81008863515	0.000334	0.905	2.35759e-12
801   	3900  	195.015		1.83900990444	0.99	0.914	2.20081e-12		1.81043095296	0.000332	0.906	2.35563e-12
801   	3900  	195.266		1.83927859001	0.99	0.915	2.19941e-12		1.81077229275	0.00033	0.906	2.35368e-12
801   	3900  	195.518		1.83954657464	0.99	0.915	2.19802e-12		1.81111265862	0.000329	0.906	2.35173e-12
801   	3900  	195.77		1.83981386105	0.99	0.915	2.19663e-12		1.81145205464	0.000327	0.906	2.3498e-12
801   	3900  	196.021		1.84008045198	0.99	0.915	2.19525e-12		1.81179048487	0.000325	0.907	2.34787e-12
801   	3900  	196.273		1.84034635014	0.99	0.916	2.19387e-12		1.81212795334	0.000324	0.907	2.34595e-12
801   	3900  	196.525		1.84061155823	0.99	0.916	2.19249e-12		1.81246446407	0.000322	0.907	2.34404e-12
801   	3900  	196.776		1.84087607895	0.99	0.916	2.19112e-12		1.81280002105	0.000321	0.908	2.34213e-12
801   	3900  	197.028		1.84113991496	0.99	0.916	2.18976e-12		1.81313462824	0.000319	0.908	2.34023e-12
801   	3900  	197.28		1.84140306894	0.99	0.916	2.1884e-12		1.81346828961	0.000317	0.908	2.33834e-12
801   	3900  	197.531		1.84166554354	0.99	0.917	2.18704e-12		1.81380100909	0.000316	0.908	2.33646e-12
801   	3900  	197.783		1.84192734138	0.99	0.917	2.18569e-12		1.81413279058	0.000314	0.909	2.33459e-12
801   	3900  	198.035		1.84218846511	0.99	0.917	2.18434e-12		1.81446363799	0.000313	0.909	2.33272e-12
801   	3900  	198.286		1.84244891734	0.99	0.917	2.183e-12		1.81479355517	0.000311	0.909	2.33086e-12
801   	3900  	198.538		1.84270870065	0.991	0.918	2.18166e-12		1.81512254599	0.00031	0.909	2.32901e-12
801   	4000  	186.206		1.82962817338	0.99	0.905	2.30477e-12		1.79978759244	0.00037	0.896	2.47617e-12
801   	4000  	186.458		1.82992198508	0.99	0.906	2.30316e-12		1.80016077288	0.000368	0.896	2.4739e-12
801   	4000  	186.71		1.83021499569	0.99	0.906	2.30155e-12		1.80053284101	0.000366	0.896	2.47164e-12
801   	4000  	186.961		1.83050720844	0.99	0.906	2.29994e-12		1.80090380165	0.000364	0.897	2.46939e-12
801   	4000  	187.213		1.83079862654	0.99	0.906	2.29835e-12		1.80127365958	0.000362	0.897	2.46715e-12
801   	4000  	187.465		1.83108925318	0.99	0.907	2.29675e-12		1.80164241955	0.000361	0.897	2.46493e-12
801   	4000  	187.716		1.83137909155	0.99	0.907	2.29517e-12		1.8020100863	0.000359	0.898	2.46271e-12
801   	4000  	187.968		1.83166814481	0.99	0.907	2.29359e-12		1.80237666454	0.000357	0.898	2.4605e-12
801   	4000  	188.22		1.8319564161	0.99	0.908	2.29202e-12		1.80274215894	0.000355	0.898	2.45829e-12
801   	4000  	188.471		1.83224390856	0.99	0.908	2.29045e-12		1.80310657417	0.000353	0.899	2.4561e-12
801   	4000  	188.723		1.83253062531	0.99	0.908	2.28889e-12		1.80346991485	0.000351	0.899	2.45392e-12
801   	4000  	188.975		1.83281656945	0.99	0.908	2.28733e-12		1.80383218559	0.000349	0.899	2.45175e-12
801   	4000  	189.226		1.83310174406	0.99	0.909	2.28578e-12		1.80419339098	0.000348	0.9	2.44959e-12
801   	4000  	189.478		1.83338615222	0.99	0.909	2.28423e-12		1.80455353559	0.000346	0.9	2.44743e-12
801   	4000  	189.73		1.83366979699	0.99	0.909	2.2827e-12		1.80491262393	0.000344	0.9	2.44529e-12
801   	4000  	189.981		1.83395268141	0.99	0.909	2.28116e-12		1.80527066053	0.000342	0.901	2.44315e-12
801   	4000  	190.233		1.83423480851	0.99	0.91	2.27964e-12		1.80562764988	0.00034	0.901	2.44103e-12
801   	4000  	190.485		1.83451618129	0.99	0.91	2.27811e-12		1.80598359644	0.000339	0.901	2.43891e-12
801   	4000  	190.736		1.83479680276	0.99	0.91	2.2766e-12		1.80633850465	0.000337	0.901	2.4368e-12
801   	4000  	190.988		1.8350766759	0.99	0.91	2.27509e-12		1.80669237893	0.000335	0.902	2.4347e-12
801   	4000  	191.24		1.83535580368	0.99	0.911	2.27358e-12		1.80704522368	0.000334	0.902	2.43261e-12
801   	4000  	191.491		1.83563418905	0.99	0.911	2.27208e-12		1.80739704327	0.000332	0.902	2.43053e-12
801   	4000  	191.743		1.83591183496	0.99	0.911	2.27059e-12		1.80774784205	0.00033	0.903	2.42845e-12
801   	4000  	191.995		1.83618874433	0.99	0.912	2.2691e-12		1.80809762434	0.000328	0.903	2.42639e-12
801   	4000  	192.246		1.83646492007	0.99	0.912	2.26762e-12		1.80844639446	0.000327	0.903	2.42433e-12
801   	4000  	192.498		1.83674036509	0.99	0.912	2.26614e-12		1.80879415669	0.000325	0.904	2.42229e-12
801   	4000  	192.75		1.83701508226	0.99	0.912	2.26467e-12		1.80914091528	0.000323	0.904	2.42025e-12
801   	4000  	193.001		1.83728907445	0.99	0.913	2.2632e-12		1.80948667448	0.000322	0.904	2.41822e-12
801   	4000  	193.253		1.83756234453	0.99	0.913	2.26174e-12		1.80983143849	0.00032	0.904	2.41619e-12
801   	4000  	193.505		1.83783489533	0.99	0.913	2.26028e-12		1.81017521153	0.000319	0.905	2.41418e-12
801   	4000  	193.756		1.83810672969	0.99	0.913	2.25883e-12		1.81051799775	0.000317	0.905	2.41217e-12
801   	4000  	194.008		1.83837785042	0.991	0.914	2.25738e-12		1.81085980131	0.000315	0.905	2.41018e-12
801   	4000  	194.26		1.83864826031	0.991	0.914	2.25594e-12		1.81120062634	0.000314	0.906	2.40819e-12
801   	4000  	194.511		1.83891796217	0.991	0.914	2.2545e-12		1.81154047695	0.000312	0.906	2.40621e-12
801   	4000  	194.763		1.83918695877	0.991	0.914	2.25307e-12		1.81187935723	0.000311	0.906	2.40423e-12
801   	4000  	195.015		1.83945525286	0.991	0.915	2.25165e-12		1.81221727124	0.000309	0.906	2.40227e-12
801   	4000  	195.266		1.8397228472	0.991	0.915	2.25023e-12		1.81255422303	0.000308	0.907	2.40031e-12
801   	4000  	195.518		1.83998974452	0.991	0.915	2.24881e-12		1.81289021662	0.000306	0.907	2.39836e-12
801   	4000  	195.77		1.84025594754	0.991	0.915	2.2474e-12		1.81322525603	0.000304	0.907	2.39642e-12
801   	4000  	196.021		1.84052145898	0.991	0.915	2.246e-12		1.81355934522	0.000303	0.908	2.39449e-12
801   	4000  	196.273		1.84078628154	0.991	0.916	2.2446e-12		1.81389248817	0.000301	0.908	2.39256e-12
801   	4000  	196.525		1.84105041789	0.991	0.916	2.2432e-12		1.81422468883	0.0003	0.908	2.39064e-12
801   	4000  	196.776		1.84131387071	0.991	0.916	2.24181e-12		1.8145559511	0.000298	0.908	2.38873e-12
801   	4000  	197.028		1.84157664265	0.991	0.916	2.24042e-12		1.8148862789	0.000297	0.909	2.38683e-12
801   	4000  	197.28		1.84183873637	0.991	0.917	2.23904e-12		1.81521567611	0.000295	0.909	2.38494e-12
801   	4000  	197.531		1.84210015449	0.991	0.917	2.23766e-12		1.81554414659	0.000294	0.909	2.38305e-12
801   	4000  	197.783		1.84236089965	0.991	0.917	2.23629e-12		1.81587169419	0.000293	0.909	2.38117e-12
801   	4000  	198.035		1.84262097444	0.991	0.917	2.23493e-12		1.81619832273	0.000291	0.91	2.3793e-12
801   	4000  	198.286		1.84288038146	0.991	0.918	2.23356e-12		1.81652403601	0.00029	0.91	2.37743e-12
801   	4000  	198.538		1.8431391233	0.991	0.918	2.23221e-12		1.81684883783	0.000288	0.91	2.37557e-12
801   	4100  	186.206		1.83008111335	0.99	0.906	2.35646e-12		1.80160443527	0.000345	0.897	2.52331e-12
801   	4100  	186.458		1.83037376561	0.99	0.906	2.35482e-12		1.80197295676	0.000343	0.897	2.52104e-12
801   	4100  	186.71		1.83066562113	0.99	0.906	2.35319e-12		1.8023403833	0.000342	0.897	2.51877e-12
801   	4100  	186.961		1.83095668312	0.99	0.906	2.35156e-12		1.80270671961	0.00034	0.898	2.51652e-12
801   	4100  	187.213		1.83124695477	0.99	0.907	2.34994e-12		1.80307197038	0.000338	0.898	2.51428e-12
801   	4100  	187.465		1.83153643926	0.99	0.907	2.34832e-12		1.80343614031	0.000336	0.898	2.51204e-12
801   	4100  	187.716		1.83182513974	0.99	0.907	2.34671e-12		1.80379923403	0.000334	0.899	2.50982e-12
801   	4100  	187.968		1.83211305937	0.99	0.908	2.34511e-12		1.80416125617	0.000333	0.899	2.5076e-12
801   	4100  	188.22		1.83240020126	0.99	0.908	2.34351e-12		1.80452221135	0.000331	0.899	2.50539e-12
801   	4100  	188.471		1.83268656853	0.99	0.908	2.34192e-12		1.80488210413	0.000329	0.9	2.5032e-12
801   	4100  	188.723		1.83297216427	0.99	0.908	2.34034e-12		1.80524093908	0.000328	0.9	2.50101e-12
801   	4100  	188.975		1.83325699158	0.99	0.909	2.33876e-12		1.80559872072	0.000326	0.9	2.49883e-12
801   	4100  	189.226		1.83354105351	0.99	0.909	2.33718e-12		1.80595545357	0.000324	0.9	2.49666e-12
801   	4100  	189.478		1.83382435312	0.99	0.909	2.33562e-12		1.80631114209	0.000322	0.901	2.4945e-12
801   	4100  	189.73		1.83410689344	0.991	0.909	2.33405e-12		1.80666579077	0.000321	0.901	2.49235e-12
801   	4100  	189.981		1.83438867751	0.991	0.91	2.3325e-12		1.80701940402	0.000319	0.901	2.49021e-12
801   	4100  	190.233		1.83466970832	0.991	0.91	2.33095e-12		1.80737198626	0.000318	0.902	2.48808e-12
801   	4100  	190.485		1.83494998887	0.991	0.91	2.3294e-12		1.80772354189	0.000316	0.902	2.48596e-12
801   	4100  	190.736		1.83522952214	0.991	0.91	2.32786e-12		1.80807407528	0.000314	0.902	2.48384e-12
801   	4100  	190.988		1.8355083111	0.991	0.911	2.32633e-12		1.80842359075	0.000313	0.903	2.48174e-12
801   	4100  	191.24		1.83578635868	0.991	0.911	2.3248e-12		1.80877209265	0.000311	0.903	2.47964e-12
801   	4100  	191.491		1.83606366784	0.991	0.911	2.32328e-12		1.80911958526	0.000309	0.903	2.47755e-12
801   	4100  	191.743		1.83634024149	0.991	0.911	2.32176e-12		1.80946607287	0.000308	0.903	2.47547e-12
801   	4100  	191.995		1.83661608253	0.991	0.912	2.32025e-12		1.80981155972	0.000306	0.904	2.4734e-12
801   	4100  	192.246		1.83689119387	0.991	0.912	2.31875e-12		1.81015605006	0.000305	0.904	2.47134e-12
801   	4100  	192.498		1.83716557838	0.991	0.912	2.31725e-12		1.81049954809	0.000303	0.904	2.46929e-12
801   	4100  	192.75		1.83743923893	0.991	0.912	2.31575e-12		1.810842058 	0.000302	0.905	2.46724e-12
801   	4100  	193.001		1.83771217836	0.991	0.913	2.31426e-12		1.81118358395	0.0003	0.905	2.46521e-12
801   	4100  	193.253		1.83798439953	0.991	0.913	2.31278e-12		1.8115241301	0.000299	0.905	2.46318e-12
801   	4100  	193.505		1.83825590524	0.991	0.913	2.3113e-12		1.81186370057	0.000297	0.905	2.46116e-12
801   	4100  	193.756		1.83852669832	0.991	0.913	2.30983e-12		1.81220229946	0.000296	0.906	2.45915e-12
801   	4100  	194.008		1.83879678156	0.991	0.914	2.30836e-12		1.81253993085	0.000294	0.906	2.45714e-12
801   	4100  	194.26		1.83906615774	0.991	0.914	2.3069e-12		1.8128765988	0.000293	0.906	2.45515e-12
801   	4100  	194.511		1.83933482964	0.991	0.914	2.30544e-12		1.81321230736	0.000291	0.907	2.45316e-12
801   	4100  	194.763		1.83960280002	0.991	0.914	2.30399e-12		1.81354706053	0.00029	0.907	2.45118e-12
801   	4100  	195.015		1.83987007161	0.991	0.915	2.30254e-12		1.81388086233	0.000288	0.907	2.44921e-12
801   	4100  	195.266		1.84013664715	0.991	0.915	2.3011e-12		1.81421371672	0.000287	0.907	2.44724e-12
801   	4100  	195.518		1.84040252936	0.991	0.915	2.29966e-12		1.81454562767	0.000285	0.908	2.44529e-12
801   	4100  	195.77		1.84066772094	0.991	0.915	2.29823e-12		1.81487659911	0.000284	0.908	2.44334e-12
801   	4100  	196.021		1.84093222459	0.991	0.916	2.2968e-12		1.81520663496	0.000283	0.908	2.4414e-12
801   	4100  	196.273		1.84119604299	0.991	0.916	2.29538e-12		1.81553573911	0.000281	0.909	2.43947e-12
801   	4100  	196.525		1.8414591788	0.991	0.916	2.29396e-12		1.81586391545	0.00028	0.909	2.43754e-12
801   	4100  	196.776		1.84172163468	0.991	0.916	2.29255e-12		1.81619116782	0.000278	0.909	2.43563e-12
801   	4100  	197.028		1.84198341327	0.991	0.917	2.29114e-12		1.81651750007	0.000277	0.909	2.43372e-12
801   	4100  	197.28		1.84224451719	0.991	0.917	2.28974e-12		1.81684291602	0.000276	0.91	2.43182e-12
801   	4100  	197.531		1.84250494908	0.991	0.917	2.28834e-12		1.81716741946	0.000274	0.91	2.42992e-12
801   	4100  	197.783		1.84276471153	0.991	0.917	2.28695e-12		1.81749101417	0.000273	0.91	2.42804e-12
801   	4100  	198.035		1.84302380713	0.991	0.918	2.28556e-12		1.81781370392	0.000272	0.91	2.42616e-12
801   	4100  	198.286		1.84328223846	0.991	0.918	2.28418e-12		1.81813549244	0.00027	0.911	2.42429e-12
801   	4100  	198.538		1.8435400081	0.991	0.918	2.2828e-12		1.81845638345	0.000269	0.911	2.42242e-12
801   	4200  	186.206		1.83050378539	0.991	0.906	2.4082e-12		1.80329963337	0.000323	0.897	2.57077e-12
801   	4200  	186.458		1.83079535308	0.991	0.906	2.40654e-12		1.80366379561	0.000321	0.898	2.56849e-12
801   	4200  	186.71		1.83108612812	0.991	0.906	2.40488e-12		1.8040268792	0.000319	0.898	2.56622e-12
801   	4200  	186.961		1.8313761137	0.991	0.907	2.40323e-12		1.80438888878	0.000318	0.898	2.56396e-12
801   	4200  	187.213		1.83166531298	0.991	0.907	2.40158e-12		1.80474982898	0.000316	0.899	2.56171e-12
801   	4200  	187.465		1.83195372913	0.991	0.907	2.39995e-12		1.80510970441	0.000314	0.899	2.55947e-12
801   	4200  	187.716		1.83224136529	0.991	0.907	2.39831e-12		1.80546851963	0.000313	0.899	2.55724e-12
801   	4200  	187.968		1.83252822457	0.991	0.908	2.39669e-12		1.80582627921	0.000311	0.9	2.55501e-12
801   	4200  	188.22		1.83281431008	0.991	0.908	2.39507e-12		1.80618298767	0.000309	0.9	2.5528e-12
801   	4200  	188.471		1.83309962493	0.991	0.908	2.39345e-12		1.80653864951	0.000308	0.9	2.5506e-12
801   	4200  	188.723		1.83338417218	0.991	0.909	2.39184e-12		1.80689326923	0.000306	0.901	2.5484e-12
801   	4200  	188.975		1.83366795491	0.991	0.909	2.39024e-12		1.80724685126	0.000305	0.901	2.54622e-12
801   	4200  	189.226		1.83395097615	0.991	0.909	2.38864e-12		1.80759940005	0.000303	0.901	2.54404e-12
801   	4200  	189.478		1.83423323895	0.991	0.909	2.38705e-12		1.80795092001	0.000301	0.902	2.54188e-12
801   	4200  	189.73		1.83451474632	0.991	0.91	2.38547e-12		1.80830141553	0.0003	0.902	2.53972e-12
801   	4200  	189.981		1.83479550127	0.991	0.91	2.38389e-12		1.80865089097	0.000298	0.902	2.53757e-12
801   	4200  	190.233		1.83507550678	0.991	0.91	2.38232e-12		1.80899935067	0.000297	0.902	2.53543e-12
801   	4200  	190.485		1.83535476584	0.991	0.91	2.38075e-12		1.80934679895	0.000295	0.903	2.5333e-12
801   	4200  	190.736		1.83563328139	0.991	0.911	2.37919e-12		1.80969324011	0.000294	0.903	2.53118e-12
801   	4200  	190.988		1.8359110564	0.991	0.911	2.37763e-12		1.81003867842	0.000292	0.903	2.52907e-12
801   	4200  	191.24		1.83618809378	0.991	0.911	2.37608e-12		1.81038311813	0.000291	0.904	2.52696e-12
801   	4200  	191.491		1.83646439646	0.991	0.911	2.37453e-12		1.81072656348	0.000289	0.904	2.52487e-12
801   	4200  	191.743		1.83673996735	0.991	0.912	2.373e-12		1.81106901867	0.000288	0.904	2.52278e-12
801   	4200  	191.995		1.83701480932	0.991	0.912	2.37146e-12		1.81141048788	0.000286	0.904	2.5207e-12
801   	4200  	192.246		1.83728892526	0.991	0.912	2.36993e-12		1.81175097528	0.000285	0.905	2.51864e-12
801   	4200  	192.498		1.83756231804	0.991	0.912	2.36841e-12		1.81209048502	0.000283	0.905	2.51657e-12
801   	4200  	192.75		1.83783499049	0.991	0.913	2.36689e-12		1.81242902121	0.000282	0.905	2.51452e-12
801   	4200  	193.001		1.83810694545	0.991	0.913	2.36538e-12		1.81276658796	0.000281	0.906	2.51248e-12
801   	4200  	193.253		1.83837818575	0.991	0.913	2.36388e-12		1.81310318933	0.000279	0.906	2.51044e-12
801   	4200  	193.505		1.83864871419	0.991	0.913	2.36238e-12		1.8134388294	0.000278	0.906	2.50841e-12
801   	4200  	193.756		1.83891853357	0.991	0.914	2.36088e-12		1.81377351219	0.000276	0.906	2.5064e-12
801   	4200  	194.008		1.83918764666	0.991	0.914	2.35939e-12		1.81410724172	0.000275	0.907	2.50438e-12
801   	4200  	194.26		1.83945605624	0.991	0.914	2.35791e-12		1.81444002199	0.000274	0.907	2.50238e-12
801   	4200  	194.511		1.83972376505	0.991	0.914	2.35643e-12		1.81477185697	0.000272	0.907	2.50039e-12
801   	4200  	194.763		1.83999077584	0.991	0.915	2.35495e-12		1.81510275061	0.000271	0.908	2.4984e-12
801   	4200  	195.015		1.84025709134	0.991	0.915	2.35348e-12		1.81543270685	0.000269	0.908	2.49642e-12
801   	4200  	195.266		1.84052271426	0.991	0.915	2.35202e-12		1.8157617296	0.000268	0.908	2.49445e-12
801   	4200  	195.518		1.84078764731	0.991	0.915	2.35056e-12		1.81608982275	0.000267	0.908	2.49249e-12
801   	4200  	195.77		1.84105189317	0.991	0.916	2.34911e-12		1.81641699018	0.000265	0.909	2.49053e-12
801   	4200  	196.021		1.84131545452	0.992	0.916	2.34766e-12		1.81674323574	0.000264	0.909	2.48858e-12
801   	4200  	196.273		1.84157833403	0.992	0.916	2.34622e-12		1.81706856327	0.000263	0.909	2.48664e-12
801   	4200  	196.525		1.84184053434	0.992	0.916	2.34478e-12		1.81739297657	0.000262	0.91	2.48471e-12
801   	4200  	196.776		1.84210205809	0.992	0.917	2.34334e-12		1.81771647945	0.00026	0.91	2.48279e-12
801   	4200  	197.028		1.84236290792	0.992	0.917	2.34192e-12		1.81803907568	0.000259	0.91	2.48087e-12
801   	4200  	197.28		1.84262308643	0.992	0.917	2.34049e-12		1.81836076901	0.000258	0.91	2.47896e-12
801   	4200  	197.531		1.84288259622	0.992	0.917	2.33907e-12		1.81868156318	0.000256	0.911	2.47706e-12
801   	4200  	197.783		1.84314143989	0.992	0.917	2.33766e-12		1.81900146192	0.000255	0.911	2.47517e-12
801   	4200  	198.035		1.84339962001	0.992	0.918	2.33625e-12		1.81932046891	0.000254	0.911	2.47328e-12
801   	4200  	198.286		1.84365713915	0.992	0.918	2.33485e-12		1.81963858785	0.000253	0.911	2.4714e-12
801   	4200  	198.538		1.84391399986	0.992	0.918	2.33345e-12		1.81995582239	0.000251	0.912	2.46953e-12
801   	4300  	186.206		1.83089882985	0.991	0.906	2.46e-12		1.80488379499	0.000302	0.898	2.61853e-12
801   	4300  	186.458		1.83118938155	0.991	0.906	2.45831e-12		1.8052438728	0.0003	0.899	2.61624e-12
801   	4300  	186.71		1.83147914444	0.991	0.907	2.45663e-12		1.8056028873	0.000299	0.899	2.61396e-12
801   	4300  	186.961		1.83176812169	0.991	0.907	2.45496e-12		1.80596084307	0.000297	0.899	2.61169e-12
801   	4300  	187.213		1.83205631646	0.991	0.907	2.45329e-12		1.80631774466	0.000296	0.899	2.60943e-12
801   	4300  	187.465		1.83234373187	0.991	0.907	2.45162e-12		1.8066735966	0.000294	0.9	2.60718e-12
801   	4300  	187.716		1.83263037105	0.991	0.908	2.44997e-12		1.8070284034	0.000293	0.9	2.60494e-12
801   	4300  	187.968		1.8329162371	0.991	0.908	2.44832e-12		1.80738216953	0.000291	0.9	2.60271e-12
801   	4300  	188.22		1.83320133312	0.991	0.908	2.44667e-12		1.80773489946	0.00029	0.901	2.60049e-12
801   	4300  	188.471		1.83348566219	0.991	0.908	2.44503e-12		1.80808659762	0.000288	0.901	2.59828e-12
801   	4300  	188.723		1.83376922735	0.991	0.909	2.4434e-12		1.80843726842	0.000287	0.901	2.59608e-12
801   	4300  	188.975		1.83405203166	0.991	0.909	2.44178e-12		1.80878691625	0.000285	0.902	2.59388e-12
801   	4300  	189.226		1.83433407814	0.991	0.909	2.44016e-12		1.80913554547	0.000284	0.902	2.5917e-12
801   	4300  	189.478		1.83461536982	0.991	0.909	2.43854e-12		1.80948316043	0.000282	0.902	2.58953e-12
801   	4300  	189.73		1.8348959097	0.991	0.91	2.43693e-12		1.80982976544	0.000281	0.903	2.58736e-12
801   	4300  	189.981		1.83517570075	0.991	0.91	2.43533e-12		1.8101753648	0.000279	0.903	2.5852e-12
801   	4300  	190.233		1.83545474596	0.991	0.91	2.43373e-12		1.81051996279	0.000278	0.903	2.58306e-12
801   	4300  	190.485		1.83573304828	0.991	0.911	2.43214e-12		1.81086356365	0.000276	0.903	2.58092e-12
801   	4300  	190.736		1.83601061066	0.991	0.911	2.43056e-12		1.81120617161	0.000275	0.904	2.57879e-12
801   	4300  	190.988		1.83628743602	0.991	0.911	2.42898e-12		1.81154779089	0.000274	0.904	2.57667e-12
801   	4300  	191.24		1.83656352728	0.991	0.911	2.42741e-12		1.81188842566	0.000272	0.904	2.57455e-12
801   	4300  	191.491		1.83683888734	0.991	0.912	2.42584e-12		1.8122280801	0.000271	0.905	2.57245e-12
801   	4300  	191.743		1.83711351909	0.992	0.912	2.42428e-12		1.81256675834	0.000269	0.905	2.57036e-12
801   	4300  	191.995		1.8373874254	0.992	0.912	2.42272e-12		1.8129044645	0.000268	0.905	2.56827e-12
801   	4300  	192.246		1.83766060913	0.992	0.912	2.42117e-12		1.81324120268	0.000267	0.905	2.56619e-12
801   	4300  	192.498		1.83793307312	0.992	0.913	2.41963e-12		1.81357697697	0.000265	0.906	2.56412e-12
801   	4300  	192.75		1.83820482021	0.992	0.913	2.41809e-12		1.81391179141	0.000264	0.906	2.56206e-12
801   	4300  	193.001		1.83847585322	0.992	0.913	2.41655e-12		1.81424565004	0.000263	0.906	2.56001e-12
801   	4300  	193.253		1.83874617495	0.992	0.913	2.41502e-12		1.81457855688	0.000261	0.907	2.55797e-12
801   	4300  	193.505		1.83901578819	0.992	0.914	2.4135e-12		1.81491051592	0.00026	0.907	2.55593e-12
801   	4300  	193.756		1.83928469573	0.992	0.914	2.41198e-12		1.81524153113	0.000259	0.907	2.5539e-12
801   	4300  	194.008		1.83955290031	0.992	0.914	2.41047e-12		1.81557160648	0.000257	0.907	2.55188e-12
801   	4300  	194.26		1.83982040471	0.992	0.914	2.40896e-12		1.81590074588	0.000256	0.908	2.54987e-12
801   	4300  	194.511		1.84008721165	0.992	0.915	2.40746e-12		1.81622895325	0.000255	0.908	2.54787e-12
801   	4300  	194.763		1.84035332386	0.992	0.915	2.40597e-12		1.81655623249	0.000254	0.908	2.54587e-12
801   	4300  	195.015		1.84061874405	0.992	0.915	2.40448e-12		1.81688258747	0.000252	0.909	2.54388e-12
801   	4300  	195.266		1.84088347493	0.992	0.915	2.40299e-12		1.81720802203	0.000251	0.909	2.5419e-12
801   	4300  	195.518		1.84114751918	0.992	0.915	2.40151e-12		1.81753254002	0.00025	0.909	2.53993e-12
801   	4300  	195.77		1.84141087947	0.992	0.916	2.40003e-12		1.81785614524	0.000249	0.909	2.53797e-12
801   	4300  	196.021		1.84167355847	0.992	0.916	2.39856e-12		1.81817884149	0.000247	0.91	2.53601e-12
801   	4300  	196.273		1.84193555882	0.992	0.916	2.3971e-12		1.81850063254	0.000246	0.91	2.53406e-12
801   	4300  	196.525		1.84219688316	0.992	0.916	2.39564e-12		1.81882152215	0.000245	0.91	2.53212e-12
801   	4300  	196.776		1.84245753411	0.992	0.917	2.39418e-12		1.81914151405	0.000244	0.91	2.53019e-12
801   	4300  	197.028		1.84271751429	0.992	0.917	2.39273e-12		1.81946061196	0.000242	0.911	2.52827e-12
801   	4300  	197.28		1.84297682629	0.992	0.917	2.39129e-12		1.81977881958	0.000241	0.911	2.52635e-12
801   	4300  	197.531		1.84323547271	0.992	0.917	2.38985e-12		1.82009614058	0.00024	0.911	2.52444e-12
801   	4300  	197.783		1.84349345611	0.992	0.918	2.38842e-12		1.82041257864	0.000239	0.911	2.52253e-12
801   	4300  	198.035		1.84375077906	0.992	0.918	2.38699e-12		1.82072813738	0.000238	0.912	2.52064e-12
801   	4300  	198.286		1.8440074441	0.992	0.918	2.38556e-12		1.82104282043	0.000237	0.912	2.51875e-12
801   	4300  	198.538		1.84426345379	0.992	0.918	2.38414e-12		1.8213566314	0.000235	0.912	2.51687e-12
801   	4400  	186.206		1.83126860531	0.991	0.906	2.51185e-12		1.80636640041	0.000283	0.899	2.66655e-12
801   	4400  	186.458		1.83155820395	0.991	0.906	2.51014e-12		1.80672264623	0.000282	0.899	2.66425e-12
801   	4400  	186.71		1.8318470174	0.991	0.907	2.50843e-12		1.80707784321	0.00028	0.9	2.66196e-12
801   	4400  	186.961		1.8321350488	0.991	0.907	2.50673e-12		1.80743199583	0.000279	0.9	2.65968e-12
801   	4400  	187.213		1.83242230129	0.991	0.907	2.50504e-12		1.8077851086	0.000277	0.9	2.65742e-12
801   	4400  	187.465		1.83270877798	0.991	0.907	2.50335e-12		1.80813718597	0.000276	0.9	2.65516e-12
801   	4400  	187.716		1.83299448199	0.992	0.908	2.50167e-12		1.80848823238	0.000274	0.901	2.65291e-12
801   	4400  	187.968		1.8332794164	0.992	0.908	2.5e-12		1.80883825224	0.000273	0.901	2.65067e-12
801   	4400  	188.22		1.83356358428	0.992	0.908	2.49833e-12		1.80918724994	0.000272	0.901	2.64844e-12
801   	4400  	188.471		1.83384698869	0.992	0.909	2.49667e-12		1.80953522985	0.00027	0.902	2.64622e-12
801   	4400  	188.723		1.83412963268	0.992	0.909	2.49501e-12		1.80988219631	0.000269	0.902	2.64401e-12
801   	4400  	188.975		1.83441151927	0.992	0.909	2.49336e-12		1.81022815365	0.000267	0.902	2.6418e-12
801   	4400  	189.226		1.83469265148	0.992	0.909	2.49172e-12		1.81057310617	0.000266	0.903	2.63961e-12
801   	4400  	189.478		1.83497303231	0.992	0.91	2.49008e-12		1.81091705814	0.000265	0.903	2.63743e-12
801   	4400  	189.73		1.83525266474	0.992	0.91	2.48845e-12		1.81126001381	0.000263	0.903	2.63525e-12
801   	4400  	189.981		1.83553155174	0.992	0.91	2.48682e-12		1.81160197742	0.000262	0.903	2.63309e-12
801   	4400  	190.233		1.83580969627	0.992	0.91	2.4852e-12		1.81194295317	0.000261	0.904	2.63093e-12
801   	4400  	190.485		1.83608710126	0.992	0.911	2.48359e-12		1.81228294526	0.000259	0.904	2.62878e-12
801   	4400  	190.736		1.83636376966	0.992	0.911	2.48198e-12		1.81262195785	0.000258	0.904	2.62664e-12
801   	4400  	190.988		1.83663970437	0.992	0.911	2.48038e-12		1.81295999509	0.000257	0.905	2.62451e-12
801   	4400  	191.24		1.83691490828	0.992	0.911	2.47878e-12		1.81329706109	0.000255	0.905	2.62239e-12
801   	4400  	191.491		1.83718938429	0.992	0.912	2.47719e-12		1.81363315995	0.000254	0.905	2.62028e-12
801   	4400  	191.743		1.83746313526	0.992	0.912	2.47561e-12		1.81396829577	0.000253	0.905	2.61817e-12
801   	4400  	191.995		1.83773616406	0.992	0.912	2.47403e-12		1.81430247259	0.000251	0.906	2.61608e-12
801   	4400  	192.246		1.83800847352	0.992	0.912	2.47245e-12		1.81463569445	0.00025	0.906	2.61399e-12
801   	4400  	192.498		1.83828006649	0.992	0.913	2.47089e-12		1.81496796537	0.000249	0.906	2.61191e-12
801   	4400  	192.75		1.83855094576	0.992	0.913	2.46932e-12		1.81529928934	0.000248	0.907	2.60984e-12
801   	4400  	193.001		1.83882111415	0.992	0.913	2.46777e-12		1.81562967035	0.000246	0.907	2.60778e-12
801   	4400  	193.253		1.83909057445	0.992	0.913	2.46622e-12		1.81595911234	0.000245	0.907	2.60573e-12
801   	4400  	193.505		1.83935932943	0.992	0.914	2.46467e-12		1.81628761924	0.000244	0.907	2.60368e-12
801   	4400  	193.756		1.83962738185	0.992	0.914	2.46313e-12		1.81661519498	0.000243	0.908	2.60164e-12
801   	4400  	194.008		1.83989473447	0.992	0.914	2.4616e-12		1.81694184345	0.000241	0.908	2.59962e-12
801   	4400  	194.26		1.84016139002	0.992	0.914	2.46007e-12		1.81726756851	0.00024	0.908	2.59759e-12
801   	4400  	194.511		1.84042735122	0.992	0.915	2.45854e-12		1.81759237403	0.000239	0.909	2.59558e-12
801   	4400  	194.763		1.8406926208	0.992	0.915	2.45702e-12		1.81791626383	0.000238	0.909	2.59358e-12
801   	4400  	195.015		1.84095720143	0.992	0.915	2.45551e-12		1.81823924173	0.000237	0.909	2.59158e-12
801   	4400  	195.266		1.84122109581	0.992	0.915	2.454e-12		1.81856131153	0.000236	0.909	2.58959e-12
801   	4400  	195.518		1.84148430662	0.992	0.916	2.4525e-12		1.818882477 	0.000234	0.91	2.58761e-12
801   	4400  	195.77		1.8417468365	0.992	0.916	2.451e-12		1.8192027419	0.000233	0.91	2.58564e-12
801   	4400  	196.021		1.84200868812	0.992	0.916	2.44951e-12		1.81952210996	0.000232	0.91	2.58367e-12
801   	4400  	196.273		1.84226986409	0.992	0.916	2.44803e-12		1.8198405849	0.000231	0.91	2.58171e-12
801   	4400  	196.525		1.84253036705	0.992	0.917	2.44654e-12		1.82015817043	0.00023	0.911	2.57976e-12
801   	4400  	196.776		1.8427901996	0.992	0.917	2.44507e-12		1.82047487021	0.000229	0.911	2.57782e-12
801   	4400  	197.028		1.84304936434	0.992	0.917	2.4436e-12		1.82079068791	0.000228	0.911	2.57588e-12
801   	4400  	197.28		1.84330786386	0.992	0.917	2.44213e-12		1.82110562717	0.000226	0.911	2.57396e-12
801   	4400  	197.531		1.84356570073	0.992	0.917	2.44067e-12		1.82141969163	0.000225	0.912	2.57204e-12
801   	4400  	197.783		1.8438228775	0.992	0.918	2.43921e-12		1.82173288487	0.000224	0.912	2.57012e-12
801   	4400  	198.035		1.84407939674	0.992	0.918	2.43776e-12		1.8220452105	0.000223	0.912	2.56822e-12
801   	4400  	198.286		1.84433526097	0.992	0.918	2.43632e-12		1.82235667208	0.000222	0.913	2.56632e-12
801   	4400  	198.538		1.84459047272	0.992	0.918	2.43488e-12		1.82266727315	0.000221	0.913	2.56443e-12
801   	4500  	186.206		1.83161522391	0.992	0.906	2.56375e-12		1.80775594214	0.000266	0.9	2.71482e-12
801   	4500  	186.458		1.83190392733	0.992	0.907	2.56201e-12		1.80810858825	0.000265	0.9	2.71251e-12
801   	4500  	186.71		1.83219184896	0.992	0.907	2.56028e-12		1.80846019913	0.000263	0.9	2.71021e-12
801   	4500  	186.961		1.83247899193	0.992	0.907	2.55856e-12		1.80881077923	0.000262	0.9	2.70792e-12
801   	4500  	187.213		1.83276535936	0.992	0.907	2.55684e-12		1.80916033297	0.000261	0.901	2.70564e-12
801   	4500  	187.465		1.83305095436	0.992	0.908	2.55513e-12		1.80950886474	0.000259	0.901	2.70338e-12
801   	4500  	187.716		1.83333577999	0.992	0.908	2.55342e-12		1.80985637893	0.000258	0.901	2.70112e-12
801   	4500  	187.968		1.83361983935	0.992	0.908	2.55172e-12		1.81020287988	0.000257	0.902	2.69887e-12
801   	4500  	188.22		1.83390313549	0.992	0.908	2.55003e-12		1.81054837191	0.000255	0.902	2.69663e-12
801   	4500  	188.471		1.83418567144	0.992	0.909	2.54834e-12		1.81089285933	0.000254	0.902	2.6944e-12
801   	4500  	188.723		1.83446745024	0.992	0.909	2.54666e-12		1.81123634642	0.000253	0.903	2.69217e-12
801   	4500  	188.975		1.8347484749	0.992	0.909	2.54499e-12		1.81157883744	0.000251	0.903	2.68996e-12
801   	4500  	189.226		1.83502874842	0.992	0.909	2.54332e-12		1.81192033662	0.00025	0.903	2.68776e-12
801   	4500  	189.478		1.83530827378	0.992	0.91	2.54166e-12		1.81226084819	0.000249	0.903	2.68556e-12
801   	4500  	189.73		1.83558705395	0.992	0.91	2.54001e-12		1.81260037633	0.000247	0.904	2.68338e-12
801   	4500  	189.981		1.83586509189	0.992	0.91	2.53836e-12		1.81293892521	0.000246	0.904	2.6812e-12
801   	4500  	190.233		1.83614239053	0.992	0.911	2.53671e-12		1.81327649899	0.000245	0.904	2.67904e-12
801   	4500  	190.485		1.8364189528	0.992	0.911	2.53508e-12		1.81361310178	0.000244	0.905	2.67688e-12
801   	4500  	190.736		1.83669478162	0.992	0.911	2.53345e-12		1.8139487377	0.000242	0.905	2.67473e-12
801   	4500  	190.988		1.83696987987	0.992	0.911	2.53182e-12		1.81428341082	0.000241	0.905	2.67259e-12
801   	4500  	191.24		1.83724425046	0.992	0.912	2.5302e-12		1.81461712522	0.00024	0.905	2.67046e-12
801   	4500  	191.491		1.83751789624	0.992	0.912	2.52859e-12		1.81494988492	0.000239	0.906	2.66833e-12
801   	4500  	191.743		1.83779082007	0.992	0.912	2.52698e-12		1.81528169396	0.000237	0.906	2.66622e-12
801   	4500  	191.995		1.83806302479	0.992	0.912	2.52538e-12		1.81561255634	0.000236	0.906	2.66411e-12
801   	4500  	192.246		1.83833451324	0.992	0.913	2.52378e-12		1.81594247602	0.000235	0.907	2.66201e-12
801   	4500  	192.498		1.83860528823	0.992	0.913	2.52219e-12		1.81627145697	0.000234	0.907	2.65993e-12
801   	4500  	192.75		1.83887535255	0.992	0.913	2.5206e-12		1.81659950314	0.000233	0.907	2.65784e-12
801   	4500  	193.001		1.83914470901	0.992	0.913	2.51903e-12		1.81692661842	0.000232	0.907	2.65577e-12
801   	4500  	193.253		1.83941336037	0.992	0.914	2.51745e-12		1.81725280673	0.00023	0.908	2.65371e-12
801   	4500  	193.505		1.8396813094	0.992	0.914	2.51588e-12		1.81757807194	0.000229	0.908	2.65165e-12
801   	4500  	193.756		1.83994855884	0.992	0.914	2.51432e-12		1.81790241791	0.000228	0.908	2.6496e-12
801   	4500  	194.008		1.84021511143	0.992	0.914	2.51276e-12		1.81822584847	0.000227	0.909	2.64757e-12
801   	4500  	194.26		1.8404809699	0.992	0.915	2.51121e-12		1.81854836744	0.000226	0.909	2.64553e-12
801   	4500  	194.511		1.84074613695	0.992	0.915	2.50967e-12		1.81886997863	0.000225	0.909	2.64351e-12
801   	4500  	194.763		1.84101061527	0.992	0.915	2.50813e-12		1.8191906858	0.000224	0.909	2.6415e-12
801   	4500  	195.015		1.84127440756	0.992	0.915	2.50659e-12		1.81951049272	0.000222	0.91	2.63949e-12
801   	4500  	195.266		1.84153751649	0.992	0.915	2.50506e-12		1.81982940313	0.000221	0.91	2.63749e-12
801   	4500  	195.518		1.84179994471	0.992	0.916	2.50354e-12		1.82014742074	0.00022	0.91	2.6355e-12
801   	4500  	195.77		1.84206169486	0.993	0.916	2.50202e-12		1.82046454927	0.000219	0.91	2.63351e-12
801   	4500  	196.021		1.84232276959	0.993	0.916	2.5005e-12		1.82078079239	0.000218	0.911	2.63154e-12
801   	4500  	196.273		1.84258317151	0.993	0.916	2.499e-12		1.82109615377	0.000217	0.911	2.62957e-12
801   	4500  	196.525		1.84284290324	0.993	0.917	2.49749e-12		1.82141063706	0.000216	0.911	2.62761e-12
801   	4500  	196.776		1.84310196736	0.993	0.917	2.49599e-12		1.82172424587	0.000215	0.911	2.62566e-12
801   	4500  	197.028		1.84336036646	0.993	0.917	2.4945e-12		1.82203698382	0.000214	0.912	2.62371e-12
801   	4500  	197.28		1.84361810312	0.993	0.917	2.49301e-12		1.8223488545	0.000213	0.912	2.62177e-12
801   	4500  	197.531		1.84387517989	0.993	0.918	2.49153e-12		1.82265986148	0.000212	0.912	2.61984e-12
801   	4500  	197.783		1.84413159932	0.993	0.918	2.49005e-12		1.82297000832	0.000211	0.912	2.61792e-12
801   	4500  	198.035		1.84438736395	0.993	0.918	2.48858e-12		1.82327929855	0.00021	0.913	2.616e-12
801   	4500  	198.286		1.84464247631	0.993	0.918	2.48711e-12		1.82358773568	0.000209	0.913	2.6141e-12
801   	4500  	198.538		1.84489693889	0.993	0.919	2.48565e-12		1.82389532323	0.000208	0.913	2.6122e-12
801   	4600  	186.206		1.83194058157	0.992	0.906	2.61569e-12		1.80906004535	0.00025	0.9	2.76331e-12
801   	4600  	186.458		1.83222844304	0.992	0.907	2.61393e-12		1.80940930574	0.000249	0.9	2.761e-12
801   	4600  	186.71		1.83251552592	0.992	0.907	2.61217e-12		1.80975754378	0.000248	0.901	2.75869e-12
801   	4600  	186.961		1.83280183334	0.992	0.907	2.61042e-12		1.81010476385	0.000247	0.901	2.75639e-12
801   	4600  	187.213		1.83308736839	0.992	0.907	2.60868e-12		1.8104509703	0.000245	0.901	2.7541e-12
801   	4600  	187.465		1.83337213416	0.992	0.908	2.60694e-12		1.81079616746	0.000244	0.902	2.75182e-12
801   	4600  	187.716		1.83365613373	0.992	0.908	2.60522e-12		1.81114035965	0.000243	0.902	2.74955e-12
801   	4600  	187.968		1.83393937015	0.992	0.908	2.60349e-12		1.81148355115	0.000241	0.902	2.74729e-12
801   	4600  	188.22		1.83422184646	0.992	0.909	2.60178e-12		1.81182574624	0.00024	0.902	2.74503e-12
801   	4600  	188.471		1.83450356569	0.992	0.909	2.60007e-12		1.81216694915	0.000239	0.903	2.74279e-12
801   	4600  	188.723		1.83478453085	0.992	0.909	2.59836e-12		1.81250716411	0.000238	0.903	2.74056e-12
801   	4600  	188.975		1.83506474493	0.992	0.909	2.59666e-12		1.81284639532	0.000236	0.903	2.73834e-12
801   	4600  	189.226		1.83534421093	0.992	0.91	2.59497e-12		1.81318464696	0.000235	0.904	2.73612e-12
801   	4600  	189.478		1.83562293182	0.992	0.91	2.59329e-12		1.81352192317	0.000234	0.904	2.73392e-12
801   	4600  	189.73		1.83590091053	0.992	0.91	2.59161e-12		1.81385822809	0.000233	0.904	2.73172e-12
801   	4600  	189.981		1.83617815003	0.992	0.91	2.58993e-12		1.81419356584	0.000232	0.905	2.72953e-12
801   	4600  	190.233		1.83645465322	0.992	0.911	2.58827e-12		1.81452794051	0.00023	0.905	2.72735e-12
801   	4600  	190.485		1.83673042302	0.992	0.911	2.58661e-12		1.81486135616	0.000229	0.905	2.72519e-12
801   	4600  	190.736		1.83700546234	0.992	0.911	2.58495e-12		1.81519381685	0.000228	0.905	2.72302e-12
801   	4600  	190.988		1.83727977405	0.992	0.911	2.5833e-12		1.8155253266	0.000227	0.906	2.72087e-12
801   	4600  	191.24		1.83755336102	0.992	0.912	2.58166e-12		1.81585588941	0.000226	0.906	2.71873e-12
801   	4600  	191.491		1.83782622611	0.992	0.912	2.58002e-12		1.81618550928	0.000225	0.906	2.7166e-12
801   	4600  	191.743		1.83809837216	0.993	0.912	2.57839e-12		1.81651419016	0.000224	0.907	2.71447e-12
801   	4600  	191.995		1.838369802 	0.993	0.912	2.57677e-12		1.816841936 	0.000222	0.907	2.71235e-12
801   	4600  	192.246		1.83864051845	0.993	0.913	2.57515e-12		1.81716875072	0.000221	0.907	2.71024e-12
801   	4600  	192.498		1.8389105243	0.993	0.913	2.57353e-12		1.81749463824	0.00022	0.907	2.70814e-12
801   	4600  	192.75		1.83917982234	0.993	0.913	2.57193e-12		1.81781960242	0.000219	0.908	2.70605e-12
801   	4600  	193.001		1.83944841536	0.993	0.913	2.57032e-12		1.81814364714	0.000218	0.908	2.70397e-12
801   	4600  	193.253		1.8397163061	0.993	0.914	2.56873e-12		1.81846677623	0.000217	0.908	2.70189e-12
801   	4600  	193.505		1.83998349733	0.993	0.914	2.56714e-12		1.81878899352	0.000216	0.908	2.69983e-12
801   	4600  	193.756		1.84024999176	0.993	0.914	2.56555e-12		1.81911030282	0.000215	0.909	2.69777e-12
801   	4600  	194.008		1.84051579214	0.993	0.914	2.56397e-12		1.8194307079	0.000214	0.909	2.69572e-12
801   	4600  	194.26		1.84078090116	0.993	0.915	2.5624e-12		1.81975021254	0.000213	0.909	2.69367e-12
801   	4600  	194.511		1.84104532151	0.993	0.915	2.56083e-12		1.82006882047	0.000211	0.91	2.69164e-12
801   	4600  	194.763		1.8413090559	0.993	0.915	2.55927e-12		1.82038653543	0.00021	0.91	2.68961e-12
801   	4600  	195.015		1.84157210698	0.993	0.915	2.55771e-12		1.82070336112	0.000209	0.91	2.68759e-12
801   	4600  	195.266		1.84183447741	0.993	0.916	2.55616e-12		1.82101930123	0.000208	0.91	2.68558e-12
801   	4600  	195.518		1.84209616985	0.993	0.916	2.55461e-12		1.82133435942	0.000207	0.911	2.68358e-12
801   	4600  	195.77		1.84235718691	0.993	0.916	2.55307e-12		1.82164853936	0.000206	0.911	2.68159e-12
801   	4600  	196.021		1.84261753123	0.993	0.916	2.55153e-12		1.82196184467	0.000205	0.911	2.6796e-12
801   	4600  	196.273		1.84287720541	0.993	0.917	2.55e-12		1.82227427896	0.000204	0.911	2.67762e-12
801   	4600  	196.525		1.84313621205	0.993	0.917	2.54848e-12		1.82258584583	0.000203	0.912	2.67565e-12
801   	4600  	196.776		1.84339455373	0.993	0.917	2.54696e-12		1.82289654885	0.000202	0.912	2.67368e-12
801   	4600  	197.028		1.84365223302	0.993	0.917	2.54544e-12		1.8232063916	0.000201	0.912	2.67173e-12
801   	4600  	197.28		1.84390925248	0.993	0.917	2.54393e-12		1.82351537759	0.0002	0.912	2.66978e-12
801   	4600  	197.531		1.84416561466	0.993	0.918	2.54243e-12		1.82382351037	0.000199	0.913	2.66784e-12
801   	4600  	197.783		1.8444213221	0.993	0.918	2.54093e-12		1.82413079343	0.000198	0.913	2.6659e-12
801   	4600  	198.035		1.84467637731	0.993	0.918	2.53944e-12		1.82443723026	0.000197	0.913	2.66398e-12
801   	4600  	198.286		1.84493078281	0.993	0.918	2.53795e-12		1.82474282432	0.000196	0.913	2.66206e-12
801   	4600  	198.538		1.84518454111	0.993	0.919	2.53646e-12		1.82504757908	0.000195	0.914	2.66015e-12
