Effective Refractive Indices:
rel_box_size:     0.001
rel_grid_spacing: 20
rel_tolerance:    0
eigenvectors:     4
boundary cond:    0000
Wavelengths from 1.55 um to 1.55 um in 1 steps
Heights from 0.799 um to 0.801 um in 3 steps
Widths from 2.7 um to 3.6 um in 10 steps
height	width	frequency	Ex_n_eff		Ex_frac	Ex_core	Ex_A_eff		Ey_n_eff		Ey_frac	Ey_core	Ey_A_eff
799   	2700  	186.206		1.8184958367	0.979	0.898	1.63915e-12		1.78045620096	0.872	0.79	2.16534e-12
799   	2700  	186.458		1.81881687357	0.979	0.899	1.63781e-12		1.78087048037	0.872	0.791	2.16172e-12
799   	2700  	186.71		1.8191370123	0.979	0.899	1.63647e-12		1.78128362473	0.873	0.792	2.15812e-12
799   	2700  	186.961		1.81945625654	0.979	0.899	1.63514e-12		1.78169563791	0.873	0.792	2.15454e-12
799   	2700  	187.213		1.81977460994	0.979	0.9	1.63382e-12		1.78210652375	0.873	0.793	2.15098e-12
799   	2700  	187.465		1.82009207612	0.979	0.9	1.6325e-12		1.78251628608	0.873	0.794	2.14744e-12
799   	2700  	187.716		1.82040865869	0.979	0.9	1.63118e-12		1.78292492871	0.873	0.794	2.14391e-12
799   	2700  	187.968		1.82072436125	0.979	0.901	1.62987e-12		1.78333245547	0.873	0.795	2.1404e-12
799   	2700  	188.22		1.82103918736	0.979	0.901	1.62857e-12		1.78373887013	0.874	0.795	2.13691e-12
799   	2700  	188.471		1.82135314059	0.979	0.901	1.62727e-12		1.78414417651	0.874	0.796	2.13344e-12
799   	2700  	188.723		1.82166622446	0.98	0.901	1.62597e-12		1.78454837835	0.874	0.797	2.12999e-12
799   	2700  	188.975		1.82197844251	0.98	0.902	1.62469e-12		1.78495147944	0.874	0.797	2.12655e-12
799   	2700  	189.226		1.82228979823	0.98	0.902	1.6234e-12		1.78535348352	0.874	0.798	2.12313e-12
799   	2700  	189.478		1.82260029511	0.98	0.902	1.62212e-12		1.78575439434	0.874	0.799	2.11973e-12
799   	2700  	189.73		1.82290993661	0.98	0.903	1.62085e-12		1.78615421561	0.875	0.799	2.11635e-12
799   	2700  	189.981		1.82321872621	0.98	0.903	1.61958e-12		1.78655295107	0.875	0.8	2.11298e-12
799   	2700  	190.233		1.82352666731	0.98	0.903	1.61832e-12		1.78695060441	0.875	0.8	2.10964e-12
799   	2700  	190.485		1.82383376336	0.98	0.903	1.61706e-12		1.78734717933	0.875	0.801	2.1063e-12
799   	2700  	190.736		1.82414001774	0.98	0.904	1.6158e-12		1.78774267952	0.875	0.802	2.10299e-12
799   	2700  	190.988		1.82444543384	0.98	0.904	1.61456e-12		1.78813710865	0.875	0.802	2.09969e-12
799   	2700  	191.24		1.82475001504	0.98	0.904	1.61331e-12		1.78853047038	0.876	0.803	2.09641e-12
799   	2700  	191.491		1.82505376468	0.98	0.905	1.61207e-12		1.78892276835	0.876	0.803	2.09314e-12
799   	2700  	191.743		1.8253566861	0.98	0.905	1.61084e-12		1.78931400621	0.876	0.804	2.08989e-12
799   	2700  	191.995		1.82565878262	0.98	0.905	1.60961e-12		1.78970418759	0.876	0.805	2.08666e-12
799   	2700  	192.246		1.82596005755	0.98	0.905	1.60838e-12		1.79009331609	0.876	0.805	2.08345e-12
799   	2700  	192.498		1.82626051417	0.98	0.906	1.60716e-12		1.79048139533	0.876	0.806	2.08024e-12
799   	2700  	192.75		1.82656015576	0.98	0.906	1.60595e-12		1.7908684289	0.877	0.806	2.07706e-12
799   	2700  	193.001		1.82685898556	0.98	0.906	1.60474e-12		1.79125442037	0.877	0.807	2.07389e-12
799   	2700  	193.253		1.82715700683	0.98	0.907	1.60353e-12		1.79163937332	0.877	0.808	2.07074e-12
799   	2700  	193.505		1.82745422278	0.98	0.907	1.60233e-12		1.79202329131	0.877	0.808	2.0676e-12
799   	2700  	193.756		1.82775063663	0.981	0.907	1.60113e-12		1.79240617788	0.877	0.809	2.06448e-12
799   	2700  	194.008		1.82804625156	0.981	0.907	1.59994e-12		1.79278803658	0.877	0.809	2.06137e-12
799   	2700  	194.26		1.82834107077	0.981	0.908	1.59875e-12		1.79316887091	0.878	0.81	2.05828e-12
799   	2700  	194.511		1.8286350974	0.981	0.908	1.59757e-12		1.79354868441	0.878	0.81	2.0552e-12
799   	2700  	194.763		1.82892833461	0.981	0.908	1.59639e-12		1.79392748057	0.878	0.811	2.05214e-12
799   	2700  	195.015		1.82922078553	0.981	0.908	1.59521e-12		1.79430526289	0.878	0.812	2.0491e-12
799   	2700  	195.266		1.82951245328	0.981	0.909	1.59404e-12		1.79468203483	0.878	0.812	2.04607e-12
799   	2700  	195.518		1.82980334096	0.981	0.909	1.59288e-12		1.79505779988	0.878	0.813	2.04305e-12
799   	2700  	195.77		1.83009345166	0.981	0.909	1.59172e-12		1.79543256149	0.879	0.813	2.04005e-12
799   	2700  	196.021		1.83038278846	0.981	0.91	1.59056e-12		1.7958063231	0.879	0.814	2.03706e-12
799   	2700  	196.273		1.8306713544	0.981	0.91	1.58941e-12		1.79617908815	0.879	0.814	2.03409e-12
799   	2700  	196.525		1.83095915253	0.981	0.91	1.58826e-12		1.79655086006	0.879	0.815	2.03113e-12
799   	2700  	196.776		1.83124618589	0.981	0.91	1.58712e-12		1.79692164225	0.879	0.816	2.02818e-12
799   	2700  	197.028		1.83153245749	0.981	0.911	1.58598e-12		1.79729143812	0.879	0.816	2.02525e-12
799   	2700  	197.28		1.83181797032	0.981	0.911	1.58484e-12		1.79766025105	0.88	0.817	2.02234e-12
799   	2700  	197.531		1.83210272738	0.981	0.911	1.58371e-12		1.79802808443	0.88	0.817	2.01944e-12
799   	2700  	197.783		1.83238673163	0.981	0.911	1.58258e-12		1.79839494162	0.88	0.818	2.01655e-12
799   	2700  	198.035		1.83266998604	0.981	0.912	1.58146e-12		1.79876082598	0.88	0.818	2.01367e-12
799   	2700  	198.286		1.83295249354	0.981	0.912	1.58034e-12		1.79912574087	0.88	0.819	2.01081e-12
799   	2700  	198.538		1.83323425708	0.981	0.912	1.57922e-12		1.7994896896	0.88	0.819	2.00796e-12
799   	2800  	186.206		1.81983522403	0.98	0.899	1.68921e-12		1.7815921672	0.872	0.791	2.23365e-12
799   	2800  	186.458		1.82015300046	0.98	0.9	1.68785e-12		1.78200396538	0.872	0.792	2.22994e-12
799   	2800  	186.71		1.82046989011	0.98	0.9	1.6865e-12		1.78241463576	0.873	0.792	2.22624e-12
799   	2800  	186.961		1.82078589661	0.98	0.9	1.68515e-12		1.78282418216	0.873	0.793	2.22256e-12
799   	2800  	187.213		1.82110102354	0.98	0.901	1.68381e-12		1.78323260841	0.873	0.794	2.21891e-12
799   	2800  	187.465		1.82141527448	0.981	0.901	1.68247e-12		1.78363991832	0.873	0.794	2.21527e-12
799   	2800  	187.716		1.821728653 	0.981	0.901	1.68114e-12		1.78404611569	0.873	0.795	2.21165e-12
799   	2800  	187.968		1.82204116264	0.981	0.901	1.67981e-12		1.78445120431	0.873	0.795	2.20805e-12
799   	2800  	188.22		1.82235280692	0.981	0.902	1.67849e-12		1.78485518795	0.874	0.796	2.20447e-12
799   	2800  	188.471		1.82266358935	0.981	0.902	1.67717e-12		1.78525807039	0.874	0.797	2.2009e-12
799   	2800  	188.723		1.82297351343	0.981	0.902	1.67586e-12		1.78565985538	0.874	0.797	2.19736e-12
799   	2800  	188.975		1.82328258262	0.981	0.903	1.67455e-12		1.78606054666	0.874	0.798	2.19383e-12
799   	2800  	189.226		1.82359080038	0.981	0.903	1.67325e-12		1.78646014796	0.874	0.799	2.19032e-12
799   	2800  	189.478		1.82389817016	0.981	0.903	1.67196e-12		1.78685866301	0.874	0.799	2.18683e-12
799   	2800  	189.73		1.82420469538	0.981	0.904	1.67067e-12		1.78725609551	0.875	0.8	2.18336e-12
799   	2800  	189.981		1.82451037943	0.981	0.904	1.66938e-12		1.78765244917	0.875	0.8	2.1799e-12
799   	2800  	190.233		1.82481522572	0.981	0.904	1.6681e-12		1.78804772766	0.875	0.801	2.17647e-12
799   	2800  	190.485		1.82511923761	0.981	0.904	1.66682e-12		1.78844193466	0.875	0.802	2.17305e-12
799   	2800  	190.736		1.82542241847	0.981	0.905	1.66555e-12		1.78883507385	0.875	0.802	2.16964e-12
799   	2800  	190.988		1.82572477162	0.981	0.905	1.66429e-12		1.78922714886	0.875	0.803	2.16626e-12
799   	2800  	191.24		1.8260263004	0.981	0.905	1.66303e-12		1.78961816334	0.876	0.803	2.16289e-12
799   	2800  	191.491		1.82632700812	0.981	0.905	1.66177e-12		1.79000812093	0.876	0.804	2.15954e-12
799   	2800  	191.743		1.82662689806	0.981	0.906	1.66052e-12		1.79039702523	0.876	0.805	2.1562e-12
799   	2800  	191.995		1.8269259735	0.981	0.906	1.65927e-12		1.79078487986	0.876	0.805	2.15288e-12
799   	2800  	192.246		1.8272242377	0.981	0.906	1.65803e-12		1.7911716884	0.876	0.806	2.14958e-12
799   	2800  	192.498		1.82752169391	0.982	0.907	1.65679e-12		1.79155745446	0.876	0.806	2.14629e-12
799   	2800  	192.75		1.82781834534	0.982	0.907	1.65556e-12		1.79194218159	0.877	0.807	2.14302e-12
799   	2800  	193.001		1.82811419523	0.982	0.907	1.65433e-12		1.79232587336	0.877	0.808	2.13977e-12
799   	2800  	193.253		1.82840924675	0.982	0.907	1.65311e-12		1.79270853332	0.877	0.808	2.13653e-12
799   	2800  	193.505		1.8287035031	0.982	0.908	1.65189e-12		1.79309016501	0.877	0.809	2.13331e-12
799   	2800  	193.756		1.82899696744	0.982	0.908	1.65068e-12		1.79347077196	0.877	0.809	2.13011e-12
799   	2800  	194.008		1.82928964292	0.982	0.908	1.64947e-12		1.79385035767	0.877	0.81	2.12692e-12
799   	2800  	194.26		1.82958153267	0.982	0.909	1.64827e-12		1.79422892567	0.878	0.81	2.12374e-12
799   	2800  	194.511		1.82987263983	0.982	0.909	1.64707e-12		1.79460647944	0.878	0.811	2.12059e-12
799   	2800  	194.763		1.83016296748	0.982	0.909	1.64587e-12		1.79498302246	0.878	0.812	2.11744e-12
799   	2800  	195.015		1.83045251873	0.982	0.909	1.64468e-12		1.7953585582	0.878	0.812	2.11431e-12
799   	2800  	195.266		1.83074129665	0.982	0.91	1.64349e-12		1.79573309013	0.878	0.813	2.1112e-12
799   	2800  	195.518		1.8310293043	0.982	0.91	1.64231e-12		1.7961066217	0.878	0.813	2.1081e-12
799   	2800  	195.77		1.83131654473	0.982	0.91	1.64113e-12		1.79647915633	0.879	0.814	2.10502e-12
799   	2800  	196.021		1.83160302096	0.982	0.91	1.63996e-12		1.79685069746	0.879	0.814	2.10195e-12
799   	2800  	196.273		1.83188873602	0.982	0.911	1.63879e-12		1.7972212485	0.879	0.815	2.0989e-12
799   	2800  	196.525		1.83217369291	0.982	0.911	1.63763e-12		1.79759081286	0.879	0.816	2.09586e-12
799   	2800  	196.776		1.83245789462	0.982	0.911	1.63647e-12		1.79795939393	0.879	0.816	2.09284e-12
799   	2800  	197.028		1.83274134412	0.982	0.911	1.63531e-12		1.79832699509	0.879	0.817	2.08983e-12
799   	2800  	197.28		1.83302404437	0.982	0.912	1.63416e-12		1.7986936197	0.88	0.817	2.08684e-12
799   	2800  	197.531		1.83330599832	0.982	0.912	1.63301e-12		1.79905927114	0.88	0.818	2.08386e-12
799   	2800  	197.783		1.83358720889	0.982	0.912	1.63187e-12		1.79942395274	0.88	0.818	2.08089e-12
799   	2800  	198.035		1.83386767902	0.982	0.912	1.63073e-12		1.79978766785	0.88	0.819	2.07794e-12
799   	2800  	198.286		1.8341474116	0.983	0.913	1.62959e-12		1.80015041979	0.88	0.819	2.075e-12
799   	2800  	198.538		1.83442640951	0.983	0.913	1.62846e-12		1.80051221188	0.88	0.82	2.07208e-12
799   	2900  	186.206		1.82104862763	0.981	0.9	1.73948e-12		1.78262739988	0.872	0.791	2.30196e-12
799   	2900  	186.458		1.82136343303	0.982	0.901	1.7381e-12		1.78303691435	0.872	0.792	2.29815e-12
799   	2900  	186.71		1.82167736212	0.982	0.901	1.73673e-12		1.7834453078	0.873	0.793	2.29436e-12
799   	2900  	186.961		1.82199041846	0.982	0.901	1.73536e-12		1.78385258402	0.873	0.793	2.29059e-12
799   	2900  	187.213		1.82230260561	0.982	0.901	1.734e-12		1.78425874683	0.873	0.794	2.28684e-12
799   	2900  	187.465		1.82261392709	0.982	0.902	1.73265e-12		1.78466380001	0.873	0.795	2.28311e-12
799   	2900  	187.716		1.82292438643	0.982	0.902	1.7313e-12		1.78506774736	0.873	0.795	2.2794e-12
799   	2900  	187.968		1.82323398712	0.982	0.902	1.72995e-12		1.78547059263	0.873	0.796	2.2757e-12
799   	2900  	188.22		1.82354273265	0.982	0.903	1.72861e-12		1.78587233958	0.874	0.797	2.27203e-12
799   	2900  	188.471		1.82385062647	0.982	0.903	1.72728e-12		1.78627299197	0.874	0.797	2.26837e-12
799   	2900  	188.723		1.82415767204	0.982	0.903	1.72595e-12		1.78667255352	0.874	0.798	2.26474e-12
799   	2900  	188.975		1.82446387278	0.982	0.903	1.72462e-12		1.78707102796	0.874	0.798	2.26112e-12
799   	2900  	189.226		1.82476923211	0.982	0.904	1.7233e-12		1.78746841901	0.874	0.799	2.25752e-12
799   	2900  	189.478		1.82507375342	0.982	0.904	1.72199e-12		1.78786473036	0.874	0.8	2.25394e-12
799   	2900  	189.73		1.8253774401	0.982	0.904	1.72068e-12		1.78825996571	0.875	0.8	2.25037e-12
799   	2900  	189.981		1.8256802955	0.982	0.905	1.71938e-12		1.78865412873	0.875	0.801	2.24683e-12
799   	2900  	190.233		1.82598232298	0.982	0.905	1.71808e-12		1.78904722308	0.875	0.801	2.2433e-12
799   	2900  	190.485		1.82628352587	0.982	0.905	1.71678e-12		1.78943925244	0.875	0.802	2.23979e-12
799   	2900  	190.736		1.82658390747	0.982	0.905	1.7155e-12		1.78983022043	0.875	0.803	2.2363e-12
799   	2900  	190.988		1.8268834711	0.982	0.906	1.71421e-12		1.79022013069	0.875	0.803	2.23283e-12
799   	2900  	191.24		1.82718222002	0.982	0.906	1.71293e-12		1.79060898685	0.876	0.804	2.22937e-12
799   	2900  	191.491		1.8274801575	0.982	0.906	1.71166e-12		1.79099679251	0.876	0.804	2.22593e-12
799   	2900  	191.743		1.8277772868	0.983	0.907	1.71039e-12		1.79138355127	0.876	0.805	2.22251e-12
799   	2900  	191.995		1.82807361116	0.983	0.907	1.70913e-12		1.79176926673	0.876	0.806	2.2191e-12
799   	2900  	192.246		1.82836913378	0.983	0.907	1.70787e-12		1.79215394244	0.876	0.806	2.21572e-12
799   	2900  	192.498		1.82866385787	0.983	0.907	1.70661e-12		1.79253758199	0.876	0.807	2.21235e-12
799   	2900  	192.75		1.82895778662	0.983	0.908	1.70536e-12		1.79292018892	0.877	0.807	2.20899e-12
799   	2900  	193.001		1.8292509232	0.983	0.908	1.70412e-12		1.79330176678	0.877	0.808	2.20565e-12
799   	2900  	193.253		1.82954327077	0.983	0.908	1.70288e-12		1.7936823191	0.877	0.809	2.20233e-12
799   	2900  	193.505		1.82983483246	0.983	0.908	1.70164e-12		1.79406184939	0.877	0.809	2.19903e-12
799   	2900  	193.756		1.83012561142	0.983	0.909	1.70041e-12		1.79444036116	0.877	0.81	2.19574e-12
799   	2900  	194.008		1.83041561074	0.983	0.909	1.69918e-12		1.79481785792	0.877	0.81	2.19246e-12
799   	2900  	194.26		1.83070483352	0.983	0.909	1.69796e-12		1.79519434314	0.878	0.811	2.18921e-12
799   	2900  	194.511		1.83099328284	0.983	0.909	1.69675e-12		1.79556982031	0.878	0.811	2.18597e-12
799   	2900  	194.763		1.83128096178	0.983	0.91	1.69553e-12		1.79594429287	0.878	0.812	2.18274e-12
799   	2900  	195.015		1.83156787337	0.983	0.91	1.69432e-12		1.7963177643	0.878	0.813	2.17953e-12
799   	2900  	195.266		1.83185402067	0.983	0.91	1.69312e-12		1.79669023802	0.878	0.813	2.17634e-12
799   	2900  	195.518		1.83213940668	0.983	0.911	1.69192e-12		1.79706171746	0.878	0.814	2.17316e-12
799   	2900  	195.77		1.83242403443	0.983	0.911	1.69073e-12		1.79743220605	0.879	0.814	2.17e-12
799   	2900  	196.021		1.8327079069	0.983	0.911	1.68954e-12		1.79780170719	0.879	0.815	2.16685e-12
799   	2900  	196.273		1.83299102707	0.983	0.911	1.68835e-12		1.79817022428	0.879	0.815	2.16372e-12
799   	2900  	196.525		1.8332733979	0.983	0.912	1.68717e-12		1.7985377607	0.879	0.816	2.1606e-12
799   	2900  	196.776		1.83355502235	0.983	0.912	1.68599e-12		1.79890431982	0.879	0.817	2.1575e-12
799   	2900  	197.028		1.83383590336	0.983	0.912	1.68482e-12		1.79926990501	0.879	0.817	2.15441e-12
799   	2900  	197.28		1.83411604384	0.983	0.912	1.68365e-12		1.79963451963	0.88	0.818	2.15134e-12
799   	2900  	197.531		1.83439544671	0.983	0.913	1.68249e-12		1.79999816699	0.88	0.818	2.14828e-12
799   	2900  	197.783		1.83467411486	0.984	0.913	1.68133e-12		1.80036085045	0.88	0.819	2.14524e-12
799   	2900  	198.035		1.83495205117	0.984	0.913	1.68017e-12		1.80072257332	0.88	0.819	2.14221e-12
799   	2900  	198.286		1.83522925851	0.984	0.913	1.67902e-12		1.80108333889	0.88	0.82	2.13919e-12
799   	2900  	198.538		1.83550573973	0.984	0.914	1.67787e-12		1.80144315048	0.88	0.82	2.13619e-12
799   	3000  	186.206		1.82215134943	0.983	0.901	1.78993e-12		1.78357347091	0.872	0.792	2.37028e-12
799   	3000  	186.458		1.82246344033	0.983	0.901	1.78854e-12		1.78398087917	0.872	0.793	2.36638e-12
799   	3000  	186.71		1.82277466456	0.983	0.902	1.78715e-12		1.78438717276	0.873	0.793	2.36249e-12
799   	3000  	186.961		1.82308502562	0.983	0.902	1.78576e-12		1.78479235545	0.873	0.794	2.35863e-12
799   	3000  	187.213		1.82339452705	0.983	0.902	1.78438e-12		1.78519643104	0.873	0.794	2.35478e-12
799   	3000  	187.465		1.82370317231	0.983	0.902	1.783e-12		1.7855994033	0.873	0.795	2.35095e-12
799   	3000  	187.716		1.8240109649	0.983	0.903	1.78163e-12		1.786001276 	0.873	0.796	2.34715e-12
799   	3000  	187.968		1.82431790827	0.983	0.903	1.78027e-12		1.78640205287	0.873	0.796	2.34336e-12
799   	3000  	188.22		1.82462400585	0.983	0.903	1.77891e-12		1.78680173767	0.874	0.797	2.33959e-12
799   	3000  	188.471		1.82492926107	0.983	0.904	1.77756e-12		1.78720033412	0.874	0.798	2.33585e-12
799   	3000  	188.723		1.82523367733	0.983	0.904	1.77621e-12		1.78759784593	0.874	0.798	2.33212e-12
799   	3000  	188.975		1.82553725803	0.983	0.904	1.77487e-12		1.78799427681	0.874	0.799	2.32841e-12
799   	3000  	189.226		1.82584000654	0.983	0.904	1.77353e-12		1.78838963045	0.874	0.799	2.32472e-12
799   	3000  	189.478		1.8261419262	0.983	0.905	1.7722e-12		1.78878391054	0.874	0.8	2.32104e-12
799   	3000  	189.73		1.82644302038	0.983	0.905	1.77087e-12		1.78917712074	0.875	0.801	2.31739e-12
799   	3000  	189.981		1.82674329238	0.983	0.905	1.76955e-12		1.78956926472	0.875	0.801	2.31376e-12
799   	3000  	190.233		1.82704274551	0.983	0.906	1.76823e-12		1.78996034612	0.875	0.802	2.31014e-12
799   	3000  	190.485		1.82734138306	0.983	0.906	1.76692e-12		1.79035036858	0.875	0.803	2.30654e-12
799   	3000  	190.736		1.82763920832	0.983	0.906	1.76561e-12		1.79073933572	0.875	0.803	2.30296e-12
799   	3000  	190.988		1.82793622453	0.983	0.906	1.76431e-12		1.79112725116	0.875	0.804	2.2994e-12
799   	3000  	191.24		1.82823243494	0.983	0.907	1.76301e-12		1.7915141185	0.876	0.804	2.29585e-12
799   	3000  	191.491		1.82852784278	0.983	0.907	1.76172e-12		1.79189994134	0.876	0.805	2.29233e-12
799   	3000  	191.743		1.82882245126	0.984	0.907	1.76043e-12		1.79228472324	0.876	0.805	2.28882e-12
799   	3000  	191.995		1.82911626358	0.984	0.907	1.75915e-12		1.79266846779	0.876	0.806	2.28533e-12
799   	3000  	192.246		1.82940928291	0.984	0.908	1.75787e-12		1.79305117853	0.876	0.807	2.28185e-12
799   	3000  	192.498		1.82970151242	0.984	0.908	1.7566e-12		1.79343285901	0.876	0.807	2.2784e-12
799   	3000  	192.75		1.82999295526	0.984	0.908	1.75533e-12		1.79381351278	0.877	0.808	2.27496e-12
799   	3000  	193.001		1.83028361456	0.984	0.909	1.75407e-12		1.79419314334	0.877	0.808	2.27153e-12
799   	3000  	193.253		1.83057349345	0.984	0.909	1.75281e-12		1.79457175421	0.877	0.809	2.26813e-12
799   	3000  	193.505		1.83086259502	0.984	0.909	1.75156e-12		1.7949493489	0.877	0.81	2.26474e-12
799   	3000  	193.756		1.83115092237	0.984	0.909	1.75031e-12		1.79532593089	0.877	0.81	2.26137e-12
799   	3000  	194.008		1.83143847857	0.984	0.91	1.74906e-12		1.79570150366	0.877	0.811	2.25801e-12
799   	3000  	194.26		1.83172526667	0.984	0.91	1.74782e-12		1.79607607068	0.878	0.811	2.25467e-12
799   	3000  	194.511		1.83201128974	0.984	0.91	1.74659e-12		1.7964496354	0.878	0.812	2.25135e-12
799   	3000  	194.763		1.83229655078	0.984	0.91	1.74536e-12		1.79682220126	0.878	0.812	2.24804e-12
799   	3000  	195.015		1.83258105283	0.984	0.911	1.74413e-12		1.79719377171	0.878	0.813	2.24475e-12
799   	3000  	195.266		1.83286479887	0.984	0.911	1.74291e-12		1.79756435016	0.878	0.814	2.24147e-12
799   	3000  	195.518		1.8331477919	0.984	0.911	1.74169e-12		1.79793394002	0.878	0.814	2.23821e-12
799   	3000  	195.77		1.83343003489	0.984	0.911	1.74048e-12		1.7983025447	0.879	0.815	2.23497e-12
799   	3000  	196.021		1.83371153079	0.984	0.912	1.73927e-12		1.79867016758	0.879	0.815	2.23174e-12
799   	3000  	196.273		1.83399228256	0.984	0.912	1.73807e-12		1.79903681203	0.879	0.816	2.22853e-12
799   	3000  	196.525		1.83427229311	0.984	0.912	1.73687e-12		1.79940248143	0.879	0.816	2.22533e-12
799   	3000  	196.776		1.83455156537	0.984	0.912	1.73567e-12		1.79976717913	0.879	0.817	2.22215e-12
799   	3000  	197.028		1.83483010224	0.984	0.913	1.73448e-12		1.80013090848	0.879	0.817	2.21898e-12
799   	3000  	197.28		1.8351079066	0.984	0.913	1.7333e-12		1.8004936728	0.88	0.818	2.21583e-12
799   	3000  	197.531		1.83538498133	0.984	0.913	1.73212e-12		1.80085547542	0.88	0.819	2.2127e-12
799   	3000  	197.783		1.83566132929	0.985	0.913	1.73094e-12		1.80121631965	0.88	0.819	2.20958e-12
799   	3000  	198.035		1.83593695332	0.985	0.914	1.72977e-12		1.80157620879	0.88	0.82	2.20647e-12
799   	3000  	198.286		1.83621185627	0.985	0.914	1.7286e-12		1.80193514613	0.88	0.82	2.20338e-12
799   	3000  	198.538		1.83648604094	0.985	0.914	1.72743e-12		1.80229313494	0.88	0.821	2.2003e-12
799   	3100  	186.206		1.82315644203	0.984	0.902	1.84055e-12		1.78444033907	0.872	0.792	2.4386e-12
799   	3100  	186.458		1.82346604654	0.984	0.902	1.83914e-12		1.784845801 	0.872	0.793	2.4346e-12
799   	3100  	186.71		1.82377479325	0.984	0.902	1.83772e-12		1.78525015421	0.873	0.794	2.43062e-12
799   	3100  	186.961		1.82408268566	0.984	0.902	1.83632e-12		1.78565340247	0.873	0.794	2.42666e-12
799   	3100  	187.213		1.82438972723	0.984	0.903	1.83492e-12		1.78605554954	0.873	0.795	2.42272e-12
799   	3100  	187.465		1.82469592142	0.984	0.903	1.83352e-12		1.78645659919	0.873	0.796	2.4188e-12
799   	3100  	187.716		1.82500127167	0.984	0.903	1.83213e-12		1.78685655515	0.873	0.796	2.4149e-12
799   	3100  	187.968		1.82530578139	0.984	0.904	1.83075e-12		1.78725542116	0.873	0.797	2.41102e-12
799   	3100  	188.22		1.82560945397	0.984	0.904	1.82937e-12		1.78765320093	0.874	0.797	2.40716e-12
799   	3100  	188.471		1.82591229282	0.984	0.904	1.828e-12		1.78804989817	0.874	0.798	2.40332e-12
799   	3100  	188.723		1.82621430128	0.984	0.904	1.82663e-12		1.78844551659	0.874	0.799	2.39949e-12
799   	3100  	188.975		1.82651548273	0.984	0.905	1.82527e-12		1.78884005986	0.874	0.799	2.39569e-12
799   	3100  	189.226		1.82681584048	0.984	0.905	1.82391e-12		1.78923353167	0.874	0.8	2.39191e-12
799   	3100  	189.478		1.82711537786	0.984	0.905	1.82256e-12		1.78962593568	0.874	0.8	2.38815e-12
799   	3100  	189.73		1.82741409817	0.984	0.906	1.82121e-12		1.79001727553	0.875	0.801	2.38441e-12
799   	3100  	189.981		1.8277120047	0.984	0.906	1.81987e-12		1.79040755488	0.875	0.802	2.38068e-12
799   	3100  	190.233		1.82800910071	0.984	0.906	1.81853e-12		1.79079677734	0.875	0.802	2.37697e-12
799   	3100  	190.485		1.82830538946	0.984	0.906	1.8172e-12		1.79118494654	0.875	0.803	2.37329e-12
799   	3100  	190.736		1.8286008742	0.984	0.907	1.81588e-12		1.79157206608	0.875	0.803	2.36962e-12
799   	3100  	190.988		1.82889555813	0.984	0.907	1.81456e-12		1.79195813956	0.875	0.804	2.36597e-12
799   	3100  	191.24		1.82918944446	0.984	0.907	1.81324e-12		1.79234317056	0.876	0.805	2.36234e-12
799   	3100  	191.491		1.8294825364	0.984	0.907	1.81193e-12		1.79272716266	0.876	0.805	2.35872e-12
799   	3100  	191.743		1.82977483711	0.984	0.908	1.81062e-12		1.79311011942	0.876	0.806	2.35513e-12
799   	3100  	191.995		1.83006634975	0.985	0.908	1.80932e-12		1.79349204438	0.876	0.806	2.35155e-12
799   	3100  	192.246		1.83035707746	0.985	0.908	1.80802e-12		1.79387294109	0.876	0.807	2.34799e-12
799   	3100  	192.498		1.83064702339	0.985	0.909	1.80673e-12		1.79425281307	0.876	0.808	2.34444e-12
799   	3100  	192.75		1.83093619063	0.985	0.909	1.80545e-12		1.79463166384	0.877	0.808	2.34092e-12
799   	3100  	193.001		1.8312245823	0.985	0.909	1.80416e-12		1.79500949691	0.877	0.809	2.33741e-12
799   	3100  	193.253		1.83151220147	0.985	0.909	1.80289e-12		1.79538631576	0.877	0.809	2.33392e-12
799   	3100  	193.505		1.83179905121	0.985	0.91	1.80161e-12		1.79576212389	0.877	0.81	2.33045e-12
799   	3100  	193.756		1.83208513458	0.985	0.91	1.80035e-12		1.79613692475	0.877	0.811	2.32699e-12
799   	3100  	194.008		1.83237045461	0.985	0.91	1.79908e-12		1.79651072182	0.877	0.811	2.32355e-12
799   	3100  	194.26		1.83265501434	0.985	0.91	1.79783e-12		1.79688351854	0.878	0.812	2.32013e-12
799   	3100  	194.511		1.83293881676	0.985	0.911	1.79657e-12		1.79725531835	0.878	0.812	2.31672e-12
799   	3100  	194.763		1.83322186489	0.985	0.911	1.79532e-12		1.79762612468	0.878	0.813	2.31333e-12
799   	3100  	195.015		1.8335041617	0.985	0.911	1.79408e-12		1.79799594093	0.878	0.813	2.30996e-12
799   	3100  	195.266		1.83378571015	0.985	0.911	1.79284e-12		1.79836477052	0.878	0.814	2.3066e-12
799   	3100  	195.518		1.8340665132	0.985	0.912	1.7916e-12		1.79873261684	0.878	0.814	2.30326e-12
799   	3100  	195.77		1.83434657379	0.985	0.912	1.79037e-12		1.79909948326	0.879	0.815	2.29994e-12
799   	3100  	196.021		1.83462589485	0.985	0.912	1.78915e-12		1.79946537317	0.879	0.816	2.29663e-12
799   	3100  	196.273		1.83490447927	0.985	0.912	1.78793e-12		1.79983028991	0.879	0.816	2.29334e-12
799   	3100  	196.525		1.83518232997	0.985	0.913	1.78671e-12		1.80019423684	0.879	0.817	2.29006e-12
799   	3100  	196.776		1.83545944982	0.985	0.913	1.7855e-12		1.8005572173	0.879	0.817	2.2868e-12
799   	3100  	197.028		1.83573584169	0.985	0.913	1.78429e-12		1.80091923461	0.879	0.818	2.28355e-12
799   	3100  	197.28		1.83601150845	0.985	0.913	1.78308e-12		1.80128029208	0.88	0.818	2.28032e-12
799   	3100  	197.531		1.83628645292	0.985	0.914	1.78188e-12		1.80164039303	0.88	0.819	2.27711e-12
799   	3100  	197.783		1.83656067794	0.985	0.914	1.78069e-12		1.80199954074	0.88	0.819	2.27391e-12
799   	3100  	198.035		1.83683418632	0.985	0.914	1.7795e-12		1.8023577385	0.88	0.82	2.27073e-12
799   	3100  	198.286		1.83710698087	0.985	0.914	1.77831e-12		1.80271498957	0.88	0.82	2.26756e-12
799   	3100  	198.538		1.83737906437	0.986	0.915	1.77713e-12		1.80307129723	0.88	0.821	2.2644e-12
799   	3200  	186.206		1.82407509286	0.984	0.902	1.89132e-12		1.78523661195	0.872	0.793	2.50692e-12
799   	3200  	186.458		1.82438241442	0.985	0.902	1.88988e-12		1.7856402719	0.872	0.793	2.50282e-12
799   	3200  	186.71		1.82468888641	0.985	0.903	1.88845e-12		1.78604282872	0.872	0.794	2.49874e-12
799   	3200  	186.961		1.82499451228	0.985	0.903	1.88702e-12		1.78644428616	0.873	0.795	2.49469e-12
799   	3200  	187.213		1.82529929545	0.985	0.903	1.8856e-12		1.78684464796	0.873	0.795	2.49065e-12
799   	3200  	187.465		1.82560323936	0.985	0.904	1.88419e-12		1.78724391788	0.873	0.796	2.48664e-12
799   	3200  	187.716		1.82590634738	0.985	0.904	1.88278e-12		1.78764209963	0.873	0.797	2.48264e-12
799   	3200  	187.968		1.82620862291	0.985	0.904	1.88137e-12		1.78803919692	0.873	0.797	2.47867e-12
799   	3200  	188.22		1.82651006931	0.985	0.904	1.87997e-12		1.78843521346	0.874	0.798	2.47472e-12
799   	3200  	188.471		1.82681068993	0.985	0.905	1.87858e-12		1.78883015294	0.874	0.798	2.47078e-12
799   	3200  	188.723		1.8271104881	0.985	0.905	1.87719e-12		1.78922401903	0.874	0.799	2.46687e-12
799   	3200  	188.975		1.82740946714	0.985	0.905	1.87581e-12		1.78961681541	0.874	0.8	2.46298e-12
799   	3200  	189.226		1.82770763034	0.985	0.906	1.87443e-12		1.79000854574	0.874	0.8	2.4591e-12
799   	3200  	189.478		1.828004981 	0.985	0.906	1.87306e-12		1.79039921365	0.874	0.801	2.45525e-12
799   	3200  	189.73		1.82830152237	0.985	0.906	1.8717e-12		1.79078882278	0.875	0.801	2.45142e-12
799   	3200  	189.981		1.8285972577	0.985	0.906	1.87033e-12		1.79117737676	0.875	0.802	2.4476e-12
799   	3200  	190.233		1.82889219024	0.985	0.907	1.86898e-12		1.79156487919	0.875	0.803	2.44381e-12
799   	3200  	190.485		1.8291863232	0.985	0.907	1.86763e-12		1.79195133368	0.875	0.803	2.44003e-12
799   	3200  	190.736		1.82947965978	0.985	0.907	1.86628e-12		1.79233674382	0.875	0.804	2.43627e-12
799   	3200  	190.988		1.82977220318	0.985	0.907	1.86494e-12		1.79272111318	0.875	0.804	2.43253e-12
799   	3200  	191.24		1.83006395656	0.985	0.908	1.8636e-12		1.79310444532	0.876	0.805	2.42881e-12
799   	3200  	191.491		1.83035492309	0.985	0.908	1.86227e-12		1.79348674382	0.876	0.806	2.42511e-12
799   	3200  	191.743		1.8306451059	0.985	0.908	1.86095e-12		1.7938680122	0.876	0.806	2.42143e-12
799   	3200  	191.995		1.83093450812	0.985	0.909	1.85963e-12		1.794248254 	0.876	0.807	2.41776e-12
799   	3200  	192.246		1.83122313286	0.985	0.909	1.85831e-12		1.79462747274	0.876	0.807	2.41412e-12
799   	3200  	192.498		1.83151098322	0.985	0.909	1.857e-12		1.79500567194	0.876	0.808	2.41049e-12
799   	3200  	192.75		1.83179806228	0.986	0.909	1.85569e-12		1.79538285508	0.877	0.809	2.40688e-12
799   	3200  	193.001		1.83208437311	0.986	0.91	1.85439e-12		1.79575902566	0.877	0.809	2.40328e-12
799   	3200  	193.253		1.83236991875	0.986	0.91	1.8531e-12		1.79613418716	0.877	0.81	2.39971e-12
799   	3200  	193.505		1.83265470225	0.986	0.91	1.85181e-12		1.79650834303	0.877	0.81	2.39615e-12
799   	3200  	193.756		1.83293872662	0.986	0.91	1.85052e-12		1.79688149674	0.877	0.811	2.39261e-12
799   	3200  	194.008		1.83322199487	0.986	0.911	1.84924e-12		1.79725365173	0.877	0.811	2.38909e-12
799   	3200  	194.26		1.83350451  	0.986	0.911	1.84796e-12		1.79762481142	0.878	0.812	2.38558e-12
799   	3200  	194.511		1.83378627498	0.986	0.911	1.84669e-12		1.79799497924	0.878	0.813	2.38209e-12
799   	3200  	194.763		1.83406729278	0.986	0.911	1.84542e-12		1.79836415859	0.878	0.813	2.37862e-12
799   	3200  	195.015		1.83434756635	0.986	0.912	1.84416e-12		1.79873235288	0.878	0.814	2.37517e-12
799   	3200  	195.266		1.83462709863	0.986	0.912	1.8429e-12		1.79909956549	0.878	0.814	2.37173e-12
799   	3200  	195.518		1.83490589253	0.986	0.912	1.84164e-12		1.7994657998	0.878	0.815	2.36831e-12
799   	3200  	195.77		1.83518395096	0.986	0.912	1.8404e-12		1.79983105917	0.879	0.815	2.3649e-12
799   	3200  	196.021		1.83546127683	0.986	0.913	1.83915e-12		1.80019534695	0.879	0.816	2.36151e-12
799   	3200  	196.273		1.83573787299	0.986	0.913	1.83791e-12		1.8005586665	0.879	0.816	2.35814e-12
799   	3200  	196.525		1.83601374234	0.986	0.913	1.83667e-12		1.80092102113	0.879	0.817	2.35478e-12
799   	3200  	196.776		1.83628888771	0.986	0.913	1.83544e-12		1.80128241417	0.879	0.818	2.35144e-12
799   	3200  	197.028		1.83656331194	0.986	0.914	1.83422e-12		1.80164284893	0.879	0.818	2.34812e-12
799   	3200  	197.28		1.83683701786	0.986	0.914	1.83299e-12		1.80200232871	0.88	0.819	2.34481e-12
799   	3200  	197.531		1.83711000829	0.986	0.914	1.83178e-12		1.8023608568	0.88	0.819	2.34152e-12
799   	3200  	197.783		1.83738228602	0.986	0.914	1.83056e-12		1.80271843647	0.88	0.82	2.33824e-12
799   	3200  	198.035		1.83765385383	0.986	0.915	1.82935e-12		1.80307507098	0.88	0.82	2.33498e-12
799   	3200  	198.286		1.83792471451	0.986	0.915	1.82815e-12		1.8034307636	0.88	0.821	2.33173e-12
799   	3200  	198.538		1.8381948708	0.986	0.915	1.82695e-12		1.80378551756	0.88	0.821	2.3285e-12
799   	3300  	186.206		1.82491693427	0.985	0.903	1.94222e-12		1.78596975973	0.872	0.793	2.57523e-12
799   	3300  	186.458		1.8252221549	0.985	0.903	1.94076e-12		1.78637174831	0.872	0.794	2.57104e-12
799   	3300  	186.71		1.82552653357	0.985	0.903	1.93931e-12		1.78677263901	0.872	0.794	2.56687e-12
799   	3300  	186.961		1.82583007369	0.985	0.903	1.93786e-12		1.78717243556	0.873	0.795	2.56271e-12
799   	3300  	187.213		1.82613277867	0.985	0.904	1.93642e-12		1.7875711417	0.873	0.796	2.55858e-12
799   	3300  	187.465		1.82643465187	0.986	0.904	1.93498e-12		1.78796876115	0.873	0.796	2.55447e-12
799   	3300  	187.716		1.82673569667	0.986	0.904	1.93355e-12		1.7883652976	0.873	0.797	2.55038e-12
799   	3300  	187.968		1.82703591642	0.986	0.905	1.93213e-12		1.78876075477	0.873	0.797	2.54632e-12
799   	3300  	188.22		1.82733531444	0.986	0.905	1.93071e-12		1.78915513632	0.873	0.798	2.54227e-12
799   	3300  	188.471		1.82763389405	0.986	0.905	1.92929e-12		1.78954844594	0.874	0.799	2.53825e-12
799   	3300  	188.723		1.82793165855	0.986	0.905	1.92788e-12		1.78994068729	0.874	0.799	2.53424e-12
799   	3300  	188.975		1.82822861122	0.986	0.906	1.92648e-12		1.79033186401	0.874	0.8	2.53025e-12
799   	3300  	189.226		1.82852475533	0.986	0.906	1.92508e-12		1.79072197976	0.874	0.801	2.52629e-12
799   	3300  	189.478		1.82882009413	0.986	0.906	1.92369e-12		1.79111103815	0.874	0.801	2.52235e-12
799   	3300  	189.73		1.82911463085	0.986	0.907	1.9223e-12		1.7914990428	0.875	0.802	2.51842e-12
799   	3300  	189.981		1.82940836871	0.986	0.907	1.92092e-12		1.79188599732	0.875	0.802	2.51452e-12
799   	3300  	190.233		1.82970131091	0.986	0.907	1.91955e-12		1.7922719053	0.875	0.803	2.51063e-12
799   	3300  	190.485		1.82999346064	0.986	0.907	1.91817e-12		1.79265677033	0.875	0.804	2.50676e-12
799   	3300  	190.736		1.83028482107	0.986	0.908	1.91681e-12		1.79304059597	0.875	0.804	2.50292e-12
799   	3300  	190.988		1.83057539536	0.986	0.908	1.91545e-12		1.79342338579	0.875	0.805	2.49909e-12
799   	3300  	191.24		1.83086518665	0.986	0.908	1.91409e-12		1.79380514334	0.876	0.805	2.49528e-12
799   	3300  	191.491		1.83115419806	0.986	0.908	1.91274e-12		1.79418587216	0.876	0.806	2.49149e-12
799   	3300  	191.743		1.83144243271	0.986	0.909	1.9114e-12		1.79456557576	0.876	0.807	2.48772e-12
799   	3300  	191.995		1.83172989369	0.986	0.909	1.91005e-12		1.79494425768	0.876	0.807	2.48397e-12
799   	3300  	192.246		1.83201658407	0.986	0.909	1.90872e-12		1.7953219214	0.876	0.808	2.48024e-12
799   	3300  	192.498		1.83230250693	0.986	0.91	1.90739e-12		1.79569857043	0.876	0.808	2.47652e-12
799   	3300  	192.75		1.83258766531	0.986	0.91	1.90606e-12		1.79607420824	0.877	0.809	2.47283e-12
799   	3300  	193.001		1.83287206226	0.986	0.91	1.90474e-12		1.79644883831	0.877	0.809	2.46915e-12
799   	3300  	193.253		1.83315570078	0.986	0.91	1.90343e-12		1.7968224641	0.877	0.81	2.46549e-12
799   	3300  	193.505		1.83343858389	0.986	0.911	1.90212e-12		1.79719508905	0.877	0.811	2.46185e-12
799   	3300  	193.756		1.83372071458	0.986	0.911	1.90081e-12		1.7975667166	0.877	0.811	2.45822e-12
799   	3300  	194.008		1.83400209583	0.986	0.911	1.89951e-12		1.79793735018	0.877	0.812	2.45462e-12
799   	3300  	194.26		1.8342827306	0.987	0.911	1.89821e-12		1.79830699321	0.878	0.812	2.45103e-12
799   	3300  	194.511		1.83456262183	0.987	0.912	1.89692e-12		1.79867564908	0.878	0.813	2.44746e-12
799   	3300  	194.763		1.83484177247	0.987	0.912	1.89563e-12		1.79904332118	0.878	0.813	2.4439e-12
799   	3300  	195.015		1.83512018544	0.987	0.912	1.89435e-12		1.79941001291	0.878	0.814	2.44036e-12
799   	3300  	195.266		1.83539786363	0.987	0.912	1.89307e-12		1.79977572763	0.878	0.815	2.43684e-12
799   	3300  	195.518		1.83567480994	0.987	0.913	1.8918e-12		1.8001404687	0.878	0.815	2.43334e-12
799   	3300  	195.77		1.83595102726	0.987	0.913	1.89053e-12		1.80050423947	0.879	0.816	2.42985e-12
799   	3300  	196.021		1.83622651845	0.987	0.913	1.88927e-12		1.80086704327	0.879	0.816	2.42639e-12
799   	3300  	196.273		1.83650128635	0.987	0.913	1.88801e-12		1.80122888343	0.879	0.817	2.42293e-12
799   	3300  	196.525		1.8367753338	0.987	0.914	1.88675e-12		1.80158976327	0.879	0.817	2.4195e-12
799   	3300  	196.776		1.83704866364	0.987	0.914	1.8855e-12		1.8019496861	0.879	0.818	2.41608e-12
799   	3300  	197.028		1.83732127867	0.987	0.914	1.88426e-12		1.8023086552	0.879	0.818	2.41267e-12
799   	3300  	197.28		1.83759318168	0.987	0.914	1.88301e-12		1.80266667385	0.88	0.819	2.40928e-12
799   	3300  	197.531		1.83786437547	0.987	0.915	1.88178e-12		1.80302374533	0.88	0.819	2.40591e-12
799   	3300  	197.783		1.8381348628	0.987	0.915	1.88055e-12		1.8033798729	0.88	0.82	2.40256e-12
799   	3300  	198.035		1.83840464643	0.987	0.915	1.87932e-12		1.80373505981	0.88	0.821	2.39922e-12
799   	3300  	198.286		1.8386737291	0.987	0.915	1.87809e-12		1.8040893093	0.88	0.821	2.39589e-12
799   	3300  	198.538		1.83894211355	0.987	0.916	1.87687e-12		1.80444262459	0.88	0.822	2.39259e-12
799   	3400  	186.206		1.82569029524	0.986	0.903	1.99323e-12		1.78664629058	0.872	0.793	2.64354e-12
799   	3400  	186.458		1.82599357823	0.986	0.903	1.99175e-12		1.78704672624	0.872	0.794	2.63925e-12
799   	3400  	186.71		1.82629602632	0.986	0.904	1.99028e-12		1.78744606895	0.872	0.795	2.63498e-12
799   	3400  	186.961		1.8265976429	0.986	0.904	1.98881e-12		1.78784432244	0.873	0.795	2.63073e-12
799   	3400  	187.213		1.82689843131	0.986	0.904	1.98735e-12		1.78824149041	0.873	0.796	2.62651e-12
799   	3400  	187.465		1.82719839493	0.986	0.904	1.98589e-12		1.78863757657	0.873	0.796	2.6223e-12
799   	3400  	187.716		1.82749753706	0.986	0.905	1.98444e-12		1.78903258461	0.873	0.797	2.61812e-12
799   	3400  	187.968		1.82779586104	0.986	0.905	1.98299e-12		1.7894265182	0.873	0.798	2.61396e-12
799   	3400  	188.22		1.82809337017	0.986	0.905	1.98155e-12		1.78981938102	0.873	0.798	2.60982e-12
799   	3400  	188.471		1.82839006772	0.986	0.906	1.98012e-12		1.79021117672	0.874	0.799	2.6057e-12
799   	3400  	188.723		1.82868595696	0.986	0.906	1.97869e-12		1.79060190894	0.874	0.8	2.6016e-12
799   	3400  	188.975		1.82898104114	0.987	0.906	1.97727e-12		1.79099158133	0.874	0.8	2.59753e-12
799   	3400  	189.226		1.82927532351	0.987	0.906	1.97585e-12		1.7913801975	0.874	0.801	2.59347e-12
799   	3400  	189.478		1.82956880727	0.987	0.907	1.97443e-12		1.79176776107	0.874	0.801	2.58943e-12
799   	3400  	189.73		1.82986149564	0.987	0.907	1.97303e-12		1.79215427563	0.874	0.802	2.58542e-12
799   	3400  	189.981		1.83015339179	0.987	0.907	1.97162e-12		1.79253974477	0.875	0.803	2.58142e-12
799   	3400  	190.233		1.83044449891	0.987	0.908	1.97023e-12		1.79292417208	0.875	0.803	2.57745e-12
799   	3400  	190.485		1.83073482015	0.987	0.908	1.96883e-12		1.79330756111	0.875	0.804	2.57349e-12
799   	3400  	190.736		1.83102435865	0.987	0.908	1.96745e-12		1.79368991543	0.875	0.804	2.56956e-12
799   	3400  	190.988		1.83131311753	0.987	0.908	1.96607e-12		1.79407123858	0.875	0.805	2.56564e-12
799   	3400  	191.24		1.83160109992	0.987	0.909	1.96469e-12		1.79445153408	0.875	0.806	2.56175e-12
799   	3400  	191.491		1.8318883089	0.987	0.909	1.96332e-12		1.79483080547	0.876	0.806	2.55787e-12
799   	3400  	191.743		1.83217474755	0.987	0.909	1.96195e-12		1.79520905625	0.876	0.807	2.55401e-12
799   	3400  	191.995		1.83246041894	0.987	0.909	1.96059e-12		1.79558628992	0.876	0.807	2.55017e-12
799   	3400  	192.246		1.83274532613	0.987	0.91	1.95924e-12		1.79596250997	0.876	0.808	2.54635e-12
799   	3400  	192.498		1.83302947215	0.987	0.91	1.95788e-12		1.79633771987	0.876	0.809	2.54255e-12
799   	3400  	192.75		1.83331286001	0.987	0.91	1.95654e-12		1.7967119231	0.877	0.809	2.53877e-12
799   	3400  	193.001		1.83359549273	0.987	0.91	1.9552e-12		1.79708512311	0.877	0.81	2.53501e-12
799   	3400  	193.253		1.8338773733	0.987	0.911	1.95386e-12		1.79745732333	0.877	0.81	2.53126e-12
799   	3400  	193.505		1.8341585047	0.987	0.911	1.95253e-12		1.7978285272	0.877	0.811	2.52754e-12
799   	3400  	193.756		1.83443888988	0.987	0.911	1.9512e-12		1.79819873815	0.877	0.811	2.52383e-12
799   	3400  	194.008		1.83471853181	0.987	0.911	1.94988e-12		1.79856795958	0.877	0.812	2.52014e-12
799   	3400  	194.26		1.83499743341	0.987	0.912	1.94857e-12		1.7989361949	0.878	0.813	2.51646e-12
799   	3400  	194.511		1.83527559761	0.987	0.912	1.94726e-12		1.79930344748	0.878	0.813	2.51281e-12
799   	3400  	194.763		1.83555302731	0.987	0.912	1.94595e-12		1.79966972071	0.878	0.814	2.50917e-12
799   	3400  	195.015		1.83582972541	0.987	0.912	1.94465e-12		1.80003501795	0.878	0.814	2.50555e-12
799   	3400  	195.266		1.83610569478	0.987	0.913	1.94335e-12		1.80039934256	0.878	0.815	2.50195e-12
799   	3400  	195.518		1.83638093829	0.987	0.913	1.94206e-12		1.80076269787	0.878	0.815	2.49837e-12
799   	3400  	195.77		1.8366554588	0.987	0.913	1.94077e-12		1.80112508724	0.879	0.816	2.4948e-12
799   	3400  	196.021		1.83692925914	0.987	0.913	1.93948e-12		1.80148651396	0.879	0.816	2.49125e-12
799   	3400  	196.273		1.83720234213	0.987	0.914	1.93821e-12		1.80184698136	0.879	0.817	2.48772e-12
799   	3400  	196.525		1.83747471059	0.988	0.914	1.93693e-12		1.80220649274	0.879	0.818	2.4842e-12
799   	3400  	196.776		1.83774636731	0.988	0.914	1.93566e-12		1.80256505138	0.879	0.818	2.4807e-12
799   	3400  	197.028		1.83801731508	0.988	0.914	1.9344e-12		1.80292266056	0.879	0.819	2.47722e-12
799   	3400  	197.28		1.83828755667	0.988	0.915	1.93314e-12		1.80327932355	0.88	0.819	2.47375e-12
799   	3400  	197.531		1.83855709484	0.988	0.915	1.93188e-12		1.80363504361	0.88	0.82	2.4703e-12
799   	3400  	197.783		1.83882593233	0.988	0.915	1.93063e-12		1.80398982397	0.88	0.82	2.46687e-12
799   	3400  	198.035		1.83909407187	0.988	0.915	1.92938e-12		1.80434366788	0.88	0.821	2.46345e-12
799   	3400  	198.286		1.83936151619	0.988	0.916	1.92814e-12		1.80469657856	0.88	0.821	2.46005e-12
799   	3400  	198.538		1.83962826799	0.988	0.916	1.9269e-12		1.80504855922	0.88	0.822	2.45666e-12
799   	3500  	186.206		1.826402407 	0.987	0.903	2.04436e-12		1.7880107448	0.000544	0.889	2.24321e-12
799   	3500  	186.458		1.82670389925	0.987	0.904	2.04286e-12		1.78841329698	0.000542	0.889	2.24094e-12
799   	3500  	186.71		1.82700456316	0.987	0.904	2.04136e-12		1.78881463089	0.000539	0.89	2.23868e-12
799   	3500  	186.961		1.82730440208	0.987	0.904	2.03987e-12		1.7892147518	0.000536	0.89	2.23643e-12
799   	3500  	187.213		1.82760341934	0.987	0.905	2.03839e-12		1.78961366497	0.000533	0.89	2.23419e-12
799   	3500  	187.465		1.82790161827	0.987	0.905	2.03691e-12		1.79001137563	0.00053	0.891	2.23195e-12
799   	3500  	187.716		1.82819900216	0.987	0.905	2.03544e-12		1.79040788895	0.000527	0.891	2.22973e-12
799   	3500  	187.968		1.8284955743	0.987	0.905	2.03397e-12		1.79080321012	0.000525	0.892	2.22752e-12
799   	3500  	188.22		1.82879133796	0.987	0.906	2.03251e-12		1.79119734427	0.000522	0.892	2.22532e-12
799   	3500  	188.471		1.82908629639	0.987	0.906	2.03105e-12		1.79159029652	0.000519	0.892	2.22313e-12
799   	3500  	188.723		1.82938045284	0.987	0.906	2.0296e-12		1.79198207194	0.000516	0.893	2.22095e-12
799   	3500  	188.975		1.82967381052	0.987	0.907	2.02815e-12		1.79237267561	0.000514	0.893	2.21878e-12
799   	3500  	189.226		1.82996637264	0.987	0.907	2.02671e-12		1.79276211256	0.000511	0.893	2.21662e-12
799   	3500  	189.478		1.8302581424	0.987	0.907	2.02528e-12		1.79315038779	0.000508	0.894	2.21446e-12
799   	3500  	189.73		1.83054912296	0.987	0.907	2.02385e-12		1.79353750629	0.000506	0.894	2.21232e-12
799   	3500  	189.981		1.83083931748	0.987	0.908	2.02243e-12		1.79392347301	0.000503	0.894	2.21019e-12
799   	3500  	190.233		1.83112872912	0.987	0.908	2.02101e-12		1.79430829288	0.0005	0.895	2.20806e-12
799   	3500  	190.485		1.83141736099	0.987	0.908	2.01959e-12		1.79469197082	0.000498	0.895	2.20595e-12
799   	3500  	190.736		1.83170521621	0.987	0.908	2.01819e-12		1.79507451169	0.000495	0.895	2.20384e-12
799   	3500  	190.988		1.83199229789	0.987	0.909	2.01678e-12		1.79545592036	0.000493	0.896	2.20175e-12
799   	3500  	191.24		1.8322786091	0.987	0.909	2.01539e-12		1.79583620165	0.00049	0.896	2.19966e-12
799   	3500  	191.491		1.83256415291	0.988	0.909	2.014e-12		1.79621536036	0.000488	0.896	2.19758e-12
799   	3500  	191.743		1.83284893237	0.988	0.909	2.01261e-12		1.79659340129	0.000485	0.897	2.19552e-12
799   	3500  	191.995		1.83313295053	0.988	0.91	2.01123e-12		1.79697032917	0.000483	0.897	2.19346e-12
799   	3500  	192.246		1.83341621041	0.988	0.91	2.00985e-12		1.79734614875	0.00048	0.897	2.19141e-12
799   	3500  	192.498		1.83369871501	0.988	0.91	2.00848e-12		1.79772086473	0.000478	0.898	2.18936e-12
799   	3500  	192.75		1.83398046733	0.988	0.911	2.00711e-12		1.79809448179	0.000475	0.898	2.18733e-12
799   	3500  	193.001		1.83426147035	0.988	0.911	2.00575e-12		1.79846700459	0.000473	0.898	2.18531e-12
799   	3500  	193.253		1.83454172704	0.988	0.911	2.00439e-12		1.79883843777	0.00047	0.898	2.18329e-12
799   	3500  	193.505		1.83482124035	0.988	0.911	2.00304e-12		1.79920878592	0.000468	0.899	2.18128e-12
799   	3500  	193.756		1.83510001321	0.988	0.912	2.0017e-12		1.79957805365	0.000466	0.899	2.17929e-12
799   	3500  	194.008		1.83537804856	0.988	0.912	2.00035e-12		1.79994624552	0.000463	0.899	2.1773e-12
799   	3500  	194.26		1.83565534929	0.988	0.912	1.99902e-12		1.80031336605	0.000461	0.9	2.17532e-12
799   	3500  	194.511		1.8359319183	0.988	0.912	1.99769e-12		1.80067941978	0.000459	0.9	2.17334e-12
799   	3500  	194.763		1.83620775848	0.988	0.913	1.99636e-12		1.80104441119	0.000456	0.9	2.17138e-12
799   	3500  	195.015		1.83648287268	0.988	0.913	1.99504e-12		1.80140834476	0.000454	0.901	2.16942e-12
799   	3500  	195.266		1.83675726378	0.988	0.913	1.99372e-12		1.80177122493	0.000452	0.901	2.16748e-12
799   	3500  	195.518		1.8370309346	0.988	0.913	1.99241e-12		1.80213305612	0.000449	0.901	2.16554e-12
799   	3500  	195.77		1.83730388797	0.988	0.914	1.9911e-12		1.80249384275	0.000447	0.902	2.1636e-12
799   	3500  	196.021		1.8375761267	0.988	0.914	1.9898e-12		1.80285358919	0.000445	0.902	2.16168e-12
799   	3500  	196.273		1.8378476536	0.988	0.914	1.9885e-12		1.8032122998	0.000443	0.902	2.15977e-12
799   	3500  	196.525		1.83811847145	0.988	0.914	1.9872e-12		1.80356997891	0.00044	0.902	2.15786e-12
799   	3500  	196.776		1.83838858303	0.988	0.915	1.98591e-12		1.80392663084	0.000438	0.903	2.15596e-12
799   	3500  	197.028		1.83865799108	0.988	0.915	1.98463e-12		1.80428225988	0.000436	0.903	2.15407e-12
799   	3500  	197.28		1.83892669837	0.988	0.915	1.98335e-12		1.8046368703	0.000434	0.903	2.15218e-12
799   	3500  	197.531		1.83919470762	0.988	0.915	1.98207e-12		1.80499046635	0.000432	0.904	2.15031e-12
799   	3500  	197.783		1.83946202155	0.988	0.916	1.9808e-12		1.80534305226	0.00043	0.904	2.14844e-12
799   	3500  	198.035		1.83972864288	0.988	0.916	1.97954e-12		1.80569463223	0.000427	0.904	2.14658e-12
799   	3500  	198.286		1.83999457429	0.988	0.916	1.97827e-12		1.80604521044	0.000425	0.905	2.14473e-12
799   	3500  	198.538		1.84025981847	0.988	0.916	1.97702e-12		1.80639479106	0.000423	0.905	2.14288e-12
799   	3600  	186.206		1.82705957184	0.987	0.904	2.09559e-12		1.79064788259	0.000502	0.891	2.28814e-12
799   	3600  	186.458		1.82735940585	0.988	0.904	2.09406e-12		1.79104379296	0.000499	0.891	2.28588e-12
799   	3600  	186.71		1.82765841761	0.988	0.904	2.09254e-12		1.79143850898	0.000496	0.891	2.28362e-12
799   	3600  	186.961		1.82795661046	0.988	0.905	2.09103e-12		1.79183203582	0.000494	0.892	2.28137e-12
799   	3600  	187.213		1.8282539877	0.988	0.905	2.08952e-12		1.79222437862	0.000491	0.892	2.27914e-12
799   	3600  	187.465		1.82855055262	0.988	0.905	2.08802e-12		1.79261554252	0.000489	0.892	2.27691e-12
799   	3600  	187.716		1.82884630849	0.988	0.905	2.08653e-12		1.79300553259	0.000486	0.893	2.27469e-12
799   	3600  	187.968		1.82914125857	0.988	0.906	2.08504e-12		1.79339435391	0.000483	0.893	2.27249e-12
799   	3600  	188.22		1.82943540611	0.988	0.906	2.08355e-12		1.79378201151	0.000481	0.893	2.27029e-12
799   	3600  	188.471		1.82972875433	0.988	0.906	2.08207e-12		1.7941685104	0.000478	0.894	2.2681e-12
799   	3600  	188.723		1.83002130644	0.988	0.907	2.0806e-12		1.79455385558	0.000476	0.894	2.26593e-12
799   	3600  	188.975		1.83031306564	0.988	0.907	2.07913e-12		1.79493805199	0.000473	0.894	2.26376e-12
799   	3600  	189.226		1.83060403511	0.988	0.907	2.07767e-12		1.79532110458	0.000471	0.895	2.2616e-12
799   	3600  	189.478		1.830894218 	0.988	0.907	2.07622e-12		1.79570301826	0.000468	0.895	2.25945e-12
799   	3600  	189.73		1.83118361747	0.988	0.908	2.07477e-12		1.79608379791	0.000466	0.895	2.25731e-12
799   	3600  	189.981		1.83147223665	0.988	0.908	2.07332e-12		1.79646344838	0.000464	0.896	2.25518e-12
799   	3600  	190.233		1.83176007866	0.988	0.908	2.07188e-12		1.79684197451	0.000461	0.896	2.25306e-12
799   	3600  	190.485		1.83204714659	0.988	0.908	2.07045e-12		1.7972193811	0.000459	0.896	2.25095e-12
799   	3600  	190.736		1.83233344354	0.988	0.909	2.06902e-12		1.79759567294	0.000456	0.897	2.24885e-12
799   	3600  	190.988		1.83261897259	0.988	0.909	2.06759e-12		1.79797085479	0.000454	0.897	2.24676e-12
799   	3600  	191.24		1.83290373677	0.988	0.909	2.06618e-12		1.79834493138	0.000452	0.897	2.24467e-12
799   	3600  	191.491		1.83318773915	0.988	0.91	2.06476e-12		1.79871790742	0.000449	0.898	2.2426e-12
799   	3600  	191.743		1.83347098274	0.988	0.91	2.06335e-12		1.79908978758	0.000447	0.898	2.24053e-12
799   	3600  	191.995		1.83375347056	0.988	0.91	2.06195e-12		1.79946057654	0.000445	0.898	2.23847e-12
799   	3600  	192.246		1.8340352056	0.988	0.91	2.06055e-12		1.79983027893	0.000443	0.899	2.23643e-12
799   	3600  	192.498		1.83431619086	0.988	0.911	2.05916e-12		1.80019889935	0.00044	0.899	2.23439e-12
799   	3600  	192.75		1.83459642929	0.988	0.911	2.05777e-12		1.8005664424	0.000438	0.899	2.23236e-12
799   	3600  	193.001		1.83487592386	0.988	0.911	2.05639e-12		1.80093291265	0.000436	0.899	2.23033e-12
799   	3600  	193.253		1.83515467751	0.988	0.911	2.05502e-12		1.80129831463	0.000434	0.9	2.22832e-12
799   	3600  	193.505		1.83543269316	0.988	0.912	2.05364e-12		1.80166265286	0.000431	0.9	2.22632e-12
799   	3600  	193.756		1.83570997372	0.988	0.912	2.05228e-12		1.80202593184	0.000429	0.9	2.22432e-12
799   	3600  	194.008		1.8359865221	0.988	0.912	2.05091e-12		1.80238815603	0.000427	0.901	2.22233e-12
799   	3600  	194.26		1.83626234118	0.988	0.912	2.04956e-12		1.80274932989	0.000425	0.901	2.22035e-12
799   	3600  	194.511		1.83653743383	0.989	0.913	2.0482e-12		1.80310945784	0.000423	0.901	2.21838e-12
799   	3600  	194.763		1.8368118029	0.989	0.913	2.04686e-12		1.80346854429	0.000421	0.902	2.21642e-12
799   	3600  	195.015		1.83708545124	0.989	0.913	2.04551e-12		1.80382659361	0.000418	0.902	2.21446e-12
799   	3600  	195.266		1.83735838168	0.989	0.913	2.04418e-12		1.80418361017	0.000416	0.902	2.21252e-12
799   	3600  	195.518		1.83763059704	0.989	0.914	2.04284e-12		1.80453959829	0.000414	0.903	2.21058e-12
799   	3600  	195.77		1.83790210012	0.989	0.914	2.04152e-12		1.8048945623	0.000412	0.903	2.20865e-12
799   	3600  	196.021		1.8381728937	0.989	0.914	2.04019e-12		1.80524850648	0.00041	0.903	2.20673e-12
799   	3600  	196.273		1.83844298057	0.989	0.914	2.03887e-12		1.80560143511	0.000408	0.903	2.20481e-12
799   	3600  	196.525		1.83871236348	0.989	0.915	2.03756e-12		1.80595335243	0.000406	0.904	2.20291e-12
799   	3600  	196.776		1.8389810452	0.989	0.915	2.03625e-12		1.80630426267	0.000404	0.904	2.20101e-12
799   	3600  	197.028		1.83924902844	0.989	0.915	2.03495e-12		1.80665417003	0.000402	0.904	2.19912e-12
799   	3600  	197.28		1.83951631595	0.989	0.915	2.03365e-12		1.8070030787	0.0004	0.905	2.19724e-12
799   	3600  	197.531		1.83978291042	0.989	0.916	2.03235e-12		1.80735099284	0.000398	0.905	2.19536e-12
799   	3600  	197.783		1.84004881455	0.989	0.916	2.03106e-12		1.8076979166	0.000396	0.905	2.19349e-12
799   	3600  	198.035		1.84031403104	0.989	0.916	2.02977e-12		1.80804385408	0.000394	0.905	2.19164e-12
799   	3600  	198.286		1.84057856256	0.989	0.916	2.02849e-12		1.8083888094	0.000392	0.906	2.18978e-12
799   	3600  	198.538		1.84084241175	0.989	0.917	2.02721e-12		1.80873278663	0.00039	0.906	2.18794e-12
800   	2700  	186.206		1.81869097313	0.979	0.899	1.64037e-12		1.78074564892	0.872	0.791	2.16519e-12
800   	2700  	186.458		1.81901176895	0.979	0.899	1.63902e-12		1.78115955156	0.873	0.792	2.16158e-12
800   	2700  	186.71		1.81933166689	0.979	0.899	1.63769e-12		1.78157231919	0.873	0.792	2.15799e-12
800   	2700  	186.961		1.81965067059	0.979	0.9	1.63636e-12		1.78198395568	0.873	0.793	2.15441e-12
800   	2700  	187.213		1.81996878372	0.979	0.9	1.63503e-12		1.78239446487	0.873	0.794	2.15085e-12
800   	2700  	187.465		1.82028600989	0.979	0.9	1.63371e-12		1.78280385061	0.873	0.794	2.14732e-12
800   	2700  	187.716		1.82060235272	0.979	0.901	1.6324e-12		1.78321211672	0.873	0.795	2.1438e-12
800   	2700  	187.968		1.8209178158	0.979	0.901	1.63109e-12		1.783619267 	0.874	0.795	2.1403e-12
800   	2700  	188.22		1.8212324027	0.979	0.901	1.62978e-12		1.78402530528	0.874	0.796	2.13681e-12
800   	2700  	188.471		1.82154611698	0.979	0.901	1.62849e-12		1.78443023534	0.874	0.797	2.13335e-12
800   	2700  	188.723		1.82185896218	0.98	0.902	1.62719e-12		1.78483406096	0.874	0.797	2.1299e-12
800   	2700  	188.975		1.82217094181	0.98	0.902	1.6259e-12		1.7852367859	0.874	0.798	2.12647e-12
800   	2700  	189.226		1.82248205939	0.98	0.902	1.62462e-12		1.78563841394	0.874	0.799	2.12306e-12
800   	2700  	189.478		1.8227923184	0.98	0.903	1.62334e-12		1.78603894881	0.875	0.799	2.11967e-12
800   	2700  	189.73		1.8231017223	0.98	0.903	1.62207e-12		1.78643839425	0.875	0.8	2.11629e-12
800   	2700  	189.981		1.82341027456	0.98	0.903	1.6208e-12		1.78683675398	0.875	0.8	2.11293e-12
800   	2700  	190.233		1.82371797861	0.98	0.903	1.61954e-12		1.78723403172	0.875	0.801	2.10959e-12
800   	2700  	190.485		1.82402483787	0.98	0.904	1.61828e-12		1.78763023117	0.875	0.802	2.10626e-12
800   	2700  	190.736		1.82433085574	0.98	0.904	1.61703e-12		1.78802535601	0.875	0.802	2.10295e-12
800   	2700  	190.988		1.82463603561	0.98	0.904	1.61578e-12		1.78841940992	0.876	0.803	2.09966e-12
800   	2700  	191.24		1.82494038084	0.98	0.905	1.61453e-12		1.78881239658	0.876	0.803	2.09638e-12
800   	2700  	191.491		1.8252438948	0.98	0.905	1.61329e-12		1.78920431963	0.876	0.804	2.09312e-12
800   	2700  	191.743		1.82554658081	0.98	0.905	1.61206e-12		1.78959518271	0.876	0.805	2.08988e-12
800   	2700  	191.995		1.8258484422	0.98	0.905	1.61083e-12		1.78998498947	0.876	0.805	2.08665e-12
800   	2700  	192.246		1.82614948227	0.98	0.906	1.60961e-12		1.79037374352	0.876	0.806	2.08344e-12
800   	2700  	192.498		1.82644970431	0.98	0.906	1.60839e-12		1.79076144847	0.877	0.806	2.08025e-12
800   	2700  	192.75		1.8267491116	0.98	0.906	1.60717e-12		1.79114810791	0.877	0.807	2.07707e-12
800   	2700  	193.001		1.82704770738	0.98	0.907	1.60596e-12		1.79153372544	0.877	0.808	2.07391e-12
800   	2700  	193.253		1.82734549491	0.98	0.907	1.60475e-12		1.79191830463	0.877	0.808	2.07076e-12
800   	2700  	193.505		1.8276424774	0.98	0.907	1.60355e-12		1.79230184905	0.877	0.809	2.06763e-12
800   	2700  	193.756		1.82793865808	0.981	0.907	1.60236e-12		1.79268436224	0.877	0.809	2.06451e-12
800   	2700  	194.008		1.82823404012	0.981	0.908	1.60116e-12		1.79306584774	0.878	0.81	2.06141e-12
800   	2700  	194.26		1.82852862671	0.981	0.908	1.59998e-12		1.79344630909	0.878	0.81	2.05832e-12
800   	2700  	194.511		1.82882242101	0.981	0.908	1.59879e-12		1.79382574981	0.878	0.811	2.05525e-12
800   	2700  	194.763		1.82911542618	0.981	0.908	1.59761e-12		1.7942041734	0.878	0.812	2.0522e-12
800   	2700  	195.015		1.82940764534	0.981	0.909	1.59644e-12		1.79458158335	0.878	0.812	2.04916e-12
800   	2700  	195.266		1.82969908161	0.981	0.909	1.59527e-12		1.79495798315	0.878	0.813	2.04613e-12
800   	2700  	195.518		1.8299897381	0.981	0.909	1.59411e-12		1.79533337628	0.879	0.813	2.04312e-12
800   	2700  	195.77		1.83027961789	0.981	0.91	1.59294e-12		1.7957077662	0.879	0.814	2.04012e-12
800   	2700  	196.021		1.83056872406	0.981	0.91	1.59179e-12		1.79608115634	0.879	0.814	2.03714e-12
800   	2700  	196.273		1.83085705967	0.981	0.91	1.59064e-12		1.79645355017	0.879	0.815	2.03417e-12
800   	2700  	196.525		1.83114462776	0.981	0.91	1.58949e-12		1.7968249511	0.879	0.816	2.03122e-12
800   	2700  	196.776		1.83143143136	0.981	0.911	1.58834e-12		1.79719536254	0.879	0.816	2.02828e-12
800   	2700  	197.028		1.83171747348	0.981	0.911	1.5872e-12		1.79756478791	0.88	0.817	2.02536e-12
800   	2700  	197.28		1.83200275713	0.981	0.911	1.58607e-12		1.7979332306	0.88	0.817	2.02244e-12
800   	2700  	197.531		1.8322872853	0.981	0.911	1.58494e-12		1.79830069399	0.88	0.818	2.01955e-12
800   	2700  	197.783		1.83257106095	0.981	0.912	1.58381e-12		1.79866718146	0.88	0.818	2.01666e-12
800   	2700  	198.035		1.83285408704	0.981	0.912	1.58269e-12		1.79903269635	0.88	0.819	2.01379e-12
800   	2700  	198.286		1.83313636652	0.981	0.912	1.58157e-12		1.79939724204	0.88	0.819	2.01094e-12
800   	2700  	198.538		1.83341790231	0.981	0.912	1.58045e-12		1.79976082184	0.881	0.82	2.0081e-12
800   	2800  	186.206		1.82003030358	0.98	0.9	1.69046e-12		1.78188158802	0.872	0.792	2.2335e-12
800   	2800  	186.458		1.8203478389	0.98	0.9	1.68911e-12		1.78229300899	0.873	0.792	2.22979e-12
800   	2800  	186.71		1.82066448771	0.98	0.9	1.68775e-12		1.78270330219	0.873	0.793	2.2261e-12
800   	2800  	186.961		1.82098025363	0.98	0.901	1.6864e-12		1.78311247145	0.873	0.793	2.22243e-12
800   	2800  	187.213		1.82129514024	0.98	0.901	1.68506e-12		1.78352052063	0.873	0.794	2.21878e-12
800   	2800  	187.465		1.82160915113	0.981	0.901	1.68372e-12		1.78392745352	0.873	0.795	2.21515e-12
800   	2800  	187.716		1.82192228987	0.981	0.901	1.68239e-12		1.78433327393	0.873	0.795	2.21154e-12
800   	2800  	187.968		1.82223455999	0.981	0.902	1.68107e-12		1.78473798567	0.874	0.796	2.20794e-12
800   	2800  	188.22		1.82254596502	0.981	0.902	1.67974e-12		1.78514159251	0.874	0.797	2.20437e-12
800   	2800  	188.471		1.82285650847	0.981	0.902	1.67843e-12		1.78554409824	0.874	0.797	2.20081e-12
800   	2800  	188.723		1.82316619383	0.981	0.903	1.67712e-12		1.7859455066	0.874	0.798	2.19727e-12
800   	2800  	188.975		1.82347502458	0.981	0.903	1.67581e-12		1.78634582134	0.874	0.798	2.19375e-12
800   	2800  	189.226		1.82378300417	0.981	0.903	1.67451e-12		1.78674504622	0.874	0.799	2.19025e-12
800   	2800  	189.478		1.82409013605	0.981	0.903	1.67322e-12		1.78714318494	0.875	0.8	2.18677e-12
800   	2800  	189.73		1.82439642364	0.981	0.904	1.67193e-12		1.78754024124	0.875	0.8	2.1833e-12
800   	2800  	189.981		1.82470187034	0.981	0.904	1.67064e-12		1.7879362188	0.875	0.801	2.17985e-12
800   	2800  	190.233		1.82500647955	0.981	0.904	1.66936e-12		1.78833112133	0.875	0.802	2.17642e-12
800   	2800  	190.485		1.82531025464	0.981	0.905	1.66808e-12		1.7887249525	0.875	0.802	2.17301e-12
800   	2800  	190.736		1.82561319896	0.981	0.905	1.66681e-12		1.78911771598	0.875	0.803	2.16961e-12
800   	2800  	190.988		1.82591531587	0.981	0.905	1.66555e-12		1.78950941543	0.876	0.803	2.16623e-12
800   	2800  	191.24		1.82621660867	0.981	0.905	1.66429e-12		1.7899000545	0.876	0.804	2.16287e-12
800   	2800  	191.491		1.82651708069	0.981	0.906	1.66303e-12		1.79028963682	0.876	0.805	2.15952e-12
800   	2800  	191.743		1.82681673521	0.981	0.906	1.66178e-12		1.79067816602	0.876	0.805	2.15619e-12
800   	2800  	191.995		1.82711557551	0.981	0.906	1.66053e-12		1.79106564571	0.876	0.806	2.15288e-12
800   	2800  	192.246		1.82741360484	0.981	0.907	1.65929e-12		1.79145207948	0.876	0.806	2.14958e-12
800   	2800  	192.498		1.82771082647	0.982	0.907	1.65806e-12		1.79183747093	0.877	0.807	2.1463e-12
800   	2800  	192.75		1.8280072436	0.982	0.907	1.65682e-12		1.79222182363	0.877	0.807	2.14304e-12
800   	2800  	193.001		1.82830285947	0.982	0.907	1.6556e-12		1.79260514115	0.877	0.808	2.13979e-12
800   	2800  	193.253		1.82859767725	0.982	0.908	1.65438e-12		1.79298742705	0.877	0.809	2.13656e-12
800   	2800  	193.505		1.82889170014	0.982	0.908	1.65316e-12		1.79336868487	0.877	0.809	2.13334e-12
800   	2800  	193.756		1.82918493131	0.982	0.908	1.65194e-12		1.79374891815	0.877	0.81	2.13014e-12
800   	2800  	194.008		1.8294773739	0.982	0.908	1.65074e-12		1.79412813039	0.878	0.81	2.12696e-12
800   	2800  	194.26		1.82976903105	0.982	0.909	1.64953e-12		1.79450632512	0.878	0.811	2.12379e-12
800   	2800  	194.511		1.83005990588	0.982	0.909	1.64833e-12		1.79488350583	0.878	0.812	2.12064e-12
800   	2800  	194.763		1.8303500015	0.982	0.909	1.64714e-12		1.795259676 	0.878	0.812	2.1175e-12
800   	2800  	195.015		1.830639321 	0.982	0.91	1.64595e-12		1.79563483912	0.878	0.813	2.11438e-12
800   	2800  	195.266		1.83092786745	0.982	0.91	1.64476e-12		1.79600899865	0.878	0.813	2.11127e-12
800   	2800  	195.518		1.83121564392	0.982	0.91	1.64358e-12		1.79638215803	0.879	0.814	2.10818e-12
800   	2800  	195.77		1.83150265346	0.982	0.91	1.6424e-12		1.79675432072	0.879	0.814	2.1051e-12
800   	2800  	196.021		1.83178889909	0.982	0.911	1.64123e-12		1.79712549014	0.879	0.815	2.10204e-12
800   	2800  	196.273		1.83207438384	0.982	0.911	1.64006e-12		1.79749566971	0.879	0.815	2.09899e-12
800   	2800  	196.525		1.8323591107	0.982	0.911	1.63889e-12		1.79786486284	0.879	0.816	2.09596e-12
800   	2800  	196.776		1.83264308267	0.982	0.911	1.63773e-12		1.79823307293	0.879	0.817	2.09294e-12
800   	2800  	197.028		1.83292630271	0.982	0.912	1.63658e-12		1.79860030336	0.88	0.817	2.08994e-12
800   	2800  	197.28		1.83320877381	0.982	0.912	1.63543e-12		1.79896655751	0.88	0.818	2.08695e-12
800   	2800  	197.531		1.83349049888	0.982	0.912	1.63428e-12		1.79933183873	0.88	0.818	2.08398e-12
800   	2800  	197.783		1.83377148088	0.982	0.912	1.63314e-12		1.79969615039	0.88	0.819	2.08101e-12
800   	2800  	198.035		1.83405172272	0.982	0.913	1.632e-12		1.80005949581	0.88	0.819	2.07807e-12
800   	2800  	198.286		1.8343312273	0.983	0.913	1.63086e-12		1.80042187834	0.88	0.82	2.07514e-12
800   	2800  	198.538		1.83460999751	0.983	0.913	1.62973e-12		1.80078330129	0.881	0.82	2.07222e-12
800   	2900  	186.206		1.8212436529	0.981	0.9	1.74077e-12		1.78291679171	0.872	0.792	2.30181e-12
800   	2900  	186.458		1.82155821717	0.982	0.901	1.7394e-12		1.78332592859	0.873	0.793	2.29801e-12
800   	2900  	186.71		1.82187190539	0.982	0.901	1.73802e-12		1.78373394448	0.873	0.793	2.29422e-12
800   	2900  	186.961		1.82218472113	0.982	0.901	1.73666e-12		1.7841408432	0.873	0.794	2.29046e-12
800   	2900  	187.213		1.82249666793	0.982	0.902	1.7353e-12		1.78454662857	0.873	0.795	2.28672e-12
800   	2900  	187.465		1.82280774935	0.982	0.902	1.73394e-12		1.78495130437	0.873	0.795	2.28299e-12
800   	2900  	187.716		1.82311796888	0.982	0.902	1.73259e-12		1.78535487441	0.873	0.796	2.27928e-12
800   	2900  	187.968		1.82342733004	0.982	0.903	1.73125e-12		1.78575734245	0.874	0.796	2.2756e-12
800   	2900  	188.22		1.8237358363	0.982	0.903	1.72991e-12		1.78615871226	0.874	0.797	2.27193e-12
800   	2900  	188.471		1.82404349113	0.982	0.903	1.72857e-12		1.78655898759	0.874	0.798	2.26828e-12
800   	2900  	188.723		1.82435029797	0.982	0.903	1.72724e-12		1.78695817218	0.874	0.798	2.26465e-12
800   	2900  	188.975		1.82465626026	0.982	0.904	1.72592e-12		1.78735626977	0.874	0.799	2.26104e-12
800   	2900  	189.226		1.82496138141	0.982	0.904	1.7246e-12		1.78775328407	0.874	0.8	2.25745e-12
800   	2900  	189.478		1.82526566482	0.982	0.904	1.72329e-12		1.78814921878	0.875	0.8	2.25387e-12
800   	2900  	189.73		1.82556911386	0.982	0.905	1.72198e-12		1.78854407761	0.875	0.801	2.25032e-12
800   	2900  	189.981		1.82587173191	0.982	0.905	1.72068e-12		1.78893786423	0.875	0.801	2.24678e-12
800   	2900  	190.233		1.82617352231	0.982	0.905	1.71938e-12		1.78933058232	0.875	0.802	2.24326e-12
800   	2900  	190.485		1.82647448839	0.982	0.905	1.71808e-12		1.78972223554	0.875	0.803	2.23975e-12
800   	2900  	190.736		1.82677463347	0.982	0.906	1.7168e-12		1.79011282754	0.875	0.803	2.23627e-12
800   	2900  	190.988		1.82707396084	0.982	0.906	1.71551e-12		1.79050236196	0.876	0.804	2.2328e-12
800   	2900  	191.24		1.82737247379	0.982	0.906	1.71423e-12		1.79089084242	0.876	0.804	2.22935e-12
800   	2900  	191.491		1.82767017559	0.982	0.906	1.71296e-12		1.79127827254	0.876	0.805	2.22592e-12
800   	2900  	191.743		1.82796706948	0.983	0.907	1.71169e-12		1.79166465593	0.876	0.806	2.2225e-12
800   	2900  	191.995		1.8282631587	0.983	0.907	1.71043e-12		1.79204999617	0.876	0.806	2.2191e-12
800   	2900  	192.246		1.82855844647	0.983	0.907	1.70917e-12		1.79243429685	0.876	0.807	2.21572e-12
800   	2900  	192.498		1.82885293599	0.983	0.908	1.70792e-12		1.79281756153	0.877	0.807	2.21236e-12
800   	2900  	192.75		1.82914663045	0.983	0.908	1.70667e-12		1.79319979378	0.877	0.808	2.20901e-12
800   	2900  	193.001		1.82943953303	0.983	0.908	1.70542e-12		1.79358099714	0.877	0.809	2.20568e-12
800   	2900  	193.253		1.82973164687	0.983	0.908	1.70418e-12		1.79396117515	0.877	0.809	2.20236e-12
800   	2900  	193.505		1.83002297513	0.983	0.909	1.70295e-12		1.79434033133	0.877	0.81	2.19906e-12
800   	2900  	193.756		1.83031352093	0.983	0.909	1.70172e-12		1.7947184692	0.877	0.81	2.19578e-12
800   	2900  	194.008		1.83060328738	0.983	0.909	1.70049e-12		1.79509559224	0.878	0.811	2.19251e-12
800   	2900  	194.26		1.83089227758	0.983	0.909	1.69927e-12		1.79547170397	0.878	0.811	2.18926e-12
800   	2900  	194.511		1.8311804946	0.983	0.91	1.69805e-12		1.79584680785	0.878	0.812	2.18602e-12
800   	2900  	194.763		1.83146794153	0.983	0.91	1.69684e-12		1.79622090735	0.878	0.813	2.18281e-12
800   	2900  	195.015		1.8317546214	0.983	0.91	1.69563e-12		1.79659400593	0.878	0.813	2.1796e-12
800   	2900  	195.266		1.83204053726	0.983	0.91	1.69443e-12		1.79696610703	0.878	0.814	2.17641e-12
800   	2900  	195.518		1.83232569212	0.983	0.911	1.69323e-12		1.79733721409	0.879	0.814	2.17324e-12
800   	2900  	195.77		1.832610089 	0.983	0.911	1.69203e-12		1.79770733053	0.879	0.815	2.17008e-12
800   	2900  	196.021		1.8328937309	0.983	0.911	1.69084e-12		1.79807645975	0.879	0.815	2.16694e-12
800   	2900  	196.273		1.83317662078	0.983	0.912	1.68966e-12		1.79844460517	0.879	0.816	2.16381e-12
800   	2900  	196.525		1.83345876162	0.983	0.912	1.68848e-12		1.79881177017	0.879	0.816	2.1607e-12
800   	2900  	196.776		1.83374015637	0.983	0.912	1.6873e-12		1.79917795812	0.879	0.817	2.15761e-12
800   	2900  	197.028		1.83402080796	0.983	0.912	1.68613e-12		1.7995431724	0.88	0.818	2.15452e-12
800   	2900  	197.28		1.83430071932	0.983	0.913	1.68496e-12		1.79990741635	0.88	0.818	2.15146e-12
800   	2900  	197.531		1.83457989336	0.983	0.913	1.6838e-12		1.80027069333	0.88	0.819	2.1484e-12
800   	2900  	197.783		1.83485833297	0.984	0.913	1.68264e-12		1.80063300666	0.88	0.819	2.14536e-12
800   	2900  	198.035		1.83513604103	0.984	0.913	1.68148e-12		1.80099435967	0.88	0.82	2.14234e-12
800   	2900  	198.286		1.83541302041	0.984	0.914	1.68033e-12		1.80135475567	0.88	0.82	2.13933e-12
800   	2900  	198.538		1.83568927396	0.984	0.914	1.67918e-12		1.80171419795	0.881	0.821	2.13634e-12
800   	3000  	186.206		1.82234632307	0.983	0.901	1.79127e-12		1.78386283262	0.872	0.793	2.37013e-12
800   	3000  	186.458		1.82265817282	0.983	0.901	1.78987e-12		1.78426986297	0.873	0.793	2.36623e-12
800   	3000  	186.71		1.82296915617	0.983	0.902	1.78848e-12		1.78467577868	0.873	0.794	2.36235e-12
800   	3000  	186.961		1.82327927663	0.983	0.902	1.78709e-12		1.78508058356	0.873	0.794	2.35849e-12
800   	3000  	187.213		1.82358853771	0.983	0.902	1.78571e-12		1.7854842814	0.873	0.795	2.35465e-12
800   	3000  	187.465		1.8238969429	0.983	0.903	1.78434e-12		1.78588687599	0.873	0.796	2.35083e-12
800   	3000  	187.716		1.82420449569	0.983	0.903	1.78297e-12		1.78628837108	0.873	0.796	2.34703e-12
800   	3000  	187.968		1.82451119952	0.983	0.903	1.78161e-12		1.78668877044	0.874	0.797	2.34325e-12
800   	3000  	188.22		1.82481705784	0.983	0.904	1.78025e-12		1.7870880778	0.874	0.798	2.33949e-12
800   	3000  	188.471		1.82512207407	0.983	0.904	1.77889e-12		1.78748629691	0.874	0.798	2.33575e-12
800   	3000  	188.723		1.82542625162	0.983	0.904	1.77755e-12		1.78788343149	0.874	0.799	2.33203e-12
800   	3000  	188.975		1.82572959387	0.983	0.904	1.7762e-12		1.78827948524	0.874	0.799	2.32833e-12
800   	3000  	189.226		1.82603210421	0.983	0.905	1.77487e-12		1.78867446186	0.874	0.8	2.32465e-12
800   	3000  	189.478		1.82633378598	0.983	0.905	1.77353e-12		1.78906836505	0.875	0.801	2.32098e-12
800   	3000  	189.73		1.82663464254	0.983	0.905	1.77221e-12		1.78946119847	0.875	0.801	2.31733e-12
800   	3000  	189.981		1.82693467719	0.983	0.905	1.77089e-12		1.7898529658	0.875	0.802	2.31371e-12
800   	3000  	190.233		1.82723389326	0.983	0.906	1.76957e-12		1.79024367069	0.875	0.802	2.3101e-12
800   	3000  	190.485		1.82753229403	0.983	0.906	1.76826e-12		1.79063331677	0.875	0.803	2.3065e-12
800   	3000  	190.736		1.82782988277	0.983	0.906	1.76695e-12		1.79102190768	0.875	0.804	2.30293e-12
800   	3000  	190.988		1.82812666275	0.983	0.907	1.76565e-12		1.79140944704	0.876	0.804	2.29937e-12
800   	3000  	191.24		1.82842263721	0.983	0.907	1.76435e-12		1.79179593845	0.876	0.805	2.29584e-12
800   	3000  	191.491		1.82871780938	0.984	0.907	1.76306e-12		1.79218138552	0.876	0.805	2.29232e-12
800   	3000  	191.743		1.82901218247	0.984	0.907	1.76177e-12		1.79256579182	0.876	0.806	2.28881e-12
800   	3000  	191.995		1.82930575968	0.984	0.908	1.76049e-12		1.79294916093	0.876	0.807	2.28533e-12
800   	3000  	192.246		1.82959854418	0.984	0.908	1.75921e-12		1.79333149642	0.876	0.807	2.28186e-12
800   	3000  	192.498		1.82989053915	0.984	0.908	1.75794e-12		1.79371280183	0.877	0.808	2.27841e-12
800   	3000  	192.75		1.83018174773	0.984	0.908	1.75667e-12		1.7940930807	0.877	0.808	2.27498e-12
800   	3000  	193.001		1.83047217305	0.984	0.909	1.75541e-12		1.79447233655	0.877	0.809	2.27156e-12
800   	3000  	193.253		1.83076181825	0.984	0.909	1.75415e-12		1.79485057292	0.877	0.81	2.26816e-12
800   	3000  	193.505		1.83105068641	0.984	0.909	1.7529e-12		1.7952277933	0.877	0.81	2.26478e-12
800   	3000  	193.756		1.83133878064	0.984	0.91	1.75165e-12		1.79560400118	0.877	0.811	2.26141e-12
800   	3000  	194.008		1.831626104 	0.984	0.91	1.75041e-12		1.79597920005	0.878	0.811	2.25806e-12
800   	3000  	194.26		1.83191265956	0.984	0.91	1.74917e-12		1.79635339338	0.878	0.812	2.25473e-12
800   	3000  	194.511		1.83219845036	0.984	0.91	1.74793e-12		1.79672658464	0.878	0.812	2.25141e-12
800   	3000  	194.763		1.83248347943	0.984	0.911	1.7467e-12		1.79709877726	0.878	0.813	2.24811e-12
800   	3000  	195.015		1.83276774978	0.984	0.911	1.74548e-12		1.79746997468	0.878	0.814	2.24482e-12
800   	3000  	195.266		1.83305126442	0.984	0.911	1.74426e-12		1.79784018034	0.878	0.814	2.24155e-12
800   	3000  	195.518		1.83333402634	0.984	0.911	1.74304e-12		1.79820939765	0.879	0.815	2.2383e-12
800   	3000  	195.77		1.83361603851	0.984	0.912	1.74183e-12		1.79857763  	0.879	0.815	2.23506e-12
800   	3000  	196.021		1.83389730388	0.984	0.912	1.74062e-12		1.7989448808	0.879	0.816	2.23184e-12
800   	3000  	196.273		1.8341778254	0.984	0.912	1.73942e-12		1.79931115343	0.879	0.816	2.22863e-12
800   	3000  	196.525		1.834457606 	0.984	0.912	1.73822e-12		1.79967645125	0.879	0.817	2.22544e-12
800   	3000  	196.776		1.8347366486	0.984	0.913	1.73702e-12		1.80004077763	0.879	0.817	2.22227e-12
800   	3000  	197.028		1.8350149561	0.984	0.913	1.73583e-12		1.80040413591	0.88	0.818	2.2191e-12
800   	3000  	197.28		1.83529253138	0.984	0.913	1.73465e-12		1.80076652942	0.88	0.818	2.21596e-12
800   	3000  	197.531		1.83556937732	0.984	0.913	1.73347e-12		1.80112796151	0.88	0.819	2.21283e-12
800   	3000  	197.783		1.83584549678	0.985	0.914	1.73229e-12		1.80148843547	0.88	0.82	2.20971e-12
800   	3000  	198.035		1.83612089262	0.985	0.914	1.73112e-12		1.80184795461	0.88	0.82	2.20661e-12
800   	3000  	198.286		1.83639556765	0.985	0.914	1.72995e-12		1.80220652224	0.88	0.821	2.20352e-12
800   	3000  	198.538		1.83666952471	0.985	0.914	1.72878e-12		1.80256414161	0.881	0.821	2.20045e-12
800   	3100  	186.206		1.82335136664	0.984	0.902	1.84192e-12		1.78472967008	0.872	0.793	2.43845e-12
800   	3100  	186.458		1.82366073001	0.984	0.902	1.84051e-12		1.78513475382	0.872	0.794	2.43445e-12
800   	3100  	186.71		1.82396923585	0.984	0.902	1.8391e-12		1.78553872889	0.873	0.794	2.43048e-12
800   	3100  	186.961		1.82427688766	0.984	0.903	1.83769e-12		1.78594159908	0.873	0.795	2.42652e-12
800   	3100  	187.213		1.82458368891	0.984	0.903	1.83629e-12		1.78634336815	0.873	0.795	2.42259e-12
800   	3100  	187.465		1.82488964304	0.984	0.903	1.8349e-12		1.78674403987	0.873	0.796	2.41868e-12
800   	3100  	187.716		1.8251947535	0.984	0.904	1.83351e-12		1.78714361798	0.873	0.797	2.41478e-12
800   	3100  	187.968		1.8254990237	0.984	0.904	1.83213e-12		1.78754210622	0.874	0.797	2.41091e-12
800   	3100  	188.22		1.82580245704	0.984	0.904	1.83075e-12		1.78793950833	0.874	0.798	2.40706e-12
800   	3100  	188.471		1.82610505691	0.984	0.904	1.82937e-12		1.788335828 	0.874	0.799	2.40322e-12
800   	3100  	188.723		1.82640682668	0.984	0.905	1.82801e-12		1.78873106895	0.874	0.799	2.39941e-12
800   	3100  	188.975		1.8267077697	0.984	0.905	1.82665e-12		1.78912523487	0.874	0.8	2.39562e-12
800   	3100  	189.226		1.82700788931	0.984	0.905	1.82529e-12		1.78951832944	0.874	0.8	2.39184e-12
800   	3100  	189.478		1.82730718882	0.984	0.906	1.82394e-12		1.78991035633	0.875	0.801	2.38809e-12
800   	3100  	189.73		1.82760567153	0.984	0.906	1.82259e-12		1.79030131919	0.875	0.802	2.38435e-12
800   	3100  	189.981		1.82790334074	0.984	0.906	1.82125e-12		1.79069122167	0.875	0.802	2.38063e-12
800   	3100  	190.233		1.82820019972	0.984	0.906	1.81991e-12		1.79108006741	0.875	0.803	2.37693e-12
800   	3100  	190.485		1.82849625171	0.984	0.907	1.81858e-12		1.79146786003	0.875	0.803	2.37325e-12
800   	3100  	190.736		1.82879149996	0.984	0.907	1.81726e-12		1.79185460314	0.875	0.804	2.36959e-12
800   	3100  	190.988		1.82908594769	0.984	0.907	1.81594e-12		1.79224030034	0.876	0.805	2.36595e-12
800   	3100  	191.24		1.82937959811	0.984	0.907	1.81462e-12		1.79262495522	0.876	0.805	2.36232e-12
800   	3100  	191.491		1.8296724544	0.984	0.908	1.81331e-12		1.79300857136	0.876	0.806	2.35871e-12
800   	3100  	191.743		1.82996451975	0.984	0.908	1.812e-12		1.79339115233	0.876	0.806	2.35512e-12
800   	3100  	191.995		1.83025579732	0.985	0.908	1.8107e-12		1.79377270168	0.876	0.807	2.35155e-12
800   	3100  	192.246		1.83054629024	0.985	0.909	1.80941e-12		1.79415322295	0.876	0.808	2.348e-12
800   	3100  	192.498		1.83083600166	0.985	0.909	1.80812e-12		1.79453271968	0.877	0.808	2.34446e-12
800   	3100  	192.75		1.83112493468	0.985	0.909	1.80683e-12		1.79491119539	0.877	0.809	2.34094e-12
800   	3100  	193.001		1.83141309241	0.985	0.909	1.80555e-12		1.79528865358	0.877	0.809	2.33744e-12
800   	3100  	193.253		1.83170047792	0.985	0.91	1.80427e-12		1.79566509776	0.877	0.81	2.33396e-12
800   	3100  	193.505		1.83198709429	0.985	0.91	1.803e-12		1.79604053142	0.877	0.81	2.33049e-12
800   	3100  	193.756		1.83227294458	0.985	0.91	1.80173e-12		1.79641495802	0.877	0.811	2.32704e-12
800   	3100  	194.008		1.83255803182	0.985	0.91	1.80047e-12		1.79678838103	0.878	0.812	2.32361e-12
800   	3100  	194.26		1.83284235904	0.985	0.911	1.79921e-12		1.79716080392	0.878	0.812	2.32019e-12
800   	3100  	194.511		1.83312592925	0.985	0.911	1.79796e-12		1.79753223011	0.878	0.813	2.31679e-12
800   	3100  	194.763		1.83340874544	0.985	0.911	1.79671e-12		1.79790266304	0.878	0.813	2.31341e-12
800   	3100  	195.015		1.8336908106	0.985	0.911	1.79547e-12		1.79827210613	0.878	0.814	2.31004e-12
800   	3100  	195.266		1.8339721277	0.985	0.912	1.79423e-12		1.79864056278	0.878	0.814	2.30669e-12
800   	3100  	195.518		1.83425269969	0.985	0.912	1.79299e-12		1.7990080364	0.879	0.815	2.30335e-12
800   	3100  	195.77		1.8345325295	0.985	0.912	1.79176e-12		1.79937453037	0.879	0.816	2.30004e-12
800   	3100  	196.021		1.83481162007	0.985	0.912	1.79054e-12		1.79974004807	0.879	0.816	2.29673e-12
800   	3100  	196.273		1.8350899743	0.985	0.913	1.78932e-12		1.80010459286	0.879	0.817	2.29345e-12
800   	3100  	196.525		1.8353675951	0.985	0.913	1.7881e-12		1.80046816808	0.879	0.817	2.29018e-12
800   	3100  	196.776		1.83564448533	0.985	0.913	1.78689e-12		1.80083077709	0.879	0.818	2.28692e-12
800   	3100  	197.028		1.83592064789	0.985	0.913	1.78568e-12		1.80119242321	0.88	0.818	2.28368e-12
800   	3100  	197.28		1.83619608561	0.985	0.914	1.78447e-12		1.80155310976	0.88	0.819	2.28046e-12
800   	3100  	197.531		1.83647080135	0.985	0.914	1.78327e-12		1.80191284006	0.88	0.819	2.27725e-12
800   	3100  	197.783		1.83674479793	0.985	0.914	1.78208e-12		1.80227161739	0.88	0.82	2.27405e-12
800   	3100  	198.035		1.83701807816	0.985	0.914	1.78089e-12		1.80262944504	0.88	0.82	2.27087e-12
800   	3100  	198.286		1.83729064485	0.985	0.915	1.7797e-12		1.80298632629	0.88	0.821	2.26771e-12
800   	3100  	198.538		1.8375625008	0.986	0.915	1.77852e-12		1.8033422644	0.881	0.822	2.26456e-12
800   	3200  	186.206		1.82426997099	0.984	0.902	1.89273e-12		1.78552591209	0.872	0.793	2.50676e-12
800   	3200  	186.458		1.82457705144	0.985	0.903	1.89129e-12		1.78592919362	0.872	0.794	2.50267e-12
800   	3200  	186.71		1.82488328258	0.985	0.903	1.88986e-12		1.78633137208	0.873	0.795	2.4986e-12
800   	3200  	186.961		1.82518866787	0.985	0.903	1.88844e-12		1.78673245123	0.873	0.795	2.49455e-12
800   	3200  	187.213		1.82549321074	0.985	0.904	1.88702e-12		1.78713243482	0.873	0.796	2.49052e-12
800   	3200  	187.465		1.82579691461	0.985	0.904	1.8856e-12		1.7875313266	0.873	0.796	2.48652e-12
800   	3200  	187.716		1.82609978287	0.985	0.904	1.88419e-12		1.78792913029	0.873	0.797	2.48253e-12
800   	3200  	187.968		1.82640181891	0.985	0.904	1.88279e-12		1.78832584962	0.873	0.798	2.47856e-12
800   	3200  	188.22		1.82670302609	0.985	0.905	1.88139e-12		1.78872148829	0.874	0.798	2.47462e-12
800   	3200  	188.471		1.82700340777	0.985	0.905	1.88e-12		1.78911605  	0.874	0.799	2.47069e-12
800   	3200  	188.723		1.82730296727	0.985	0.905	1.87861e-12		1.78950953844	0.874	0.8	2.46679e-12
800   	3200  	188.975		1.82760170792	0.985	0.905	1.87723e-12		1.78990195728	0.874	0.8	2.4629e-12
800   	3200  	189.226		1.82789963301	0.985	0.906	1.87585e-12		1.79029331017	0.874	0.801	2.45903e-12
800   	3200  	189.478		1.82819674582	0.985	0.906	1.87448e-12		1.79068360078	0.875	0.801	2.45519e-12
800   	3200  	189.73		1.82849304963	0.985	0.906	1.87311e-12		1.79107283274	0.875	0.802	2.45136e-12
800   	3200  	189.981		1.82878854768	0.985	0.907	1.87175e-12		1.79146100969	0.875	0.803	2.44755e-12
800   	3200  	190.233		1.82908324322	0.985	0.907	1.8704e-12		1.79184813523	0.875	0.803	2.44376e-12
800   	3200  	190.485		1.82937713945	0.985	0.907	1.86905e-12		1.79223421297	0.875	0.804	2.43999e-12
800   	3200  	190.736		1.82967023959	0.985	0.907	1.8677e-12		1.79261924651	0.875	0.804	2.43624e-12
800   	3200  	190.988		1.82996254683	0.985	0.908	1.86636e-12		1.79300323942	0.876	0.805	2.43251e-12
800   	3200  	191.24		1.83025406433	0.985	0.908	1.86503e-12		1.79338619529	0.876	0.806	2.4288e-12
800   	3200  	191.491		1.83054479526	0.985	0.908	1.8637e-12		1.79376811767	0.876	0.806	2.4251e-12
800   	3200  	191.743		1.83083474275	0.985	0.909	1.86237e-12		1.79414901011	0.876	0.807	2.42143e-12
800   	3200  	191.995		1.83112390994	0.985	0.909	1.86105e-12		1.79452887615	0.876	0.807	2.41777e-12
800   	3200  	192.246		1.83141229993	0.985	0.909	1.85973e-12		1.79490771931	0.876	0.808	2.41413e-12
800   	3200  	192.498		1.83169991583	0.985	0.909	1.85842e-12		1.79528554311	0.877	0.808	2.41051e-12
800   	3200  	192.75		1.83198676071	0.986	0.91	1.85712e-12		1.79566235105	0.877	0.809	2.4069e-12
800   	3200  	193.001		1.83227283764	0.986	0.91	1.85582e-12		1.79603814662	0.877	0.81	2.40332e-12
800   	3200  	193.253		1.83255814967	0.986	0.91	1.85452e-12		1.79641293331	0.877	0.81	2.39975e-12
800   	3200  	193.505		1.83284269984	0.986	0.91	1.85323e-12		1.79678671458	0.877	0.811	2.3962e-12
800   	3200  	193.756		1.83312649118	0.986	0.911	1.85194e-12		1.7971594939	0.877	0.811	2.39266e-12
800   	3200  	194.008		1.83340952668	0.986	0.911	1.85066e-12		1.7975312747	0.878	0.812	2.38915e-12
800   	3200  	194.26		1.83369180935	0.986	0.911	1.84939e-12		1.79790206043	0.878	0.813	2.38565e-12
800   	3200  	194.511		1.83397334217	0.986	0.911	1.84811e-12		1.79827185451	0.878	0.813	2.38216e-12
800   	3200  	194.763		1.83425412808	0.986	0.912	1.84685e-12		1.79864066035	0.878	0.814	2.3787e-12
800   	3200  	195.015		1.83453417006	0.986	0.912	1.84558e-12		1.79900848136	0.878	0.814	2.37525e-12
800   	3200  	195.266		1.83481347103	0.986	0.912	1.84433e-12		1.79937532092	0.878	0.815	2.37182e-12
800   	3200  	195.518		1.83509203392	0.986	0.912	1.84307e-12		1.79974118242	0.879	0.815	2.3684e-12
800   	3200  	195.77		1.83536986163	0.986	0.913	1.84182e-12		1.80010606923	0.879	0.816	2.365e-12
800   	3200  	196.021		1.83564695706	0.986	0.913	1.84058e-12		1.8004699847	0.879	0.816	2.36162e-12
800   	3200  	196.273		1.83592332309	0.986	0.913	1.83934e-12		1.80083293218	0.879	0.817	2.35825e-12
800   	3200  	196.525		1.83619896258	0.986	0.913	1.8381e-12		1.80119491501	0.879	0.818	2.3549e-12
800   	3200  	196.776		1.83647387839	0.986	0.914	1.83687e-12		1.80155593651	0.879	0.818	2.35157e-12
800   	3200  	197.028		1.83674807336	0.986	0.914	1.83565e-12		1.80191599998	0.88	0.819	2.34825e-12
800   	3200  	197.28		1.83702155031	0.986	0.914	1.83442e-12		1.80227510875	0.88	0.819	2.34495e-12
800   	3200  	197.531		1.83729431206	0.986	0.914	1.83321e-12		1.80263326609	0.88	0.82	2.34166e-12
800   	3200  	197.783		1.83756636141	0.986	0.915	1.83199e-12		1.80299047529	0.88	0.82	2.33839e-12
800   	3200  	198.035		1.83783770113	0.986	0.915	1.83078e-12		1.80334673961	0.88	0.821	2.33513e-12
800   	3200  	198.286		1.838108334 	0.986	0.915	1.82958e-12		1.80370206232	0.88	0.821	2.33189e-12
800   	3200  	198.538		1.83837826279	0.986	0.915	1.82838e-12		1.80405644666	0.881	0.822	2.32866e-12
800   	3300  	186.206		1.82511176839	0.985	0.903	1.94367e-12		1.78625902914	0.872	0.794	2.57507e-12
800   	3300  	186.458		1.82541674793	0.985	0.903	1.94221e-12		1.78666063912	0.872	0.794	2.57089e-12
800   	3300  	186.71		1.82572088578	0.985	0.903	1.94076e-12		1.78706115128	0.873	0.795	2.56672e-12
800   	3300  	186.961		1.82602418536	0.985	0.904	1.93931e-12		1.78746056936	0.873	0.796	2.56258e-12
800   	3300  	187.213		1.82632665006	0.985	0.904	1.93787e-12		1.7878588971	0.873	0.796	2.55845e-12
800   	3300  	187.465		1.82662828326	0.986	0.904	1.93643e-12		1.78825613823	0.873	0.797	2.55435e-12
800   	3300  	187.716		1.82692908834	0.986	0.905	1.935e-12		1.78865229646	0.873	0.797	2.55027e-12
800   	3300  	187.968		1.82722906863	0.986	0.905	1.93358e-12		1.78904737549	0.873	0.798	2.54621e-12
800   	3300  	188.22		1.82752822747	0.986	0.905	1.93216e-12		1.78944137901	0.874	0.799	2.54217e-12
800   	3300  	188.471		1.82782656817	0.986	0.905	1.93075e-12		1.7898343107	0.874	0.799	2.53815e-12
800   	3300  	188.723		1.82812409404	0.986	0.906	1.92934e-12		1.79022617423	0.874	0.8	2.53416e-12
800   	3300  	188.975		1.82842080836	0.986	0.906	1.92794e-12		1.79061697325	0.874	0.8	2.53018e-12
800   	3300  	189.226		1.82871671439	0.986	0.906	1.92654e-12		1.79100671142	0.874	0.801	2.52622e-12
800   	3300  	189.478		1.82901181539	0.986	0.907	1.92515e-12		1.79139539236	0.874	0.802	2.52228e-12
800   	3300  	189.73		1.82930611459	0.986	0.907	1.92376e-12		1.79178301969	0.875	0.802	2.51837e-12
800   	3300  	189.981		1.82959961521	0.986	0.907	1.92238e-12		1.79216959703	0.875	0.803	2.51447e-12
800   	3300  	190.233		1.82989232045	0.986	0.907	1.92101e-12		1.79255512797	0.875	0.803	2.51059e-12
800   	3300  	190.485		1.8301842335	0.986	0.908	1.91963e-12		1.79293961611	0.875	0.804	2.50673e-12
800   	3300  	190.736		1.83047535753	0.986	0.908	1.91827e-12		1.79332306503	0.875	0.805	2.50289e-12
800   	3300  	190.988		1.8307656957	0.986	0.908	1.91691e-12		1.79370547827	0.876	0.805	2.49907e-12
800   	3300  	191.24		1.83105525115	0.986	0.908	1.91555e-12		1.79408685941	0.876	0.806	2.49527e-12
800   	3300  	191.491		1.83134402701	0.986	0.909	1.9142e-12		1.79446721199	0.876	0.806	2.49149e-12
800   	3300  	191.743		1.83163202639	0.986	0.909	1.91286e-12		1.79484653953	0.876	0.807	2.48773e-12
800   	3300  	191.995		1.83191925238	0.986	0.909	1.91152e-12		1.79522484555	0.876	0.808	2.48398e-12
800   	3300  	192.246		1.83220570806	0.986	0.909	1.91018e-12		1.79560213358	0.876	0.808	2.48026e-12
800   	3300  	192.498		1.8324913965	0.986	0.91	1.90885e-12		1.79597840709	0.877	0.809	2.47655e-12
800   	3300  	192.75		1.83277632076	0.986	0.91	1.90753e-12		1.79635366959	0.877	0.809	2.47286e-12
800   	3300  	193.001		1.83306048385	0.986	0.91	1.90621e-12		1.79672792453	0.877	0.81	2.46919e-12
800   	3300  	193.253		1.83334388882	0.986	0.911	1.90489e-12		1.7971011754	0.877	0.811	2.46553e-12
800   	3300  	193.505		1.83362653866	0.986	0.911	1.90358e-12		1.79747342564	0.877	0.811	2.4619e-12
800   	3300  	193.756		1.83390843637	0.986	0.911	1.90227e-12		1.7978446787	0.877	0.812	2.45828e-12
800   	3300  	194.008		1.83418958492	0.986	0.911	1.90097e-12		1.798214938 	0.878	0.812	2.45468e-12
800   	3300  	194.26		1.83446998728	0.987	0.912	1.89968e-12		1.79858420696	0.878	0.813	2.4511e-12
800   	3300  	194.511		1.8347496464	0.987	0.912	1.89839e-12		1.79895248899	0.878	0.813	2.44753e-12
800   	3300  	194.763		1.83502856521	0.987	0.912	1.8971e-12		1.79931978749	0.878	0.814	2.44398e-12
800   	3300  	195.015		1.83530674663	0.987	0.912	1.89582e-12		1.79968610584	0.878	0.814	2.44045e-12
800   	3300  	195.266		1.83558419358	0.987	0.913	1.89454e-12		1.80005144743	0.878	0.815	2.43694e-12
800   	3300  	195.518		1.83586090893	0.987	0.913	1.89327e-12		1.8004158156	0.879	0.816	2.43344e-12
800   	3300  	195.77		1.83613689558	0.987	0.913	1.892e-12		1.80077921372	0.879	0.816	2.42996e-12
800   	3300  	196.021		1.83641215639	0.987	0.913	1.89074e-12		1.80114164512	0.879	0.817	2.4265e-12
800   	3300  	196.273		1.83668669421	0.987	0.914	1.88948e-12		1.80150311315	0.879	0.817	2.42305e-12
800   	3300  	196.525		1.83696051187	0.987	0.914	1.88822e-12		1.8018636211	0.879	0.818	2.41962e-12
800   	3300  	196.776		1.83723361221	0.987	0.914	1.88697e-12		1.8022231723	0.879	0.818	2.41621e-12
800   	3300  	197.028		1.83750599803	0.987	0.914	1.88573e-12		1.80258177004	0.88	0.819	2.41281e-12
800   	3300  	197.28		1.83777767213	0.987	0.915	1.88449e-12		1.8029394176	0.88	0.819	2.40943e-12
800   	3300  	197.531		1.8380486373	0.987	0.915	1.88325e-12		1.80329611827	0.88	0.82	2.40606e-12
800   	3300  	197.783		1.83831889631	0.987	0.915	1.88202e-12		1.8036518753	0.88	0.82	2.40271e-12
800   	3300  	198.035		1.8385884519	0.987	0.915	1.88079e-12		1.80400669195	0.88	0.821	2.39938e-12
800   	3300  	198.286		1.83885730684	0.987	0.916	1.87957e-12		1.80436057146	0.88	0.822	2.39606e-12
800   	3300  	198.538		1.83912546385	0.987	0.916	1.87835e-12		1.80471351707	0.881	0.822	2.39276e-12
800   	3400  	186.206		1.8258850877	0.986	0.903	1.99473e-12		1.78693552965	0.872	0.794	2.64338e-12
800   	3400  	186.458		1.82618812964	0.986	0.904	1.99325e-12		1.78733558655	0.872	0.795	2.6391e-12
800   	3400  	186.71		1.82649033696	0.986	0.904	1.99177e-12		1.78773455056	0.873	0.795	2.63484e-12
800   	3400  	186.961		1.82679171302	0.986	0.904	1.9903e-12		1.78813242542	0.873	0.796	2.6306e-12
800   	3400  	187.213		1.8270922612	0.986	0.904	1.98884e-12		1.78852921485	0.873	0.796	2.62638e-12
800   	3400  	187.465		1.82739198485	0.986	0.905	1.98739e-12		1.78892492255	0.873	0.797	2.62218e-12
800   	3400  	187.716		1.8276908873	0.986	0.905	1.98593e-12		1.78931955221	0.873	0.798	2.61801e-12
800   	3400  	187.968		1.82798897187	0.986	0.905	1.98449e-12		1.78971310753	0.873	0.798	2.61385e-12
800   	3400  	188.22		1.82828624185	0.986	0.906	1.98305e-12		1.79010559218	0.874	0.799	2.60972e-12
800   	3400  	188.471		1.82858270053	0.986	0.906	1.98161e-12		1.79049700981	0.874	0.8	2.60561e-12
800   	3400  	188.723		1.82887835119	0.986	0.906	1.98019e-12		1.79088736409	0.874	0.8	2.60152e-12
800   	3400  	188.975		1.82917319706	0.987	0.906	1.97876e-12		1.79127665864	0.874	0.801	2.59745e-12
800   	3400  	189.226		1.82946724139	0.987	0.907	1.97734e-12		1.79166489711	0.874	0.801	2.5934e-12
800   	3400  	189.478		1.8297604874	0.987	0.907	1.97593e-12		1.7920520831	0.874	0.802	2.58937e-12
800   	3400  	189.73		1.83005293829	0.987	0.907	1.97452e-12		1.79243822022	0.875	0.803	2.58537e-12
800   	3400  	189.981		1.83034459725	0.987	0.907	1.97312e-12		1.79282331206	0.875	0.803	2.58138e-12
800   	3400  	190.233		1.83063546746	0.987	0.908	1.97173e-12		1.79320736222	0.875	0.804	2.57741e-12
800   	3400  	190.485		1.83092555206	0.987	0.908	1.97033e-12		1.79359037425	0.875	0.804	2.57346e-12
800   	3400  	190.736		1.83121485421	0.987	0.908	1.96895e-12		1.79397235172	0.875	0.805	2.56953e-12
800   	3400  	190.988		1.83150337703	0.987	0.909	1.96757e-12		1.79435329818	0.875	0.806	2.56563e-12
800   	3400  	191.24		1.83179112362	0.987	0.909	1.96619e-12		1.79473321717	0.876	0.806	2.56174e-12
800   	3400  	191.491		1.8320780971	0.987	0.909	1.96482e-12		1.79511211222	0.876	0.807	2.55787e-12
800   	3400  	191.743		1.83236430053	0.987	0.909	1.96345e-12		1.79548998683	0.876	0.807	2.55402e-12
800   	3400  	191.995		1.83264973699	0.987	0.91	1.96209e-12		1.79586684451	0.876	0.808	2.55019e-12
800   	3400  	192.246		1.83293440953	0.987	0.91	1.96074e-12		1.79624268876	0.876	0.808	2.54637e-12
800   	3400  	192.498		1.83321832118	0.987	0.91	1.95939e-12		1.79661752306	0.876	0.809	2.54258e-12
800   	3400  	192.75		1.83350147497	0.987	0.91	1.95804e-12		1.79699135088	0.877	0.81	2.5388e-12
800   	3400  	193.001		1.83378387389	0.987	0.911	1.9567e-12		1.79736417567	0.877	0.81	2.53505e-12
800   	3400  	193.253		1.83406552096	0.987	0.911	1.95537e-12		1.79773600088	0.877	0.811	2.53131e-12
800   	3400  	193.505		1.83434641914	0.987	0.911	1.95404e-12		1.79810682996	0.877	0.811	2.52759e-12
800   	3400  	193.756		1.8346265714	0.987	0.911	1.95271e-12		1.79847666633	0.877	0.812	2.52389e-12
800   	3400  	194.008		1.83490598068	0.987	0.912	1.95139e-12		1.79884551339	0.878	0.812	2.5202e-12
800   	3400  	194.26		1.83518464993	0.987	0.912	1.95007e-12		1.79921337457	0.878	0.813	2.51654e-12
800   	3400  	194.511		1.83546258207	0.987	0.912	1.94876e-12		1.79958025323	0.878	0.814	2.51289e-12
800   	3400  	194.763		1.83573978  	0.987	0.912	1.94746e-12		1.79994615278	0.878	0.814	2.50926e-12
800   	3400  	195.015		1.83601624661	0.987	0.913	1.94615e-12		1.80031107657	0.878	0.815	2.50565e-12
800   	3400  	195.266		1.83629198479	0.987	0.913	1.94486e-12		1.80067502797	0.878	0.815	2.50205e-12
800   	3400  	195.518		1.83656699741	0.987	0.913	1.94356e-12		1.80103801033	0.879	0.816	2.49847e-12
800   	3400  	195.77		1.8368412873	0.987	0.913	1.94228e-12		1.80140002698	0.879	0.816	2.49491e-12
800   	3400  	196.021		1.83711485732	0.987	0.914	1.94099e-12		1.80176108124	0.879	0.817	2.49137e-12
800   	3400  	196.273		1.83738771029	0.987	0.914	1.93972e-12		1.80212117643	0.879	0.817	2.48784e-12
800   	3400  	196.525		1.83765984902	0.988	0.914	1.93844e-12		1.80248031586	0.879	0.818	2.48433e-12
800   	3400  	196.776		1.8379312763	0.988	0.914	1.93717e-12		1.80283850282	0.879	0.819	2.48084e-12
800   	3400  	197.028		1.83820199492	0.988	0.915	1.93591e-12		1.80319574058	0.88	0.819	2.47736e-12
800   	3400  	197.28		1.83847200766	0.988	0.915	1.93465e-12		1.80355203243	0.88	0.82	2.4739e-12
800   	3400  	197.531		1.83874131727	0.988	0.915	1.93339e-12		1.80390738161	0.88	0.82	2.47046e-12
800   	3400  	197.783		1.8390099265	0.988	0.915	1.93214e-12		1.80426179138	0.88	0.821	2.46703e-12
800   	3400  	198.035		1.83927783807	0.988	0.916	1.93089e-12		1.80461526498	0.88	0.821	2.46362e-12
800   	3400  	198.286		1.83954505471	0.988	0.916	1.92965e-12		1.80496780564	0.88	0.822	2.46022e-12
800   	3400  	198.538		1.83981157913	0.988	0.916	1.92841e-12		1.80531941656	0.88	0.822	2.45684e-12
800   	3500  	186.206		1.82659716004	0.987	0.904	2.04589e-12		1.78820824528	0.000544	0.889	2.24483e-12
800   	3500  	186.458		1.82689841129	0.987	0.904	2.04439e-12		1.78861054999	0.000541	0.89	2.24256e-12
800   	3500  	186.71		1.82719883446	0.987	0.904	2.0429e-12		1.7890116367	0.000538	0.89	2.2403e-12
800   	3500  	186.961		1.82749843292	0.987	0.905	2.04141e-12		1.78941151068	0.000535	0.89	2.23805e-12
800   	3500  	187.213		1.82779720999	0.987	0.905	2.03992e-12		1.78981017719	0.000532	0.891	2.2358e-12
800   	3500  	187.465		1.82809516899	0.987	0.905	2.03844e-12		1.79020764144	0.00053	0.891	2.23357e-12
800   	3500  	187.716		1.82839231324	0.987	0.905	2.03697e-12		1.79060390864	0.000527	0.891	2.23135e-12
800   	3500  	187.968		1.82868864601	0.987	0.906	2.0355e-12		1.79099898395	0.000524	0.892	2.22914e-12
800   	3500  	188.22		1.82898417057	0.987	0.906	2.03404e-12		1.79139287251	0.000521	0.892	2.22694e-12
800   	3500  	188.471		1.82927889019	0.987	0.906	2.03259e-12		1.79178557944	0.000518	0.892	2.22475e-12
800   	3500  	188.723		1.8295728081	0.987	0.906	2.03113e-12		1.79217710982	0.000516	0.893	2.22257e-12
800   	3500  	188.975		1.82986592751	0.987	0.907	2.02969e-12		1.79256746872	0.000513	0.893	2.2204e-12
800   	3500  	189.226		1.83015825165	0.987	0.907	2.02825e-12		1.79295666118	0.00051	0.893	2.21824e-12
800   	3500  	189.478		1.8304497837	0.987	0.907	2.02682e-12		1.79334469219	0.000508	0.894	2.21609e-12
800   	3500  	189.73		1.83074052683	0.987	0.908	2.02539e-12		1.79373156675	0.000505	0.894	2.21395e-12
800   	3500  	189.981		1.83103048421	0.987	0.908	2.02396e-12		1.79411728981	0.000502	0.894	2.21181e-12
800   	3500  	190.233		1.83131965899	0.987	0.908	2.02255e-12		1.79450186631	0.0005	0.895	2.20969e-12
800   	3500  	190.485		1.83160805428	0.987	0.908	2.02113e-12		1.79488530114	0.000497	0.895	2.20758e-12
800   	3500  	190.736		1.8318956732	0.987	0.909	2.01973e-12		1.7952675992	0.000495	0.895	2.20547e-12
800   	3500  	190.988		1.83218251886	0.987	0.909	2.01833e-12		1.79564876533	0.000492	0.896	2.20338e-12
800   	3500  	191.24		1.83246859433	0.988	0.909	2.01693e-12		1.79602880437	0.00049	0.896	2.20129e-12
800   	3500  	191.491		1.83275390269	0.988	0.909	2.01554e-12		1.79640772111	0.000487	0.896	2.19921e-12
800   	3500  	191.743		1.83303844699	0.988	0.91	2.01415e-12		1.79678552035	0.000485	0.897	2.19714e-12
800   	3500  	191.995		1.83332223027	0.988	0.91	2.01277e-12		1.79716220684	0.000482	0.897	2.19508e-12
800   	3500  	192.246		1.83360525555	0.988	0.91	2.01139e-12		1.79753778531	0.00048	0.897	2.19303e-12
800   	3500  	192.498		1.83388752584	0.988	0.91	2.01002e-12		1.79791226046	0.000477	0.898	2.19099e-12
800   	3500  	192.75		1.83416904414	0.988	0.911	2.00866e-12		1.79828563699	0.000475	0.898	2.18896e-12
800   	3500  	193.001		1.83444981342	0.988	0.911	2.0073e-12		1.79865791954	0.000472	0.898	2.18694e-12
800   	3500  	193.253		1.83472983666	0.988	0.911	2.00594e-12		1.79902911276	0.00047	0.899	2.18492e-12
800   	3500  	193.505		1.83500911681	0.988	0.912	2.00459e-12		1.79939922125	0.000467	0.899	2.18292e-12
800   	3500  	193.756		1.8352876568	0.988	0.912	2.00324e-12		1.7997682496	0.000465	0.899	2.18092e-12
800   	3500  	194.008		1.83556545956	0.988	0.912	2.0019e-12		1.80013620238	0.000463	0.9	2.17893e-12
800   	3500  	194.26		1.835842528 	0.988	0.912	2.00057e-12		1.80050308412	0.00046	0.9	2.17695e-12
800   	3500  	194.511		1.83611886501	0.988	0.913	1.99923e-12		1.80086889935	0.000458	0.9	2.17498e-12
800   	3500  	194.763		1.83639447347	0.988	0.913	1.99791e-12		1.80123365256	0.000456	0.901	2.17301e-12
800   	3500  	195.015		1.83666935625	0.988	0.913	1.99659e-12		1.80159734822	0.000453	0.901	2.17106e-12
800   	3500  	195.266		1.83694351622	0.988	0.913	1.99527e-12		1.80195999077	0.000451	0.901	2.16911e-12
800   	3500  	195.518		1.83721695619	0.988	0.914	1.99396e-12		1.80232158465	0.000449	0.901	2.16717e-12
800   	3500  	195.77		1.83748967902	0.988	0.914	1.99265e-12		1.80268213425	0.000447	0.902	2.16524e-12
800   	3500  	196.021		1.83776168749	0.988	0.914	1.99135e-12		1.80304164397	0.000444	0.902	2.16332e-12
800   	3500  	196.273		1.83803298443	0.988	0.914	1.99005e-12		1.80340011815	0.000442	0.902	2.1614e-12
800   	3500  	196.525		1.83830357261	0.988	0.915	1.98875e-12		1.80375756113	0.00044	0.903	2.15949e-12
800   	3500  	196.776		1.8385734548	0.988	0.915	1.98747e-12		1.80411397723	0.000438	0.903	2.1576e-12
800   	3500  	197.028		1.83884263377	0.988	0.915	1.98618e-12		1.80446937074	0.000436	0.903	2.1557e-12
800   	3500  	197.28		1.83911111227	0.988	0.915	1.9849e-12		1.80482374593	0.000433	0.904	2.15382e-12
800   	3500  	197.531		1.83937889302	0.988	0.915	1.98363e-12		1.80517710705	0.000431	0.904	2.15195e-12
800   	3500  	197.783		1.83964597875	0.988	0.916	1.98236e-12		1.80552945833	0.000429	0.904	2.15008e-12
800   	3500  	198.035		1.83991237217	0.988	0.916	1.98109e-12		1.80588080397	0.000427	0.904	2.14822e-12
800   	3500  	198.286		1.84017807597	0.988	0.916	1.97983e-12		1.80623114815	0.000425	0.905	2.14637e-12
800   	3500  	198.538		1.84044309283	0.988	0.916	1.97857e-12		1.80658049505	0.000423	0.905	2.14452e-12
800   	3600  	186.206		1.82725428759	0.987	0.904	2.09716e-12		1.79084524469	0.000501	0.891	2.2898e-12
800   	3600  	186.458		1.82755388064	0.988	0.904	2.09563e-12		1.79124090762	0.000498	0.891	2.28753e-12
800   	3600  	186.71		1.82785265171	0.988	0.905	2.09412e-12		1.79163537648	0.000496	0.892	2.28528e-12
800   	3600  	186.961		1.82815060414	0.988	0.905	2.0926e-12		1.79202865642	0.000493	0.892	2.28303e-12
800   	3600  	187.213		1.82844774123	0.988	0.905	2.0911e-12		1.79242075261	0.000491	0.892	2.28079e-12
800   	3600  	187.465		1.82874406628	0.988	0.905	2.0896e-12		1.79281167015	0.000488	0.893	2.27857e-12
800   	3600  	187.716		1.82903958255	0.988	0.906	2.0881e-12		1.79320141414	0.000485	0.893	2.27635e-12
800   	3600  	187.968		1.82933429332	0.988	0.906	2.08661e-12		1.79358998965	0.000483	0.893	2.27414e-12
800   	3600  	188.22		1.82962820181	0.988	0.906	2.08513e-12		1.79397740172	0.00048	0.894	2.27195e-12
800   	3600  	188.471		1.82992131127	0.988	0.907	2.08365e-12		1.79436365536	0.000478	0.894	2.26976e-12
800   	3600  	188.723		1.83021362489	0.988	0.907	2.08218e-12		1.79474875556	0.000475	0.894	2.26759e-12
800   	3600  	188.975		1.83050514587	0.988	0.907	2.08071e-12		1.79513270728	0.000473	0.895	2.26542e-12
800   	3600  	189.226		1.8307958774	0.988	0.907	2.07925e-12		1.79551551546	0.00047	0.895	2.26326e-12
800   	3600  	189.478		1.83108582264	0.988	0.908	2.0778e-12		1.79589718499	0.000468	0.895	2.26111e-12
800   	3600  	189.73		1.83137498474	0.988	0.908	2.07635e-12		1.79627772078	0.000465	0.896	2.25897e-12
800   	3600  	189.981		1.83166336682	0.988	0.908	2.0749e-12		1.79665712768	0.000463	0.896	2.25684e-12
800   	3600  	190.233		1.83195097202	0.988	0.908	2.07346e-12		1.79703541051	0.000461	0.896	2.25472e-12
800   	3600  	190.485		1.83223780343	0.988	0.909	2.07203e-12		1.7974125741	0.000458	0.897	2.25261e-12
800   	3600  	190.736		1.83252386413	0.988	0.909	2.0706e-12		1.79778862322	0.000456	0.897	2.25051e-12
800   	3600  	190.988		1.83280915721	0.988	0.909	2.06918e-12		1.79816356263	0.000454	0.897	2.24842e-12
800   	3600  	191.24		1.83309368571	0.988	0.91	2.06776e-12		1.79853739706	0.000451	0.898	2.24634e-12
800   	3600  	191.491		1.83337745269	0.988	0.91	2.06635e-12		1.79891013123	0.000449	0.898	2.24426e-12
800   	3600  	191.743		1.83366046117	0.988	0.91	2.06494e-12		1.79928176982	0.000447	0.898	2.2422e-12
800   	3600  	191.995		1.83394271416	0.988	0.91	2.06354e-12		1.79965231749	0.000444	0.898	2.24014e-12
800   	3600  	192.246		1.83422421467	0.988	0.911	2.06214e-12		1.80002177888	0.000442	0.899	2.23809e-12
800   	3600  	192.498		1.83450496567	0.988	0.911	2.06075e-12		1.80039015859	0.00044	0.899	2.23605e-12
800   	3600  	192.75		1.83478497014	0.988	0.911	2.05936e-12		1.80075746123	0.000438	0.899	2.23402e-12
800   	3600  	193.001		1.83506423103	0.988	0.911	2.05798e-12		1.80112369135	0.000435	0.9	2.232e-12
800   	3600  	193.253		1.83534275129	0.988	0.912	2.0566e-12		1.80148885349	0.000433	0.9	2.22999e-12
800   	3600  	193.505		1.83562053383	0.988	0.912	2.05523e-12		1.80185295218	0.000431	0.9	2.22798e-12
800   	3600  	193.756		1.83589758158	0.988	0.912	2.05386e-12		1.80221599191	0.000429	0.901	2.22599e-12
800   	3600  	194.008		1.83617389744	0.988	0.912	2.0525e-12		1.80257797715	0.000427	0.901	2.224e-12
800   	3600  	194.26		1.83644948428	0.988	0.913	2.05114e-12		1.80293891236	0.000424	0.901	2.22202e-12
800   	3600  	194.511		1.83672434498	0.989	0.913	2.04979e-12		1.80329880195	0.000422	0.902	2.22005e-12
800   	3600  	194.763		1.8369984824	0.989	0.913	2.04845e-12		1.80365765033	0.00042	0.902	2.21809e-12
800   	3600  	195.015		1.83727189938	0.989	0.913	2.0471e-12		1.80401546188	0.000418	0.902	2.21614e-12
800   	3600  	195.266		1.83754459874	0.989	0.914	2.04577e-12		1.80437224097	0.000416	0.902	2.21419e-12
800   	3600  	195.518		1.83781658332	0.989	0.914	2.04443e-12		1.80472799192	0.000414	0.903	2.21225e-12
800   	3600  	195.77		1.83808785591	0.989	0.914	2.04311e-12		1.80508271905	0.000412	0.903	2.21032e-12
800   	3600  	196.021		1.83835841929	0.989	0.914	2.04178e-12		1.80543642666	0.00041	0.903	2.2084e-12
800   	3600  	196.273		1.83862827626	0.989	0.915	2.04046e-12		1.80578911902	0.000408	0.904	2.20649e-12
800   	3600  	196.525		1.83889742956	0.989	0.915	2.03915e-12		1.80614080036	0.000406	0.904	2.20458e-12
800   	3600  	196.776		1.83916588196	0.989	0.915	2.03784e-12		1.80649147493	0.000404	0.904	2.20268e-12
800   	3600  	197.028		1.83943363618	0.989	0.915	2.03654e-12		1.80684114692	0.000402	0.905	2.20079e-12
800   	3600  	197.28		1.83970069496	0.989	0.916	2.03524e-12		1.80718982052	0.0004	0.905	2.19891e-12
800   	3600  	197.531		1.83996706099	0.989	0.916	2.03394e-12		1.8075374999	0.000398	0.905	2.19704e-12
800   	3600  	197.783		1.84023273699	0.989	0.916	2.03265e-12		1.80788418919	0.000396	0.905	2.19517e-12
800   	3600  	198.035		1.84049772563	0.989	0.916	2.03137e-12		1.80822989251	0.000394	0.906	2.19331e-12
800   	3600  	198.286		1.8407620296	0.989	0.916	2.03009e-12		1.80857461398	0.000392	0.906	2.19146e-12
800   	3600  	198.538		1.84102565154	0.989	0.917	2.02881e-12		1.80891835765	0.00039	0.906	2.18961e-12
801   	2700  	186.206		1.81888564142	0.979	0.899	1.64158e-12		1.78103437965	0.873	0.792	2.16504e-12
801   	2700  	186.458		1.81920619645	0.979	0.899	1.64024e-12		1.78144790561	0.873	0.792	2.16144e-12
801   	2700  	186.71		1.81952585385	0.979	0.9	1.6389e-12		1.78186029661	0.873	0.793	2.15785e-12
801   	2700  	186.961		1.81984461729	0.979	0.9	1.63757e-12		1.78227155651	0.873	0.793	2.15428e-12
801   	2700  	187.213		1.82016249041	0.979	0.9	1.63625e-12		1.78268168917	0.873	0.794	2.15074e-12
801   	2700  	187.465		1.82047947684	0.979	0.9	1.63493e-12		1.78309069843	0.873	0.795	2.1472e-12
801   	2700  	187.716		1.82079558019	0.979	0.901	1.63361e-12		1.78349858812	0.874	0.795	2.14369e-12
801   	2700  	187.968		1.82111080406	0.979	0.901	1.63231e-12		1.78390536207	0.874	0.796	2.1402e-12
801   	2700  	188.22		1.82142515201	0.979	0.901	1.631e-12		1.78431102409	0.874	0.797	2.13672e-12
801   	2700  	188.471		1.82173862761	0.979	0.902	1.6297e-12		1.78471557796	0.874	0.797	2.13326e-12
801   	2700  	188.723		1.8220512344	0.98	0.902	1.62841e-12		1.78511902749	0.874	0.798	2.12982e-12
801   	2700  	188.975		1.82236297589	0.98	0.902	1.62712e-12		1.78552137644	0.874	0.798	2.1264e-12
801   	2700  	189.226		1.82267385559	0.98	0.903	1.62584e-12		1.78592262858	0.875	0.799	2.12299e-12
801   	2700  	189.478		1.822983877 	0.98	0.903	1.62456e-12		1.78632278767	0.875	0.8	2.1196e-12
801   	2700  	189.73		1.82329304358	0.98	0.903	1.62329e-12		1.78672185743	0.875	0.8	2.11623e-12
801   	2700  	189.981		1.82360135878	0.98	0.903	1.62202e-12		1.78711984161	0.875	0.801	2.11288e-12
801   	2700  	190.233		1.82390882605	0.98	0.904	1.62076e-12		1.78751674392	0.875	0.802	2.10954e-12
801   	2700  	190.485		1.8242154488	0.98	0.904	1.6195e-12		1.78791256806	0.875	0.802	2.10622e-12
801   	2700  	190.736		1.82452123043	0.98	0.904	1.61825e-12		1.78830731773	0.876	0.803	2.10292e-12
801   	2700  	190.988		1.82482617434	0.98	0.905	1.617e-12		1.78870099662	0.876	0.803	2.09963e-12
801   	2700  	191.24		1.82513028389	0.98	0.905	1.61575e-12		1.78909360839	0.876	0.804	2.09636e-12
801   	2700  	191.491		1.82543356243	0.98	0.905	1.61452e-12		1.78948515671	0.876	0.805	2.09311e-12
801   	2700  	191.743		1.82573601331	0.98	0.905	1.61328e-12		1.78987564522	0.876	0.805	2.08987e-12
801   	2700  	191.995		1.82603763985	0.98	0.906	1.61205e-12		1.79026507756	0.876	0.806	2.08665e-12
801   	2700  	192.246		1.82633844534	0.98	0.906	1.61083e-12		1.79065345736	0.877	0.806	2.08345e-12
801   	2700  	192.498		1.82663843309	0.98	0.906	1.60961e-12		1.79104078823	0.877	0.807	2.08026e-12
801   	2700  	192.75		1.82693760636	0.98	0.906	1.60839e-12		1.79142707377	0.877	0.807	2.07709e-12
801   	2700  	193.001		1.82723596841	0.98	0.907	1.60718e-12		1.79181231758	0.877	0.808	2.07393e-12
801   	2700  	193.253		1.82753352249	0.98	0.907	1.60598e-12		1.79219652324	0.877	0.809	2.07079e-12
801   	2700  	193.505		1.82783027181	0.98	0.907	1.60478e-12		1.79257969431	0.877	0.809	2.06766e-12
801   	2700  	193.756		1.82812621959	0.981	0.908	1.60358e-12		1.79296183435	0.878	0.81	2.06455e-12
801   	2700  	194.008		1.82842136902	0.981	0.908	1.60239e-12		1.7933429469	0.878	0.81	2.06145e-12
801   	2700  	194.26		1.82871572329	0.981	0.908	1.6012e-12		1.79372303551	0.878	0.811	2.05837e-12
801   	2700  	194.511		1.82900928555	0.981	0.908	1.60002e-12		1.79410210369	0.878	0.812	2.05531e-12
801   	2700  	194.763		1.82930205896	0.981	0.909	1.59884e-12		1.79448015496	0.878	0.812	2.05226e-12
801   	2700  	195.015		1.82959404665	0.981	0.909	1.59767e-12		1.7948571928	0.878	0.813	2.04922e-12
801   	2700  	195.266		1.82988525173	0.981	0.909	1.5965e-12		1.79523322073	0.879	0.813	2.0462e-12
801   	2700  	195.518		1.83017567732	0.981	0.909	1.59533e-12		1.7956082422	0.879	0.814	2.0432e-12
801   	2700  	195.77		1.8304653265	0.981	0.91	1.59417e-12		1.79598226069	0.879	0.814	2.0402e-12
801   	2700  	196.021		1.83075420234	0.981	0.91	1.59302e-12		1.79635527965	0.879	0.815	2.03723e-12
801   	2700  	196.273		1.83104230791	0.981	0.91	1.59186e-12		1.79672730252	0.879	0.815	2.03426e-12
801   	2700  	196.525		1.83132964624	0.981	0.911	1.59072e-12		1.79709833274	0.879	0.816	2.03132e-12
801   	2700  	196.776		1.83161622038	0.981	0.911	1.58957e-12		1.79746837373	0.88	0.817	2.02838e-12
801   	2700  	197.028		1.83190203332	0.981	0.911	1.58843e-12		1.79783742889	0.88	0.817	2.02546e-12
801   	2700  	197.28		1.83218708809	0.981	0.911	1.5873e-12		1.79820550163	0.88	0.818	2.02256e-12
801   	2700  	197.531		1.83247138765	0.981	0.912	1.58617e-12		1.79857259533	0.88	0.818	2.01966e-12
801   	2700  	197.783		1.83275493499	0.981	0.912	1.58504e-12		1.79893871336	0.88	0.819	2.01679e-12
801   	2700  	198.035		1.83303773306	0.981	0.912	1.58392e-12		1.7993038591	0.88	0.819	2.01392e-12
801   	2700  	198.286		1.83331978481	0.981	0.912	1.5828e-12		1.79966803589	0.881	0.82	2.01107e-12
801   	2700  	198.538		1.83360109317	0.981	0.913	1.58169e-12		1.80003124707	0.881	0.82	2.00823e-12
801   	2800  	186.206		1.82022491501	0.98	0.9	1.69172e-12		1.78217029137	0.873	0.792	2.23335e-12
801   	2800  	186.458		1.82054220949	0.98	0.9	1.69036e-12		1.78258133521	0.873	0.793	2.22965e-12
801   	2800  	186.71		1.82085861771	0.98	0.9	1.68901e-12		1.78299125133	0.873	0.793	2.22597e-12
801   	2800  	186.961		1.82117414331	0.98	0.901	1.68766e-12		1.78340004357	0.873	0.794	2.2223e-12
801   	2800  	187.213		1.82148878987	0.98	0.901	1.68632e-12		1.78380771578	0.873	0.795	2.21866e-12
801   	2800  	187.465		1.82180256098	0.981	0.901	1.68498e-12		1.78421427176	0.873	0.795	2.21504e-12
801   	2800  	187.716		1.82211546019	0.981	0.902	1.68365e-12		1.78461971535	0.874	0.796	2.21143e-12
801   	2800  	187.968		1.82242749106	0.981	0.902	1.68232e-12		1.78502405033	0.874	0.797	2.20784e-12
801   	2800  	188.22		1.82273865711	0.981	0.902	1.681e-12		1.78542728051	0.874	0.797	2.20428e-12
801   	2800  	188.471		1.82304896184	0.981	0.903	1.67969e-12		1.78582940965	0.874	0.798	2.20073e-12
801   	2800  	188.723		1.82335840876	0.981	0.903	1.67838e-12		1.78623044153	0.874	0.798	2.19719e-12
801   	2800  	188.975		1.82366700134	0.981	0.903	1.67707e-12		1.78663037989	0.874	0.799	2.19368e-12
801   	2800  	189.226		1.82397474303	0.981	0.903	1.67577e-12		1.78702922849	0.875	0.8	2.19018e-12
801   	2800  	189.478		1.82428163729	0.981	0.904	1.67448e-12		1.78742699105	0.875	0.8	2.18671e-12
801   	2800  	189.73		1.82458768752	0.981	0.904	1.67318e-12		1.7878236713	0.875	0.801	2.18325e-12
801   	2800  	189.981		1.82489289714	0.981	0.904	1.6719e-12		1.78821927294	0.875	0.801	2.1798e-12
801   	2800  	190.233		1.82519726955	0.981	0.905	1.67062e-12		1.78861379967	0.875	0.802	2.17638e-12
801   	2800  	190.485		1.82550080811	0.981	0.905	1.66934e-12		1.78900725519	0.875	0.803	2.17297e-12
801   	2800  	190.736		1.82580351618	0.981	0.905	1.66807e-12		1.78939964315	0.876	0.803	2.16958e-12
801   	2800  	190.988		1.82610539711	0.981	0.905	1.66681e-12		1.78979096724	0.876	0.804	2.16621e-12
801   	2800  	191.24		1.82640645422	0.981	0.906	1.66555e-12		1.79018123109	0.876	0.804	2.16285e-12
801   	2800  	191.491		1.82670669081	0.981	0.906	1.66429e-12		1.79057043834	0.876	0.805	2.15951e-12
801   	2800  	191.743		1.82700611019	0.981	0.906	1.66304e-12		1.79095859264	0.876	0.806	2.15619e-12
801   	2800  	191.995		1.82730471563	0.981	0.907	1.6618e-12		1.79134569758	0.876	0.806	2.15288e-12
801   	2800  	192.246		1.82760251039	0.981	0.907	1.66056e-12		1.79173175679	0.877	0.807	2.14959e-12
801   	2800  	192.498		1.82789949771	0.982	0.907	1.65932e-12		1.79211677385	0.877	0.807	2.14631e-12
801   	2800  	192.75		1.82819568083	0.982	0.907	1.65809e-12		1.79250075235	0.877	0.808	2.14306e-12
801   	2800  	193.001		1.82849106295	0.982	0.908	1.65686e-12		1.79288369585	0.877	0.809	2.13981e-12
801   	2800  	193.253		1.82878564729	0.982	0.908	1.65564e-12		1.79326560792	0.877	0.809	2.13659e-12
801   	2800  	193.505		1.82907943701	0.982	0.908	1.65442e-12		1.7936464921	0.877	0.81	2.13338e-12
801   	2800  	193.756		1.82937243529	0.982	0.908	1.65321e-12		1.79402635194	0.878	0.81	2.13019e-12
801   	2800  	194.008		1.82966464527	0.982	0.909	1.652e-12		1.79440519095	0.878	0.811	2.12701e-12
801   	2800  	194.26		1.82995607011	0.982	0.909	1.6508e-12		1.79478301265	0.878	0.811	2.12384e-12
801   	2800  	194.511		1.8302467129	0.982	0.909	1.6496e-12		1.79515982055	0.878	0.812	2.1207e-12
801   	2800  	194.763		1.83053657678	0.982	0.909	1.6484e-12		1.79553561814	0.878	0.813	2.11757e-12
801   	2800  	195.015		1.83082566482	0.982	0.91	1.64721e-12		1.79591040889	0.878	0.813	2.11445e-12
801   	2800  	195.266		1.8311139801	0.982	0.91	1.64603e-12		1.79628419627	0.879	0.814	2.11135e-12
801   	2800  	195.518		1.83140152568	0.982	0.91	1.64485e-12		1.79665698375	0.879	0.814	2.10826e-12
801   	2800  	195.77		1.83168830462	0.982	0.911	1.64367e-12		1.79702877476	0.879	0.815	2.10519e-12
801   	2800  	196.021		1.83197431994	0.982	0.911	1.6425e-12		1.79739957275	0.879	0.815	2.10213e-12
801   	2800  	196.273		1.83225957466	0.982	0.911	1.64133e-12		1.79776938113	0.879	0.816	2.09909e-12
801   	2800  	196.525		1.83254407179	0.982	0.911	1.64016e-12		1.79813820331	0.879	0.817	2.09606e-12
801   	2800  	196.776		1.83282781431	0.982	0.912	1.639e-12		1.79850604271	0.88	0.817	2.09305e-12
801   	2800  	197.028		1.83311080521	0.982	0.912	1.63785e-12		1.7988729027	0.88	0.818	2.09005e-12
801   	2800  	197.28		1.83339304743	0.982	0.912	1.6367e-12		1.79923878667	0.88	0.818	2.08707e-12
801   	2800  	197.531		1.83367454394	0.982	0.912	1.63555e-12		1.79960369798	0.88	0.819	2.0841e-12
801   	2800  	197.783		1.83395529765	0.982	0.913	1.63441e-12		1.79996763999	0.88	0.819	2.08114e-12
801   	2800  	198.035		1.8342353115	0.982	0.913	1.63327e-12		1.80033061604	0.88	0.82	2.0782e-12
801   	2800  	198.286		1.83451458838	0.983	0.913	1.63213e-12		1.80069262946	0.881	0.82	2.07527e-12
801   	2800  	198.538		1.83479313118	0.983	0.913	1.631e-12		1.80105368359	0.881	0.821	2.07236e-12
801   	2900  	186.206		1.82143821007	0.981	0.901	1.74207e-12		1.78320546586	0.873	0.793	2.30166e-12
801   	2900  	186.458		1.82175253347	0.982	0.901	1.74069e-12		1.78361422523	0.873	0.793	2.29787e-12
801   	2900  	186.71		1.82206598108	0.982	0.901	1.73932e-12		1.78402186367	0.873	0.794	2.29409e-12
801   	2900  	186.961		1.82237855648	0.982	0.902	1.73795e-12		1.784428385 	0.873	0.795	2.29033e-12
801   	2900  	187.213		1.82269026321	0.982	0.902	1.73659e-12		1.78483379304	0.873	0.795	2.2866e-12
801   	2900  	187.465		1.82300110482	0.982	0.902	1.73524e-12		1.78523809159	0.873	0.796	2.28288e-12
801   	2900  	187.716		1.82331108482	0.982	0.902	1.73389e-12		1.78564128444	0.874	0.796	2.27918e-12
801   	2900  	187.968		1.82362020671	0.982	0.903	1.73254e-12		1.78604337539	0.874	0.797	2.2755e-12
801   	2900  	188.22		1.82392847397	0.982	0.903	1.7312e-12		1.78644436819	0.874	0.798	2.27184e-12
801   	2900  	188.471		1.82423589007	0.982	0.903	1.72987e-12		1.7868442666	0.874	0.798	2.2682e-12
801   	2900  	188.723		1.82454245846	0.982	0.904	1.72854e-12		1.78724307438	0.874	0.799	2.26457e-12
801   	2900  	188.975		1.82484818257	0.982	0.904	1.72722e-12		1.78764079526	0.874	0.8	2.26097e-12
801   	2900  	189.226		1.82515306582	0.982	0.904	1.7259e-12		1.78803743296	0.875	0.8	2.25738e-12
801   	2900  	189.478		1.82545711159	0.982	0.904	1.72459e-12		1.7884329912	0.875	0.801	2.25381e-12
801   	2900  	189.73		1.82576032328	0.982	0.905	1.72328e-12		1.78882747367	0.875	0.801	2.25026e-12
801   	2900  	189.981		1.82606270425	0.982	0.905	1.72198e-12		1.78922088407	0.875	0.802	2.24673e-12
801   	2900  	190.233		1.82636425785	0.982	0.905	1.72068e-12		1.78961322607	0.875	0.803	2.24322e-12
801   	2900  	190.485		1.8266649874	0.982	0.906	1.71938e-12		1.79000450334	0.875	0.803	2.23972e-12
801   	2900  	190.736		1.82696489623	0.982	0.906	1.7181e-12		1.79039471954	0.876	0.804	2.23624e-12
801   	2900  	190.988		1.82726398763	0.982	0.906	1.71681e-12		1.7907838783	0.876	0.804	2.23278e-12
801   	2900  	191.24		1.82756226489	0.982	0.906	1.71554e-12		1.79117198327	0.876	0.805	2.22934e-12
801   	2900  	191.491		1.82785973127	0.982	0.907	1.71426e-12		1.79155903805	0.876	0.806	2.22591e-12
801   	2900  	191.743		1.82815639003	0.983	0.907	1.71299e-12		1.79194504626	0.876	0.806	2.2225e-12
801   	2900  	191.995		1.8284522444	0.983	0.907	1.71173e-12		1.7923300115	0.876	0.807	2.21911e-12
801   	2900  	192.246		1.8287472976	0.983	0.908	1.71047e-12		1.79271393735	0.877	0.807	2.21573e-12
801   	2900  	192.498		1.82904155284	0.983	0.908	1.70922e-12		1.79309682739	0.877	0.808	2.21237e-12
801   	2900  	192.75		1.8293350133	0.983	0.908	1.70797e-12		1.79347868518	0.877	0.808	2.20903e-12
801   	2900  	193.001		1.82962768215	0.983	0.908	1.70673e-12		1.79385951427	0.877	0.809	2.2057e-12
801   	2900  	193.253		1.82991956256	0.983	0.909	1.70549e-12		1.79423931821	0.877	0.81	2.20239e-12
801   	2900  	193.505		1.83021065767	0.983	0.909	1.70425e-12		1.79461810051	0.877	0.81	2.1991e-12
801   	2900  	193.756		1.8305009706	0.983	0.909	1.70302e-12		1.7949958647	0.878	0.811	2.19582e-12
801   	2900  	194.008		1.83079050447	0.983	0.909	1.7018e-12		1.79537261429	0.878	0.811	2.19256e-12
801   	2900  	194.26		1.83107926237	0.983	0.91	1.70057e-12		1.79574835276	0.878	0.812	2.18932e-12
801   	2900  	194.511		1.83136724739	0.983	0.91	1.69936e-12		1.79612308361	0.878	0.813	2.18609e-12
801   	2900  	194.763		1.83165446259	0.983	0.91	1.69815e-12		1.7964968103	0.878	0.813	2.18287e-12
801   	2900  	195.015		1.83194091103	0.983	0.91	1.69694e-12		1.7968695363	0.878	0.814	2.17968e-12
801   	2900  	195.266		1.83222659574	0.983	0.911	1.69574e-12		1.79724126505	0.879	0.814	2.17649e-12
801   	2900  	195.518		1.83251151974	0.983	0.911	1.69454e-12		1.79761199999	0.879	0.815	2.17333e-12
801   	2900  	195.77		1.83279568606	0.983	0.911	1.69334e-12		1.79798174455	0.879	0.815	2.17018e-12
801   	2900  	196.021		1.83307909767	0.983	0.911	1.69215e-12		1.79835050214	0.879	0.816	2.16704e-12
801   	2900  	196.273		1.83336175757	0.983	0.912	1.69097e-12		1.79871827617	0.879	0.816	2.16392e-12
801   	2900  	196.525		1.83364366871	0.983	0.912	1.68979e-12		1.79908507003	0.879	0.817	2.16081e-12
801   	2900  	196.776		1.83392483405	0.983	0.912	1.68861e-12		1.7994508871	0.88	0.818	2.15772e-12
801   	2900  	197.028		1.83420525652	0.983	0.913	1.68744e-12		1.79981573075	0.88	0.818	2.15464e-12
801   	2900  	197.28		1.83448493905	0.983	0.913	1.68627e-12		1.80017960435	0.88	0.819	2.15158e-12
801   	2900  	197.531		1.83476388455	0.983	0.913	1.68511e-12		1.80054251123	0.88	0.819	2.14853e-12
801   	2900  	197.783		1.83504209591	0.984	0.913	1.68395e-12		1.80090445474	0.88	0.82	2.1455e-12
801   	2900  	198.035		1.83531957602	0.984	0.914	1.68279e-12		1.8012654382	0.88	0.82	2.14248e-12
801   	2900  	198.286		1.83559632774	0.984	0.914	1.68164e-12		1.80162546493	0.881	0.821	2.13948e-12
801   	2900  	198.538		1.83587235393	0.984	0.914	1.68049e-12		1.80198453822	0.881	0.821	2.13649e-12
801   	3000  	186.206		1.82254082863	0.983	0.901	1.7926e-12		1.78415147647	0.873	0.793	2.36998e-12
801   	3000  	186.458		1.82285243751	0.983	0.902	1.7912e-12		1.78455812899	0.873	0.794	2.36609e-12
801   	3000  	186.71		1.82316318024	0.983	0.902	1.78981e-12		1.78496366694	0.873	0.794	2.36222e-12
801   	3000  	186.961		1.82347306035	0.983	0.902	1.78843e-12		1.78536809412	0.873	0.795	2.35836e-12
801   	3000  	187.213		1.82378208136	0.983	0.903	1.78705e-12		1.78577141433	0.873	0.796	2.35453e-12
801   	3000  	187.465		1.82409024675	0.983	0.903	1.78567e-12		1.78617363136	0.873	0.796	2.35072e-12
801   	3000  	187.716		1.82439756  	0.983	0.903	1.78431e-12		1.78657474898	0.874	0.797	2.34693e-12
801   	3000  	187.968		1.82470402456	0.983	0.903	1.78294e-12		1.78697477096	0.874	0.797	2.34316e-12
801   	3000  	188.22		1.82500964389	0.983	0.904	1.78158e-12		1.78737370103	0.874	0.798	2.3394e-12
801   	3000  	188.471		1.8253144214	0.983	0.904	1.78023e-12		1.78777154295	0.874	0.799	2.33567e-12
801   	3000  	188.723		1.8256183605	0.983	0.904	1.77888e-12		1.78816830044	0.874	0.799	2.33195e-12
801   	3000  	188.975		1.82592146459	0.983	0.905	1.77754e-12		1.78856397721	0.874	0.8	2.32826e-12
801   	3000  	189.226		1.82622373703	0.983	0.905	1.7762e-12		1.78895857698	0.875	0.801	2.32458e-12
801   	3000  	189.478		1.82652518118	0.983	0.905	1.77487e-12		1.78935210343	0.875	0.801	2.32092e-12
801   	3000  	189.73		1.82682580039	0.983	0.905	1.77355e-12		1.78974456024	0.875	0.802	2.31728e-12
801   	3000  	189.981		1.82712559798	0.983	0.906	1.77222e-12		1.79013595109	0.875	0.802	2.31366e-12
801   	3000  	190.233		1.82742457726	0.983	0.906	1.77091e-12		1.79052627964	0.875	0.803	2.31006e-12
801   	3000  	190.485		1.82772274151	0.983	0.906	1.7696e-12		1.79091554953	0.875	0.804	2.30647e-12
801   	3000  	190.736		1.82802009403	0.983	0.907	1.76829e-12		1.7913037644	0.876	0.804	2.30291e-12
801   	3000  	190.988		1.82831663806	0.983	0.907	1.76699e-12		1.79169092787	0.876	0.805	2.29936e-12
801   	3000  	191.24		1.82861237685	0.983	0.907	1.76569e-12		1.79207704355	0.876	0.805	2.29582e-12
801   	3000  	191.491		1.82890731363	0.984	0.907	1.7644e-12		1.79246211505	0.876	0.806	2.29231e-12
801   	3000  	191.743		1.82920145161	0.984	0.908	1.76312e-12		1.79284614596	0.876	0.807	2.28881e-12
801   	3000  	191.995		1.82949479399	0.984	0.908	1.76183e-12		1.79322913985	0.876	0.807	2.28534e-12
801   	3000  	192.246		1.82978734395	0.984	0.908	1.76056e-12		1.79361110029	0.877	0.808	2.28187e-12
801   	3000  	192.498		1.83007910466	0.984	0.908	1.75928e-12		1.79399203084	0.877	0.808	2.27843e-12
801   	3000  	192.75		1.83037007926	0.984	0.909	1.75802e-12		1.79437193505	0.877	0.809	2.275e-12
801   	3000  	193.001		1.8306602709	0.984	0.909	1.75676e-12		1.79475081643	0.877	0.809	2.27159e-12
801   	3000  	193.253		1.83094968268	0.984	0.909	1.7555e-12		1.79512867852	0.877	0.81	2.2682e-12
801   	3000  	193.505		1.83123831773	0.984	0.91	1.75424e-12		1.79550552483	0.877	0.811	2.26482e-12
801   	3000  	193.756		1.83152617912	0.984	0.91	1.753e-12		1.79588135885	0.878	0.811	2.26146e-12
801   	3000  	194.008		1.83181326993	0.984	0.91	1.75175e-12		1.79625618407	0.878	0.812	2.25812e-12
801   	3000  	194.26		1.83209959323	0.984	0.91	1.75051e-12		1.79663000396	0.878	0.812	2.25479e-12
801   	3000  	194.511		1.83238515205	0.984	0.911	1.74928e-12		1.797002822 	0.878	0.813	2.25148e-12
801   	3000  	194.763		1.83266994944	0.984	0.911	1.74805e-12		1.79737464163	0.878	0.813	2.24818e-12
801   	3000  	195.015		1.83295398839	0.984	0.911	1.74682e-12		1.7977454663	0.878	0.814	2.2449e-12
801   	3000  	195.266		1.83323727193	0.984	0.911	1.7456e-12		1.79811529943	0.879	0.815	2.24164e-12
801   	3000  	195.518		1.83351980303	0.984	0.912	1.74439e-12		1.79848414445	0.879	0.815	2.23839e-12
801   	3000  	195.77		1.83380158467	0.984	0.912	1.74318e-12		1.79885200477	0.879	0.816	2.23516e-12
801   	3000  	196.021		1.8340826198	0.984	0.912	1.74197e-12		1.79921888377	0.879	0.816	2.23194e-12
801   	3000  	196.273		1.83436291137	0.984	0.912	1.74077e-12		1.79958478485	0.879	0.817	2.22874e-12
801   	3000  	196.525		1.83464246231	0.984	0.913	1.73957e-12		1.79994971138	0.879	0.817	2.22556e-12
801   	3000  	196.776		1.83492127555	0.984	0.913	1.73837e-12		1.80031366672	0.88	0.818	2.22238e-12
801   	3000  	197.028		1.83519935397	0.984	0.913	1.73718e-12		1.80067665423	0.88	0.818	2.21923e-12
801   	3000  	197.28		1.83547670047	0.984	0.913	1.736e-12		1.80103867724	0.88	0.819	2.21609e-12
801   	3000  	197.531		1.83575331792	0.984	0.914	1.73482e-12		1.80139973909	0.88	0.82	2.21296e-12
801   	3000  	197.783		1.83602920919	0.985	0.914	1.73364e-12		1.80175984309	0.88	0.82	2.20985e-12
801   	3000  	198.035		1.83630437711	0.985	0.914	1.73247e-12		1.80211899255	0.88	0.821	2.20676e-12
801   	3000  	198.286		1.83657882454	0.985	0.914	1.7313e-12		1.80247719076	0.881	0.821	2.20368e-12
801   	3000  	198.538		1.83685255428	0.985	0.915	1.73014e-12		1.80283444102	0.881	0.822	2.20061e-12
801   	3100  	186.206		1.82354582321	0.984	0.902	1.8433e-12		1.78501828307	0.872	0.793	2.4383e-12
801   	3100  	186.458		1.8238549457	0.984	0.902	1.84188e-12		1.78542298873	0.873	0.794	2.43431e-12
801   	3100  	186.71		1.82416321095	0.984	0.903	1.84047e-12		1.78582658577	0.873	0.795	2.43034e-12
801   	3100  	186.961		1.82447062243	0.984	0.903	1.83907e-12		1.786229078 	0.873	0.795	2.42639e-12
801   	3100  	187.213		1.82477718361	0.984	0.903	1.83767e-12		1.78663046919	0.873	0.796	2.42247e-12
801   	3100  	187.465		1.82508289795	0.984	0.903	1.83627e-12		1.78703076311	0.873	0.797	2.41856e-12
801   	3100  	187.716		1.82538776889	0.984	0.904	1.83488e-12		1.7874299635	0.873	0.797	2.41468e-12
801   	3100  	187.968		1.82569179984	0.984	0.904	1.8335e-12		1.78782807412	0.874	0.798	2.41081e-12
801   	3100  	188.22		1.82599499421	0.984	0.904	1.83212e-12		1.78822509869	0.874	0.799	2.40697e-12
801   	3100  	188.471		1.82629735538	0.984	0.905	1.83075e-12		1.78862104095	0.874	0.799	2.40314e-12
801   	3100  	188.723		1.82659888672	0.984	0.905	1.82938e-12		1.78901590458	0.874	0.8	2.39933e-12
801   	3100  	188.975		1.82689959159	0.984	0.905	1.82802e-12		1.7894096933	0.874	0.8	2.39555e-12
801   	3100  	189.226		1.82719947333	0.984	0.905	1.82667e-12		1.78980241079	0.875	0.801	2.39178e-12
801   	3100  	189.478		1.82749853524	0.984	0.906	1.82532e-12		1.79019406072	0.875	0.802	2.38803e-12
801   	3100  	189.73		1.82779678064	0.984	0.906	1.82397e-12		1.79058464676	0.875	0.802	2.3843e-12
801   	3100  	189.981		1.82809421281	0.984	0.906	1.82263e-12		1.79097417256	0.875	0.803	2.38059e-12
801   	3100  	190.233		1.82839083502	0.984	0.907	1.82129e-12		1.79136264176	0.875	0.803	2.3769e-12
801   	3100  	190.485		1.82868665053	0.984	0.907	1.81996e-12		1.79175005798	0.875	0.804	2.37322e-12
801   	3100  	190.736		1.82898166258	0.984	0.907	1.81864e-12		1.79213642485	0.876	0.805	2.36957e-12
801   	3100  	190.988		1.82927587439	0.984	0.907	1.81732e-12		1.79252174597	0.876	0.805	2.36593e-12
801   	3100  	191.24		1.82956928916	0.984	0.908	1.816e-12		1.79290602493	0.876	0.806	2.36231e-12
801   	3100  	191.491		1.8298619101	0.984	0.908	1.81469e-12		1.79328926532	0.876	0.806	2.35871e-12
801   	3100  	191.743		1.83015374038	0.984	0.908	1.81339e-12		1.79367147071	0.876	0.807	2.35513e-12
801   	3100  	191.995		1.83044478315	0.985	0.908	1.81209e-12		1.79405264465	0.876	0.808	2.35156e-12
801   	3100  	192.246		1.83073504157	0.985	0.909	1.81079e-12		1.79443279071	0.877	0.808	2.34801e-12
801   	3100  	192.498		1.83102451876	0.985	0.909	1.8095e-12		1.79481191241	0.877	0.809	2.34448e-12
801   	3100  	192.75		1.83131321784	0.985	0.909	1.80821e-12		1.79519001328	0.877	0.809	2.34097e-12
801   	3100  	193.001		1.83160114192	0.985	0.91	1.80693e-12		1.79556709683	0.877	0.81	2.33748e-12
801   	3100  	193.253		1.83188829406	0.985	0.91	1.80566e-12		1.79594316658	0.877	0.81	2.334e-12
801   	3100  	193.505		1.83217467735	0.985	0.91	1.80438e-12		1.796318226 	0.877	0.811	2.33054e-12
801   	3100  	193.756		1.83246029485	0.985	0.91	1.80312e-12		1.79669227858	0.878	0.812	2.32709e-12
801   	3100  	194.008		1.83274514958	0.985	0.911	1.80186e-12		1.79706532779	0.878	0.812	2.32367e-12
801   	3100  	194.26		1.83302924458	0.985	0.911	1.8006e-12		1.79743737708	0.878	0.813	2.32026e-12
801   	3100  	194.511		1.83331258286	0.985	0.911	1.79935e-12		1.79780842991	0.878	0.813	2.31686e-12
801   	3100  	194.763		1.83359516741	0.985	0.911	1.7981e-12		1.79817848971	0.878	0.814	2.31348e-12
801   	3100  	195.015		1.83387700122	0.985	0.912	1.79685e-12		1.7985475599	0.878	0.814	2.31012e-12
801   	3100  	195.266		1.83415808725	0.985	0.912	1.79562e-12		1.79891564389	0.879	0.815	2.30678e-12
801   	3100  	195.518		1.83443842847	0.985	0.912	1.79438e-12		1.79928274509	0.879	0.816	2.30345e-12
801   	3100  	195.77		1.8347180278	0.985	0.912	1.79315e-12		1.79964886689	0.879	0.816	2.30014e-12
801   	3100  	196.021		1.83499688818	0.985	0.913	1.79193e-12		1.80001401265	0.879	0.817	2.29684e-12
801   	3100  	196.273		1.83527501251	0.985	0.913	1.7907e-12		1.80037818577	0.879	0.817	2.29356e-12
801   	3100  	196.525		1.8355524037	0.985	0.913	1.78949e-12		1.80074138957	0.879	0.818	2.29029e-12
801   	3100  	196.776		1.83582906462	0.985	0.913	1.78828e-12		1.80110362743	0.88	0.818	2.28705e-12
801   	3100  	197.028		1.83610499815	0.985	0.914	1.78707e-12		1.80146490266	0.88	0.819	2.28381e-12
801   	3100  	197.28		1.83638020714	0.985	0.914	1.78586e-12		1.80182521859	0.88	0.819	2.28059e-12
801   	3100  	197.531		1.83665469444	0.985	0.914	1.78467e-12		1.80218457853	0.88	0.82	2.27739e-12
801   	3100  	197.783		1.83692846288	0.985	0.914	1.78347e-12		1.80254298578	0.88	0.82	2.2742e-12
801   	3100  	198.035		1.83720151526	0.985	0.915	1.78228e-12		1.80290044364	0.88	0.821	2.27103e-12
801   	3100  	198.286		1.8374738544	0.985	0.915	1.78109e-12		1.80325695538	0.881	0.821	2.26787e-12
801   	3100  	198.538		1.83774548308	0.986	0.915	1.77991e-12		1.80361252427	0.881	0.822	2.26473e-12
801   	3200  	186.206		1.82446438113	0.984	0.903	1.89414e-12		1.78581449409	0.872	0.794	2.50661e-12
801   	3200  	186.458		1.82477122072	0.985	0.903	1.89271e-12		1.78621739731	0.873	0.794	2.50253e-12
801   	3200  	186.71		1.82507721129	0.985	0.903	1.89127e-12		1.78661919753	0.873	0.795	2.49847e-12
801   	3200  	186.961		1.82538235627	0.985	0.903	1.88985e-12		1.78701989851	0.873	0.796	2.49442e-12
801   	3200  	187.213		1.8256866591	0.985	0.904	1.88843e-12		1.787419504 	0.873	0.796	2.4904e-12
801   	3200  	187.465		1.8259901232	0.985	0.904	1.88702e-12		1.78781801777	0.873	0.797	2.4864e-12
801   	3200  	187.716		1.82629275197	0.985	0.904	1.88561e-12		1.78821544354	0.873	0.798	2.48242e-12
801   	3200  	187.968		1.82659454879	0.985	0.905	1.8842e-12		1.78861178504	0.874	0.798	2.47847e-12
801   	3200  	188.22		1.82689551702	0.985	0.905	1.88281e-12		1.78900704599	0.874	0.799	2.47453e-12
801   	3200  	188.471		1.82719566003	0.985	0.905	1.88141e-12		1.78940123008	0.874	0.799	2.47061e-12
801   	3200  	188.723		1.82749498114	0.985	0.905	1.88003e-12		1.78979434101	0.874	0.8	2.46671e-12
801   	3200  	188.975		1.82779348367	0.985	0.906	1.87865e-12		1.79018638246	0.874	0.801	2.46283e-12
801   	3200  	189.226		1.82809117091	0.985	0.906	1.87727e-12		1.7905773581	0.874	0.801	2.45897e-12
801   	3200  	189.478		1.82838804616	0.985	0.906	1.8759e-12		1.79096727158	0.875	0.802	2.45513e-12
801   	3200  	189.73		1.82868411268	0.985	0.907	1.87453e-12		1.79135612654	0.875	0.803	2.45131e-12
801   	3200  	189.981		1.82897937373	0.985	0.907	1.87317e-12		1.79174392662	0.875	0.803	2.44751e-12
801   	3200  	190.233		1.82927383254	0.985	0.907	1.87182e-12		1.79213067545	0.875	0.804	2.44373e-12
801   	3200  	190.485		1.82956749233	0.985	0.907	1.87047e-12		1.79251637663	0.875	0.804	2.43997e-12
801   	3200  	190.736		1.82986035631	0.985	0.908	1.86912e-12		1.79290103377	0.876	0.805	2.43622e-12
801   	3200  	190.988		1.83015242766	0.985	0.908	1.86778e-12		1.79328465044	0.876	0.806	2.4325e-12
801   	3200  	191.24		1.83044370956	0.985	0.908	1.86645e-12		1.79366723023	0.876	0.806	2.42879e-12
801   	3200  	191.491		1.83073420517	0.985	0.908	1.86512e-12		1.79404877671	0.876	0.807	2.4251e-12
801   	3200  	191.743		1.83102391763	0.985	0.909	1.86379e-12		1.79442929342	0.876	0.807	2.42143e-12
801   	3200  	191.995		1.83131285007	0.985	0.909	1.86247e-12		1.79480878391	0.876	0.808	2.41778e-12
801   	3200  	192.246		1.8316010056	0.985	0.909	1.86116e-12		1.7951872517	0.877	0.808	2.41415e-12
801   	3200  	192.498		1.83188838731	0.985	0.91	1.85985e-12		1.79556470033	0.877	0.809	2.41053e-12
801   	3200  	192.75		1.8321749983	0.986	0.91	1.85854e-12		1.79594113329	0.877	0.81	2.40694e-12
801   	3200  	193.001		1.83246084162	0.986	0.91	1.85724e-12		1.79631655409	0.877	0.81	2.40336e-12
801   	3200  	193.253		1.83274592033	0.986	0.91	1.85595e-12		1.79669096621	0.877	0.811	2.39979e-12
801   	3200  	193.505		1.83303023747	0.986	0.911	1.85466e-12		1.79706437312	0.877	0.811	2.39625e-12
801   	3200  	193.756		1.83331379606	0.986	0.911	1.85337e-12		1.79743677828	0.878	0.812	2.39272e-12
801   	3200  	194.008		1.83359659911	0.986	0.911	1.85209e-12		1.79780818515	0.878	0.812	2.38921e-12
801   	3200  	194.26		1.83387864961	0.986	0.911	1.85081e-12		1.79817859717	0.878	0.813	2.38572e-12
801   	3200  	194.511		1.83415995054	0.986	0.912	1.84954e-12		1.79854801777	0.878	0.814	2.38224e-12
801   	3200  	194.763		1.83444050487	0.986	0.912	1.84827e-12		1.79891645037	0.878	0.814	2.37878e-12
801   	3200  	195.015		1.83472031554	0.986	0.912	1.84701e-12		1.79928389836	0.878	0.815	2.37534e-12
801   	3200  	195.266		1.8349993855	0.986	0.912	1.84575e-12		1.79965036515	0.879	0.815	2.37191e-12
801   	3200  	195.518		1.83527771767	0.986	0.913	1.8445e-12		1.80001585412	0.879	0.816	2.3685e-12
801   	3200  	195.77		1.83555531495	0.986	0.913	1.84325e-12		1.80038036864	0.879	0.816	2.36511e-12
801   	3200  	196.021		1.83583218024	0.986	0.913	1.84201e-12		1.80074391208	0.879	0.817	2.36173e-12
801   	3200  	196.273		1.83610831642	0.986	0.913	1.84077e-12		1.80110648779	0.879	0.817	2.35837e-12
801   	3200  	196.525		1.83638372636	0.986	0.914	1.83953e-12		1.8014680991	0.879	0.818	2.35503e-12
801   	3200  	196.776		1.83665841291	0.986	0.914	1.8383e-12		1.80182874934	0.88	0.819	2.3517e-12
801   	3200  	197.028		1.83693237892	0.986	0.914	1.83708e-12		1.80218844183	0.88	0.819	2.34839e-12
801   	3200  	197.28		1.83720562719	0.986	0.914	1.83586e-12		1.80254717988	0.88	0.82	2.34509e-12
801   	3200  	197.531		1.83747816056	0.986	0.915	1.83464e-12		1.80290496678	0.88	0.82	2.34181e-12
801   	3200  	197.783		1.83774998182	0.986	0.915	1.83342e-12		1.80326180582	0.88	0.821	2.33854e-12
801   	3200  	198.035		1.83802109375	0.986	0.915	1.83222e-12		1.80361770026	0.88	0.821	2.33529e-12
801   	3200  	198.286		1.83829149913	0.986	0.915	1.83101e-12		1.80397265337	0.881	0.822	2.33206e-12
801   	3200  	198.538		1.83856120071	0.986	0.916	1.82981e-12		1.80432666841	0.881	0.822	2.32884e-12
801   	3300  	186.206		1.82530613455	0.985	0.903	1.94512e-12		1.78654758032	0.872	0.794	2.57492e-12
801   	3300  	186.458		1.82561087328	0.985	0.903	1.94366e-12		1.7869488118	0.873	0.795	2.57074e-12
801   	3300  	186.71		1.82591477058	0.985	0.904	1.94221e-12		1.78734894553	0.873	0.795	2.56658e-12
801   	3300  	186.961		1.82621782988	0.985	0.904	1.94076e-12		1.78774798526	0.873	0.796	2.56245e-12
801   	3300  	187.213		1.82652005457	0.985	0.904	1.93932e-12		1.78814593473	0.873	0.797	2.55833e-12
801   	3300  	187.465		1.82682144804	0.986	0.905	1.93789e-12		1.78854279768	0.873	0.797	2.55424e-12
801   	3300  	187.716		1.82712201365	0.986	0.905	1.93646e-12		1.78893857781	0.873	0.798	2.55017e-12
801   	3300  	187.968		1.82742175476	0.986	0.905	1.93504e-12		1.78933327885	0.874	0.799	2.54611e-12
801   	3300  	188.22		1.82772067469	0.986	0.905	1.93362e-12		1.78972690448	0.874	0.799	2.54208e-12
801   	3300  	188.471		1.82801877676	0.986	0.906	1.93221e-12		1.79011945839	0.874	0.8	2.53807e-12
801   	3300  	188.723		1.82831606428	0.986	0.906	1.9308e-12		1.79051094426	0.874	0.8	2.53408e-12
801   	3300  	188.975		1.82861254051	0.986	0.906	1.9294e-12		1.79090136574	0.874	0.801	2.53011e-12
801   	3300  	189.226		1.82890820874	0.986	0.906	1.928e-12		1.79129072649	0.874	0.802	2.52616e-12
801   	3300  	189.478		1.82920307222	0.986	0.907	1.92661e-12		1.79167903015	0.875	0.802	2.52223e-12
801   	3300  	189.73		1.82949713417	0.986	0.907	1.92522e-12		1.79206628034	0.875	0.803	2.51832e-12
801   	3300  	189.981		1.82979039782	0.986	0.907	1.92384e-12		1.79245248067	0.875	0.803	2.51443e-12
801   	3300  	190.233		1.83008286638	0.986	0.908	1.92247e-12		1.79283763477	0.875	0.804	2.51056e-12
801   	3300  	190.485		1.83037454303	0.986	0.908	1.9211e-12		1.79322174621	0.875	0.805	2.50671e-12
801   	3300  	190.736		1.83066543094	0.986	0.908	1.91973e-12		1.79360481858	0.875	0.805	2.50287e-12
801   	3300  	190.988		1.83095553328	0.986	0.908	1.91837e-12		1.79398685546	0.876	0.806	2.49906e-12
801   	3300  	191.24		1.83124485317	0.986	0.909	1.91701e-12		1.79436786039	0.876	0.806	2.49527e-12
801   	3300  	191.491		1.83153339376	0.986	0.909	1.91567e-12		1.79474783693	0.876	0.807	2.49149e-12
801   	3300  	191.743		1.83182115815	0.986	0.909	1.91432e-12		1.79512678862	0.876	0.808	2.48774e-12
801   	3300  	191.995		1.83210814944	0.986	0.909	1.91298e-12		1.79550471898	0.876	0.808	2.484e-12
801   	3300  	192.246		1.8323943707	0.986	0.91	1.91165e-12		1.79588163152	0.877	0.809	2.48028e-12
801   	3300  	192.498		1.83267982502	0.986	0.91	1.91032e-12		1.79625752974	0.877	0.809	2.47658e-12
801   	3300  	192.75		1.83296451542	0.986	0.91	1.90899e-12		1.79663241715	0.877	0.81	2.47289e-12
801   	3300  	193.001		1.83324844496	0.986	0.91	1.90767e-12		1.79700629721	0.877	0.81	2.46923e-12
801   	3300  	193.253		1.83353161666	0.986	0.911	1.90636e-12		1.7973791734	0.877	0.811	2.46558e-12
801   	3300  	193.505		1.83381403352	0.986	0.911	1.90505e-12		1.79775104917	0.877	0.812	2.46195e-12
801   	3300  	193.756		1.83409569853	0.986	0.911	1.90374e-12		1.79812192798	0.878	0.812	2.45834e-12
801   	3300  	194.008		1.83437661468	0.986	0.912	1.90244e-12		1.79849181324	0.878	0.813	2.45475e-12
801   	3300  	194.26		1.83465678492	0.987	0.912	1.90114e-12		1.7988607084	0.878	0.813	2.45117e-12
801   	3300  	194.511		1.83493621221	0.987	0.912	1.89985e-12		1.79922861685	0.878	0.814	2.44761e-12
801   	3300  	194.763		1.83521489948	0.987	0.912	1.89857e-12		1.79959554201	0.878	0.814	2.44407e-12
801   	3300  	195.015		1.83549284966	0.987	0.913	1.89729e-12		1.79996148726	0.878	0.815	2.44055e-12
801   	3300  	195.266		1.83577006565	0.987	0.913	1.89601e-12		1.80032645598	0.879	0.816	2.43704e-12
801   	3300  	195.518		1.83604655034	0.987	0.913	1.89474e-12		1.80069045154	0.879	0.816	2.43355e-12
801   	3300  	195.77		1.83632230662	0.987	0.913	1.89347e-12		1.80105347729	0.879	0.817	2.43007e-12
801   	3300  	196.021		1.83659733734	0.987	0.914	1.8922e-12		1.80141553658	0.879	0.817	2.42662e-12
801   	3300  	196.273		1.83687164537	0.987	0.914	1.89095e-12		1.80177663274	0.879	0.818	2.42318e-12
801   	3300  	196.525		1.83714523354	0.987	0.914	1.88969e-12		1.8021367691	0.879	0.818	2.41975e-12
801   	3300  	196.776		1.83741810468	0.987	0.914	1.88844e-12		1.80249594897	0.88	0.819	2.41634e-12
801   	3300  	197.028		1.83769026159	0.987	0.915	1.8872e-12		1.80285417565	0.88	0.819	2.41295e-12
801   	3300  	197.28		1.83796170707	0.987	0.915	1.88596e-12		1.80321145243	0.88	0.82	2.40958e-12
801   	3300  	197.531		1.83823244392	0.987	0.915	1.88472e-12		1.80356778258	0.88	0.82	2.40622e-12
801   	3300  	197.783		1.8385024749	0.987	0.915	1.88349e-12		1.80392316938	0.88	0.821	2.40287e-12
801   	3300  	198.035		1.83877180276	0.987	0.915	1.88226e-12		1.80427761609	0.88	0.822	2.39955e-12
801   	3300  	198.286		1.83904043027	0.987	0.916	1.88104e-12		1.80463112594	0.88	0.822	2.39623e-12
801   	3300  	198.538		1.83930836013	0.987	0.916	1.87982e-12		1.80498370218	0.881	0.823	2.39294e-12
801   	3400  	186.206		1.82607941225	0.986	0.904	1.99622e-12		1.7872240504	0.872	0.794	2.64323e-12
801   	3400  	186.458		1.82638221341	0.986	0.904	1.99474e-12		1.78762372865	0.873	0.795	2.63895e-12
801   	3400  	186.71		1.82668418021	0.986	0.904	1.99327e-12		1.78802231408	0.873	0.796	2.6347e-12
801   	3400  	186.961		1.82698531604	0.986	0.904	1.9918e-12		1.78841981044	0.873	0.796	2.63047e-12
801   	3400  	187.213		1.82728562425	0.986	0.905	1.99034e-12		1.78881622144	0.873	0.797	2.62626e-12
801   	3400  	187.465		1.82758510821	0.986	0.905	1.98888e-12		1.78921155081	0.873	0.798	2.62207e-12
801   	3400  	187.716		1.82788377124	0.986	0.905	1.98743e-12		1.78960580224	0.873	0.798	2.6179e-12
801   	3400  	187.968		1.82818161666	0.986	0.906	1.98598e-12		1.78999897943	0.874	0.799	2.61376e-12
801   	3400  	188.22		1.82847864777	0.986	0.906	1.98455e-12		1.79039108605	0.874	0.799	2.60963e-12
801   	3400  	188.471		1.82877486787	0.986	0.906	1.98311e-12		1.79078212577	0.874	0.8	2.60553e-12
801   	3400  	188.723		1.82907028021	0.986	0.906	1.98168e-12		1.79117210225	0.874	0.801	2.60144e-12
801   	3400  	188.975		1.82936488804	0.987	0.907	1.98026e-12		1.79156101914	0.874	0.801	2.59738e-12
801   	3400  	189.226		1.82965869462	0.987	0.907	1.97884e-12		1.79194888006	0.874	0.802	2.59334e-12
801   	3400  	189.478		1.82995170315	0.987	0.907	1.97743e-12		1.79233568865	0.875	0.802	2.58932e-12
801   	3400  	189.73		1.83024391684	0.987	0.907	1.97602e-12		1.79272144851	0.875	0.803	2.58532e-12
801   	3400  	189.981		1.83053533889	0.987	0.908	1.97462e-12		1.79310616323	0.875	0.804	2.58134e-12
801   	3400  	190.233		1.83082597246	0.987	0.908	1.97323e-12		1.79348983642	0.875	0.804	2.57738e-12
801   	3400  	190.485		1.83111582071	0.987	0.908	1.97183e-12		1.79387247164	0.875	0.805	2.57344e-12
801   	3400  	190.736		1.83140488678	0.987	0.909	1.97045e-12		1.79425407246	0.875	0.805	2.56952e-12
801   	3400  	190.988		1.83169317381	0.987	0.909	1.96907e-12		1.79463464244	0.876	0.806	2.56562e-12
801   	3400  	191.24		1.8319806849	0.987	0.909	1.96769e-12		1.79501418512	0.876	0.807	2.56173e-12
801   	3400  	191.491		1.83226742316	0.987	0.909	1.96632e-12		1.79539270403	0.876	0.807	2.55787e-12
801   	3400  	191.743		1.83255339165	0.987	0.91	1.96496e-12		1.79577020269	0.876	0.808	2.55403e-12
801   	3400  	191.995		1.83283859346	0.987	0.91	1.9636e-12		1.7961466846	0.876	0.808	2.5502e-12
801   	3400  	192.246		1.83312303163	0.987	0.91	1.96224e-12		1.79652215328	0.876	0.809	2.5464e-12
801   	3400  	192.498		1.8334067092	0.987	0.91	1.96089e-12		1.7968966122	0.877	0.81	2.54261e-12
801   	3400  	192.75		1.8336896292	0.987	0.911	1.95955e-12		1.79727006483	0.877	0.81	2.53884e-12
801   	3400  	193.001		1.83397179462	0.987	0.911	1.95821e-12		1.79764251465	0.877	0.811	2.53509e-12
801   	3400  	193.253		1.83425320847	0.987	0.911	1.95687e-12		1.7980139651	0.877	0.811	2.53136e-12
801   	3400  	193.505		1.83453387372	0.987	0.911	1.95554e-12		1.79838441962	0.877	0.812	2.52765e-12
801   	3400  	193.756		1.83481379334	0.987	0.912	1.95422e-12		1.79875388165	0.877	0.812	2.52395e-12
801   	3400  	194.008		1.83509297027	0.987	0.912	1.9529e-12		1.79912235461	0.878	0.813	2.52028e-12
801   	3400  	194.26		1.83537140746	0.987	0.912	1.95158e-12		1.7994898419	0.878	0.814	2.51662e-12
801   	3400  	194.511		1.83564910783	0.987	0.912	1.95027e-12		1.79985634691	0.878	0.814	2.51298e-12
801   	3400  	194.763		1.83592607428	0.987	0.913	1.94896e-12		1.80022187304	0.878	0.815	2.50935e-12
801   	3400  	195.015		1.8362023097	0.987	0.913	1.94766e-12		1.80058642366	0.878	0.815	2.50575e-12
801   	3400  	195.266		1.83647781698	0.987	0.913	1.94637e-12		1.80095000212	0.879	0.816	2.50216e-12
801   	3400  	195.518		1.83675259899	0.987	0.913	1.94507e-12		1.80131261179	0.879	0.816	2.49859e-12
801   	3400  	195.77		1.83702665857	0.987	0.914	1.94379e-12		1.801674256 	0.879	0.817	2.49503e-12
801   	3400  	196.021		1.83729999857	0.987	0.914	1.9425e-12		1.80203493808	0.879	0.817	2.49149e-12
801   	3400  	196.273		1.83757262181	0.987	0.914	1.94123e-12		1.80239466136	0.879	0.818	2.48797e-12
801   	3400  	196.525		1.8378445311	0.988	0.914	1.93995e-12		1.80275342913	0.879	0.819	2.48447e-12
801   	3400  	196.776		1.83811572924	0.988	0.915	1.93868e-12		1.8031112447	0.879	0.819	2.48098e-12
801   	3400  	197.028		1.83838621902	0.988	0.915	1.93742e-12		1.80346811135	0.88	0.82	2.47751e-12
801   	3400  	197.28		1.8386560032	0.988	0.915	1.93616e-12		1.80382403235	0.88	0.82	2.47406e-12
801   	3400  	197.531		1.83892508455	0.988	0.915	1.9349e-12		1.80417901097	0.88	0.821	2.47062e-12
801   	3400  	197.783		1.83919346581	0.988	0.916	1.93365e-12		1.80453305046	0.88	0.821	2.4672e-12
801   	3400  	198.035		1.83946114972	0.988	0.916	1.93241e-12		1.80488615406	0.88	0.822	2.46379e-12
801   	3400  	198.286		1.83972813898	0.988	0.916	1.93117e-12		1.80523832501	0.88	0.822	2.4604e-12
801   	3400  	198.538		1.83999443632	0.988	0.916	1.92993e-12		1.80558956652	0.881	0.823	2.45703e-12
801   	3500  	186.206		1.82679144522	0.987	0.904	2.04742e-12		1.7884052729	0.000543	0.89	2.24645e-12
801   	3500  	186.458		1.82709245573	0.987	0.904	2.04592e-12		1.78880733041	0.00054	0.89	2.24418e-12
801   	3500  	186.71		1.82739263843	0.987	0.905	2.04443e-12		1.78920817018	0.000537	0.89	2.24192e-12
801   	3500  	186.961		1.82769199669	0.987	0.905	2.04294e-12		1.78960779749	0.000534	0.891	2.23967e-12
801   	3500  	187.213		1.82799053384	0.987	0.905	2.04146e-12		1.7900062176	0.000532	0.891	2.23743e-12
801   	3500  	187.465		1.82828825319	0.987	0.905	2.03998e-12		1.79040343572	0.000529	0.891	2.2352e-12
801   	3500  	187.716		1.82858515806	0.987	0.906	2.03851e-12		1.79079945706	0.000526	0.892	2.23298e-12
801   	3500  	187.968		1.82888125173	0.987	0.906	2.03704e-12		1.79119428678	0.000523	0.892	2.23077e-12
801   	3500  	188.22		1.82917653748	0.987	0.906	2.03558e-12		1.79158793002	0.000521	0.892	2.22857e-12
801   	3500  	188.471		1.82947101855	0.987	0.906	2.03412e-12		1.7919803919	0.000518	0.893	2.22638e-12
801   	3500  	188.723		1.82976469819	0.987	0.907	2.03267e-12		1.79237167752	0.000515	0.893	2.22419e-12
801   	3500  	188.975		1.83005757962	0.987	0.907	2.03123e-12		1.79276179192	0.000512	0.893	2.22202e-12
801   	3500  	189.226		1.83034966605	0.987	0.907	2.02979e-12		1.79315074016	0.00051	0.894	2.21986e-12
801   	3500  	189.478		1.83064096067	0.987	0.908	2.02836e-12		1.79353852723	0.000507	0.894	2.21771e-12
801   	3500  	189.73		1.83093146666	0.987	0.908	2.02693e-12		1.79392515813	0.000504	0.894	2.21557e-12
801   	3500  	189.981		1.83122118717	0.987	0.908	2.0255e-12		1.79431063781	0.000502	0.895	2.21344e-12
801   	3500  	190.233		1.83151012535	0.987	0.908	2.02409e-12		1.7946949712	0.000499	0.895	2.21132e-12
801   	3500  	190.485		1.83179828434	0.987	0.909	2.02268e-12		1.79507816322	0.000497	0.895	2.2092e-12
801   	3500  	190.736		1.83208566725	0.987	0.909	2.02127e-12		1.79546021873	0.000494	0.896	2.2071e-12
801   	3500  	190.988		1.83237227717	0.987	0.909	2.01987e-12		1.79584114261	0.000492	0.896	2.205e-12
801   	3500  	191.24		1.83265811719	0.988	0.909	2.01847e-12		1.79622093967	0.000489	0.896	2.20292e-12
801   	3500  	191.491		1.83294319038	0.988	0.91	2.01708e-12		1.79659961474	0.000486	0.897	2.20084e-12
801   	3500  	191.743		1.8332274998	0.988	0.91	2.01569e-12		1.79697717258	0.000484	0.897	2.19877e-12
801   	3500  	191.995		1.83351104847	0.988	0.91	2.01431e-12		1.79735361795	0.000481	0.897	2.19671e-12
801   	3500  	192.246		1.83379383944	0.988	0.91	2.01294e-12		1.79772895559	0.000479	0.898	2.19466e-12
801   	3500  	192.498		1.83407587571	0.988	0.911	2.01157e-12		1.79810319021	0.000477	0.898	2.19262e-12
801   	3500  	192.75		1.83435716027	0.988	0.911	2.0102e-12		1.79847632648	0.000474	0.898	2.19059e-12
801   	3500  	193.001		1.83463769611	0.988	0.911	2.00884e-12		1.79884836908	0.000472	0.899	2.18857e-12
801   	3500  	193.253		1.83491748619	0.988	0.911	2.00749e-12		1.79921932262	0.000469	0.899	2.18655e-12
801   	3500  	193.505		1.83519653347	0.988	0.912	2.00614e-12		1.79958919174	0.000467	0.899	2.18455e-12
801   	3500  	193.756		1.83547484088	0.988	0.912	2.00479e-12		1.799957981 	0.000465	0.9	2.18255e-12
801   	3500  	194.008		1.83575241134	0.988	0.912	2.00345e-12		1.80032569499	0.000462	0.9	2.18056e-12
801   	3500  	194.26		1.83602924777	0.988	0.913	2.00211e-12		1.80069233823	0.00046	0.9	2.17858e-12
801   	3500  	194.511		1.83630535307	0.988	0.913	2.00078e-12		1.80105791526	0.000457	0.9	2.17661e-12
801   	3500  	194.763		1.83658073011	0.988	0.913	1.99946e-12		1.80142243055	0.000455	0.901	2.17465e-12
801   	3500  	195.015		1.83685538176	0.988	0.913	1.99813e-12		1.8017858886	0.000453	0.901	2.17269e-12
801   	3500  	195.266		1.83712931089	0.988	0.914	1.99682e-12		1.80214829383	0.000451	0.901	2.17074e-12
801   	3500  	195.518		1.83740252032	0.988	0.914	1.99551e-12		1.80250965069	0.000448	0.902	2.1688e-12
801   	3500  	195.77		1.83767501288	0.988	0.914	1.9942e-12		1.80286996357	0.000446	0.902	2.16687e-12
801   	3500  	196.021		1.8379467914	0.988	0.914	1.9929e-12		1.80322923685	0.000444	0.902	2.16495e-12
801   	3500  	196.273		1.83821785867	0.988	0.914	1.9916e-12		1.8035874749	0.000442	0.903	2.16304e-12
801   	3500  	196.525		1.83848821747	0.988	0.915	1.99031e-12		1.80394468206	0.000439	0.903	2.16113e-12
801   	3500  	196.776		1.83875787058	0.988	0.915	1.98902e-12		1.80430086263	0.000437	0.903	2.15923e-12
801   	3500  	197.028		1.83902682077	0.988	0.915	1.98773e-12		1.8046560209	0.000435	0.903	2.15734e-12
801   	3500  	197.28		1.83929507077	0.988	0.915	1.98645e-12		1.80501016116	0.000433	0.904	2.15546e-12
801   	3500  	197.531		1.83956262332	0.988	0.916	1.98518e-12		1.80536328765	0.000431	0.904	2.15358e-12
801   	3500  	197.783		1.83982948115	0.988	0.916	1.98391e-12		1.8057154046	0.000429	0.904	2.15172e-12
801   	3500  	198.035		1.84009564696	0.988	0.916	1.98264e-12		1.80606651622	0.000426	0.905	2.14986e-12
801   	3500  	198.286		1.84036112345	0.988	0.916	1.98138e-12		1.80641662668	0.000424	0.905	2.148e-12
801   	3500  	198.538		1.8406259133	0.988	0.917	1.98012e-12		1.80676574016	0.000422	0.905	2.14616e-12
801   	3600  	186.206		1.82744853553	0.987	0.904	2.09873e-12		1.79104213406	0.0005	0.891	2.29145e-12
801   	3600  	186.458		1.82774788788	0.988	0.905	2.09721e-12		1.79143754982	0.000498	0.891	2.28919e-12
801   	3600  	186.71		1.82804641853	0.988	0.905	2.09569e-12		1.79183177178	0.000495	0.892	2.28693e-12
801   	3600  	186.961		1.82834413081	0.988	0.905	2.09418e-12		1.79222480509	0.000493	0.892	2.28469e-12
801   	3600  	187.213		1.82864102802	0.988	0.905	2.09267e-12		1.79261665492	0.00049	0.892	2.28245e-12
801   	3600  	187.465		1.82893711347	0.988	0.906	2.09117e-12		1.79300732638	0.000487	0.893	2.28022e-12
801   	3600  	187.716		1.82923239042	0.988	0.906	2.08968e-12		1.79339682456	0.000485	0.893	2.27801e-12
801   	3600  	187.968		1.82952686213	0.988	0.906	2.08819e-12		1.79378515454	0.000482	0.894	2.2758e-12
801   	3600  	188.22		1.82982053185	0.988	0.907	2.08671e-12		1.79417232135	0.00048	0.894	2.27361e-12
801   	3600  	188.471		1.83011340281	0.988	0.907	2.08523e-12		1.79455833001	0.000477	0.894	2.27142e-12
801   	3600  	188.723		1.83040547822	0.988	0.907	2.08376e-12		1.79494318551	0.000475	0.895	2.26925e-12
801   	3600  	188.975		1.83069676127	0.988	0.907	2.08229e-12		1.7953268928	0.000472	0.895	2.26708e-12
801   	3600  	189.226		1.83098725514	0.988	0.908	2.08083e-12		1.79570945684	0.00047	0.895	2.26492e-12
801   	3600  	189.478		1.831276963 	0.988	0.908	2.07937e-12		1.79609088251	0.000467	0.895	2.26277e-12
801   	3600  	189.73		1.831565888 	0.988	0.908	2.07792e-12		1.79647117472	0.000465	0.896	2.26064e-12
801   	3600  	189.981		1.83185403327	0.988	0.908	2.07648e-12		1.79685033832	0.000463	0.896	2.25851e-12
801   	3600  	190.233		1.83214140193	0.988	0.909	2.07504e-12		1.79722837814	0.00046	0.896	2.25639e-12
801   	3600  	190.485		1.83242799709	0.988	0.909	2.07361e-12		1.797605299 	0.000458	0.897	2.25428e-12
801   	3600  	190.736		1.83271382183	0.988	0.909	2.07218e-12		1.79798110567	0.000455	0.897	2.25218e-12
801   	3600  	190.988		1.83299887922	0.988	0.909	2.07076e-12		1.79835580293	0.000453	0.897	2.25008e-12
801   	3600  	191.24		1.83328317233	0.988	0.91	2.06934e-12		1.79872939549	0.000451	0.898	2.248e-12
801   	3600  	191.491		1.8335667042	0.988	0.91	2.06793e-12		1.79910188808	0.000448	0.898	2.24593e-12
801   	3600  	191.743		1.83384947785	0.988	0.91	2.06652e-12		1.79947328538	0.000446	0.898	2.24386e-12
801   	3600  	191.995		1.8341314963	0.988	0.911	2.06512e-12		1.79984359204	0.000444	0.899	2.24181e-12
801   	3600  	192.246		1.83441276255	0.988	0.911	2.06372e-12		1.80021281272	0.000441	0.899	2.23976e-12
801   	3600  	192.498		1.83469327958	0.988	0.911	2.06233e-12		1.80058095201	0.000439	0.899	2.23772e-12
801   	3600  	192.75		1.83497305037	0.988	0.911	2.06095e-12		1.80094801452	0.000437	0.9	2.23569e-12
801   	3600  	193.001		1.83525207787	0.988	0.912	2.05956e-12		1.8013140048	0.000435	0.9	2.23367e-12
801   	3600  	193.253		1.83553036502	0.988	0.912	2.05819e-12		1.8016789274	0.000433	0.9	2.23166e-12
801   	3600  	193.505		1.83580791476	0.988	0.912	2.05682e-12		1.80204278684	0.00043	0.901	2.22965e-12
801   	3600  	193.756		1.83608472998	0.988	0.912	2.05545e-12		1.80240558762	0.000428	0.901	2.22766e-12
801   	3600  	194.008		1.8363608136	0.988	0.913	2.05409e-12		1.8027673342	0.000426	0.901	2.22567e-12
801   	3600  	194.26		1.8366361685	0.988	0.913	2.05273e-12		1.80312803104	0.000424	0.901	2.22369e-12
801   	3600  	194.511		1.83691079754	0.989	0.913	2.05138e-12		1.80348768256	0.000422	0.902	2.22172e-12
801   	3600  	194.763		1.8371847036	0.989	0.913	2.05003e-12		1.80384629317	0.00042	0.902	2.21976e-12
801   	3600  	195.015		1.8374578895	0.989	0.914	2.04869e-12		1.80420386725	0.000417	0.902	2.21781e-12
801   	3600  	195.266		1.83773035809	0.989	0.914	2.04736e-12		1.80456040916	0.000415	0.903	2.21586e-12
801   	3600  	195.518		1.83800211218	0.989	0.914	2.04602e-12		1.80491592324	0.000413	0.903	2.21392e-12
801   	3600  	195.77		1.83827315458	0.989	0.914	2.0447e-12		1.8052704138	0.000411	0.903	2.21199e-12
801   	3600  	196.021		1.83854348806	0.989	0.915	2.04337e-12		1.80562388513	0.000409	0.904	2.21007e-12
801   	3600  	196.273		1.83881311542	0.989	0.915	2.04206e-12		1.80597634151	0.000407	0.904	2.20816e-12
801   	3600  	196.525		1.83908203941	0.989	0.915	2.04074e-12		1.80632778718	0.000405	0.904	2.20625e-12
801   	3600  	196.776		1.83935026278	0.989	0.915	2.03943e-12		1.80667822638	0.000403	0.904	2.20436e-12
801   	3600  	197.028		1.83961778828	0.989	0.916	2.03813e-12		1.8070276633	0.000401	0.905	2.20247e-12
801   	3600  	197.28		1.83988461862	0.989	0.916	2.03683e-12		1.80737610214	0.000399	0.905	2.20059e-12
801   	3600  	197.531		1.84015075653	0.989	0.916	2.03554e-12		1.80772354705	0.000397	0.905	2.19871e-12
801   	3600  	197.783		1.84041620468	0.989	0.916	2.03425e-12		1.80807000218	0.000395	0.906	2.19684e-12
801   	3600  	198.035		1.84068096578	0.989	0.916	2.03296e-12		1.80841547165	0.000393	0.906	2.19499e-12
801   	3600  	198.286		1.8409450425	0.989	0.917	2.03168e-12		1.80875995956	0.000391	0.906	2.19313e-12
801   	3600  	198.538		1.84120843749	0.989	0.917	2.0304e-12		1.80910346998	0.000389	0.906	2.19129e-12
