Effective Refractive Indices:
rel_box_size:     0.001
rel_grid_spacing: 20
rel_tolerance:    0
eigenvectors:     4
boundary cond:    0000
Wavelengths from 1.55 um to 1.55 um in 1 steps
Heights from 0.799 um to 0.801 um in 3 steps
Widths from 0.802 um to 1.5 um in 8 steps
height	width	frequency	Ex_n_eff		Ex_frac	Ex_core	Ex_A_eff		Ey_n_eff		Ey_frac	Ey_core	Ey_A_eff
799   	802   	186.206		1.68103430889	0.879	0.688	9.14272e-13		1.68076358982	0.879	0.687	9.16531e-13
799   	802   	186.458		1.68158809992	0.879	0.689	9.1205e-13		1.68131769179	0.879	0.688	9.14298e-13
799   	802   	186.71		1.68214069212	0.879	0.69	9.09843e-13		1.68187059631	0.879	0.689	9.12078e-13
799   	802   	186.961		1.68269208704	0.879	0.691	9.0765e-13		1.68242230491	0.879	0.69	9.09874e-13
799   	802   	187.213		1.68324228627	0.88	0.691	9.05471e-13		1.68297281917	0.879	0.691	9.07683e-13
799   	802   	187.465		1.68379129141	0.88	0.692	9.03306e-13		1.68352214066	0.879	0.691	9.05507e-13
799   	802   	187.716		1.68433910407	0.88	0.693	9.01156e-13		1.68407027098	0.879	0.692	9.03345e-13
799   	802   	187.968		1.68488572591	0.88	0.694	8.99019e-13		1.68461721175	0.879	0.693	9.01197e-13
799   	802   	188.22		1.68543115857	0.88	0.695	8.96896e-13		1.6851629646	0.88	0.694	8.99062e-13
799   	802   	188.471		1.68597540372	0.88	0.696	8.94786e-13		1.6857075312	0.88	0.695	8.96942e-13
799   	802   	188.723		1.68651846306	0.88	0.697	8.9269e-13		1.6862509132	0.88	0.696	8.94835e-13
799   	802   	188.975		1.68706033829	0.88	0.698	8.90607e-13		1.68679311231	0.88	0.697	8.92741e-13
799   	802   	189.226		1.68760103115	0.88	0.699	8.88538e-13		1.68733413021	0.88	0.698	8.9066e-13
799   	802   	189.478		1.68814054336	0.881	0.7	8.86481e-13		1.68787396864	0.88	0.699	8.88593e-13
799   	802   	189.73		1.68867887668	0.881	0.701	8.84438e-13		1.68841262934	0.88	0.7	8.86539e-13
799   	802   	189.981		1.6892160329	0.881	0.702	8.82407e-13		1.68895011404	0.88	0.701	8.84498e-13
799   	802   	190.233		1.68975201378	0.881	0.703	8.80389e-13		1.68948642453	0.88	0.702	8.82469e-13
799   	802   	190.485		1.69028682114	0.881	0.703	8.78384e-13		1.69002156259	0.881	0.702	8.80454e-13
799   	802   	190.736		1.6908204568	0.881	0.704	8.76391e-13		1.69055553002	0.881	0.703	8.7845e-13
799   	802   	190.988		1.69135292259	0.881	0.705	8.74411e-13		1.69108832863	0.881	0.704	8.7646e-13
799   	802   	191.24		1.69188422035	0.881	0.706	8.72443e-13		1.69161996025	0.881	0.705	8.74482e-13
799   	802   	191.491		1.69241435194	0.881	0.707	8.70487e-13		1.69215042673	0.881	0.706	8.72516e-13
799   	802   	191.743		1.69294331925	0.882	0.708	8.68544e-13		1.69267972992	0.881	0.707	8.70562e-13
799   	802   	191.995		1.69347112415	0.882	0.709	8.66612e-13		1.69320787169	0.881	0.708	8.6862e-13
799   	802   	192.246		1.69399776856	0.882	0.71	8.64692e-13		1.69373485394	0.881	0.709	8.6669e-13
799   	802   	192.498		1.69452325438	0.882	0.71	8.62784e-13		1.69426067854	0.881	0.71	8.64772e-13
799   	802   	192.75		1.69504758355	0.882	0.711	8.60888e-13		1.69478534743	0.882	0.71	8.62866e-13
799   	802   	193.001		1.695570758 	0.882	0.712	8.59003e-13		1.69530886252	0.882	0.711	8.60971e-13
799   	802   	193.253		1.69609277969	0.882	0.713	8.57129e-13		1.69583122575	0.882	0.712	8.59088e-13
799   	802   	193.505		1.69661365059	0.882	0.714	8.55267e-13		1.69635243906	0.882	0.713	8.57217e-13
799   	802   	193.756		1.69713337267	0.882	0.715	8.53417e-13		1.69687250442	0.882	0.714	8.55356e-13
799   	802   	194.008		1.69765194792	0.883	0.716	8.51577e-13		1.69739142381	0.882	0.715	8.53507e-13
799   	802   	194.26		1.69816937834	0.883	0.716	8.49748e-13		1.6979091992	0.882	0.716	8.51669e-13
799   	802   	194.511		1.69868566594	0.883	0.717	8.47931e-13		1.69842583259	0.882	0.716	8.49843e-13
799   	802   	194.763		1.69920081275	0.883	0.718	8.46124e-13		1.69894132599	0.883	0.717	8.48027e-13
799   	802   	195.015		1.6997148208	0.883	0.719	8.44328e-13		1.69945568141	0.883	0.718	8.46222e-13
799   	802   	195.266		1.70022769213	0.883	0.72	8.42543e-13		1.6999689009	0.883	0.719	8.44427e-13
799   	802   	195.518		1.70073942881	0.883	0.721	8.40769e-13		1.70048098647	0.883	0.72	8.42644e-13
799   	802   	195.77		1.70125003288	0.883	0.722	8.39005e-13		1.7009919402	0.883	0.721	8.4087e-13
799   	802   	196.021		1.70175950643	0.884	0.722	8.37251e-13		1.70150176412	0.883	0.721	8.39108e-13
799   	802   	196.273		1.70226785155	0.884	0.723	8.35508e-13		1.70201046032	0.883	0.722	8.37356e-13
799   	802   	196.525		1.70277507032	0.884	0.724	8.33774e-13		1.70251803087	0.883	0.723	8.35614e-13
799   	802   	196.776		1.70328116485	0.884	0.725	8.32052e-13		1.70302447786	0.883	0.724	8.33882e-13
799   	802   	197.028		1.70378613725	0.884	0.726	8.30339e-13		1.70352980339	0.884	0.725	8.32161e-13
799   	802   	197.28		1.70428998965	0.884	0.726	8.28636e-13		1.70403400956	0.884	0.726	8.30449e-13
799   	802   	197.531		1.70479272416	0.884	0.727	8.26943e-13		1.70453709849	0.884	0.726	8.28748e-13
799   	802   	197.783		1.70529434294	0.884	0.728	8.2526e-13		1.70503907231	0.884	0.727	8.27056e-13
799   	802   	198.035		1.70579484812	0.885	0.729	8.23586e-13		1.70553993314	0.884	0.728	8.25374e-13
799   	802   	198.286		1.70629424187	0.885	0.73	8.21923e-13		1.70603968313	0.884	0.729	8.23702e-13
799   	802   	198.538		1.70679252634	0.885	0.73	8.20269e-13		1.70653832443	0.884	0.73	8.2204e-13
799   	900   	186.206		1.70512568831	0.891	0.737	9.04741e-13		1.69701774596	0.877	0.71	9.70089e-13
799   	900   	186.458		1.70565497836	0.891	0.738	9.02854e-13		1.69755876173	0.877	0.71	9.67874e-13
799   	900   	186.71		1.70618299376	0.891	0.739	9.00978e-13		1.69809852628	0.877	0.711	9.65672e-13
799   	900   	186.961		1.70670973733	0.891	0.739	8.99114e-13		1.6986370419	0.877	0.712	9.63484e-13
799   	900   	187.213		1.70723521191	0.892	0.74	8.97261e-13		1.69917431091	0.878	0.713	9.6131e-13
799   	900   	187.465		1.70775942034	0.892	0.741	8.95419e-13		1.69971033561	0.878	0.714	9.59149e-13
799   	900   	187.716		1.70828236548	0.892	0.742	8.93588e-13		1.70024511834	0.878	0.715	9.57002e-13
799   	900   	187.968		1.70880405017	0.892	0.743	8.91768e-13		1.70077866145	0.878	0.716	9.54868e-13
799   	900   	188.22		1.70932447728	0.892	0.744	8.89959e-13		1.70131096729	0.878	0.717	9.52747e-13
799   	900   	188.471		1.70984364968	0.892	0.744	8.88161e-13		1.70184203824	0.878	0.717	9.5064e-13
799   	900   	188.723		1.71036157024	0.892	0.745	8.86374e-13		1.70237187666	0.878	0.718	9.48545e-13
799   	900   	188.975		1.71087824185	0.892	0.746	8.84597e-13		1.70290048494	0.878	0.719	9.46463e-13
799   	900   	189.226		1.71139366739	0.893	0.747	8.82831e-13		1.7034278655	0.878	0.72	9.44394e-13
799   	900   	189.478		1.71190784976	0.893	0.748	8.81075e-13		1.70395402073	0.879	0.721	9.42337e-13
799   	900   	189.73		1.71242079185	0.893	0.748	8.79329e-13		1.70447895306	0.879	0.722	9.40293e-13
799   	900   	189.981		1.71293249655	0.893	0.749	8.77594e-13		1.70500266492	0.879	0.723	9.38261e-13
799   	900   	190.233		1.71344296679	0.893	0.75	8.75869e-13		1.70552515874	0.879	0.723	9.36242e-13
799   	900   	190.485		1.71395220547	0.893	0.751	8.74154e-13		1.70604643698	0.879	0.724	9.34234e-13
799   	900   	190.736		1.71446021551	0.893	0.751	8.72449e-13		1.70656650209	0.879	0.725	9.32239e-13
799   	900   	190.988		1.71496699982	0.894	0.752	8.70754e-13		1.70708535655	0.879	0.726	9.30256e-13
799   	900   	191.24		1.71547256134	0.894	0.753	8.69068e-13		1.70760300282	0.879	0.727	9.28284e-13
799   	900   	191.491		1.71597690298	0.894	0.754	8.67393e-13		1.70811944339	0.88	0.728	9.26325e-13
799   	900   	191.743		1.71648002769	0.894	0.755	8.65727e-13		1.70863468076	0.88	0.729	9.24377e-13
799   	900   	191.995		1.71698193839	0.894	0.755	8.6407e-13		1.70914871742	0.88	0.729	9.2244e-13
799   	900   	192.246		1.71748263802	0.894	0.756	8.62423e-13		1.70966155588	0.88	0.73	9.20515e-13
799   	900   	192.498		1.71798212953	0.894	0.757	8.60786e-13		1.71017319867	0.88	0.731	9.18602e-13
799   	900   	192.75		1.71848041586	0.894	0.758	8.59158e-13		1.71068364829	0.88	0.732	9.16699e-13
799   	900   	193.001		1.71897749995	0.895	0.758	8.57539e-13		1.71119290729	0.88	0.733	9.14808e-13
799   	900   	193.253		1.71947338476	0.895	0.759	8.55929e-13		1.7117009782	0.88	0.733	9.12928e-13
799   	900   	193.505		1.71996807324	0.895	0.76	8.54329e-13		1.71220786356	0.881	0.734	9.11059e-13
799   	900   	193.756		1.72046156834	0.895	0.761	8.52737e-13		1.71271356593	0.881	0.735	9.09201e-13
799   	900   	194.008		1.72095387302	0.895	0.761	8.51155e-13		1.71321808786	0.881	0.736	9.07353e-13
799   	900   	194.26		1.72144499024	0.895	0.762	8.49581e-13		1.71372143192	0.881	0.737	9.05517e-13
799   	900   	194.511		1.72193492295	0.895	0.763	8.48016e-13		1.71422360067	0.881	0.737	9.03691e-13
799   	900   	194.763		1.72242367412	0.896	0.764	8.4646e-13		1.7147245967	0.881	0.738	9.01875e-13
799   	900   	195.015		1.7229112467	0.896	0.764	8.44912e-13		1.71522442258	0.881	0.739	9.0007e-13
799   	900   	195.266		1.72339764368	0.896	0.765	8.43374e-13		1.71572308089	0.882	0.74	8.98275e-13
799   	900   	195.518		1.723882868 	0.896	0.766	8.41843e-13		1.71622057424	0.882	0.741	8.96491e-13
799   	900   	195.77		1.72436692264	0.896	0.766	8.40321e-13		1.71671690521	0.882	0.741	8.94717e-13
799   	900   	196.021		1.72484981057	0.896	0.767	8.38808e-13		1.71721207641	0.882	0.742	8.92953e-13
799   	900   	196.273		1.72533153474	0.896	0.768	8.37303e-13		1.71770609045	0.882	0.743	8.91199e-13
799   	900   	196.525		1.72581209814	0.897	0.769	8.35806e-13		1.71819894993	0.882	0.744	8.89454e-13
799   	900   	196.776		1.72629150373	0.897	0.769	8.34317e-13		1.71869065747	0.882	0.744	8.8772e-13
799   	900   	197.028		1.72676975447	0.897	0.77	8.32837e-13		1.7191812157	0.882	0.745	8.85996e-13
799   	900   	197.28		1.72724685334	0.897	0.771	8.31364e-13		1.71967062722	0.883	0.746	8.84281e-13
799   	900   	197.531		1.72772280331	0.897	0.771	8.299e-13		1.72015889468	0.883	0.747	8.82576e-13
799   	900   	197.783		1.72819760734	0.897	0.772	8.28444e-13		1.7206460207	0.883	0.748	8.8088e-13
799   	900   	198.035		1.72867126841	0.897	0.773	8.26995e-13		1.72113200792	0.883	0.748	8.79194e-13
799   	900   	198.286		1.72914378948	0.897	0.774	8.25554e-13		1.72161685897	0.883	0.749	8.77517e-13
799   	900   	198.538		1.72961517352	0.898	0.774	8.24121e-13		1.72210057649	0.883	0.75	8.7585e-13
799   	1000  	186.206		1.72481925536	0.903	0.774	9.14045e-13		1.71048010737	0.876	0.727	1.02901e-12
799   	1000  	186.458		1.72532269096	0.903	0.775	9.12372e-13		1.71100744253	0.876	0.728	1.02677e-12
799   	1000  	186.71		1.7258248321	0.903	0.775	9.10709e-13		1.71153349892	0.876	0.728	1.02456e-12
799   	1000  	186.961		1.72632568241	0.903	0.776	9.09055e-13		1.7120582794	0.876	0.729	1.02235e-12
799   	1000  	187.213		1.72682524551	0.903	0.777	9.0741e-13		1.71258178681	0.876	0.73	1.02016e-12
799   	1000  	187.465		1.72732352503	0.903	0.778	9.05775e-13		1.713104024 	0.877	0.731	1.01798e-12
799   	1000  	187.716		1.72782052459	0.904	0.778	9.04149e-13		1.71362499383	0.877	0.732	1.01582e-12
799   	1000  	187.968		1.7283162478	0.904	0.779	9.02533e-13		1.71414469917	0.877	0.733	1.01367e-12
799   	1000  	188.22		1.72881069827	0.904	0.78	9.00925e-13		1.71466314288	0.877	0.734	1.01153e-12
799   	1000  	188.471		1.72930387963	0.904	0.78	8.99326e-13		1.71518032786	0.877	0.734	1.0094e-12
799   	1000  	188.723		1.72979579547	0.904	0.781	8.97737e-13		1.71569625698	0.877	0.735	1.00729e-12
799   	1000  	188.975		1.73028644941	0.904	0.782	8.96156e-13		1.71621093314	0.877	0.736	1.00518e-12
799   	1000  	189.226		1.73077584505	0.904	0.783	8.94584e-13		1.71672435923	0.877	0.737	1.0031e-12
799   	1000  	189.478		1.73126398599	0.905	0.783	8.93021e-13		1.71723653814	0.878	0.738	1.00102e-12
799   	1000  	189.73		1.73175087583	0.905	0.784	8.91466e-13		1.7177474728	0.878	0.738	9.98955e-13
799   	1000  	189.981		1.73223651817	0.905	0.785	8.8992e-13		1.71825716611	0.878	0.739	9.96903e-13
799   	1000  	190.233		1.73272091659	0.905	0.785	8.88383e-13		1.71876562099	0.878	0.74	9.94863e-13
799   	1000  	190.485		1.73320407468	0.905	0.786	8.86854e-13		1.71927284035	0.878	0.741	9.92835e-13
799   	1000  	190.736		1.73368599603	0.905	0.787	8.85334e-13		1.71977882712	0.878	0.742	9.90819e-13
799   	1000  	190.988		1.73416668422	0.905	0.787	8.83821e-13		1.72028358424	0.878	0.742	9.88814e-13
799   	1000  	191.24		1.73464614283	0.906	0.788	8.82317e-13		1.72078711463	0.879	0.743	9.86821e-13
799   	1000  	191.491		1.73512437542	0.906	0.789	8.80822e-13		1.72128942123	0.879	0.744	9.8484e-13
799   	1000  	191.743		1.73560138557	0.906	0.789	8.79334e-13		1.72179050698	0.879	0.745	9.8287e-13
799   	1000  	191.995		1.73607717685	0.906	0.79	8.77855e-13		1.72229037482	0.879	0.746	9.80911e-13
799   	1000  	192.246		1.7365517528	0.906	0.791	8.76383e-13		1.72278902771	0.879	0.746	9.78964e-13
799   	1000  	192.498		1.73702511699	0.906	0.791	8.74919e-13		1.72328646859	0.879	0.747	9.77027e-13
799   	1000  	192.75		1.73749727297	0.906	0.792	8.73464e-13		1.72378270041	0.879	0.748	9.75102e-13
799   	1000  	193.001		1.73796822428	0.907	0.793	8.72016e-13		1.72427772613	0.879	0.749	9.73188e-13
799   	1000  	193.253		1.73843797447	0.907	0.793	8.70576e-13		1.72477154871	0.88	0.749	9.71284e-13
799   	1000  	193.505		1.73890652707	0.907	0.794	8.69143e-13		1.72526417111	0.88	0.75	9.69392e-13
799   	1000  	193.756		1.73937388562	0.907	0.795	8.67718e-13		1.72575559628	0.88	0.751	9.6751e-13
799   	1000  	194.008		1.73984005365	0.907	0.795	8.66301e-13		1.7262458272	0.88	0.752	9.65639e-13
799   	1000  	194.26		1.74030503466	0.907	0.796	8.64891e-13		1.72673486684	0.88	0.753	9.63778e-13
799   	1000  	194.511		1.7407688322	0.907	0.797	8.63489e-13		1.72722271815	0.88	0.753	9.61927e-13
799   	1000  	194.763		1.74123144975	0.908	0.797	8.62094e-13		1.72770938411	0.88	0.754	9.60088e-13
799   	1000  	195.015		1.74169289084	0.908	0.798	8.60706e-13		1.72819486769	0.881	0.755	9.58258e-13
799   	1000  	195.266		1.74215315895	0.908	0.799	8.59326e-13		1.72867917187	0.881	0.756	9.56438e-13
799   	1000  	195.518		1.74261225759	0.908	0.799	8.57953e-13		1.72916229961	0.881	0.756	9.54629e-13
799   	1000  	195.77		1.74307019025	0.908	0.8	8.56587e-13		1.72964425389	0.881	0.757	9.5283e-13
799   	1000  	196.021		1.74352696041	0.908	0.8	8.55228e-13		1.73012503769	0.881	0.758	9.5104e-13
799   	1000  	196.273		1.74398257155	0.908	0.801	8.53877e-13		1.73060465398	0.881	0.758	9.49261e-13
799   	1000  	196.525		1.74443702713	0.909	0.802	8.52532e-13		1.73108310574	0.881	0.759	9.47491e-13
799   	1000  	196.776		1.74489033064	0.909	0.802	8.51194e-13		1.73156039595	0.882	0.76	9.45731e-13
799   	1000  	197.028		1.74534248552	0.909	0.803	8.49863e-13		1.73203652758	0.882	0.761	9.43981e-13
799   	1000  	197.28		1.74579349523	0.909	0.804	8.48539e-13		1.73251150361	0.882	0.761	9.4224e-13
799   	1000  	197.531		1.74624336322	0.909	0.804	8.47222e-13		1.73298532702	0.882	0.762	9.40509e-13
799   	1000  	197.783		1.74669209294	0.909	0.805	8.45911e-13		1.73345800078	0.882	0.763	9.38787e-13
799   	1000  	198.035		1.74713968781	0.909	0.805	8.44608e-13		1.73392952788	0.882	0.764	9.37074e-13
799   	1000  	198.286		1.74758615127	0.909	0.806	8.43311e-13		1.73439991129	0.882	0.764	9.35371e-13
799   	1000  	198.538		1.74803148674	0.91	0.807	8.4202e-13		1.73486915398	0.882	0.765	9.33677e-13
799   	1100  	186.206		1.74066992754	0.913	0.801	9.35011e-13		1.72150152733	0.875	0.74	1.09068e-12
799   	1100  	186.458		1.74114908827	0.913	0.802	9.33478e-13		1.72201577141	0.875	0.741	1.08841e-12
799   	1100  	186.71		1.74162696572	0.914	0.803	9.31954e-13		1.72252872619	0.875	0.741	1.08615e-12
799   	1100  	186.961		1.74210356395	0.914	0.803	9.30438e-13		1.72304039487	0.875	0.742	1.08391e-12
799   	1100  	187.213		1.74257888705	0.914	0.804	9.2893e-13		1.72355078069	0.876	0.743	1.08168e-12
799   	1100  	187.465		1.74305293908	0.914	0.805	9.2743e-13		1.72405988686	0.876	0.744	1.07946e-12
799   	1100  	187.716		1.74352572409	0.914	0.805	9.25939e-13		1.72456771661	0.876	0.745	1.07726e-12
799   	1100  	187.968		1.74399724615	0.914	0.806	9.24455e-13		1.72507427317	0.876	0.745	1.07507e-12
799   	1100  	188.22		1.74446750928	0.914	0.807	9.2298e-13		1.72557955978	0.876	0.746	1.07289e-12
799   	1100  	188.471		1.74493651752	0.915	0.807	9.21512e-13		1.72608357966	0.876	0.747	1.07073e-12
799   	1100  	188.723		1.7454042749	0.915	0.808	9.20052e-13		1.72658633607	0.876	0.748	1.06857e-12
799   	1100  	188.975		1.74587078543	0.915	0.808	9.186e-13		1.72708783222	0.877	0.749	1.06643e-12
799   	1100  	189.226		1.74633605312	0.915	0.809	9.17156e-13		1.72758807136	0.877	0.749	1.0643e-12
799   	1100  	189.478		1.74680008196	0.915	0.81	9.15719e-13		1.72808705674	0.877	0.75	1.06219e-12
799   	1100  	189.73		1.74726287594	0.915	0.81	9.1429e-13		1.72858479159	0.877	0.751	1.06008e-12
799   	1100  	189.981		1.74772443905	0.915	0.811	9.12868e-13		1.72908127915	0.877	0.752	1.05799e-12
799   	1100  	190.233		1.74818477526	0.916	0.812	9.11454e-13		1.72957652268	0.877	0.752	1.05591e-12
799   	1100  	190.485		1.74864388852	0.916	0.812	9.10047e-13		1.73007052541	0.877	0.753	1.05384e-12
799   	1100  	190.736		1.74910178279	0.916	0.813	9.08648e-13		1.73056329059	0.878	0.754	1.05179e-12
799   	1100  	190.988		1.74955846201	0.916	0.813	9.07256e-13		1.73105482146	0.878	0.755	1.04974e-12
799   	1100  	191.24		1.75001393012	0.916	0.814	9.05871e-13		1.73154512128	0.878	0.756	1.04771e-12
799   	1100  	191.491		1.75046819104	0.916	0.815	9.04493e-13		1.73203419328	0.878	0.756	1.04569e-12
799   	1100  	191.743		1.75092124869	0.916	0.815	9.03123e-13		1.73252204072	0.878	0.757	1.04368e-12
799   	1100  	191.995		1.75137310698	0.917	0.816	9.01759e-13		1.73300866683	0.878	0.758	1.04168e-12
799   	1100  	192.246		1.75182376979	0.917	0.816	9.00403e-13		1.73349407486	0.878	0.759	1.03969e-12
799   	1100  	192.498		1.75227324103	0.917	0.817	8.99053e-13		1.73397826807	0.879	0.759	1.03772e-12
799   	1100  	192.75		1.75272152456	0.917	0.818	8.97711e-13		1.73446124968	0.879	0.76	1.03575e-12
799   	1100  	193.001		1.75316862426	0.917	0.818	8.96375e-13		1.73494302295	0.879	0.761	1.0338e-12
799   	1100  	193.253		1.75361454398	0.917	0.819	8.95046e-13		1.73542359112	0.879	0.761	1.03185e-12
799   	1100  	193.505		1.75405928757	0.917	0.819	8.93724e-13		1.73590295742	0.879	0.762	1.02992e-12
799   	1100  	193.756		1.75450285888	0.918	0.82	8.92409e-13		1.73638112511	0.879	0.763	1.028e-12
799   	1100  	194.008		1.75494526173	0.918	0.82	8.911e-13		1.73685809741	0.879	0.764	1.02609e-12
799   	1100  	194.26		1.75538649994	0.918	0.821	8.89798e-13		1.73733387757	0.88	0.764	1.02418e-12
799   	1100  	194.511		1.75582657732	0.918	0.822	8.88502e-13		1.73780846883	0.88	0.765	1.02229e-12
799   	1100  	194.763		1.75626549767	0.918	0.822	8.87213e-13		1.73828187441	0.88	0.766	1.02041e-12
799   	1100  	195.015		1.75670326479	0.918	0.823	8.85931e-13		1.73875409755	0.88	0.767	1.01854e-12
799   	1100  	195.266		1.75713988245	0.918	0.823	8.84654e-13		1.73922514148	0.88	0.767	1.01668e-12
799   	1100  	195.518		1.75757535442	0.919	0.824	8.83385e-13		1.73969500943	0.88	0.768	1.01483e-12
799   	1100  	195.77		1.75800968446	0.919	0.824	8.82121e-13		1.74016370462	0.88	0.769	1.01299e-12
799   	1100  	196.021		1.75844287633	0.919	0.825	8.80864e-13		1.74063123029	0.881	0.769	1.01116e-12
799   	1100  	196.273		1.75887493375	0.919	0.825	8.79613e-13		1.74109758965	0.881	0.77	1.00934e-12
799   	1100  	196.525		1.75930586048	0.919	0.826	8.78368e-13		1.74156278592	0.881	0.771	1.00753e-12
799   	1100  	196.776		1.75973566021	0.919	0.827	8.7713e-13		1.74202682232	0.881	0.771	1.00573e-12
799   	1100  	197.028		1.76016433667	0.919	0.827	8.75897e-13		1.74248970207	0.881	0.772	1.00394e-12
799   	1100  	197.28		1.76059189355	0.919	0.828	8.7467e-13		1.74295142837	0.881	0.773	1.00216e-12
799   	1100  	197.531		1.76101833455	0.92	0.828	8.7345e-13		1.74341200444	0.881	0.774	1.00039e-12
799   	1100  	197.783		1.76144366333	0.92	0.829	8.72235e-13		1.74387143348	0.882	0.774	9.98625e-13
799   	1100  	198.035		1.76186788358	0.92	0.829	8.71027e-13		1.74432971869	0.882	0.775	9.96872e-13
799   	1100  	198.286		1.76229099895	0.92	0.83	8.69824e-13		1.74478686328	0.882	0.776	9.95128e-13
799   	1100  	198.538		1.76271301308	0.92	0.83	8.68627e-13		1.74524287043	0.882	0.776	9.93393e-13
799   	1200  	186.206		1.75354879948	0.923	0.822	9.63519e-13		1.73062058885	0.874	0.75	1.1542e-12
799   	1200  	186.458		1.75400611922	0.923	0.823	9.62081e-13		1.73112271705	0.875	0.751	1.15188e-12
799   	1200  	186.71		1.75446218207	0.923	0.823	9.60651e-13		1.73162355569	0.875	0.751	1.14957e-12
799   	1200  	186.961		1.75491699237	0.923	0.824	9.59229e-13		1.73212310828	0.875	0.752	1.14727e-12
799   	1200  	187.213		1.75537055441	0.923	0.824	9.57813e-13		1.73262137828	0.875	0.753	1.14499e-12
799   	1200  	187.465		1.75582287251	0.923	0.825	9.56406e-13		1.73311836919	0.875	0.754	1.14272e-12
799   	1200  	187.716		1.75627395094	0.923	0.826	9.55005e-13		1.73361408448	0.875	0.754	1.14046e-12
799   	1200  	187.968		1.75672379398	0.924	0.826	9.53612e-13		1.73410852764	0.875	0.755	1.13821e-12
799   	1200  	188.22		1.7571724059	0.924	0.827	9.52225e-13		1.73460170214	0.876	0.756	1.13598e-12
799   	1200  	188.471		1.75761979094	0.924	0.827	9.50846e-13		1.73509361147	0.876	0.757	1.13376e-12
799   	1200  	188.723		1.75806595335	0.924	0.828	9.49474e-13		1.7355842591	0.876	0.758	1.13156e-12
799   	1200  	188.975		1.75851089733	0.924	0.828	9.48109e-13		1.7360736485	0.876	0.758	1.12937e-12
799   	1200  	189.226		1.75895462712	0.924	0.829	9.46751e-13		1.73656178316	0.876	0.759	1.12718e-12
799   	1200  	189.478		1.75939714689	0.924	0.83	9.454e-13		1.73704866654	0.876	0.76	1.12502e-12
799   	1200  	189.73		1.75983846085	0.925	0.83	9.44056e-13		1.73753430212	0.876	0.761	1.12286e-12
799   	1200  	189.981		1.76027857316	0.925	0.831	9.42718e-13		1.73801869336	0.877	0.761	1.12071e-12
799   	1200  	190.233		1.76071748799	0.925	0.831	9.41388e-13		1.73850184373	0.877	0.762	1.11858e-12
799   	1200  	190.485		1.76115520948	0.925	0.832	9.40063e-13		1.7389837567	0.877	0.763	1.11646e-12
799   	1200  	190.736		1.76159174177	0.925	0.832	9.38746e-13		1.73946443574	0.877	0.763	1.11435e-12
799   	1200  	190.988		1.76202708898	0.925	0.833	9.37435e-13		1.73994388429	0.877	0.764	1.11226e-12
799   	1200  	191.24		1.76246125521	0.925	0.833	9.36131e-13		1.74042210582	0.877	0.765	1.11017e-12
799   	1200  	191.491		1.76289424458	0.926	0.834	9.34833e-13		1.74089910378	0.877	0.766	1.1081e-12
799   	1200  	191.743		1.76332606115	0.926	0.834	9.33542e-13		1.74137488163	0.878	0.766	1.10603e-12
799   	1200  	191.995		1.76375670901	0.926	0.835	9.32257e-13		1.74184944282	0.878	0.767	1.10398e-12
799   	1200  	192.246		1.7641861922	0.926	0.836	9.30978e-13		1.74232279079	0.878	0.768	1.10194e-12
799   	1200  	192.498		1.76461451479	0.926	0.836	9.29706e-13		1.74279492898	0.878	0.769	1.09992e-12
799   	1200  	192.75		1.76504168079	0.926	0.837	9.2844e-13		1.74326586083	0.878	0.769	1.0979e-12
799   	1200  	193.001		1.76546769423	0.926	0.837	9.2718e-13		1.74373558979	0.878	0.77	1.09589e-12
799   	1200  	193.253		1.76589255911	0.926	0.838	9.25926e-13		1.74420411928	0.879	0.771	1.0939e-12
799   	1200  	193.505		1.76631627944	0.927	0.838	9.24678e-13		1.74467145274	0.879	0.771	1.09191e-12
799   	1200  	193.756		1.76673885918	0.927	0.839	9.23437e-13		1.74513759358	0.879	0.772	1.08994e-12
799   	1200  	194.008		1.76716030232	0.927	0.839	9.22202e-13		1.74560254524	0.879	0.773	1.08797e-12
799   	1200  	194.26		1.7675806128	0.927	0.84	9.20972e-13		1.74606631113	0.879	0.773	1.08602e-12
799   	1200  	194.511		1.76799979457	0.927	0.84	9.19749e-13		1.74652889466	0.879	0.774	1.08408e-12
799   	1200  	194.763		1.76841785156	0.927	0.841	9.18531e-13		1.74699029924	0.879	0.775	1.08215e-12
799   	1200  	195.015		1.76883478769	0.927	0.841	9.17319e-13		1.74745052829	0.88	0.776	1.08023e-12
799   	1200  	195.266		1.76925060686	0.928	0.842	9.16113e-13		1.7479095852	0.88	0.776	1.07832e-12
799   	1200  	195.518		1.76966531296	0.928	0.842	9.14913e-13		1.74836747337	0.88	0.777	1.07641e-12
799   	1200  	195.77		1.77007890987	0.928	0.843	9.13719e-13		1.74882419619	0.88	0.778	1.07452e-12
799   	1200  	196.021		1.77049140146	0.928	0.843	9.1253e-13		1.74927975705	0.88	0.778	1.07264e-12
799   	1200  	196.273		1.77090279158	0.928	0.844	9.11347e-13		1.74973415934	0.88	0.779	1.07077e-12
799   	1200  	196.525		1.77131308408	0.928	0.844	9.1017e-13		1.75018740644	0.88	0.78	1.06891e-12
799   	1200  	196.776		1.77172228277	0.928	0.845	9.08998e-13		1.75063950171	0.881	0.78	1.06706e-12
799   	1200  	197.028		1.77213039148	0.928	0.845	9.07832e-13		1.75109044853	0.881	0.781	1.06522e-12
799   	1200  	197.28		1.772537414 	0.929	0.846	9.06671e-13		1.75154025026	0.881	0.782	1.06339e-12
799   	1200  	197.531		1.77294335413	0.929	0.846	9.05516e-13		1.75198891027	0.881	0.782	1.06156e-12
799   	1200  	197.783		1.77334821564	0.929	0.847	9.04366e-13		1.7524364319	0.881	0.783	1.05975e-12
799   	1200  	198.035		1.7737520023	0.929	0.847	9.03221e-13		1.7528828185	0.881	0.784	1.05795e-12
799   	1200  	198.286		1.77415471786	0.929	0.848	9.02082e-13		1.75332807343	0.881	0.784	1.05615e-12
799   	1200  	198.538		1.77455636605	0.929	0.848	9.00948e-13		1.75377220002	0.882	0.785	1.05437e-12
799   	1300  	186.206		1.76411988878	0.931	0.838	9.97172e-13		1.73824131918	0.874	0.758	1.21899e-12
799   	1300  	186.458		1.76455793685	0.931	0.838	9.958e-13		1.73873242435	0.874	0.758	1.2166e-12
799   	1300  	186.71		1.76499476104	0.931	0.839	9.94435e-13		1.73922224591	0.874	0.759	1.21423e-12
799   	1300  	186.961		1.76543036579	0.931	0.84	9.93077e-13		1.73971078753	0.874	0.76	1.21187e-12
799   	1300  	187.213		1.76586475551	0.931	0.84	9.91726e-13		1.74019805288	0.875	0.761	1.20952e-12
799   	1300  	187.465		1.76629793461	0.931	0.841	9.90381e-13		1.74068404561	0.875	0.761	1.20719e-12
799   	1300  	187.716		1.76672990746	0.932	0.841	9.89043e-13		1.74116876939	0.875	0.762	1.20487e-12
799   	1300  	187.968		1.76716067845	0.932	0.842	9.87712e-13		1.74165222785	0.875	0.763	1.20256e-12
799   	1300  	188.22		1.76759025193	0.932	0.842	9.86387e-13		1.74213442465	0.875	0.764	1.20027e-12
799   	1300  	188.471		1.76801863224	0.932	0.843	9.85069e-13		1.74261536344	0.875	0.764	1.19799e-12
799   	1300  	188.723		1.7684458237	0.932	0.843	9.83757e-13		1.74309504786	0.875	0.765	1.19572e-12
799   	1300  	188.975		1.76887183064	0.932	0.844	9.82452e-13		1.74357348154	0.876	0.766	1.19346e-12
799   	1300  	189.226		1.76929665734	0.932	0.844	9.81154e-13		1.74405066813	0.876	0.767	1.19122e-12
799   	1300  	189.478		1.76972030808	0.932	0.845	9.79861e-13		1.74452661124	0.876	0.767	1.18899e-12
799   	1300  	189.73		1.77014278714	0.933	0.845	9.78575e-13		1.74500131452	0.876	0.768	1.18677e-12
799   	1300  	189.981		1.77056409875	0.933	0.846	9.77295e-13		1.74547478157	0.876	0.769	1.18457e-12
799   	1300  	190.233		1.77098424716	0.933	0.846	9.76022e-13		1.74594701602	0.876	0.769	1.18237e-12
799   	1300  	190.485		1.77140323658	0.933	0.847	9.74754e-13		1.74641802149	0.877	0.77	1.18019e-12
799   	1300  	190.736		1.77182107123	0.933	0.847	9.73493e-13		1.74688780157	0.877	0.771	1.17802e-12
799   	1300  	190.988		1.77223775528	0.933	0.848	9.72238e-13		1.74735635988	0.877	0.772	1.17586e-12
799   	1300  	191.24		1.77265329292	0.933	0.848	9.70989e-13		1.74782370001	0.877	0.772	1.17372e-12
799   	1300  	191.491		1.7730676883	0.934	0.849	9.69746e-13		1.74828982556	0.877	0.773	1.17158e-12
799   	1300  	191.743		1.77348094558	0.934	0.849	9.68509e-13		1.74875474012	0.877	0.774	1.16946e-12
799   	1300  	191.995		1.77389306887	0.934	0.85	9.67278e-13		1.74921844727	0.877	0.774	1.16735e-12
799   	1300  	192.246		1.77430406229	0.934	0.85	9.66052e-13		1.7496809506	0.878	0.775	1.16525e-12
799   	1300  	192.498		1.77471392995	0.934	0.851	9.64833e-13		1.75014225368	0.878	0.776	1.16316e-12
799   	1300  	192.75		1.77512267592	0.934	0.851	9.63619e-13		1.75060236008	0.878	0.776	1.16108e-12
799   	1300  	193.001		1.77553030428	0.934	0.852	9.62411e-13		1.75106127336	0.878	0.777	1.15902e-12
799   	1300  	193.253		1.77593681908	0.934	0.852	9.61209e-13		1.75151899708	0.878	0.778	1.15696e-12
799   	1300  	193.505		1.77634222437	0.935	0.852	9.60012e-13		1.7519755348	0.878	0.779	1.15492e-12
799   	1300  	193.756		1.77674652417	0.935	0.853	9.58822e-13		1.75243089005	0.878	0.779	1.15288e-12
799   	1300  	194.008		1.77714972248	0.935	0.853	9.57636e-13		1.7528850664	0.879	0.78	1.15086e-12
799   	1300  	194.26		1.77755182331	0.935	0.854	9.56457e-13		1.75333806736	0.879	0.781	1.14885e-12
799   	1300  	194.511		1.77795283064	0.935	0.854	9.55282e-13		1.75378989648	0.879	0.781	1.14685e-12
799   	1300  	194.763		1.77835274843	0.935	0.855	9.54114e-13		1.75424055727	0.879	0.782	1.14486e-12
799   	1300  	195.015		1.77875158064	0.935	0.855	9.5295e-13		1.75469005325	0.879	0.783	1.14288e-12
799   	1300  	195.266		1.7791493312	0.935	0.856	9.51792e-13		1.75513838795	0.879	0.783	1.14091e-12
799   	1300  	195.518		1.77954600403	0.936	0.856	9.5064e-13		1.75558556485	0.88	0.784	1.13895e-12
799   	1300  	195.77		1.77994160304	0.936	0.857	9.49493e-13		1.75603158747	0.88	0.785	1.137e-12
799   	1300  	196.021		1.78033613214	0.936	0.857	9.48351e-13		1.7564764593	0.88	0.785	1.13506e-12
799   	1300  	196.273		1.78072959519	0.936	0.858	9.47214e-13		1.75692018382	0.88	0.786	1.13313e-12
799   	1300  	196.525		1.78112199605	0.936	0.858	9.46083e-13		1.75736276452	0.88	0.787	1.13121e-12
799   	1300  	196.776		1.78151333859	0.936	0.858	9.44956e-13		1.75780420487	0.88	0.787	1.1293e-12
799   	1300  	197.028		1.78190362664	0.936	0.859	9.43835e-13		1.75824450833	0.88	0.788	1.1274e-12
799   	1300  	197.28		1.78229286402	0.936	0.859	9.42719e-13		1.75868367838	0.881	0.788	1.12551e-12
799   	1300  	197.531		1.78268105453	0.937	0.86	9.41608e-13		1.75912171847	0.881	0.789	1.12364e-12
799   	1300  	197.783		1.78306820196	0.937	0.86	9.40502e-13		1.75955863204	0.881	0.79	1.12177e-12
799   	1300  	198.035		1.78345431011	0.937	0.861	9.39401e-13		1.75999442253	0.881	0.79	1.11991e-12
799   	1300  	198.286		1.78383938272	0.937	0.861	9.38306e-13		1.76042909339	0.881	0.791	1.11805e-12
799   	1300  	198.538		1.78422342356	0.937	0.862	9.37215e-13		1.76086264803	0.881	0.792	1.11621e-12
799   	1400  	186.206		1.77288436935	0.938	0.85	1.03449e-12		1.7446691603	0.874	0.764	1.28469e-12
799   	1400  	186.458		1.77330555531	0.938	0.851	1.03316e-12		1.74515032442	0.874	0.765	1.28223e-12
799   	1400  	186.71		1.77372555234	0.938	0.851	1.03184e-12		1.74563021448	0.874	0.765	1.27979e-12
799   	1400  	186.961		1.77414436491	0.938	0.852	1.03053e-12		1.74610883425	0.874	0.766	1.27736e-12
799   	1400  	187.213		1.77456199746	0.938	0.852	1.02922e-12		1.74658618752	0.874	0.767	1.27494e-12
799   	1400  	187.465		1.77497845441	0.938	0.853	1.02792e-12		1.74706227807	0.874	0.767	1.27254e-12
799   	1400  	187.716		1.77539374017	0.939	0.853	1.02662e-12		1.74753710967	0.875	0.768	1.27015e-12
799   	1400  	187.968		1.77580785914	0.939	0.854	1.02534e-12		1.74801068609	0.875	0.769	1.26777e-12
799   	1400  	188.22		1.7762208157	0.939	0.854	1.02405e-12		1.74848301108	0.875	0.77	1.2654e-12
799   	1400  	188.471		1.77663261419	0.939	0.854	1.02278e-12		1.74895408842	0.875	0.77	1.26305e-12
799   	1400  	188.723		1.77704325897	0.939	0.855	1.02151e-12		1.74942392185	0.875	0.771	1.26072e-12
799   	1400  	188.975		1.77745275435	0.939	0.855	1.02024e-12		1.74989251512	0.875	0.772	1.25839e-12
799   	1400  	189.226		1.77786110464	0.939	0.856	1.01899e-12		1.75035987197	0.875	0.772	1.25608e-12
799   	1400  	189.478		1.77826831414	0.939	0.856	1.01773e-12		1.75082599613	0.876	0.773	1.25378e-12
799   	1400  	189.73		1.77867438712	0.94	0.857	1.01649e-12		1.75129089134	0.876	0.774	1.25149e-12
799   	1400  	189.981		1.77907932783	0.94	0.857	1.01525e-12		1.75175456131	0.876	0.775	1.24922e-12
799   	1400  	190.233		1.77948314052	0.94	0.858	1.01401e-12		1.75221700976	0.876	0.775	1.24696e-12
799   	1400  	190.485		1.77988582941	0.94	0.858	1.01279e-12		1.75267824042	0.876	0.776	1.24471e-12
799   	1400  	190.736		1.78028739871	0.94	0.859	1.01156e-12		1.75313825697	0.876	0.777	1.24247e-12
799   	1400  	190.988		1.78068785261	0.94	0.859	1.01035e-12		1.75359706312	0.877	0.777	1.24025e-12
799   	1400  	191.24		1.78108719528	0.94	0.86	1.00913e-12		1.75405466257	0.877	0.778	1.23803e-12
799   	1400  	191.491		1.78148543088	0.94	0.86	1.00793e-12		1.75451105899	0.877	0.779	1.23583e-12
799   	1400  	191.743		1.78188256355	0.941	0.86	1.00673e-12		1.75496625608	0.877	0.779	1.23364e-12
799   	1400  	191.995		1.78227859743	0.941	0.861	1.00553e-12		1.75542025749	0.877	0.78	1.23146e-12
799   	1400  	192.246		1.78267353661	0.941	0.861	1.00435e-12		1.7558730669	0.877	0.781	1.2293e-12
799   	1400  	192.498		1.78306738519	0.941	0.862	1.00316e-12		1.75632468797	0.877	0.781	1.22714e-12
799   	1400  	192.75		1.78346014725	0.941	0.862	1.00198e-12		1.75677512435	0.878	0.782	1.225e-12
799   	1400  	193.001		1.78385182684	0.941	0.863	1.00081e-12		1.75722437969	0.878	0.783	1.22287e-12
799   	1400  	193.253		1.78424242802	0.941	0.863	9.99645e-13		1.75767245762	0.878	0.783	1.22075e-12
799   	1400  	193.505		1.78463195481	0.941	0.864	9.98483e-13		1.75811936178	0.878	0.784	1.21864e-12
799   	1400  	193.756		1.78502041121	0.942	0.864	9.97326e-13		1.75856509579	0.878	0.785	1.21654e-12
799   	1400  	194.008		1.78540780124	0.942	0.864	9.96175e-13		1.75900966327	0.878	0.785	1.21445e-12
799   	1400  	194.26		1.78579412887	0.942	0.865	9.95029e-13		1.75945306784	0.879	0.786	1.21237e-12
799   	1400  	194.511		1.78617939806	0.942	0.865	9.93889e-13		1.75989531309	0.879	0.787	1.21031e-12
799   	1400  	194.763		1.78656361276	0.942	0.866	9.92753e-13		1.76033640263	0.879	0.787	1.20825e-12
799   	1400  	195.015		1.7869467769	0.942	0.866	9.91623e-13		1.76077634003	0.879	0.788	1.20621e-12
799   	1400  	195.266		1.78732889441	0.942	0.867	9.90497e-13		1.76121512889	0.879	0.789	1.20418e-12
799   	1400  	195.518		1.78770996918	0.942	0.867	9.89377e-13		1.76165277278	0.879	0.789	1.20215e-12
799   	1400  	195.77		1.78809000509	0.942	0.867	9.88262e-13		1.76208927526	0.879	0.79	1.20014e-12
799   	1400  	196.021		1.78846900603	0.943	0.868	9.87152e-13		1.7625246399	0.88	0.791	1.19814e-12
799   	1400  	196.273		1.78884697584	0.943	0.868	9.86046e-13		1.76295887023	0.88	0.791	1.19615e-12
799   	1400  	196.525		1.78922391837	0.943	0.869	9.84946e-13		1.76339196982	0.88	0.792	1.19417e-12
799   	1400  	196.776		1.78959983743	0.943	0.869	9.83851e-13		1.76382394219	0.88	0.793	1.19219e-12
799   	1400  	197.028		1.78997473684	0.943	0.869	9.8276e-13		1.76425479088	0.88	0.793	1.19023e-12
799   	1400  	197.28		1.79034862039	0.943	0.87	9.81674e-13		1.7646845194	0.88	0.794	1.18828e-12
799   	1400  	197.531		1.79072149185	0.943	0.87	9.80593e-13		1.76511313126	0.881	0.794	1.18634e-12
799   	1400  	197.783		1.791093355 	0.943	0.871	9.79517e-13		1.76554062998	0.881	0.795	1.18441e-12
799   	1400  	198.035		1.79146421357	0.943	0.871	9.78446e-13		1.76596701904	0.881	0.796	1.18249e-12
799   	1400  	198.286		1.7918340713	0.944	0.871	9.77379e-13		1.76639230195	0.881	0.796	1.18058e-12
799   	1400  	198.538		1.79220293191	0.944	0.872	9.76317e-13		1.76681648217	0.881	0.797	1.17867e-12
799   	1500  	186.206		1.7802209082	0.944	0.86	1.0745e-12		1.75013729255	0.873	0.769	1.35105e-12
799   	1500  	186.458		1.78062737958	0.944	0.86	1.07321e-12		1.75060952864	0.874	0.769	1.34851e-12
799   	1500  	186.71		1.7810326965	0.944	0.861	1.07192e-12		1.75108050216	0.874	0.77	1.34599e-12
799   	1500  	186.961		1.78143686341	0.944	0.861	1.07063e-12		1.75155021696	0.874	0.771	1.34348e-12
799   	1500  	187.213		1.78183988472	0.944	0.862	1.06936e-12		1.75201867691	0.874	0.772	1.34099e-12
799   	1500  	187.465		1.78224176484	0.945	0.862	1.06808e-12		1.75248588587	0.874	0.772	1.33851e-12
799   	1500  	187.716		1.78264250816	0.945	0.862	1.06682e-12		1.75295184768	0.874	0.773	1.33605e-12
799   	1500  	187.968		1.78304211903	0.945	0.863	1.06556e-12		1.75341656619	0.874	0.774	1.33359e-12
799   	1500  	188.22		1.78344060182	0.945	0.863	1.06431e-12		1.75388004525	0.875	0.774	1.33116e-12
799   	1500  	188.471		1.78383796084	0.945	0.864	1.06306e-12		1.75434228867	0.875	0.775	1.32873e-12
799   	1500  	188.723		1.78423420042	0.945	0.864	1.06182e-12		1.75480330029	0.875	0.776	1.32632e-12
799   	1500  	188.975		1.78462932484	0.945	0.865	1.06058e-12		1.75526308392	0.875	0.777	1.32392e-12
799   	1500  	189.226		1.78502333839	0.945	0.865	1.05935e-12		1.75572164337	0.875	0.777	1.32154e-12
799   	1500  	189.478		1.78541624532	0.945	0.866	1.05813e-12		1.75617898244	0.875	0.778	1.31916e-12
799   	1500  	189.73		1.78580804987	0.946	0.866	1.05691e-12		1.75663510493	0.876	0.779	1.3168e-12
799   	1500  	189.981		1.78619875627	0.946	0.866	1.05569e-12		1.75709001462	0.876	0.779	1.31446e-12
799   	1500  	190.233		1.78658836873	0.946	0.867	1.05449e-12		1.7575437153	0.876	0.78	1.31212e-12
799   	1500  	190.485		1.78697689143	0.946	0.867	1.05328e-12		1.75799621075	0.876	0.781	1.3098e-12
799   	1500  	190.736		1.78736432854	0.946	0.868	1.05209e-12		1.75844750472	0.876	0.781	1.30749e-12
799   	1500  	190.988		1.78775068422	0.946	0.868	1.0509e-12		1.75889760097	0.876	0.782	1.30519e-12
799   	1500  	191.24		1.78813596261	0.946	0.868	1.04971e-12		1.75934650326	0.876	0.783	1.30291e-12
799   	1500  	191.491		1.78852016782	0.946	0.869	1.04853e-12		1.75979421533	0.877	0.783	1.30063e-12
799   	1500  	191.743		1.78890330395	0.947	0.869	1.04735e-12		1.76024074091	0.877	0.784	1.29837e-12
799   	1500  	191.995		1.7892853751	0.947	0.87	1.04618e-12		1.76068608374	0.877	0.785	1.29612e-12
799   	1500  	192.246		1.78966638532	0.947	0.87	1.04502e-12		1.76113024752	0.877	0.785	1.29389e-12
799   	1500  	192.498		1.79004633867	0.947	0.871	1.04386e-12		1.76157323598	0.877	0.786	1.29166e-12
799   	1500  	192.75		1.79042523919	0.947	0.871	1.04271e-12		1.76201505283	0.877	0.787	1.28945e-12
799   	1500  	193.001		1.79080309088	0.947	0.871	1.04156e-12		1.76245570174	0.878	0.787	1.28725e-12
799   	1500  	193.253		1.79117989776	0.947	0.872	1.04041e-12		1.76289518642	0.878	0.788	1.28506e-12
799   	1500  	193.505		1.79155566379	0.947	0.872	1.03928e-12		1.76333351054	0.878	0.789	1.28288e-12
799   	1500  	193.756		1.79193039296	0.947	0.873	1.03814e-12		1.76377067777	0.878	0.789	1.28071e-12
799   	1500  	194.008		1.7923040892	0.948	0.873	1.03701e-12		1.76420669178	0.878	0.79	1.27855e-12
799   	1500  	194.26		1.79267675646	0.948	0.873	1.03589e-12		1.76464155623	0.878	0.791	1.27641e-12
799   	1500  	194.511		1.79304839864	0.948	0.874	1.03477e-12		1.76507527476	0.879	0.791	1.27428e-12
799   	1500  	194.763		1.79341901965	0.948	0.874	1.03366e-12		1.765507851 	0.879	0.792	1.27215e-12
799   	1500  	195.015		1.79378862338	0.948	0.875	1.03255e-12		1.7659392886	0.879	0.793	1.27004e-12
799   	1500  	195.266		1.79415721368	0.948	0.875	1.03145e-12		1.76636959116	0.879	0.793	1.26794e-12
799   	1500  	195.518		1.79452479442	0.948	0.875	1.03035e-12		1.76679876232	0.879	0.794	1.26585e-12
799   	1500  	195.77		1.79489136942	0.948	0.876	1.02925e-12		1.76722680566	0.879	0.794	1.26377e-12
799   	1500  	196.021		1.7952569425	0.948	0.876	1.02816e-12		1.76765372479	0.879	0.795	1.2617e-12
799   	1500  	196.273		1.79562151748	0.949	0.877	1.02708e-12		1.76807952329	0.88	0.796	1.25964e-12
799   	1500  	196.525		1.79598509812	0.949	0.877	1.026e-12		1.76850420475	0.88	0.796	1.25759e-12
799   	1500  	196.776		1.79634768822	0.949	0.877	1.02492e-12		1.76892777273	0.88	0.797	1.25556e-12
799   	1500  	197.028		1.79670929151	0.949	0.878	1.02385e-12		1.7693502308	0.88	0.798	1.25353e-12
799   	1500  	197.28		1.79706991174	0.949	0.878	1.02279e-12		1.7697715825	0.88	0.798	1.25151e-12
799   	1500  	197.531		1.79742955263	0.949	0.878	1.02173e-12		1.7701918314	0.88	0.799	1.2495e-12
799   	1500  	197.783		1.79778821789	0.949	0.879	1.02067e-12		1.77061098101	0.881	0.799	1.24751e-12
799   	1500  	198.035		1.79814591121	0.949	0.879	1.01962e-12		1.77102903487	0.881	0.8	1.24552e-12
799   	1500  	198.286		1.79850263627	0.949	0.88	1.01857e-12		1.77144599649	0.881	0.801	1.24354e-12
799   	1500  	198.538		1.79885839673	0.949	0.88	1.01753e-12		1.77186186939	0.881	0.801	1.24158e-12
800   	802   	186.206		1.68121967818	0.879	0.688	9.14789e-13		1.68103941253	0.879	0.687	9.16293e-13
800   	802   	186.458		1.68177334177	0.879	0.689	9.12568e-13		1.68159328381	0.879	0.688	9.14063e-13
800   	802   	186.71		1.68232580579	0.879	0.69	9.10361e-13		1.68214595644	0.879	0.689	9.11848e-13
800   	802   	186.961		1.6828770718	0.879	0.691	9.08168e-13		1.68269743197	0.879	0.69	9.09648e-13
800   	802   	187.213		1.68342714141	0.88	0.692	9.0599e-13		1.68324771198	0.879	0.691	9.07462e-13
800   	802   	187.465		1.68397601622	0.88	0.693	9.03825e-13		1.68379679807	0.879	0.692	9.0529e-13
800   	802   	187.716		1.68452369786	0.88	0.694	9.01675e-13		1.68434469185	0.879	0.693	9.03132e-13
800   	802   	187.968		1.68507018797	0.88	0.695	8.99539e-13		1.68489139496	0.88	0.694	9.00988e-13
800   	802   	188.22		1.68561548823	0.88	0.695	8.97416e-13		1.68543690904	0.88	0.695	8.98858e-13
800   	802   	188.471		1.68615960031	0.88	0.696	8.95307e-13		1.68598123577	0.88	0.696	8.96741e-13
800   	802   	188.723		1.68670252591	0.88	0.697	8.93211e-13		1.68652437684	0.88	0.697	8.94638e-13
800   	802   	188.975		1.68724426676	0.88	0.698	8.91128e-13		1.68706633394	0.88	0.698	8.92548e-13
800   	802   	189.226		1.68778482457	0.88	0.699	8.89059e-13		1.6876071088	0.88	0.699	8.90472e-13
800   	802   	189.478		1.6883242011	0.881	0.7	8.87003e-13		1.68814670315	0.88	0.699	8.88409e-13
800   	802   	189.73		1.68886239812	0.881	0.701	8.8496e-13		1.68868511874	0.88	0.7	8.86358e-13
800   	802   	189.981		1.6893994174	0.881	0.702	8.8293e-13		1.68922235734	0.88	0.701	8.84321e-13
800   	802   	190.233		1.68993526074	0.881	0.703	8.80912e-13		1.68975842074	0.881	0.702	8.82296e-13
800   	802   	190.485		1.69046992995	0.881	0.704	8.78907e-13		1.69029331073	0.881	0.703	8.80284e-13
800   	802   	190.736		1.69100342685	0.881	0.705	8.76915e-13		1.69082702912	0.881	0.704	8.78285e-13
800   	802   	190.988		1.6915357533	0.881	0.705	8.74935e-13		1.69135957775	0.881	0.705	8.76298e-13
800   	802   	191.24		1.69206691113	0.881	0.706	8.72967e-13		1.69189095847	0.881	0.706	8.74324e-13
800   	802   	191.491		1.69259690223	0.881	0.707	8.71012e-13		1.69242117311	0.881	0.707	8.72361e-13
800   	802   	191.743		1.69312572847	0.882	0.708	8.69068e-13		1.69295022356	0.881	0.707	8.70411e-13
800   	802   	191.995		1.69365339175	0.882	0.709	8.67137e-13		1.69347811171	0.881	0.708	8.68473e-13
800   	802   	192.246		1.69417989398	0.882	0.71	8.65217e-13		1.69400483944	0.881	0.709	8.66547e-13
800   	802   	192.498		1.69470523708	0.882	0.711	8.63309e-13		1.69453040868	0.882	0.71	8.64632e-13
800   	802   	192.75		1.69522942299	0.882	0.712	8.61413e-13		1.69505482133	0.882	0.711	8.6273e-13
800   	802   	193.001		1.69575245365	0.882	0.712	8.59528e-13		1.69557807936	0.882	0.712	8.60839e-13
800   	802   	193.253		1.69627433103	0.882	0.713	8.57655e-13		1.69610018469	0.882	0.713	8.58959e-13
800   	802   	193.505		1.69679505711	0.882	0.714	8.55793e-13		1.6966211393	0.882	0.714	8.57091e-13
800   	802   	193.756		1.69731463385	0.882	0.715	8.53943e-13		1.69714094515	0.882	0.714	8.55234e-13
800   	802   	194.008		1.69783306327	0.883	0.716	8.52103e-13		1.69765960424	0.882	0.715	8.53388e-13
800   	802   	194.26		1.69835034737	0.883	0.717	8.50275e-13		1.69817711856	0.882	0.716	8.51554e-13
800   	802   	194.511		1.69886648816	0.883	0.718	8.48458e-13		1.69869349011	0.883	0.717	8.4973e-13
800   	802   	194.763		1.69938148768	0.883	0.718	8.46651e-13		1.69920872093	0.883	0.718	8.47917e-13
800   	802   	195.015		1.69989534796	0.883	0.719	8.44856e-13		1.69972281303	0.883	0.719	8.46116e-13
800   	802   	195.266		1.70040807107	0.883	0.72	8.43071e-13		1.70023576845	0.883	0.72	8.44324e-13
800   	802   	195.518		1.70091965906	0.883	0.721	8.41296e-13		1.70074758926	0.883	0.72	8.42544e-13
800   	802   	195.77		1.70143011399	0.883	0.722	8.39532e-13		1.70125827751	0.883	0.721	8.40774e-13
800   	802   	196.021		1.70193943796	0.884	0.723	8.37779e-13		1.70176783527	0.883	0.722	8.39015e-13
800   	802   	196.273		1.70244763306	0.884	0.723	8.36036e-13		1.70227626463	0.883	0.723	8.37266e-13
800   	802   	196.525		1.70295470137	0.884	0.724	8.34303e-13		1.70278356767	0.883	0.724	8.35527e-13
800   	802   	196.776		1.70346064503	0.884	0.725	8.3258e-13		1.70328974649	0.884	0.724	8.33798e-13
800   	802   	197.028		1.70396546613	0.884	0.726	8.30867e-13		1.7037948032	0.884	0.725	8.3208e-13
800   	802   	197.28		1.70446916681	0.884	0.727	8.29164e-13		1.70429873993	0.884	0.726	8.30371e-13
800   	802   	197.531		1.70497174921	0.884	0.727	8.27472e-13		1.70480155879	0.884	0.727	8.28673e-13
800   	802   	197.783		1.70547321547	0.884	0.728	8.25789e-13		1.70530326192	0.884	0.728	8.26984e-13
800   	802   	198.035		1.70597356774	0.884	0.729	8.24115e-13		1.70580385147	0.884	0.729	8.25305e-13
800   	802   	198.286		1.70647280819	0.885	0.73	8.22452e-13		1.70630332958	0.884	0.729	8.23636e-13
800   	802   	198.538		1.70697093897	0.885	0.731	8.20798e-13		1.70680169842	0.884	0.73	8.21976e-13
800   	900   	186.206		1.70531520993	0.891	0.737	9.0529e-13		1.6972979239	0.877	0.71	9.69878e-13
800   	900   	186.458		1.70584433764	0.891	0.738	9.03403e-13		1.69783867295	0.877	0.711	9.67666e-13
800   	900   	186.71		1.7063721902	0.891	0.739	9.01528e-13		1.69837816983	0.877	0.712	9.65469e-13
800   	900   	186.961		1.70689877047	0.891	0.74	8.99664e-13		1.69891641685	0.878	0.713	9.63285e-13
800   	900   	187.213		1.70742408127	0.892	0.741	8.97811e-13		1.69945341632	0.878	0.714	9.61115e-13
800   	900   	187.465		1.70794812547	0.892	0.741	8.95969e-13		1.6999891706	0.878	0.715	9.58959e-13
800   	900   	187.716		1.70847090592	0.892	0.742	8.94139e-13		1.70052368202	0.878	0.715	9.56815e-13
800   	900   	187.968		1.70899242548	0.892	0.743	8.92319e-13		1.70105695294	0.878	0.716	9.54686e-13
800   	900   	188.22		1.70951268702	0.892	0.744	8.90511e-13		1.70158898573	0.878	0.717	9.52569e-13
800   	900   	188.471		1.71003169342	0.892	0.745	8.88713e-13		1.70211978277	0.878	0.718	9.50465e-13
800   	900   	188.723		1.71054944756	0.892	0.745	8.86926e-13		1.70264934646	0.878	0.719	9.48374e-13
800   	900   	188.975		1.71106595232	0.892	0.746	8.85149e-13		1.70317767919	0.878	0.72	9.46296e-13
800   	900   	189.226		1.71158121061	0.893	0.747	8.83383e-13		1.70370478339	0.879	0.721	9.44231e-13
800   	900   	189.478		1.71209522533	0.893	0.748	8.81627e-13		1.70423066147	0.879	0.722	9.42178e-13
800   	900   	189.73		1.71260799936	0.893	0.749	8.79882e-13		1.70475531586	0.879	0.722	9.40138e-13
800   	900   	189.981		1.71311953563	0.893	0.749	8.78147e-13		1.70527874901	0.879	0.723	9.3811e-13
800   	900   	190.233		1.71362983705	0.893	0.75	8.76422e-13		1.70580096338	0.879	0.724	9.36094e-13
800   	900   	190.485		1.71413890653	0.893	0.751	8.74707e-13		1.70632196142	0.879	0.725	9.3409e-13
800   	900   	190.736		1.714646747 	0.893	0.752	8.73002e-13		1.70684174561	0.879	0.726	9.32099e-13
800   	900   	190.988		1.71515336138	0.894	0.752	8.71307e-13		1.70736031842	0.879	0.727	9.30119e-13
800   	900   	191.24		1.71565875261	0.894	0.753	8.69622e-13		1.70787768234	0.88	0.727	9.28151e-13
800   	900   	191.491		1.71616292361	0.894	0.754	8.67947e-13		1.70839383987	0.88	0.728	9.26195e-13
800   	900   	191.743		1.71666587734	0.894	0.755	8.66281e-13		1.70890879352	0.88	0.729	9.24251e-13
800   	900   	191.995		1.71716761672	0.894	0.756	8.64625e-13		1.7094225458	0.88	0.73	9.22318e-13
800   	900   	192.246		1.7176681447	0.894	0.756	8.62978e-13		1.70993509922	0.88	0.731	9.20397e-13
800   	900   	192.498		1.71816746423	0.894	0.757	8.6134e-13		1.71044645632	0.88	0.732	9.18486e-13
800   	900   	192.75		1.71866557826	0.894	0.758	8.59712e-13		1.71095661963	0.88	0.732	9.16588e-13
800   	900   	193.001		1.71916248975	0.895	0.759	8.58094e-13		1.71146559169	0.881	0.733	9.147e-13
800   	900   	193.253		1.71965820164	0.895	0.759	8.56484e-13		1.71197337505	0.881	0.734	9.12823e-13
800   	900   	193.505		1.7201527169	0.895	0.76	8.54884e-13		1.71247997227	0.881	0.735	9.10957e-13
800   	900   	193.756		1.72064603848	0.895	0.761	8.53292e-13		1.71298538591	0.881	0.736	9.09103e-13
800   	900   	194.008		1.72113816936	0.895	0.762	8.5171e-13		1.71348961854	0.881	0.736	9.07259e-13
800   	900   	194.26		1.72162911248	0.895	0.762	8.50136e-13		1.71399267274	0.881	0.737	9.05425e-13
800   	900   	194.511		1.72211887082	0.895	0.763	8.48572e-13		1.71449455107	0.881	0.738	9.03602e-13
800   	900   	194.763		1.72260744735	0.896	0.764	8.47016e-13		1.71499525614	0.881	0.739	9.0179e-13
800   	900   	195.015		1.72309484503	0.896	0.765	8.45468e-13		1.71549479053	0.882	0.74	8.99988e-13
800   	900   	195.266		1.72358106683	0.896	0.765	8.4393e-13		1.71599315684	0.882	0.74	8.98197e-13
800   	900   	195.518		1.72406611573	0.896	0.766	8.42399e-13		1.71649035767	0.882	0.741	8.96415e-13
800   	900   	195.77		1.72454999469	0.896	0.767	8.40878e-13		1.71698639563	0.882	0.742	8.94644e-13
800   	900   	196.021		1.72503270669	0.896	0.767	8.39364e-13		1.71748127332	0.882	0.743	8.92883e-13
800   	900   	196.273		1.7255142547	0.896	0.768	8.37859e-13		1.71797499338	0.882	0.743	8.91132e-13
800   	900   	196.525		1.7259946417	0.897	0.769	8.36363e-13		1.71846755841	0.882	0.744	8.89391e-13
800   	900   	196.776		1.72647387065	0.897	0.77	8.34874e-13		1.71895897105	0.882	0.745	8.8766e-13
800   	900   	197.028		1.72695194454	0.897	0.77	8.33394e-13		1.71944923391	0.883	0.746	8.85938e-13
800   	900   	197.28		1.72742886633	0.897	0.771	8.31921e-13		1.71993834965	0.883	0.747	8.84227e-13
800   	900   	197.531		1.727904639 	0.897	0.772	8.30457e-13		1.72042632089	0.883	0.747	8.82524e-13
800   	900   	197.783		1.72837926553	0.897	0.772	8.29e-13		1.72091315027	0.883	0.748	8.80832e-13
800   	900   	198.035		1.72885274889	0.897	0.773	8.27552e-13		1.72139884043	0.883	0.749	8.79148e-13
800   	900   	198.286		1.72932509206	0.897	0.774	8.26111e-13		1.72188339404	0.883	0.75	8.77475e-13
800   	900   	198.538		1.72979629799	0.898	0.774	8.24678e-13		1.72236681373	0.883	0.75	8.7581e-13
800   	1000  	186.206		1.72501130927	0.903	0.774	9.14627e-13		1.71076323652	0.876	0.727	1.02881e-12
800   	1000  	186.458		1.72551455864	0.903	0.775	9.12954e-13		1.71129027841	0.876	0.728	1.02659e-12
800   	1000  	186.71		1.72601651326	0.903	0.776	9.11291e-13		1.7118160408	0.876	0.729	1.02437e-12
800   	1000  	186.961		1.72651717677	0.903	0.776	9.09637e-13		1.71234052654	0.876	0.73	1.02217e-12
800   	1000  	187.213		1.7270165528	0.903	0.777	9.07993e-13		1.71286373848	0.877	0.731	1.01998e-12
800   	1000  	187.465		1.72751464497	0.903	0.778	9.06358e-13		1.71338567951	0.877	0.732	1.01781e-12
800   	1000  	187.716		1.72801145691	0.904	0.779	9.04732e-13		1.71390635248	0.877	0.732	1.01565e-12
800   	1000  	187.968		1.72850699224	0.904	0.779	9.03115e-13		1.71442576028	0.877	0.733	1.0135e-12
800   	1000  	188.22		1.72900125458	0.904	0.78	9.01508e-13		1.7149439058	0.877	0.734	1.01137e-12
800   	1000  	188.471		1.72949424755	0.904	0.781	8.9991e-13		1.71546079191	0.877	0.735	1.00924e-12
800   	1000  	188.723		1.72998597477	0.904	0.781	8.9832e-13		1.71597642154	0.877	0.736	1.00713e-12
800   	1000  	188.975		1.73047643984	0.904	0.782	8.9674e-13		1.71649079756	0.877	0.737	1.00504e-12
800   	1000  	189.226		1.73096564639	0.904	0.783	8.95168e-13		1.7170039229	0.878	0.737	1.00295e-12
800   	1000  	189.478		1.73145359801	0.905	0.784	8.93605e-13		1.71751580047	0.878	0.738	1.00088e-12
800   	1000  	189.73		1.73194029831	0.905	0.784	8.9205e-13		1.71802643319	0.878	0.739	9.98819e-13
800   	1000  	189.981		1.73242575088	0.905	0.785	8.90505e-13		1.71853582397	0.878	0.74	9.96771e-13
800   	1000  	190.233		1.73290995934	0.905	0.786	8.88967e-13		1.71904397574	0.878	0.741	9.94734e-13
800   	1000  	190.485		1.73339292726	0.905	0.786	8.87439e-13		1.71955089145	0.878	0.741	9.9271e-13
800   	1000  	190.736		1.73387465824	0.905	0.787	8.85918e-13		1.72005657402	0.878	0.742	9.90697e-13
800   	1000  	190.988		1.73435515586	0.905	0.788	8.84406e-13		1.7205610264	0.879	0.743	9.88696e-13
800   	1000  	191.24		1.73483442371	0.906	0.788	8.82902e-13		1.72106425152	0.879	0.744	9.86707e-13
800   	1000  	191.491		1.73531246536	0.906	0.789	8.81407e-13		1.72156625234	0.879	0.745	9.84729e-13
800   	1000  	191.743		1.73578928439	0.906	0.79	8.79919e-13		1.72206703181	0.879	0.745	9.82763e-13
800   	1000  	191.995		1.73626488437	0.906	0.79	8.7844e-13		1.72256659289	0.879	0.746	9.80807e-13
800   	1000  	192.246		1.73673926886	0.906	0.791	8.76969e-13		1.72306493852	0.879	0.747	9.78863e-13
800   	1000  	192.498		1.73721244142	0.906	0.792	8.75505e-13		1.72356207167	0.879	0.748	9.76931e-13
800   	1000  	192.75		1.73768440561	0.906	0.792	8.74049e-13		1.72405799531	0.879	0.748	9.75009e-13
800   	1000  	193.001		1.73815516498	0.907	0.793	8.72602e-13		1.7245527124	0.88	0.749	9.73098e-13
800   	1000  	193.253		1.73862472308	0.907	0.794	8.71162e-13		1.72504622591	0.88	0.75	9.71198e-13
800   	1000  	193.505		1.73909308345	0.907	0.794	8.69729e-13		1.7255385388	0.88	0.751	9.69309e-13
800   	1000  	193.756		1.73956024962	0.907	0.795	8.68304e-13		1.72602965406	0.88	0.752	9.6743e-13
800   	1000  	194.008		1.74002622513	0.907	0.796	8.66887e-13		1.72651957466	0.88	0.752	9.65562e-13
800   	1000  	194.26		1.7404910135	0.907	0.796	8.65478e-13		1.72700830357	0.88	0.753	9.63705e-13
800   	1000  	194.511		1.74095461826	0.907	0.797	8.64075e-13		1.72749584377	0.88	0.754	9.61858e-13
800   	1000  	194.763		1.74141704292	0.908	0.798	8.62681e-13		1.72798219823	0.881	0.755	9.60021e-13
800   	1000  	195.015		1.74187829099	0.908	0.798	8.61293e-13		1.72846736996	0.881	0.755	9.58195e-13
800   	1000  	195.266		1.74233836597	0.908	0.799	8.59913e-13		1.72895136191	0.881	0.756	9.56378e-13
800   	1000  	195.518		1.74279727138	0.908	0.799	8.5854e-13		1.72943417708	0.881	0.757	9.54572e-13
800   	1000  	195.77		1.74325501069	0.908	0.8	8.57174e-13		1.72991581845	0.881	0.758	9.52776e-13
800   	1000  	196.021		1.7437115874	0.908	0.801	8.55815e-13		1.73039628901	0.881	0.758	9.5099e-13
800   	1000  	196.273		1.744167005 	0.908	0.801	8.54464e-13		1.73087559173	0.881	0.759	9.49213e-13
800   	1000  	196.525		1.74462126695	0.909	0.802	8.53119e-13		1.73135372961	0.882	0.76	9.47447e-13
800   	1000  	196.776		1.74507437673	0.909	0.803	8.51781e-13		1.73183070564	0.882	0.76	9.4569e-13
800   	1000  	197.028		1.7455263378	0.909	0.803	8.5045e-13		1.73230652279	0.882	0.761	9.43942e-13
800   	1000  	197.28		1.74597715362	0.909	0.804	8.49127e-13		1.73278118405	0.882	0.762	9.42205e-13
800   	1000  	197.531		1.74642682764	0.909	0.804	8.47809e-13		1.73325469242	0.882	0.763	9.40476e-13
800   	1000  	197.783		1.74687536332	0.909	0.805	8.46499e-13		1.73372705087	0.882	0.763	9.38757e-13
800   	1000  	198.035		1.74732276408	0.909	0.806	8.45195e-13		1.73419826239	0.882	0.764	9.37048e-13
800   	1000  	198.286		1.74776903336	0.909	0.806	8.43898e-13		1.73466832998	0.882	0.765	9.35347e-13
800   	1000  	198.538		1.74821417459	0.91	0.807	8.42608e-13		1.7351372566	0.883	0.765	9.33656e-13
800   	1100  	186.206		1.74086350333	0.913	0.802	9.35625e-13		1.7217866475	0.875	0.74	1.0905e-12
800   	1100  	186.458		1.74134246174	0.913	0.802	9.34092e-13		1.72230057891	0.875	0.741	1.08824e-12
800   	1100  	186.71		1.7418201367	0.914	0.803	9.32568e-13		1.72281322042	0.875	0.742	1.08598e-12
800   	1100  	186.961		1.7422965323	0.914	0.804	9.31053e-13		1.72332457527	0.876	0.743	1.08374e-12
800   	1100  	187.213		1.74277165262	0.914	0.804	9.29545e-13		1.72383464668	0.876	0.744	1.08152e-12
800   	1100  	187.465		1.74324550174	0.914	0.805	9.28046e-13		1.72434343789	0.876	0.744	1.07931e-12
800   	1100  	187.716		1.74371808372	0.914	0.806	9.26554e-13		1.72485095215	0.876	0.745	1.07711e-12
800   	1100  	187.968		1.7441894026	0.914	0.806	9.25071e-13		1.7253571927	0.876	0.746	1.07492e-12
800   	1100  	188.22		1.74465946244	0.914	0.807	9.23595e-13		1.72586216277	0.876	0.747	1.07274e-12
800   	1100  	188.471		1.74512826728	0.915	0.807	9.22128e-13		1.72636586562	0.876	0.748	1.07058e-12
800   	1100  	188.723		1.74559582114	0.915	0.808	9.20668e-13		1.72686830448	0.877	0.748	1.06843e-12
800   	1100  	188.975		1.74606212804	0.915	0.809	9.19216e-13		1.72736948262	0.877	0.749	1.0663e-12
800   	1100  	189.226		1.74652719199	0.915	0.809	9.17772e-13		1.72786940327	0.877	0.75	1.06417e-12
800   	1100  	189.478		1.74699101699	0.915	0.81	9.16336e-13		1.7283680697	0.877	0.751	1.06206e-12
800   	1100  	189.73		1.74745360705	0.915	0.811	9.14907e-13		1.72886548515	0.877	0.751	1.05996e-12
800   	1100  	189.981		1.74791496614	0.915	0.811	9.13485e-13		1.72936165287	0.877	0.752	1.05787e-12
800   	1100  	190.233		1.74837509824	0.916	0.812	9.12071e-13		1.72985657613	0.877	0.753	1.0558e-12
800   	1100  	190.485		1.74883400731	0.916	0.812	9.10664e-13		1.73035025818	0.878	0.754	1.05373e-12
800   	1100  	190.736		1.74929169731	0.916	0.813	9.09265e-13		1.73084270226	0.878	0.755	1.05168e-12
800   	1100  	190.988		1.7497481722	0.916	0.814	9.07873e-13		1.73133391165	0.878	0.755	1.04964e-12
800   	1100  	191.24		1.7502034359	0.916	0.814	9.06489e-13		1.73182388959	0.878	0.756	1.04761e-12
800   	1100  	191.491		1.75065749235	0.916	0.815	9.05111e-13		1.73231263933	0.878	0.757	1.04559e-12
800   	1100  	191.743		1.75111034546	0.916	0.815	9.03741e-13		1.73280016415	0.878	0.758	1.04359e-12
800   	1100  	191.995		1.75156199915	0.917	0.816	9.02377e-13		1.73328646728	0.878	0.758	1.04159e-12
800   	1100  	192.246		1.75201245732	0.917	0.817	9.01021e-13		1.73377155199	0.879	0.759	1.03961e-12
800   	1100  	192.498		1.75246172386	0.917	0.817	8.99672e-13		1.73425542152	0.879	0.76	1.03763e-12
800   	1100  	192.75		1.75290980265	0.917	0.818	8.98329e-13		1.73473807915	0.879	0.761	1.03567e-12
800   	1100  	193.001		1.75335669757	0.917	0.818	8.96994e-13		1.7352195281	0.879	0.761	1.03372e-12
800   	1100  	193.253		1.75380241247	0.917	0.819	8.95665e-13		1.73569977165	0.879	0.762	1.03178e-12
800   	1100  	193.505		1.75424695121	0.917	0.82	8.94343e-13		1.73617881303	0.879	0.763	1.02985e-12
800   	1100  	193.756		1.75469031763	0.918	0.82	8.93027e-13		1.73665665551	0.879	0.763	1.02793e-12
800   	1100  	194.008		1.75513251556	0.918	0.821	8.91719e-13		1.73713330232	0.88	0.764	1.02602e-12
800   	1100  	194.26		1.75557354883	0.918	0.821	8.90417e-13		1.73760875671	0.88	0.765	1.02413e-12
800   	1100  	194.511		1.75601342126	0.918	0.822	8.89121e-13		1.73808302193	0.88	0.766	1.02224e-12
800   	1100  	194.763		1.75645213664	0.918	0.822	8.87832e-13		1.73855610123	0.88	0.766	1.02036e-12
800   	1100  	195.015		1.75688969877	0.918	0.823	8.8655e-13		1.73902799783	0.88	0.767	1.01849e-12
800   	1100  	195.266		1.75732611143	0.918	0.824	8.85274e-13		1.73949871499	0.88	0.768	1.01664e-12
800   	1100  	195.518		1.7577613784	0.919	0.824	8.84004e-13		1.73996825594	0.88	0.769	1.01479e-12
800   	1100  	195.77		1.75819550344	0.919	0.825	8.82741e-13		1.74043662392	0.881	0.769	1.01295e-12
800   	1100  	196.021		1.7586284903	0.919	0.825	8.81483e-13		1.74090382215	0.881	0.77	1.01113e-12
800   	1100  	196.273		1.75906034273	0.919	0.826	8.80232e-13		1.74136985387	0.881	0.771	1.00931e-12
800   	1100  	196.525		1.75949106446	0.919	0.826	8.78988e-13		1.74183472231	0.881	0.771	1.0075e-12
800   	1100  	196.776		1.75992065922	0.919	0.827	8.77749e-13		1.74229843069	0.881	0.772	1.00571e-12
800   	1100  	197.028		1.76034913071	0.919	0.827	8.76517e-13		1.74276098223	0.881	0.773	1.00392e-12
800   	1100  	197.28		1.76077648264	0.919	0.828	8.7529e-13		1.74322238016	0.881	0.773	1.00214e-12
800   	1100  	197.531		1.7612027187	0.92	0.828	8.7407e-13		1.74368262769	0.882	0.774	1.00037e-12
800   	1100  	197.783		1.76162784258	0.92	0.829	8.72855e-13		1.74414172803	0.882	0.775	9.98611e-13
800   	1100  	198.035		1.76205185794	0.92	0.83	8.71647e-13		1.7445996844	0.882	0.775	9.96861e-13
800   	1100  	198.286		1.76247476846	0.92	0.83	8.70444e-13		1.74505649999	0.882	0.776	9.9512e-13
800   	1100  	198.538		1.76289657777	0.92	0.831	8.69247e-13		1.74551217803	0.882	0.777	9.93388e-13
800   	1200  	186.206		1.75374329415	0.923	0.822	9.64166e-13		1.73090707426	0.875	0.75	1.15403e-12
800   	1200  	186.458		1.75420040052	0.923	0.823	9.62729e-13		1.73140887535	0.875	0.751	1.15171e-12
800   	1200  	186.71		1.75465624994	0.923	0.824	9.61299e-13		1.73190938643	0.875	0.752	1.1494e-12
800   	1200  	186.961		1.75511084676	0.923	0.824	9.59877e-13		1.73240861099	0.875	0.753	1.14711e-12
800   	1200  	187.213		1.75556419529	0.923	0.825	9.58462e-13		1.73290655253	0.875	0.754	1.14483e-12
800   	1200  	187.465		1.75601629983	0.923	0.825	9.57054e-13		1.73340321455	0.875	0.754	1.14257e-12
800   	1200  	187.716		1.75646716468	0.923	0.826	9.55654e-13		1.73389860052	0.875	0.755	1.14031e-12
800   	1200  	187.968		1.7569167941	0.924	0.826	9.54261e-13		1.73439271396	0.876	0.756	1.13807e-12
800   	1200  	188.22		1.75736519238	0.924	0.827	9.52875e-13		1.73488555833	0.876	0.757	1.13585e-12
800   	1200  	188.471		1.75781236375	0.924	0.828	9.51496e-13		1.73537713715	0.876	0.757	1.13363e-12
800   	1200  	188.723		1.75825831247	0.924	0.828	9.50124e-13		1.73586745388	0.876	0.758	1.13143e-12
800   	1200  	188.975		1.75870304275	0.924	0.829	9.48759e-13		1.73635651203	0.876	0.759	1.12924e-12
800   	1200  	189.226		1.75914655882	0.924	0.829	9.47401e-13		1.73684431506	0.876	0.76	1.12706e-12
800   	1200  	189.478		1.75958886488	0.924	0.83	9.4605e-13		1.73733086648	0.876	0.76	1.1249e-12
800   	1200  	189.73		1.76002996511	0.925	0.83	9.44706e-13		1.73781616975	0.877	0.761	1.12275e-12
800   	1200  	189.981		1.7604698637	0.925	0.831	9.43369e-13		1.73830022836	0.877	0.762	1.12061e-12
800   	1200  	190.233		1.7609085648	0.925	0.831	9.42038e-13		1.73878304578	0.877	0.763	1.11848e-12
800   	1200  	190.485		1.76134607258	0.925	0.832	9.40714e-13		1.73926462549	0.877	0.763	1.11636e-12
800   	1200  	190.736		1.76178239116	0.925	0.833	9.39397e-13		1.73974497096	0.877	0.764	1.11426e-12
800   	1200  	190.988		1.76221752467	0.925	0.833	9.38086e-13		1.74022408566	0.877	0.765	1.11216e-12
800   	1200  	191.24		1.76265147723	0.925	0.834	9.36782e-13		1.74070197306	0.877	0.766	1.11008e-12
800   	1200  	191.491		1.76308425294	0.926	0.834	9.35484e-13		1.74117863662	0.878	0.766	1.10801e-12
800   	1200  	191.743		1.76351585588	0.926	0.835	9.34193e-13		1.74165407981	0.878	0.767	1.10595e-12
800   	1200  	191.995		1.76394629013	0.926	0.835	9.32908e-13		1.74212830607	0.878	0.768	1.10391e-12
800   	1200  	192.246		1.76437555975	0.926	0.836	9.3163e-13		1.74260131888	0.878	0.768	1.10187e-12
800   	1200  	192.498		1.76480366879	0.926	0.836	9.30357e-13		1.74307312167	0.878	0.769	1.09984e-12
800   	1200  	192.75		1.76523062128	0.926	0.837	9.29092e-13		1.7435437179	0.878	0.77	1.09783e-12
800   	1200  	193.001		1.76565642125	0.926	0.837	9.27832e-13		1.74401311101	0.879	0.771	1.09583e-12
800   	1200  	193.253		1.76608107271	0.926	0.838	9.26578e-13		1.74448130445	0.879	0.771	1.09384e-12
800   	1200  	193.505		1.76650457965	0.927	0.838	9.25331e-13		1.74494830165	0.879	0.772	1.09185e-12
800   	1200  	193.756		1.76692694607	0.927	0.839	9.24089e-13		1.74541410604	0.879	0.773	1.08988e-12
800   	1200  	194.008		1.76734817592	0.927	0.839	9.22854e-13		1.74587872107	0.879	0.773	1.08792e-12
800   	1200  	194.26		1.76776827318	0.927	0.84	9.21625e-13		1.74634215014	0.879	0.774	1.08598e-12
800   	1200  	194.511		1.76818724178	0.927	0.84	9.20401e-13		1.7468043967	0.879	0.775	1.08404e-12
800   	1200  	194.763		1.76860508565	0.927	0.841	9.19184e-13		1.74726546414	0.88	0.775	1.08211e-12
800   	1200  	195.015		1.76902180873	0.927	0.841	9.17972e-13		1.7477253559	0.88	0.776	1.08019e-12
800   	1200  	195.266		1.76943741492	0.928	0.842	9.16766e-13		1.74818407538	0.88	0.777	1.07828e-12
800   	1200  	195.518		1.7698519081	0.928	0.842	9.15566e-13		1.74864162597	0.88	0.777	1.07638e-12
800   	1200  	195.77		1.77026529217	0.928	0.843	9.14372e-13		1.74909801109	0.88	0.778	1.0745e-12
800   	1200  	196.021		1.77067757099	0.928	0.843	9.13183e-13		1.74955323414	0.88	0.779	1.07262e-12
800   	1200  	196.273		1.77108874841	0.928	0.844	9.12001e-13		1.75000729849	0.88	0.78	1.07075e-12
800   	1200  	196.525		1.77149882829	0.928	0.844	9.10823e-13		1.75046020754	0.881	0.78	1.06889e-12
800   	1200  	196.776		1.77190781444	0.928	0.845	9.09651e-13		1.75091196467	0.881	0.781	1.06705e-12
800   	1200  	197.028		1.7723157107	0.928	0.845	9.08485e-13		1.75136257325	0.881	0.782	1.06521e-12
800   	1200  	197.28		1.77272252086	0.929	0.846	9.07325e-13		1.75181203667	0.881	0.782	1.06338e-12
800   	1200  	197.531		1.77312824871	0.929	0.846	9.06169e-13		1.75226035828	0.881	0.783	1.06156e-12
800   	1200  	197.783		1.77353289804	0.929	0.847	9.05019e-13		1.75270754144	0.881	0.784	1.05975e-12
800   	1200  	198.035		1.7739364726	0.929	0.847	9.03875e-13		1.75315358952	0.881	0.784	1.05795e-12
800   	1200  	198.286		1.77433897616	0.929	0.848	9.02736e-13		1.75359850586	0.882	0.785	1.05616e-12
800   	1200  	198.538		1.77474041246	0.929	0.848	9.01602e-13		1.75404229381	0.882	0.785	1.05438e-12
800   	1300  	186.206		1.76431493461	0.931	0.838	9.97855e-13		1.73852875223	0.874	0.758	1.21883e-12
800   	1300  	186.458		1.76475276161	0.931	0.839	9.96483e-13		1.73901951941	0.874	0.759	1.21644e-12
800   	1300  	186.71		1.76518936475	0.931	0.839	9.95118e-13		1.73950900261	0.874	0.76	1.21408e-12
800   	1300  	186.961		1.76562474848	0.931	0.84	9.9376e-13		1.73999720552	0.875	0.76	1.21172e-12
800   	1300  	187.213		1.76605891721	0.931	0.84	9.92409e-13		1.74048413181	0.875	0.761	1.20938e-12
800   	1300  	187.465		1.76649187534	0.931	0.841	9.91065e-13		1.74096978514	0.875	0.762	1.20705e-12
800   	1300  	187.716		1.76692362727	0.932	0.841	9.89727e-13		1.74145416918	0.875	0.763	1.20473e-12
800   	1300  	187.968		1.76735417738	0.932	0.842	9.88396e-13		1.7419372876	0.875	0.763	1.20243e-12
800   	1300  	188.22		1.76778353002	0.932	0.842	9.87071e-13		1.74241914405	0.875	0.764	1.20014e-12
800   	1300  	188.471		1.76821168954	0.932	0.843	9.85753e-13		1.74289974219	0.875	0.765	1.19786e-12
800   	1300  	188.723		1.76863866026	0.932	0.843	9.84442e-13		1.74337908567	0.876	0.766	1.1956e-12
800   	1300  	188.975		1.76906444651	0.932	0.844	9.83137e-13		1.74385717814	0.876	0.766	1.19335e-12
800   	1300  	189.226		1.76948905257	0.932	0.844	9.81838e-13		1.74433402324	0.876	0.767	1.19111e-12
800   	1300  	189.478		1.76991248274	0.932	0.845	9.80546e-13		1.74480962461	0.876	0.768	1.18888e-12
800   	1300  	189.73		1.77033474129	0.933	0.845	9.7926e-13		1.74528398589	0.876	0.769	1.18667e-12
800   	1300  	189.981		1.77075583245	0.933	0.846	9.77981e-13		1.7457571107	0.876	0.769	1.18447e-12
800   	1300  	190.233		1.77117576048	0.933	0.846	9.76707e-13		1.74622900268	0.877	0.77	1.18228e-12
800   	1300  	190.485		1.7715945296	0.933	0.847	9.7544e-13		1.74669966545	0.877	0.771	1.1801e-12
800   	1300  	190.736		1.77201214401	0.933	0.847	9.74179e-13		1.74716910263	0.877	0.771	1.17793e-12
800   	1300  	190.988		1.77242860791	0.933	0.848	9.72924e-13		1.74763731782	0.877	0.772	1.17578e-12
800   	1300  	191.24		1.77284392547	0.933	0.848	9.71675e-13		1.74810431463	0.877	0.773	1.17364e-12
800   	1300  	191.491		1.77325810085	0.934	0.849	9.70432e-13		1.74857009668	0.877	0.774	1.17151e-12
800   	1300  	191.743		1.77367113821	0.934	0.849	9.69195e-13		1.74903466756	0.877	0.774	1.16939e-12
800   	1300  	191.995		1.77408304168	0.934	0.85	9.67964e-13		1.74949803086	0.878	0.775	1.16728e-12
800   	1300  	192.246		1.77449381537	0.934	0.85	9.66739e-13		1.74996019017	0.878	0.776	1.16518e-12
800   	1300  	192.498		1.77490346338	0.934	0.851	9.65519e-13		1.75042114907	0.878	0.776	1.1631e-12
800   	1300  	192.75		1.77531198981	0.934	0.851	9.64306e-13		1.75088091114	0.878	0.777	1.16102e-12
800   	1300  	193.001		1.77571939873	0.934	0.852	9.63098e-13		1.75133947996	0.878	0.778	1.15896e-12
800   	1300  	193.253		1.77612569418	0.934	0.852	9.61896e-13		1.75179685908	0.878	0.778	1.15691e-12
800   	1300  	193.505		1.77653088022	0.935	0.853	9.607e-13		1.75225305208	0.878	0.779	1.15487e-12
800   	1300  	193.756		1.77693496088	0.935	0.853	9.59509e-13		1.7527080625	0.879	0.78	1.15284e-12
800   	1300  	194.008		1.77733794016	0.935	0.854	9.58324e-13		1.7531618939	0.879	0.78	1.15082e-12
800   	1300  	194.26		1.77773982207	0.935	0.854	9.57144e-13		1.75361454981	0.879	0.781	1.14881e-12
800   	1300  	194.511		1.77814061059	0.935	0.855	9.5597e-13		1.75406603379	0.879	0.782	1.14681e-12
800   	1300  	194.763		1.77854030969	0.935	0.855	9.54801e-13		1.75451634935	0.879	0.782	1.14483e-12
800   	1300  	195.015		1.77893892331	0.935	0.856	9.53638e-13		1.75496550003	0.879	0.783	1.14285e-12
800   	1300  	195.266		1.77933645541	0.935	0.856	9.5248e-13		1.75541348934	0.88	0.784	1.14088e-12
800   	1300  	195.518		1.77973290991	0.936	0.856	9.51328e-13		1.75586032081	0.88	0.784	1.13893e-12
800   	1300  	195.77		1.78012829071	0.936	0.857	9.50181e-13		1.75630599793	0.88	0.785	1.13698e-12
800   	1300  	196.021		1.78052260172	0.936	0.857	9.49039e-13		1.7567505242	0.88	0.786	1.13505e-12
800   	1300  	196.273		1.78091584681	0.936	0.858	9.47902e-13		1.75719390313	0.88	0.786	1.13312e-12
800   	1300  	196.525		1.78130802984	0.936	0.858	9.46771e-13		1.75763613819	0.88	0.787	1.13121e-12
800   	1300  	196.776		1.78169915469	0.936	0.859	9.45645e-13		1.75807723288	0.88	0.788	1.1293e-12
800   	1300  	197.028		1.78208922517	0.936	0.859	9.44524e-13		1.75851719066	0.881	0.788	1.1274e-12
800   	1300  	197.28		1.78247824512	0.936	0.86	9.43408e-13		1.75895601501	0.881	0.789	1.12552e-12
800   	1300  	197.531		1.78286621834	0.937	0.86	9.42297e-13		1.75939370938	0.881	0.79	1.12364e-12
800   	1300  	197.783		1.78325314863	0.937	0.86	9.41191e-13		1.75983027723	0.881	0.79	1.12178e-12
800   	1300  	198.035		1.78363903977	0.937	0.861	9.4009e-13		1.76026572201	0.881	0.791	1.11992e-12
800   	1300  	198.286		1.78402389552	0.937	0.861	9.38994e-13		1.76070004716	0.881	0.792	1.11807e-12
800   	1300  	198.538		1.78440771964	0.937	0.862	9.37903e-13		1.76113325611	0.882	0.792	1.11623e-12
800   	1400  	186.206		1.77307973784	0.938	0.85	1.03521e-12		1.74495725657	0.874	0.764	1.28453e-12
800   	1400  	186.458		1.77350069727	0.938	0.851	1.03388e-12		1.74543807438	0.874	0.765	1.28208e-12
800   	1400  	186.71		1.77392046785	0.938	0.851	1.03256e-12		1.74591761783	0.874	0.766	1.27964e-12
800   	1400  	186.961		1.77433905405	0.938	0.852	1.03125e-12		1.74639589071	0.874	0.767	1.27721e-12
800   	1400  	187.213		1.77475646032	0.938	0.852	1.02994e-12		1.74687289682	0.874	0.767	1.2748e-12
800   	1400  	187.465		1.77517269108	0.938	0.853	1.02864e-12		1.74734863994	0.875	0.768	1.2724e-12
800   	1400  	187.716		1.77558775074	0.939	0.853	1.02734e-12		1.74782312386	0.875	0.769	1.27001e-12
800   	1400  	187.968		1.7760016437	0.939	0.854	1.02606e-12		1.74829635236	0.875	0.769	1.26764e-12
800   	1400  	188.22		1.77641437433	0.939	0.854	1.02477e-12		1.7487683292	0.875	0.77	1.26528e-12
800   	1400  	188.471		1.77682594701	0.939	0.855	1.0235e-12		1.74923905816	0.875	0.771	1.26294e-12
800   	1400  	188.723		1.77723636607	0.939	0.855	1.02223e-12		1.74970854299	0.875	0.772	1.2606e-12
800   	1400  	188.975		1.77764563583	0.939	0.856	1.02096e-12		1.75017678745	0.875	0.772	1.25828e-12
800   	1400  	189.226		1.77805376062	0.939	0.856	1.01971e-12		1.75064379529	0.876	0.773	1.25597e-12
800   	1400  	189.478		1.77846074472	0.939	0.857	1.01845e-12		1.75110957026	0.876	0.774	1.25368e-12
800   	1400  	189.73		1.77886659241	0.94	0.857	1.01721e-12		1.75157411609	0.876	0.774	1.2514e-12
800   	1400  	189.981		1.77927130795	0.94	0.858	1.01597e-12		1.75203743651	0.876	0.775	1.24913e-12
800   	1400  	190.233		1.77967489558	0.94	0.858	1.01473e-12		1.75249953525	0.876	0.776	1.24687e-12
800   	1400  	190.485		1.78007735953	0.94	0.858	1.01351e-12		1.75296041603	0.876	0.777	1.24462e-12
800   	1400  	190.736		1.780478704 	0.94	0.859	1.01228e-12		1.75342008256	0.877	0.777	1.24239e-12
800   	1400  	190.988		1.7808789332	0.94	0.859	1.01107e-12		1.75387853856	0.877	0.778	1.24017e-12
800   	1400  	191.24		1.7812780513	0.94	0.86	1.00986e-12		1.75433578771	0.877	0.779	1.23796e-12
800   	1400  	191.491		1.78167606246	0.94	0.86	1.00865e-12		1.75479183372	0.877	0.779	1.23576e-12
800   	1400  	191.743		1.78207297082	0.941	0.861	1.00745e-12		1.75524668027	0.877	0.78	1.23358e-12
800   	1400  	191.995		1.78246878052	0.941	0.861	1.00626e-12		1.75570033104	0.877	0.781	1.2314e-12
800   	1400  	192.246		1.78286349565	0.941	0.862	1.00507e-12		1.75615278971	0.877	0.781	1.22924e-12
800   	1400  	192.498		1.78325712032	0.941	0.862	1.00388e-12		1.75660405995	0.878	0.782	1.22709e-12
800   	1400  	192.75		1.78364965861	0.941	0.862	1.00271e-12		1.75705414541	0.878	0.783	1.22495e-12
800   	1400  	193.001		1.78404111458	0.941	0.863	1.00153e-12		1.75750304975	0.878	0.783	1.22282e-12
800   	1400  	193.253		1.78443149227	0.941	0.863	1.00037e-12		1.75795077661	0.878	0.784	1.2207e-12
800   	1400  	193.505		1.78482079571	0.941	0.864	9.99206e-13		1.75839732964	0.878	0.785	1.2186e-12
800   	1400  	193.756		1.78520902893	0.942	0.864	9.98049e-13		1.75884271246	0.878	0.785	1.2165e-12
800   	1400  	194.008		1.78559619591	0.942	0.865	9.96898e-13		1.75928692871	0.879	0.786	1.21442e-12
800   	1400  	194.26		1.78598230064	0.942	0.865	9.95752e-13		1.75972998199	0.879	0.787	1.21235e-12
800   	1400  	194.511		1.78636734709	0.942	0.865	9.94612e-13		1.76017187593	0.879	0.787	1.21029e-12
800   	1400  	194.763		1.78675133921	0.942	0.866	9.93476e-13		1.76061261412	0.879	0.788	1.20823e-12
800   	1400  	195.015		1.78713428092	0.942	0.866	9.92346e-13		1.76105220017	0.879	0.789	1.20619e-12
800   	1400  	195.266		1.78751617616	0.942	0.867	9.91221e-13		1.76149063764	0.879	0.789	1.20416e-12
800   	1400  	195.518		1.78789702882	0.942	0.867	9.90101e-13		1.76192793014	0.879	0.79	1.20214e-12
800   	1400  	195.77		1.78827684279	0.942	0.868	9.88986e-13		1.76236408123	0.88	0.791	1.20014e-12
800   	1400  	196.021		1.78865562195	0.943	0.868	9.87876e-13		1.76279909448	0.88	0.791	1.19814e-12
800   	1400  	196.273		1.78903337015	0.943	0.868	9.8677e-13		1.76323297345	0.88	0.792	1.19615e-12
800   	1400  	196.525		1.78941009122	0.943	0.869	9.8567e-13		1.76366572168	0.88	0.792	1.19417e-12
800   	1400  	196.776		1.78978578901	0.943	0.869	9.84575e-13		1.76409734272	0.88	0.793	1.1922e-12
800   	1400  	197.028		1.79016046731	0.943	0.87	9.83484e-13		1.7645278401	0.88	0.794	1.19024e-12
800   	1400  	197.28		1.79053412992	0.943	0.87	9.82399e-13		1.76495721736	0.881	0.794	1.1883e-12
800   	1400  	197.531		1.79090678063	0.943	0.87	9.81318e-13		1.765385478 	0.881	0.795	1.18636e-12
800   	1400  	197.783		1.79127842319	0.943	0.871	9.80242e-13		1.76581262554	0.881	0.796	1.18443e-12
800   	1400  	198.035		1.79164906136	0.943	0.871	9.7917e-13		1.76623866348	0.881	0.796	1.18251e-12
800   	1400  	198.286		1.79201869887	0.944	0.872	9.78104e-13		1.76666359533	0.881	0.797	1.1806e-12
800   	1400  	198.538		1.79238733943	0.944	0.872	9.77042e-13		1.76708742455	0.881	0.797	1.1787e-12
800   	1500  	186.206		1.78041645515	0.944	0.86	1.07526e-12		1.75042585489	0.874	0.769	1.35089e-12
800   	1500  	186.458		1.78082269609	0.944	0.86	1.07396e-12		1.75089773822	0.874	0.77	1.34836e-12
800   	1500  	186.71		1.78122778269	0.944	0.861	1.07267e-12		1.75136835874	0.874	0.771	1.34585e-12
800   	1500  	186.961		1.7816317194	0.944	0.861	1.07139e-12		1.75183772032	0.874	0.771	1.34334e-12
800   	1500  	187.213		1.78203451064	0.944	0.862	1.07011e-12		1.75230582684	0.874	0.772	1.34086e-12
800   	1500  	187.465		1.78243616082	0.945	0.862	1.06884e-12		1.75277268217	0.874	0.773	1.33838e-12
800   	1500  	187.716		1.78283667432	0.945	0.863	1.06757e-12		1.75323829016	0.874	0.774	1.33592e-12
800   	1500  	187.968		1.78323605551	0.945	0.863	1.06632e-12		1.75370265466	0.875	0.774	1.33347e-12
800   	1500  	188.22		1.78363430874	0.945	0.864	1.06506e-12		1.75416577953	0.875	0.775	1.33104e-12
800   	1500  	188.471		1.78403143835	0.945	0.864	1.06381e-12		1.7546276686	0.875	0.776	1.32862e-12
800   	1500  	188.723		1.78442744865	0.945	0.864	1.06257e-12		1.7550883257	0.875	0.776	1.32621e-12
800   	1500  	188.975		1.78482234394	0.945	0.865	1.06134e-12		1.75554775467	0.875	0.777	1.32382e-12
800   	1500  	189.226		1.78521612849	0.945	0.865	1.06011e-12		1.75600595931	0.875	0.778	1.32144e-12
800   	1500  	189.478		1.78560880658	0.945	0.866	1.05888e-12		1.75646294344	0.876	0.778	1.31907e-12
800   	1500  	189.73		1.78600038243	0.946	0.866	1.05766e-12		1.75691871086	0.876	0.779	1.31671e-12
800   	1500  	189.981		1.78639086029	0.946	0.867	1.05645e-12		1.75737326537	0.876	0.78	1.31437e-12
800   	1500  	190.233		1.78678024435	0.946	0.867	1.05524e-12		1.75782661075	0.876	0.781	1.31204e-12
800   	1500  	190.485		1.78716853881	0.946	0.867	1.05404e-12		1.75827875079	0.876	0.781	1.30972e-12
800   	1500  	190.736		1.78755574784	0.946	0.868	1.05284e-12		1.75872968927	0.876	0.782	1.30741e-12
800   	1500  	190.988		1.78794187559	0.946	0.868	1.05165e-12		1.75917942994	0.876	0.783	1.30512e-12
800   	1500  	191.24		1.78832692621	0.946	0.869	1.05047e-12		1.75962797657	0.877	0.783	1.30284e-12
800   	1500  	191.491		1.78871090381	0.946	0.869	1.04929e-12		1.7600753329	0.877	0.784	1.30057e-12
800   	1500  	191.743		1.78909381251	0.947	0.87	1.04811e-12		1.76052150269	0.877	0.785	1.29832e-12
800   	1500  	191.995		1.78947565638	0.947	0.87	1.04694e-12		1.76096648966	0.877	0.785	1.29607e-12
800   	1500  	192.246		1.7898564395	0.947	0.87	1.04578e-12		1.76141029754	0.877	0.786	1.29384e-12
800   	1500  	192.498		1.79023616591	0.947	0.871	1.04462e-12		1.76185293006	0.877	0.787	1.29162e-12
800   	1500  	192.75		1.79061483966	0.947	0.871	1.04347e-12		1.76229439091	0.878	0.787	1.28941e-12
800   	1500  	193.001		1.79099246476	0.947	0.872	1.04232e-12		1.76273468381	0.878	0.788	1.28721e-12
800   	1500  	193.253		1.79136904522	0.947	0.872	1.04117e-12		1.76317381245	0.878	0.789	1.28502e-12
800   	1500  	193.505		1.79174458501	0.947	0.872	1.04003e-12		1.76361178052	0.878	0.789	1.28285e-12
800   	1500  	193.756		1.79211908812	0.947	0.873	1.0389e-12		1.7640485917	0.878	0.79	1.28068e-12
800   	1500  	194.008		1.79249255848	0.948	0.873	1.03777e-12		1.76448424965	0.878	0.79	1.27853e-12
800   	1500  	194.26		1.79286500003	0.948	0.874	1.03665e-12		1.76491875804	0.879	0.791	1.27639e-12
800   	1500  	194.511		1.7932364167	0.948	0.874	1.03553e-12		1.76535212052	0.879	0.792	1.27426e-12
800   	1500  	194.763		1.79360681238	0.948	0.874	1.03442e-12		1.76578434074	0.879	0.792	1.27214e-12
800   	1500  	195.015		1.79397619096	0.948	0.875	1.03331e-12		1.76621542233	0.879	0.793	1.27003e-12
800   	1500  	195.266		1.79434455631	0.948	0.875	1.03221e-12		1.76664536893	0.879	0.794	1.26793e-12
800   	1500  	195.518		1.79471191228	0.948	0.876	1.03111e-12		1.76707418414	0.879	0.794	1.26585e-12
800   	1500  	195.77		1.7950782627	0.948	0.876	1.03001e-12		1.76750187159	0.879	0.795	1.26377e-12
800   	1500  	196.021		1.79544361141	0.948	0.876	1.02892e-12		1.76792843488	0.88	0.796	1.26171e-12
800   	1500  	196.273		1.79580796219	0.949	0.877	1.02784e-12		1.7683538776	0.88	0.796	1.25965e-12
800   	1500  	196.525		1.79617131885	0.949	0.877	1.02676e-12		1.76877820333	0.88	0.797	1.25761e-12
800   	1500  	196.776		1.79653368514	0.949	0.878	1.02568e-12		1.76920141565	0.88	0.797	1.25557e-12
800   	1500  	197.028		1.79689506484	0.949	0.878	1.02461e-12		1.76962351813	0.88	0.798	1.25355e-12
800   	1500  	197.28		1.79725546168	0.949	0.878	1.02355e-12		1.77004451433	0.88	0.799	1.25153e-12
800   	1500  	197.531		1.79761487937	0.949	0.879	1.02249e-12		1.77046440779	0.881	0.799	1.24953e-12
800   	1500  	197.783		1.79797332164	0.949	0.879	1.02143e-12		1.77088320207	0.881	0.8	1.24754e-12
800   	1500  	198.035		1.79833079218	0.949	0.879	1.02038e-12		1.77130090069	0.881	0.8	1.24555e-12
800   	1500  	198.286		1.79868729466	0.949	0.88	1.01933e-12		1.77171750717	0.881	0.801	1.24358e-12
800   	1500  	198.538		1.79904283274	0.949	0.88	1.01829e-12		1.77213302503	0.881	0.802	1.24162e-12
801   	802   	186.206		1.68140463751	0.879	0.688	9.15307e-13		1.68131461146	0.879	0.688	9.16057e-13
801   	802   	186.458		1.68195817344	0.879	0.689	9.13086e-13		1.68186825144	0.879	0.689	9.13832e-13
801   	802   	186.71		1.68251050906	0.879	0.69	9.10879e-13		1.68242069156	0.879	0.69	9.11622e-13
801   	802   	186.961		1.68306164597	0.879	0.691	9.08687e-13		1.68297193342	0.879	0.691	9.09426e-13
801   	802   	187.213		1.68361158575	0.88	0.692	9.06509e-13		1.68352197859	0.879	0.692	9.07244e-13
801   	802   	187.465		1.68416033003	0.88	0.693	9.04345e-13		1.6840708287	0.879	0.693	9.05076e-13
801   	802   	187.716		1.68470788045	0.88	0.694	9.02195e-13		1.68461848538	0.88	0.694	9.02922e-13
801   	802   	187.968		1.68525423865	0.88	0.695	9.00059e-13		1.68516495026	0.88	0.695	9.00783e-13
801   	802   	188.22		1.68579940633	0.88	0.696	8.97937e-13		1.68571022503	0.88	0.695	8.98656e-13
801   	802   	188.471		1.68634338515	0.88	0.697	8.95828e-13		1.68625431136	0.88	0.696	8.96544e-13
801   	802   	188.723		1.68688617684	0.88	0.698	8.93732e-13		1.68679721095	0.88	0.697	8.94445e-13
801   	802   	188.975		1.68742778312	0.88	0.698	8.9165e-13		1.68733892553	0.88	0.698	8.92359e-13
801   	802   	189.226		1.68796820572	0.88	0.699	8.89581e-13		1.68787945683	0.88	0.699	8.90286e-13
801   	802   	189.478		1.68850744641	0.881	0.7	8.87526e-13		1.68841880659	0.88	0.7	8.88227e-13
801   	802   	189.73		1.68904550695	0.881	0.701	8.85483e-13		1.68895697658	0.88	0.701	8.86181e-13
801   	802   	189.981		1.68958238914	0.881	0.702	8.83453e-13		1.6894939686	0.881	0.702	8.84147e-13
801   	802   	190.233		1.69011809478	0.881	0.703	8.81435e-13		1.69002978442	0.881	0.703	8.82126e-13
801   	802   	190.485		1.69065262569	0.881	0.704	8.79431e-13		1.69056442588	0.881	0.704	8.80118e-13
801   	802   	190.736		1.6911859837	0.881	0.705	8.77439e-13		1.69109789479	0.881	0.705	8.78123e-13
801   	802   	190.988		1.69171817066	0.881	0.706	8.75459e-13		1.69163019299	0.881	0.705	8.7614e-13
801   	802   	191.24		1.69224918844	0.881	0.707	8.73492e-13		1.69216132235	0.881	0.706	8.74169e-13
801   	802   	191.491		1.6927790389	0.881	0.707	8.71536e-13		1.69269128474	0.881	0.707	8.7221e-13
801   	802   	191.743		1.69330772394	0.882	0.708	8.69593e-13		1.69322008203	0.881	0.708	8.70264e-13
801   	802   	191.995		1.69383524547	0.882	0.709	8.67662e-13		1.69374771613	0.881	0.709	8.68329e-13
801   	802   	192.246		1.6943616054	0.882	0.71	8.65743e-13		1.69427418895	0.882	0.71	8.66406e-13
801   	802   	192.498		1.69488680566	0.882	0.711	8.63835e-13		1.69479950242	0.882	0.711	8.64495e-13
801   	802   	192.75		1.6954108482	0.882	0.712	8.61939e-13		1.69532365846	0.882	0.712	8.62596e-13
801   	802   	193.001		1.69593373497	0.882	0.713	8.60055e-13		1.69584665904	0.882	0.712	8.60709e-13
801   	802   	193.253		1.69645546793	0.882	0.714	8.58182e-13		1.69636850611	0.882	0.713	8.58832e-13
801   	802   	193.505		1.69697604908	0.882	0.714	8.5632e-13		1.69688920165	0.882	0.714	8.56968e-13
801   	802   	193.756		1.69749548039	0.882	0.715	8.5447e-13		1.69740874764	0.882	0.715	8.55114e-13
801   	802   	194.008		1.69801376388	0.883	0.716	8.5263e-13		1.69792714609	0.882	0.716	8.53272e-13
801   	802   	194.26		1.69853090156	0.883	0.717	8.50802e-13		1.698444399 	0.883	0.717	8.5144e-13
801   	802   	194.511		1.69904689545	0.883	0.718	8.48985e-13		1.69896050839	0.883	0.718	8.4962e-13
801   	802   	194.763		1.69956174759	0.883	0.719	8.47179e-13		1.69947547629	0.883	0.718	8.47811e-13
801   	802   	195.015		1.70007546004	0.883	0.72	8.45383e-13		1.69998930475	0.883	0.719	8.46012e-13
801   	802   	195.266		1.70058803483	0.883	0.72	8.43598e-13		1.70050199582	0.883	0.72	8.44224e-13
801   	802   	195.518		1.70109947406	0.883	0.721	8.41824e-13		1.70101355157	0.883	0.721	8.42447e-13
801   	802   	195.77		1.70160977978	0.883	0.722	8.4006e-13		1.70152397406	0.883	0.722	8.4068e-13
801   	802   	196.021		1.7021189541	0.884	0.723	8.38307e-13		1.70203326537	0.883	0.723	8.38924e-13
801   	802   	196.273		1.70262699911	0.884	0.724	8.36564e-13		1.70254142761	0.883	0.723	8.37178e-13
801   	802   	196.525		1.70313391691	0.884	0.724	8.34831e-13		1.70304846287	0.884	0.724	8.35442e-13
801   	802   	196.776		1.70363970962	0.884	0.725	8.33109e-13		1.70355437327	0.884	0.725	8.33717e-13
801   	802   	197.028		1.70414437937	0.884	0.726	8.31396e-13		1.70405916092	0.884	0.726	8.32001e-13
801   	802   	197.28		1.70464792829	0.884	0.727	8.29693e-13		1.70456282795	0.884	0.727	8.30296e-13
801   	802   	197.531		1.70515035852	0.884	0.728	8.28001e-13		1.7050653765	0.884	0.727	8.286e-13
801   	802   	197.783		1.70565167221	0.884	0.729	8.26318e-13		1.70556680872	0.884	0.728	8.26915e-13
801   	802   	198.035		1.70615187153	0.884	0.729	8.24645e-13		1.70606712676	0.884	0.729	8.25239e-13
801   	802   	198.286		1.70665095863	0.885	0.73	8.22981e-13		1.70656633279	0.884	0.73	8.23572e-13
801   	802   	198.538		1.7071489357	0.885	0.731	8.21327e-13		1.70706442897	0.885	0.731	8.21916e-13
801   	900   	186.206		1.70550430274	0.891	0.737	9.05839e-13		1.69757745413	0.877	0.711	9.69669e-13
801   	900   	186.458		1.70603326801	0.891	0.738	9.03953e-13		1.69811793599	0.877	0.712	9.67462e-13
801   	900   	186.71		1.70656095765	0.891	0.739	9.02078e-13		1.69865716474	0.878	0.712	9.65269e-13
801   	900   	186.961		1.70708737453	0.891	0.74	9.00214e-13		1.6991951427	0.878	0.713	9.63089e-13
801   	900   	187.213		1.70761252148	0.892	0.741	8.98362e-13		1.69973187221	0.878	0.714	9.60924e-13
801   	900   	187.465		1.70813640136	0.892	0.742	8.9652e-13		1.70026735563	0.878	0.715	9.58771e-13
801   	900   	187.716		1.70865901705	0.892	0.742	8.9469e-13		1.70080159531	0.878	0.716	9.56632e-13
801   	900   	187.968		1.70918037141	0.892	0.743	8.92871e-13		1.70133459363	0.878	0.717	9.54506e-13
801   	900   	188.22		1.70970046732	0.892	0.744	8.91062e-13		1.70186635296	0.878	0.718	9.52393e-13
801   	900   	188.471		1.71021930765	0.892	0.745	8.89265e-13		1.70239687571	0.878	0.719	9.50294e-13
801   	900   	188.723		1.71073689531	0.892	0.746	8.87478e-13		1.70292616428	0.879	0.719	9.48207e-13
801   	900   	188.975		1.71125323318	0.892	0.746	8.85701e-13		1.70345422108	0.879	0.72	9.46133e-13
801   	900   	189.226		1.71176832417	0.893	0.747	8.83936e-13		1.70398104854	0.879	0.721	9.44071e-13
801   	900   	189.478		1.71228217118	0.893	0.748	8.8218e-13		1.70450664911	0.879	0.722	9.42022e-13
801   	900   	189.73		1.71279477712	0.893	0.749	8.80435e-13		1.70503102521	0.879	0.723	9.39986e-13
801   	900   	189.981		1.71330614491	0.893	0.75	8.787e-13		1.70555417932	0.879	0.724	9.37961e-13
801   	900   	190.233		1.71381627746	0.893	0.75	8.76975e-13		1.7060761139	0.879	0.725	9.35949e-13
801   	900   	190.485		1.71432517771	0.893	0.751	8.75261e-13		1.70659683141	0.879	0.725	9.33949e-13
801   	900   	190.736		1.71483284858	0.893	0.752	8.73556e-13		1.70711633435	0.879	0.726	9.31962e-13
801   	900   	190.988		1.71533929301	0.894	0.753	8.71861e-13		1.70763462521	0.88	0.727	9.29986e-13
801   	900   	191.24		1.71584451392	0.894	0.754	8.70176e-13		1.70815170648	0.88	0.728	9.28021e-13
801   	900   	191.491		1.71634851427	0.894	0.754	8.68501e-13		1.70866758068	0.88	0.729	9.26069e-13
801   	900   	191.743		1.71685129699	0.894	0.755	8.66835e-13		1.70918225032	0.88	0.73	9.24128e-13
801   	900   	191.995		1.71735286503	0.894	0.756	8.65179e-13		1.70969571793	0.88	0.73	9.22199e-13
801   	900   	192.246		1.71785322135	0.894	0.757	8.63533e-13		1.71020798605	0.88	0.731	9.20281e-13
801   	900   	192.498		1.7183523689	0.894	0.757	8.61896e-13		1.7107190572	0.88	0.732	9.18374e-13
801   	900   	192.75		1.71885031063	0.894	0.758	8.60268e-13		1.71122893393	0.881	0.733	9.16479e-13
801   	900   	193.001		1.7193470495	0.895	0.759	8.58649e-13		1.71173761881	0.881	0.734	9.14594e-13
801   	900   	193.253		1.71984258847	0.895	0.76	8.5704e-13		1.71224511439	0.881	0.735	9.12721e-13
801   	900   	193.505		1.72033693052	0.895	0.76	8.55439e-13		1.71275142324	0.881	0.735	9.10859e-13
801   	900   	193.756		1.72083007859	0.895	0.761	8.53848e-13		1.71325654793	0.881	0.736	9.09007e-13
801   	900   	194.008		1.72132203567	0.895	0.762	8.52266e-13		1.71376049105	0.881	0.737	9.07166e-13
801   	900   	194.26		1.72181280471	0.895	0.763	8.50692e-13		1.71426325517	0.881	0.738	9.05336e-13
801   	900   	194.511		1.7223023887	0.895	0.763	8.49128e-13		1.71476484289	0.881	0.739	9.03517e-13
801   	900   	194.763		1.72279079061	0.896	0.764	8.47572e-13		1.7152652568	0.882	0.739	9.01708e-13
801   	900   	195.015		1.7232780134	0.896	0.765	8.46025e-13		1.71576449952	0.882	0.74	8.99909e-13
801   	900   	195.266		1.72376406005	0.896	0.766	8.44486e-13		1.71626257364	0.882	0.741	8.98121e-13
801   	900   	195.518		1.72424893355	0.896	0.766	8.42956e-13		1.71675948178	0.882	0.742	8.96343e-13
801   	900   	195.77		1.72473263686	0.896	0.767	8.41434e-13		1.71725522656	0.882	0.742	8.94575e-13
801   	900   	196.021		1.72521517296	0.896	0.768	8.39921e-13		1.71774981059	0.882	0.743	8.92817e-13
801   	900   	196.273		1.72569654484	0.896	0.768	8.38416e-13		1.71824323652	0.882	0.744	8.91069e-13
801   	900   	196.525		1.72617675547	0.897	0.769	8.3692e-13		1.71873550696	0.882	0.745	8.89331e-13
801   	900   	196.776		1.72665580783	0.897	0.77	8.35431e-13		1.71922662455	0.883	0.746	8.87602e-13
801   	900   	197.028		1.7271337049	0.897	0.771	8.33951e-13		1.71971659193	0.883	0.746	8.85884e-13
801   	900   	197.28		1.72761044967	0.897	0.771	8.32478e-13		1.72020541175	0.883	0.747	8.84175e-13
801   	900   	197.531		1.72808604509	0.897	0.772	8.31014e-13		1.72069308665	0.883	0.748	8.82476e-13
801   	900   	197.783		1.72856049417	0.897	0.773	8.29558e-13		1.72117961929	0.883	0.749	8.80786e-13
801   	900   	198.035		1.72903379988	0.897	0.773	8.28109e-13		1.72166501231	0.883	0.749	8.79106e-13
801   	900   	198.286		1.72950596519	0.897	0.774	8.26669e-13		1.72214926837	0.883	0.75	8.77434e-13
801   	900   	198.538		1.72997699308	0.898	0.775	8.25236e-13		1.72263239013	0.884	0.751	8.75773e-13
801   	1000  	186.206		1.72520292183	0.903	0.774	9.15208e-13		1.71104570064	0.876	0.728	1.02862e-12
801   	1000  	186.458		1.72570598498	0.903	0.775	9.13536e-13		1.71157244891	0.876	0.729	1.0264e-12
801   	1000  	186.71		1.72620775309	0.903	0.776	9.11873e-13		1.71209791695	0.876	0.73	1.02419e-12
801   	1000  	186.961		1.72670822981	0.903	0.777	9.10219e-13		1.71262210761	0.877	0.73	1.02199e-12
801   	1000  	187.213		1.72720741876	0.903	0.777	9.08575e-13		1.71314502377	0.877	0.731	1.01981e-12
801   	1000  	187.465		1.7277053236	0.903	0.778	9.0694e-13		1.71366666831	0.877	0.732	1.01764e-12
801   	1000  	187.716		1.72820194793	0.904	0.779	9.05315e-13		1.71418704412	0.877	0.733	1.01548e-12
801   	1000  	187.968		1.7286972954	0.904	0.78	9.03699e-13		1.71470615409	0.877	0.734	1.01334e-12
801   	1000  	188.22		1.72919136963	0.904	0.78	9.02091e-13		1.71522400111	0.877	0.735	1.01121e-12
801   	1000  	188.471		1.72968417425	0.904	0.781	9.00493e-13		1.71574058808	0.877	0.735	1.00909e-12
801   	1000  	188.723		1.73017571287	0.904	0.782	8.98904e-13		1.71625591793	0.877	0.736	1.00699e-12
801   	1000  	188.975		1.73066598912	0.904	0.782	8.97324e-13		1.71676999356	0.878	0.737	1.00489e-12
801   	1000  	189.226		1.7311550066	0.904	0.783	8.95752e-13		1.7172828179	0.878	0.738	1.00281e-12
801   	1000  	189.478		1.73164276893	0.905	0.784	8.94189e-13		1.71779439386	0.878	0.739	1.00074e-12
801   	1000  	189.73		1.73212927973	0.905	0.784	8.92635e-13		1.71830472439	0.878	0.74	9.98685e-13
801   	1000  	189.981		1.73261454259	0.905	0.785	8.91089e-13		1.71881381241	0.878	0.74	9.96641e-13
801   	1000  	190.233		1.73309856112	0.905	0.786	8.89552e-13		1.71932166086	0.878	0.741	9.94608e-13
801   	1000  	190.485		1.73358133892	0.905	0.787	8.88024e-13		1.71982827269	0.878	0.742	9.92588e-13
801   	1000  	190.736		1.73406287957	0.905	0.787	8.86504e-13		1.72033365084	0.879	0.743	9.90579e-13
801   	1000  	190.988		1.73454318668	0.905	0.788	8.84992e-13		1.72083779828	0.879	0.744	9.88581e-13
801   	1000  	191.24		1.73502226383	0.906	0.789	8.83488e-13		1.72134071794	0.879	0.744	9.86596e-13
801   	1000  	191.491		1.7355001146	0.906	0.789	8.81992e-13		1.72184241279	0.879	0.745	9.84621e-13
801   	1000  	191.743		1.73597674257	0.906	0.79	8.80505e-13		1.7223428858	0.879	0.746	9.82658e-13
801   	1000  	191.995		1.73645215132	0.906	0.791	8.79026e-13		1.72284213993	0.879	0.747	9.80707e-13
801   	1000  	192.246		1.73692634442	0.906	0.791	8.77555e-13		1.72334017814	0.879	0.747	9.78766e-13
801   	1000  	192.498		1.73739932542	0.906	0.792	8.76091e-13		1.72383700342	0.879	0.748	9.76837e-13
801   	1000  	192.75		1.73787109789	0.906	0.793	8.74636e-13		1.72433261872	0.88	0.749	9.74919e-13
801   	1000  	193.001		1.7383416654	0.907	0.793	8.73188e-13		1.72482702703	0.88	0.75	9.73011e-13
801   	1000  	193.253		1.73881103148	0.907	0.794	8.71748e-13		1.72532023133	0.88	0.751	9.71115e-13
801   	1000  	193.505		1.73927919969	0.907	0.795	8.70316e-13		1.7258122346	0.88	0.751	9.69229e-13
801   	1000  	193.756		1.73974617356	0.907	0.795	8.68891e-13		1.72630303981	0.88	0.752	9.67353e-13
801   	1000  	194.008		1.74021195664	0.907	0.796	8.67474e-13		1.72679264997	0.88	0.753	9.65489e-13
801   	1000  	194.26		1.74067655245	0.907	0.797	8.66064e-13		1.72728106804	0.88	0.754	9.63635e-13
801   	1000  	194.511		1.74113996453	0.907	0.797	8.64662e-13		1.72776829702	0.881	0.754	9.61791e-13
801   	1000  	194.763		1.74160219638	0.908	0.798	8.63268e-13		1.7282543399	0.881	0.755	9.59957e-13
801   	1000  	195.015		1.74206325153	0.908	0.798	8.6188e-13		1.72873919967	0.881	0.756	9.58134e-13
801   	1000  	195.266		1.74252313348	0.908	0.799	8.605e-13		1.72922287932	0.881	0.757	9.56321e-13
801   	1000  	195.518		1.74298184575	0.908	0.8	8.59127e-13		1.72970538185	0.881	0.757	9.54518e-13
801   	1000  	195.77		1.74343939182	0.908	0.8	8.57761e-13		1.73018671024	0.881	0.758	9.52725e-13
801   	1000  	196.021		1.74389577519	0.908	0.801	8.56403e-13		1.73066686749	0.881	0.759	9.50942e-13
801   	1000  	196.273		1.74435099934	0.908	0.802	8.55051e-13		1.73114585659	0.882	0.76	9.49168e-13
801   	1000  	196.525		1.74480506777	0.909	0.802	8.53707e-13		1.73162368054	0.882	0.76	9.47405e-13
801   	1000  	196.776		1.74525798393	0.909	0.803	8.52369e-13		1.73210034234	0.882	0.761	9.45651e-13
801   	1000  	197.028		1.7457097513	0.909	0.803	8.51038e-13		1.73257584498	0.882	0.762	9.43907e-13
801   	1000  	197.28		1.74616037335	0.909	0.804	8.49714e-13		1.73305019144	0.882	0.762	9.42172e-13
801   	1000  	197.531		1.74660985352	0.909	0.805	8.48397e-13		1.73352338474	0.882	0.763	9.40446e-13
801   	1000  	197.783		1.74705819527	0.909	0.805	8.47087e-13		1.73399542787	0.882	0.764	9.3873e-13
801   	1000  	198.035		1.74750540204	0.909	0.806	8.45783e-13		1.7344663238	0.882	0.765	9.37024e-13
801   	1000  	198.286		1.74795147726	0.909	0.806	8.44486e-13		1.73493607555	0.883	0.765	9.35326e-13
801   	1000  	198.538		1.74839642438	0.91	0.807	8.43196e-13		1.73540468611	0.883	0.766	9.33638e-13
801   	1100  	186.206		1.74105662951	0.913	0.802	9.36239e-13		1.72207109014	0.875	0.741	1.09033e-12
801   	1100  	186.458		1.74153538565	0.913	0.803	9.34707e-13		1.72258470862	0.875	0.742	1.08806e-12
801   	1100  	186.71		1.74201285819	0.914	0.803	9.33183e-13		1.72309703661	0.876	0.743	1.08582e-12
801   	1100  	186.961		1.74248905123	0.914	0.804	9.31668e-13		1.72360807737	0.876	0.743	1.08358e-12
801   	1100  	187.213		1.74296396886	0.914	0.805	9.3016e-13		1.72411783415	0.876	0.744	1.08136e-12
801   	1100  	187.465		1.74343761515	0.914	0.805	9.28661e-13		1.72462631018	0.876	0.745	1.07915e-12
801   	1100  	187.716		1.74390999416	0.914	0.806	9.2717e-13		1.72513350873	0.876	0.746	1.07696e-12
801   	1100  	187.968		1.74438110996	0.914	0.806	9.25687e-13		1.72563943304	0.876	0.747	1.07477e-12
801   	1100  	188.22		1.74485096659	0.914	0.807	9.24212e-13		1.72614408637	0.876	0.747	1.0726e-12
801   	1100  	188.471		1.74531956811	0.915	0.808	9.22744e-13		1.72664747198	0.877	0.748	1.07044e-12
801   	1100  	188.723		1.74578691853	0.915	0.808	9.21285e-13		1.72714959312	0.877	0.749	1.0683e-12
801   	1100  	188.975		1.74625302189	0.915	0.809	9.19833e-13		1.72765045306	0.877	0.75	1.06617e-12
801   	1100  	189.226		1.74671788221	0.915	0.81	9.18389e-13		1.72815005505	0.877	0.751	1.06405e-12
801   	1100  	189.478		1.74718150348	0.915	0.81	9.16953e-13		1.72864840236	0.877	0.751	1.06194e-12
801   	1100  	189.73		1.7476438897	0.915	0.811	9.15524e-13		1.72914549825	0.877	0.752	1.05984e-12
801   	1100  	189.981		1.74810504488	0.915	0.811	9.14102e-13		1.72964134598	0.877	0.753	1.05776e-12
801   	1100  	190.233		1.74856497297	0.916	0.812	9.12689e-13		1.73013594883	0.878	0.754	1.05569e-12
801   	1100  	190.485		1.74902367796	0.916	0.813	9.11282e-13		1.73062931005	0.878	0.754	1.05362e-12
801   	1100  	190.736		1.74948116381	0.916	0.813	9.09883e-13		1.73112143291	0.878	0.755	1.05158e-12
801   	1100  	190.988		1.74993743446	0.916	0.814	9.08491e-13		1.73161232069	0.878	0.756	1.04954e-12
801   	1100  	191.24		1.75039249387	0.916	0.814	9.07107e-13		1.73210197663	0.878	0.757	1.04751e-12
801   	1100  	191.491		1.75084634596	0.916	0.815	9.05729e-13		1.73259040401	0.878	0.757	1.0455e-12
801   	1100  	191.743		1.75129899466	0.916	0.816	9.04359e-13		1.7330776061	0.878	0.758	1.0435e-12
801   	1100  	191.995		1.75175044387	0.917	0.816	9.02996e-13		1.73356358616	0.879	0.759	1.0415e-12
801   	1100  	192.246		1.75220069752	0.917	0.817	9.01639e-13		1.73404834745	0.879	0.76	1.03952e-12
801   	1100  	192.498		1.75264975949	0.917	0.817	9.0029e-13		1.73453189325	0.879	0.76	1.03755e-12
801   	1100  	192.75		1.75309763366	0.917	0.818	8.98948e-13		1.7350142268	0.879	0.761	1.0356e-12
801   	1100  	193.001		1.75354432392	0.917	0.819	8.97612e-13		1.73549535138	0.879	0.762	1.03365e-12
801   	1100  	193.253		1.75398983413	0.917	0.819	8.96284e-13		1.73597527024	0.879	0.763	1.03171e-12
801   	1100  	193.505		1.75443416815	0.917	0.82	8.94962e-13		1.73645398665	0.879	0.763	1.02979e-12
801   	1100  	193.756		1.75487732982	0.918	0.82	8.93646e-13		1.73693150386	0.88	0.764	1.02787e-12
801   	1100  	194.008		1.75531932298	0.918	0.821	8.92338e-13		1.73740782514	0.88	0.765	1.02596e-12
801   	1100  	194.26		1.75576015145	0.918	0.821	8.91036e-13		1.73788295373	0.88	0.765	1.02407e-12
801   	1100  	194.511		1.75619981906	0.918	0.822	8.89741e-13		1.73835689289	0.88	0.766	1.02219e-12
801   	1100  	194.763		1.75663832961	0.918	0.823	8.88452e-13		1.73882964588	0.88	0.767	1.02031e-12
801   	1100  	195.015		1.7570756869	0.918	0.823	8.87169e-13		1.73930121593	0.88	0.768	1.01845e-12
801   	1100  	195.266		1.75751189471	0.918	0.824	8.85893e-13		1.73977160631	0.88	0.768	1.01659e-12
801   	1100  	195.518		1.75794695683	0.919	0.824	8.84624e-13		1.74024082026	0.881	0.769	1.01475e-12
801   	1100  	195.77		1.75838087702	0.919	0.825	8.8336e-13		1.74070886101	0.881	0.77	1.01292e-12
801   	1100  	196.021		1.75881365903	0.919	0.825	8.82103e-13		1.74117573182	0.881	0.77	1.01109e-12
801   	1100  	196.273		1.75924530661	0.919	0.826	8.80852e-13		1.74164143592	0.881	0.771	1.00928e-12
801   	1100  	196.525		1.75967582351	0.919	0.827	8.79608e-13		1.74210597654	0.881	0.772	1.00748e-12
801   	1100  	196.776		1.76010521344	0.919	0.827	8.78369e-13		1.74256935693	0.881	0.773	1.00568e-12
801   	1100  	197.028		1.76053348012	0.919	0.828	8.77137e-13		1.7430315803	0.881	0.773	1.0039e-12
801   	1100  	197.28		1.76096062726	0.919	0.828	8.7591e-13		1.74349264989	0.882	0.774	1.00212e-12
801   	1100  	197.531		1.76138665856	0.92	0.829	8.7469e-13		1.74395256892	0.882	0.775	1.00036e-12
801   	1100  	197.783		1.76181157769	0.92	0.829	8.73475e-13		1.74441134062	0.882	0.775	9.98599e-13
801   	1100  	198.035		1.76223538834	0.92	0.83	8.72267e-13		1.74486896819	0.882	0.776	9.96852e-13
801   	1100  	198.286		1.76265809417	0.92	0.83	8.71064e-13		1.74532545487	0.882	0.777	9.95114e-13
801   	1100  	198.538		1.76307969883	0.92	0.831	8.69867e-13		1.74578080385	0.882	0.777	9.93385e-13
801   	1200  	186.206		1.75393733362	0.923	0.823	9.64815e-13		1.73119287295	0.875	0.751	1.15386e-12
801   	1200  	186.458		1.75439422672	0.923	0.823	9.63378e-13		1.73169434675	0.875	0.752	1.15155e-12
801   	1200  	186.71		1.75484986284	0.923	0.824	9.61948e-13		1.73219453008	0.875	0.753	1.14925e-12
801   	1200  	186.961		1.7553042463	0.923	0.824	9.60526e-13		1.73269342644	0.875	0.753	1.14696e-12
801   	1200  	187.213		1.75575738144	0.923	0.825	9.59111e-13		1.73319103935	0.875	0.754	1.14468e-12
801   	1200  	187.465		1.75620927255	0.923	0.826	9.57704e-13		1.73368737231	0.875	0.755	1.14242e-12
801   	1200  	187.716		1.75665992393	0.923	0.826	9.56304e-13		1.73418242882	0.876	0.756	1.14017e-12
801   	1200  	187.968		1.75710933986	0.924	0.827	9.54911e-13		1.73467621238	0.876	0.756	1.13794e-12
801   	1200  	188.22		1.75755752462	0.924	0.827	9.53525e-13		1.7351687265	0.876	0.757	1.13571e-12
801   	1200  	188.471		1.75800448246	0.924	0.828	9.52146e-13		1.73565997467	0.876	0.758	1.1335e-12
801   	1200  	188.723		1.75845021763	0.924	0.828	9.50774e-13		1.73614996039	0.876	0.759	1.13131e-12
801   	1200  	188.975		1.75889473435	0.924	0.829	9.4941e-13		1.73663868715	0.876	0.759	1.12912e-12
801   	1200  	189.226		1.75933803684	0.924	0.83	9.48052e-13		1.73712615846	0.876	0.76	1.12695e-12
801   	1200  	189.478		1.75978012932	0.924	0.83	9.46701e-13		1.73761237781	0.877	0.761	1.12479e-12
801   	1200  	189.73		1.76022101597	0.925	0.831	9.45357e-13		1.73809734868	0.877	0.762	1.12264e-12
801   	1200  	189.981		1.76066070097	0.925	0.831	9.4402e-13		1.73858107457	0.877	0.762	1.1205e-12
801   	1200  	190.233		1.7610991885	0.925	0.832	9.42689e-13		1.73906355896	0.877	0.763	1.11838e-12
801   	1200  	190.485		1.76153648271	0.925	0.832	9.41366e-13		1.73954480533	0.877	0.764	1.11626e-12
801   	1200  	190.736		1.76197258773	0.925	0.833	9.40048e-13		1.74002481717	0.877	0.765	1.11416e-12
801   	1200  	190.988		1.76240750771	0.925	0.833	9.38738e-13		1.74050359796	0.877	0.765	1.11207e-12
801   	1200  	191.24		1.76284124675	0.925	0.834	9.37434e-13		1.74098115118	0.878	0.766	1.11e-12
801   	1200  	191.491		1.76327380895	0.926	0.834	9.36136e-13		1.74145748029	0.878	0.767	1.10793e-12
801   	1200  	191.743		1.76370519842	0.926	0.835	9.34845e-13		1.74193258876	0.878	0.767	1.10587e-12
801   	1200  	191.995		1.76413541922	0.926	0.835	9.3356e-13		1.74240648008	0.878	0.768	1.10383e-12
801   	1200  	192.246		1.76456447543	0.926	0.836	9.32282e-13		1.74287915769	0.878	0.769	1.1018e-12
801   	1200  	192.498		1.76499237108	0.926	0.837	9.3101e-13		1.74335062506	0.878	0.77	1.09978e-12
801   	1200  	192.75		1.76541911023	0.926	0.837	9.29744e-13		1.74382088565	0.879	0.77	1.09777e-12
801   	1200  	193.001		1.7658446969	0.926	0.838	9.28484e-13		1.7442899429	0.879	0.771	1.09577e-12
801   	1200  	193.253		1.7662691351	0.926	0.838	9.27231e-13		1.74475780028	0.879	0.772	1.09378e-12
801   	1200  	193.505		1.76669242884	0.927	0.839	9.25983e-13		1.74522446123	0.879	0.772	1.0918e-12
801   	1200  	193.756		1.76711458209	0.927	0.839	9.24742e-13		1.74568992919	0.879	0.773	1.08983e-12
801   	1200  	194.008		1.76753559883	0.927	0.84	9.23507e-13		1.7461542076	0.879	0.774	1.08788e-12
801   	1200  	194.26		1.76795548304	0.927	0.84	9.22278e-13		1.74661729989	0.879	0.775	1.08593e-12
801   	1200  	194.511		1.76837423864	0.927	0.841	9.21054e-13		1.74707920949	0.88	0.775	1.084e-12
801   	1200  	194.763		1.76879186959	0.927	0.841	9.19837e-13		1.74753993983	0.88	0.776	1.08207e-12
801   	1200  	195.015		1.7692083798	0.927	0.842	9.18625e-13		1.74799949434	0.88	0.777	1.08016e-12
801   	1200  	195.266		1.76962377318	0.928	0.842	9.1742e-13		1.74845787642	0.88	0.777	1.07825e-12
801   	1200  	195.518		1.77003805363	0.928	0.843	9.1622e-13		1.7489150895	0.88	0.778	1.07636e-12
801   	1200  	195.77		1.77045122504	0.928	0.843	9.15026e-13		1.74937113698	0.88	0.779	1.07447e-12
801   	1200  	196.021		1.77086329128	0.928	0.844	9.13837e-13		1.74982602226	0.88	0.779	1.0726e-12
801   	1200  	196.273		1.7712742562	0.928	0.844	9.12654e-13		1.75027974875	0.881	0.78	1.07073e-12
801   	1200  	196.525		1.77168412365	0.928	0.845	9.11477e-13		1.75073231983	0.881	0.781	1.06888e-12
801   	1200  	196.776		1.77209289746	0.928	0.845	9.10305e-13		1.75118373889	0.881	0.781	1.06704e-12
801   	1200  	197.028		1.77250058146	0.928	0.846	9.09139e-13		1.75163400933	0.881	0.782	1.0652e-12
801   	1200  	197.28		1.77290717944	0.929	0.846	9.07978e-13		1.75208313452	0.881	0.783	1.06337e-12
801   	1200  	197.531		1.77331269521	0.929	0.847	9.06823e-13		1.75253111783	0.881	0.783	1.06156e-12
801   	1200  	197.783		1.77371713255	0.929	0.847	9.05673e-13		1.75297796263	0.881	0.784	1.05975e-12
801   	1200  	198.035		1.77412049523	0.929	0.848	9.04529e-13		1.75342367228	0.882	0.785	1.05795e-12
801   	1200  	198.286		1.77452278699	0.929	0.848	9.0339e-13		1.75386825014	0.882	0.785	1.05617e-12
801   	1200  	198.538		1.7749240116	0.929	0.849	9.02256e-13		1.75431169957	0.882	0.786	1.05439e-12
801   	1300  	186.206		1.76450952141	0.931	0.838	9.98538e-13		1.73881549171	0.874	0.759	1.21867e-12
801   	1300  	186.458		1.76494712748	0.931	0.839	9.97166e-13		1.73930592076	0.874	0.76	1.21629e-12
801   	1300  	186.71		1.76538350972	0.931	0.84	9.95802e-13		1.73979506547	0.875	0.76	1.21393e-12
801   	1300  	186.961		1.76581867258	0.931	0.84	9.94444e-13		1.74028292955	0.875	0.761	1.21157e-12
801   	1300  	187.213		1.76625262047	0.931	0.841	9.93093e-13		1.74076951666	0.875	0.762	1.20924e-12
801   	1300  	187.465		1.7666853578	0.931	0.841	9.91749e-13		1.74125483048	0.875	0.763	1.20691e-12
801   	1300  	187.716		1.76711688897	0.932	0.842	9.90411e-13		1.7417388747	0.875	0.763	1.2046e-12
801   	1300  	187.968		1.76754721835	0.932	0.842	9.8908e-13		1.74222165298	0.875	0.764	1.2023e-12
801   	1300  	188.22		1.76797635031	0.932	0.843	9.87756e-13		1.742703169 	0.875	0.765	1.20002e-12
801   	1300  	188.471		1.7684042892	0.932	0.843	9.86438e-13		1.74318342641	0.876	0.765	1.19774e-12
801   	1300  	188.723		1.76883103935	0.932	0.844	9.85127e-13		1.74366242888	0.876	0.766	1.19548e-12
801   	1300  	188.975		1.76925660508	0.932	0.844	9.83822e-13		1.74414018006	0.876	0.767	1.19324e-12
801   	1300  	189.226		1.76968099068	0.932	0.845	9.82524e-13		1.74461668362	0.876	0.768	1.191e-12
801   	1300  	189.478		1.77010420045	0.932	0.845	9.81232e-13		1.74509194319	0.876	0.768	1.18878e-12
801   	1300  	189.73		1.77052623865	0.933	0.846	9.79946e-13		1.74556596243	0.876	0.769	1.18657e-12
801   	1300  	189.981		1.77094710955	0.933	0.846	9.78666e-13		1.74603874497	0.877	0.77	1.18437e-12
801   	1300  	190.233		1.77136681738	0.933	0.847	9.77393e-13		1.74651029444	0.877	0.771	1.18218e-12
801   	1300  	190.485		1.77178536637	0.933	0.847	9.76126e-13		1.74698061449	0.877	0.771	1.18001e-12
801   	1300  	190.736		1.77220276072	0.933	0.848	9.74865e-13		1.74744970874	0.877	0.772	1.17785e-12
801   	1300  	190.988		1.77261900465	0.933	0.848	9.7361e-13		1.7479175808	0.877	0.773	1.1757e-12
801   	1300  	191.24		1.77303410231	0.933	0.849	9.72361e-13		1.7483842343	0.877	0.773	1.17356e-12
801   	1300  	191.491		1.77344805789	0.934	0.849	9.71119e-13		1.74884967284	0.877	0.774	1.17143e-12
801   	1300  	191.743		1.77386087552	0.934	0.85	9.69882e-13		1.74931390004	0.878	0.775	1.16932e-12
801   	1300  	191.995		1.77427255935	0.934	0.85	9.68651e-13		1.7497769195	0.878	0.775	1.16721e-12
801   	1300  	192.246		1.7746831135	0.934	0.851	9.67426e-13		1.75023873481	0.878	0.776	1.16512e-12
801   	1300  	192.498		1.77509254207	0.934	0.851	9.66207e-13		1.75069934956	0.878	0.777	1.16304e-12
801   	1300  	192.75		1.77550084914	0.934	0.852	9.64993e-13		1.75115876733	0.878	0.778	1.16097e-12
801   	1300  	193.001		1.7759080388	0.934	0.852	9.63785e-13		1.75161699172	0.878	0.778	1.15891e-12
801   	1300  	193.253		1.77631411511	0.934	0.852	9.62583e-13		1.7520740263	0.878	0.779	1.15686e-12
801   	1300  	193.505		1.7767190821	0.935	0.853	9.61387e-13		1.75252987462	0.879	0.78	1.15483e-12
801   	1300  	193.756		1.77712294382	0.935	0.853	9.60196e-13		1.75298454026	0.879	0.78	1.1528e-12
801   	1300  	194.008		1.77752570427	0.935	0.854	9.59011e-13		1.75343802677	0.879	0.781	1.15078e-12
801   	1300  	194.26		1.77792736746	0.935	0.854	9.57832e-13		1.75389033771	0.879	0.782	1.14878e-12
801   	1300  	194.511		1.77832793738	0.935	0.855	9.56658e-13		1.75434147661	0.879	0.782	1.14678e-12
801   	1300  	194.763		1.77872741798	0.935	0.855	9.55489e-13		1.75479144703	0.879	0.783	1.1448e-12
801   	1300  	195.015		1.77912581324	0.935	0.856	9.54326e-13		1.75524025248	0.88	0.784	1.14283e-12
801   	1300  	195.266		1.77952312709	0.935	0.856	9.53168e-13		1.75568789651	0.88	0.784	1.14086e-12
801   	1300  	195.518		1.77991936346	0.936	0.857	9.52016e-13		1.75613438262	0.88	0.785	1.13891e-12
801   	1300  	195.77		1.78031452626	0.936	0.857	9.50869e-13		1.75657971434	0.88	0.786	1.13697e-12
801   	1300  	196.021		1.78070861939	0.936	0.858	9.49727e-13		1.75702389517	0.88	0.786	1.13504e-12
801   	1300  	196.273		1.78110164673	0.936	0.858	9.48591e-13		1.75746692861	0.88	0.787	1.13312e-12
801   	1300  	196.525		1.78149361216	0.936	0.858	9.47459e-13		1.75790881816	0.88	0.788	1.1312e-12
801   	1300  	196.776		1.78188451952	0.936	0.859	9.46333e-13		1.7583495673	0.881	0.788	1.1293e-12
801   	1300  	197.028		1.78227437266	0.936	0.859	9.45212e-13		1.75878917953	0.881	0.789	1.12741e-12
801   	1300  	197.28		1.78266317541	0.936	0.86	9.44096e-13		1.7592276583	0.881	0.79	1.12553e-12
801   	1300  	197.531		1.78305093156	0.937	0.86	9.42986e-13		1.7596650071	0.881	0.79	1.12365e-12
801   	1300  	197.783		1.78343764493	0.937	0.861	9.4188e-13		1.76010122937	0.881	0.791	1.12179e-12
801   	1300  	198.035		1.78382331928	0.937	0.861	9.40779e-13		1.76053632859	0.881	0.791	1.11994e-12
801   	1300  	198.286		1.7842079584	0.937	0.862	9.39683e-13		1.76097030818	0.882	0.792	1.11809e-12
801   	1300  	198.538		1.78459156603	0.937	0.862	9.38593e-13		1.7614031716	0.882	0.793	1.11626e-12
801   	1400  	186.206		1.77327464461	0.938	0.851	1.03592e-12		1.74524465407	0.874	0.765	1.28438e-12
801   	1400  	186.458		1.77369537769	0.938	0.851	1.0346e-12		1.74572512547	0.874	0.766	1.28193e-12
801   	1400  	186.71		1.774114922 	0.938	0.852	1.03328e-12		1.74620432222	0.874	0.766	1.27949e-12
801   	1400  	186.961		1.77453328201	0.938	0.852	1.03197e-12		1.74668224813	0.874	0.767	1.27707e-12
801   	1400  	187.213		1.77495046218	0.938	0.853	1.03066e-12		1.74715890701	0.875	0.768	1.27466e-12
801   	1400  	187.465		1.77536646692	0.938	0.853	1.02936e-12		1.74763430264	0.875	0.769	1.27227e-12
801   	1400  	187.716		1.77578130066	0.939	0.854	1.02806e-12		1.74810843882	0.875	0.769	1.26989e-12
801   	1400  	187.968		1.77619496779	0.939	0.854	1.02678e-12		1.74858131935	0.875	0.77	1.26752e-12
801   	1400  	188.22		1.7766074727	0.939	0.855	1.02549e-12		1.74905294799	0.875	0.771	1.26516e-12
801   	1400  	188.471		1.77701881975	0.939	0.855	1.02422e-12		1.74952332852	0.875	0.771	1.26282e-12
801   	1400  	188.723		1.77742901328	0.939	0.855	1.02295e-12		1.74999246473	0.875	0.772	1.26049e-12
801   	1400  	188.975		1.77783805762	0.939	0.856	1.02168e-12		1.75046036036	0.876	0.773	1.25818e-12
801   	1400  	189.226		1.77824595709	0.939	0.856	1.02043e-12		1.75092701918	0.876	0.774	1.25587e-12
801   	1400  	189.478		1.77865271599	0.939	0.857	1.01918e-12		1.75139244494	0.876	0.774	1.25358e-12
801   	1400  	189.73		1.77905833858	0.94	0.857	1.01793e-12		1.75185664138	0.876	0.775	1.2513e-12
801   	1400  	189.981		1.77946282914	0.94	0.858	1.01669e-12		1.75231961225	0.876	0.776	1.24904e-12
801   	1400  	190.233		1.77986619192	0.94	0.858	1.01546e-12		1.75278136129	0.876	0.776	1.24678e-12
801   	1400  	190.485		1.78026843113	0.94	0.859	1.01423e-12		1.75324189221	0.877	0.777	1.24454e-12
801   	1400  	190.736		1.78066955099	0.94	0.859	1.01301e-12		1.75370120875	0.877	0.778	1.24231e-12
801   	1400  	190.988		1.7810695557	0.94	0.86	1.01179e-12		1.75415931461	0.877	0.778	1.2401e-12
801   	1400  	191.24		1.78146844943	0.94	0.86	1.01058e-12		1.7546162135	0.877	0.779	1.23789e-12
801   	1400  	191.491		1.78186623635	0.94	0.86	1.00937e-12		1.75507190913	0.877	0.78	1.2357e-12
801   	1400  	191.743		1.78226292061	0.941	0.861	1.00817e-12		1.75552640519	0.877	0.781	1.23352e-12
801   	1400  	191.995		1.78265850633	0.941	0.861	1.00698e-12		1.75597970538	0.877	0.781	1.23134e-12
801   	1400  	192.246		1.78305299764	0.941	0.862	1.00579e-12		1.75643181336	0.878	0.782	1.22919e-12
801   	1400  	192.498		1.78344639861	0.941	0.862	1.00461e-12		1.75688273282	0.878	0.783	1.22704e-12
801   	1400  	192.75		1.78383871334	0.941	0.863	1.00343e-12		1.75733246743	0.878	0.783	1.2249e-12
801   	1400  	193.001		1.7842299459	0.941	0.863	1.00226e-12		1.75778102084	0.878	0.784	1.22278e-12
801   	1400  	193.253		1.78462010032	0.941	0.864	1.00109e-12		1.75822839672	0.878	0.785	1.22067e-12
801   	1400  	193.505		1.78500918064	0.941	0.864	9.99929e-13		1.7586745987	0.878	0.785	1.21856e-12
801   	1400  	193.756		1.78539719088	0.942	0.864	9.98773e-13		1.75911963042	0.879	0.786	1.21647e-12
801   	1400  	194.008		1.78578413504	0.942	0.865	9.97622e-13		1.75956349553	0.879	0.787	1.21439e-12
801   	1400  	194.26		1.7861700171	0.942	0.865	9.96476e-13		1.76000619763	0.879	0.787	1.21232e-12
801   	1400  	194.511		1.78655484104	0.942	0.866	9.95336e-13		1.76044774036	0.879	0.788	1.21027e-12
801   	1400  	194.763		1.78693861079	0.942	0.866	9.942e-13		1.76088812732	0.879	0.789	1.20822e-12
801   	1400  	195.015		1.78732133031	0.942	0.867	9.9307e-13		1.76132736212	0.879	0.789	1.20618e-12
801   	1400  	195.266		1.7877030035	0.942	0.867	9.91945e-13		1.76176544834	0.879	0.79	1.20415e-12
801   	1400  	195.518		1.78808363428	0.942	0.867	9.90825e-13		1.76220238958	0.88	0.79	1.20214e-12
801   	1400  	195.77		1.78846322654	0.942	0.868	9.8971e-13		1.76263818941	0.88	0.791	1.20013e-12
801   	1400  	196.021		1.78884178415	0.943	0.868	9.886e-13		1.76307285141	0.88	0.792	1.19814e-12
801   	1400  	196.273		1.78921931096	0.943	0.869	9.87495e-13		1.76350637915	0.88	0.792	1.19615e-12
801   	1400  	196.525		1.78959581083	0.943	0.869	9.86395e-13		1.76393877617	0.88	0.793	1.19418e-12
801   	1400  	196.776		1.78997128757	0.943	0.869	9.85299e-13		1.76437004603	0.88	0.794	1.19221e-12
801   	1400  	197.028		1.790345745 	0.943	0.87	9.84209e-13		1.76480019227	0.881	0.794	1.19026e-12
801   	1400  	197.28		1.79071918692	0.943	0.87	9.83123e-13		1.76522921842	0.881	0.795	1.18831e-12
801   	1400  	197.531		1.79109161711	0.943	0.871	9.82043e-13		1.76565712801	0.881	0.796	1.18638e-12
801   	1400  	197.783		1.79146303933	0.943	0.871	9.80967e-13		1.76608392455	0.881	0.796	1.18445e-12
801   	1400  	198.035		1.79183345733	0.943	0.872	9.79895e-13		1.76650961155	0.881	0.797	1.18254e-12
801   	1400  	198.286		1.79220287485	0.944	0.872	9.78829e-13		1.76693419251	0.881	0.797	1.18063e-12
801   	1400  	198.538		1.79257129562	0.944	0.872	9.77767e-13		1.76735767093	0.881	0.798	1.17874e-12
801   	1500  	186.206		1.78061153851	0.944	0.86	1.07601e-12		1.75071371446	0.874	0.77	1.35074e-12
801   	1500  	186.458		1.7810175492	0.944	0.861	1.07472e-12		1.75118524496	0.874	0.771	1.34822e-12
801   	1500  	186.71		1.78142240568	0.944	0.861	1.07343e-12		1.75165551243	0.874	0.771	1.3457e-12
801   	1500  	186.961		1.78182611238	0.944	0.862	1.07214e-12		1.75212452075	0.874	0.772	1.34321e-12
801   	1500  	187.213		1.78222867375	0.944	0.862	1.07087e-12		1.7525922738	0.874	0.773	1.34072e-12
801   	1500  	187.465		1.78263009417	0.945	0.862	1.0696e-12		1.75305877547	0.874	0.773	1.33825e-12
801   	1500  	187.716		1.78303037806	0.945	0.863	1.06833e-12		1.7535240296	0.875	0.774	1.3358e-12
801   	1500  	187.968		1.78342952977	0.945	0.863	1.06707e-12		1.75398804008	0.875	0.775	1.33335e-12
801   	1500  	188.22		1.78382755365	0.945	0.864	1.06582e-12		1.75445081075	0.875	0.776	1.33093e-12
801   	1500  	188.471		1.78422445405	0.945	0.864	1.06457e-12		1.75491234546	0.875	0.776	1.32851e-12
801   	1500  	188.723		1.78462023529	0.945	0.865	1.06333e-12		1.75537264805	0.875	0.777	1.32611e-12
801   	1500  	188.975		1.78501490165	0.945	0.865	1.06209e-12		1.75583172236	0.875	0.778	1.32372e-12
801   	1500  	189.226		1.78540845743	0.945	0.866	1.06086e-12		1.75628957221	0.876	0.778	1.32134e-12
801   	1500  	189.478		1.78580090688	0.946	0.866	1.05964e-12		1.75674620142	0.876	0.779	1.31898e-12
801   	1500  	189.73		1.78619225425	0.946	0.866	1.05842e-12		1.7572016138	0.876	0.78	1.31662e-12
801   	1500  	189.981		1.78658250378	0.946	0.867	1.05721e-12		1.75765581315	0.876	0.78	1.31428e-12
801   	1500  	190.233		1.78697165966	0.946	0.867	1.056e-12		1.75810880328	0.876	0.781	1.31196e-12
801   	1500  	190.485		1.78735972609	0.946	0.868	1.0548e-12		1.75856058797	0.876	0.782	1.30965e-12
801   	1500  	190.736		1.78774670726	0.946	0.868	1.0536e-12		1.759011171 	0.876	0.782	1.30734e-12
801   	1500  	190.988		1.78813260731	0.946	0.869	1.05241e-12		1.75946055615	0.877	0.783	1.30505e-12
801   	1500  	191.24		1.78851743038	0.946	0.869	1.05123e-12		1.75990874717	0.877	0.784	1.30278e-12
801   	1500  	191.491		1.7889011806	0.946	0.869	1.05005e-12		1.76035574785	0.877	0.784	1.30051e-12
801   	1500  	191.743		1.78928386208	0.947	0.87	1.04887e-12		1.76080156191	0.877	0.785	1.29826e-12
801   	1500  	191.995		1.78966547891	0.947	0.87	1.0477e-12		1.7612461931	0.877	0.786	1.29602e-12
801   	1500  	192.246		1.79004603514	0.947	0.871	1.04654e-12		1.76168964516	0.877	0.786	1.29379e-12
801   	1500  	192.498		1.79042553485	0.947	0.871	1.04538e-12		1.76213192182	0.878	0.787	1.29157e-12
801   	1500  	192.75		1.79080398206	0.947	0.871	1.04422e-12		1.76257302679	0.878	0.788	1.28937e-12
801   	1500  	193.001		1.79118138081	0.947	0.872	1.04308e-12		1.76301296378	0.878	0.788	1.28717e-12
801   	1500  	193.253		1.79155773508	0.947	0.872	1.04193e-12		1.76345173649	0.878	0.789	1.28499e-12
801   	1500  	193.505		1.79193304886	0.947	0.873	1.04079e-12		1.76388934862	0.878	0.79	1.28282e-12
801   	1500  	193.756		1.79230732614	0.947	0.873	1.03966e-12		1.76432580386	0.878	0.79	1.28066e-12
801   	1500  	194.008		1.79268057086	0.948	0.873	1.03853e-12		1.76476110587	0.879	0.791	1.27851e-12
801   	1500  	194.26		1.79305278695	0.948	0.874	1.03741e-12		1.76519525833	0.879	0.792	1.27637e-12
801   	1500  	194.511		1.79342397834	0.948	0.874	1.03629e-12		1.7656282649	0.879	0.792	1.27425e-12
801   	1500  	194.763		1.79379414893	0.948	0.875	1.03518e-12		1.76606012923	0.879	0.793	1.27213e-12
801   	1500  	195.015		1.7941633026	0.948	0.875	1.03407e-12		1.76649085497	0.879	0.794	1.27003e-12
801   	1500  	195.266		1.79453144324	0.948	0.875	1.03297e-12		1.76692044574	0.879	0.794	1.26793e-12
801   	1500  	195.518		1.79489857468	0.948	0.876	1.03187e-12		1.76734890518	0.879	0.795	1.26585e-12
801   	1500  	195.77		1.79526470078	0.948	0.876	1.03077e-12		1.76777623689	0.88	0.795	1.26378e-12
801   	1500  	196.021		1.79562982534	0.948	0.877	1.02968e-12		1.7682024445	0.88	0.796	1.26171e-12
801   	1500  	196.273		1.79599395219	0.949	0.877	1.0286e-12		1.76862753159	0.88	0.797	1.25966e-12
801   	1500  	196.525		1.7963570851	0.949	0.877	1.02752e-12		1.76905150177	0.88	0.797	1.25762e-12
801   	1500  	196.776		1.79671922785	0.949	0.878	1.02645e-12		1.76947435861	0.88	0.798	1.25559e-12
801   	1500  	197.028		1.79708038421	0.949	0.878	1.02538e-12		1.76989610569	0.88	0.799	1.25357e-12
801   	1500  	197.28		1.7974405579	0.949	0.879	1.02431e-12		1.77031674656	0.881	0.799	1.25156e-12
801   	1500  	197.531		1.79779975265	0.949	0.879	1.02325e-12		1.7707362848	0.881	0.8	1.24956e-12
801   	1500  	197.783		1.79815797219	0.949	0.879	1.02219e-12		1.77115472393	0.881	0.8	1.24757e-12
801   	1500  	198.035		1.79851522019	0.949	0.88	1.02114e-12		1.77157206751	0.881	0.801	1.24559e-12
801   	1500  	198.286		1.79887150034	0.949	0.88	1.02009e-12		1.77198831906	0.881	0.802	1.24362e-12
801   	1500  	198.538		1.79922681631	0.949	0.88	1.01905e-12		1.77240348211	0.881	0.802	1.24166e-12
