Effective Refractive Indices:
rel_box_size:     0.001
rel_grid_spacing: 20
rel_tolerance:    0
eigenvectors:     4
boundary cond:    0000
Wavelengths from 1.55 um to 1.55 um in 1 steps
Heights from 0.76 um to 0.84 um in 5 steps
Widths from 2 um to 3 um in 10 steps
height	width	frequency	Ex_n_eff		Ex_frac	Ex_core	Ex_A_eff		Ey_n_eff		Ey_frac	Ey_core	Ey_A_eff
760   	2005  	149.896		1.76405140342	0.949	0.814	1.46628e-12		1.7061262851	0.84	0.638	2.32138e-12
760   	2005  	159.074		1.7842619271	0.954	0.837	1.38618e-12		1.73074067264	0.844	0.679	2.07841e-12
760   	2005  	168.251		1.80221857715	0.958	0.856	1.32105e-12		1.75297503525	0.85	0.715	1.89155e-12
760   	2005  	177.428		1.81825019601	0.962	0.873	1.26707e-12		1.77305302987	0.856	0.746	1.74426e-12
760   	2005  	186.606		1.83263179473	0.965	0.887	1.22158e-12		1.7911976391	0.862	0.774	1.6257e-12
760   	2005  	195.783		1.8455936131	0.968	0.899	1.18271e-12		1.80762059285	0.869	0.798	1.52855e-12
760   	2005  	204.96		1.85732889183	0.971	0.909	1.1491e-12		1.82251680113	0.875	0.819	1.44769e-12
760   	2005  	214.137		1.86800037364	0.973	0.918	1.11974e-12		1.83606215701	0.881	0.837	1.37949e-12
760   	2005  	223.315		1.87774565977	0.975	0.926	1.09385e-12		1.84841338106	0.887	0.853	1.32129e-12
760   	2005  	232.492		1.88668158778	0.977	0.932	1.07083e-12		1.85970899285	0.893	0.867	1.2711e-12
760   	2005  	241.669		1.89490779679	0.979	0.939	1.05023e-12		1.87007083116	0.898	0.88	1.22742e-12
760   	2005  	250.847		1.90250962915	0.98	0.944	1.03166e-12		1.87960577639	0.903	0.891	1.18911e-12
760   	2005  	260.024		1.90956049525	0.981	0.949	1.01484e-12		1.88840747906	0.908	0.9	1.15526e-12
760   	2005  	269.201		1.91612380559	0.983	0.953	9.9952e-13		1.89655799084	0.913	0.909	1.12515e-12
760   	2005  	278.379		1.92225455453	0.984	0.957	9.85502e-13		1.90412924976	0.917	0.917	1.09821e-12
760   	2005  	287.556		1.92800062338	0.985	0.96	9.7262e-13		1.91118440346	0.921	0.924	1.07398e-12
760   	2005  	296.733		1.93340385676	0.986	0.963	9.60737e-13		1.91777897164	0.925	0.93	1.05207e-12
760   	2005  	305.911		1.9385009555	0.986	0.966	9.49736e-13		1.92396185823	0.928	0.936	1.03219e-12
760   	2005  	315.088		1.94332422033	0.987	0.968	9.39519e-13		1.92977622758	0.931	0.941	1.01405e-12
760   	2005  	324.265		1.94790217378	0.988	0.971	9.30002e-13		1.9352602605	0.934	0.945	9.97461e-13
760   	2005  	333.443		1.95226008254	0.989	0.973	9.21113e-13		1.94044780513	0.937	0.949	9.82223e-13
760   	2005  	342.62		1.95642039771	0.989	0.975	9.12787e-13		1.9453689371	0.94	0.953	9.68183e-13
760   	2005  	351.797		1.96040312751	0.99	0.976	9.04973e-13		1.95005044148	0.943	0.956	9.55209e-13
760   	2005  	360.975		1.96422615378	0.99	0.978	8.9762e-13		1.95451622771	0.945	0.959	9.43186e-13
760   	2005  	370.152		1.96790550187	0.991	0.979	8.90689e-13		1.9587876873	0.947	0.962	9.32015e-13
760   	2005  	379.329		1.97145557153	0.991	0.981	8.84142e-13		1.96288400255	0.95	0.965	9.21609e-13
760   	2005  	388.507		1.97488933503	0.992	0.982	8.77947e-13		1.9668224134	0.952	0.967	9.11896e-13
760   	2005  	397.684		1.97821850789	0.992	0.983	8.72075e-13		1.97061844855	0.954	0.969	9.02807e-13
760   	2005  	406.861		1.98145369627	0.992	0.984	8.665e-13		1.97428612604	0.955	0.971	8.94287e-13
760   	2005  	416.039		1.98460452471	0.993	0.985	8.61199e-13		1.97783812757	0.957	0.973	8.86285e-13
760   	2005  	425.216		1.98767974716	0.993	0.986	8.56152e-13		1.9812859504	0.959	0.975	8.78755e-13
760   	2005  	434.393		1.99068734369	0.993	0.987	8.5134e-13		1.98464003988	0.96	0.976	8.71657e-13
760   	2005  	443.57		1.99363460504	0.994	0.987	8.46746e-13		1.9879099055	0.962	0.978	8.64956e-13
760   	2005  	452.748		1.99652820662	0.994	0.988	8.42354e-13		1.99110422248	0.963	0.979	8.5862e-13
760   	2005  	461.925		1.9993742736	0.994	0.989	8.38152e-13		1.99423092107	0.964	0.98	8.5262e-13
760   	2005  	471.102		2.00217843814	0.994	0.989	8.34127e-13		1.99729726517	0.966	0.981	8.4693e-13
760   	2005  	480.28		2.00494588994	0.994	0.99	8.30267e-13		2.00030992158	0.967	0.983	8.41528e-13
760   	2005  	489.457		2.00768142091	0.995	0.99	8.26561e-13		2.00327502127	0.968	0.983	8.36392e-13
760   	2005  	498.634		2.0103894648	0.995	0.991	8.23001e-13		2.00619821359	0.969	0.984	8.31504e-13
760   	2005  	507.812		2.01307413246	0.995	0.991	8.19578e-13		2.00908471439	0.97	0.985	8.26846e-13
760   	2005  	516.989		2.01573924309	0.995	0.992	8.16282e-13		2.01193934871	0.971	0.986	8.22403e-13
760   	2005  	526.166		2.01838835228	0.995	0.992	8.13108e-13		2.01476658894	0.972	0.987	8.18159e-13
760   	2005  	535.344		2.02102477697	0.996	0.993	8.10048e-13		2.0175705887	0.973	0.988	8.14103e-13
760   	2005  	544.521		2.02365161782	0.996	0.993	8.07095e-13		2.02035521321	0.974	0.988	8.10222e-13
760   	2005  	553.698		2.02627177935	0.996	0.993	8.04244e-13		2.0231240665	0.975	0.989	8.06505e-13
760   	2005  	562.876		2.02888798796	0.996	0.994	8.0149e-13		2.02588051573	0.975	0.989	8.02943e-13
760   	2005  	572.053		2.03150280821	0.996	0.994	7.98827e-13		2.0286277131	0.976	0.99	7.99525e-13
760   	2005  	581.23		2.03411865748	0.996	0.994	7.96251e-13		2.03136861559	0.977	0.99	7.96244e-13
760   	2005  	590.408		2.0367378193	0.996	0.995	7.93757e-13		2.03410600267	0.977	0.991	7.93091e-13
760   	2005  	599.585		2.03936245528	0.996	0.995	7.91342e-13		2.03684249239	0.978	0.991	7.90059e-13
760   	2116.11	149.896		1.76877067603	0.953	0.82	1.51689e-12		1.70967666978	0.839	0.641	2.41711e-12
760   	2116.11	159.074		1.78855619953	0.958	0.842	1.43705e-12		1.73404105125	0.844	0.682	2.1668e-12
760   	2116.11	168.251		1.80613495698	0.962	0.86	1.37192e-12		1.75603849263	0.85	0.717	1.97393e-12
760   	2116.11	177.428		1.82183133255	0.965	0.876	1.31777e-12		1.77589597557	0.856	0.748	1.82169e-12
760   	2116.11	186.606		1.83591554191	0.968	0.889	1.27203e-12		1.79383757733	0.862	0.775	1.69901e-12
760   	2116.11	195.783		1.84861321137	0.971	0.901	1.23287e-12		1.81007483314	0.869	0.799	1.59838e-12
760   	2116.11	204.96		1.86011337428	0.973	0.911	1.19894e-12		1.82480176785	0.875	0.82	1.51456e-12
760   	2116.11	214.137		1.87057504446	0.975	0.92	1.16924e-12		1.83819306245	0.881	0.838	1.44382e-12
760   	2116.11	223.315		1.88013257023	0.977	0.927	1.14301e-12		1.85040411069	0.887	0.854	1.38342e-12
760   	2116.11	232.492		1.88889997611	0.979	0.934	1.11966e-12		1.86157210968	0.893	0.868	1.33131e-12
760   	2116.11	241.669		1.89697447923	0.981	0.94	1.09873e-12		1.87181764295	0.898	0.88	1.28595e-12
760   	2116.11	250.847		1.90443934036	0.982	0.945	1.07985e-12		1.88124643253	0.903	0.891	1.24615e-12
760   	2116.11	260.024		1.91136618091	0.983	0.95	1.06273e-12		1.88995107822	0.908	0.901	1.21097e-12
760   	2116.11	269.201		1.91781687228	0.984	0.954	1.04711e-12		1.89801268857	0.913	0.91	1.17968e-12
760   	2116.11	278.379		1.92384508226	0.985	0.958	1.03281e-12		1.90550236063	0.917	0.917	1.15167e-12
760   	2116.11	287.556		1.92949754621	0.986	0.961	1.01966e-12		1.91248249496	0.921	0.924	1.12648e-12
760   	2116.11	296.733		1.93481511632	0.987	0.964	1.00751e-12		1.91900794895	0.925	0.93	1.1037e-12
760   	2116.11	305.911		1.93983363154	0.988	0.967	9.96263e-13		1.92512703982	0.928	0.936	1.08302e-12
760   	2116.11	315.088		1.94458464198	0.988	0.969	9.85807e-13		1.93088241217	0.931	0.941	1.06416e-12
760   	2116.11	324.265		1.94909601458	0.989	0.971	9.76059e-13		1.93631178599	0.934	0.945	1.04691e-12
760   	2116.11	333.443		1.95339244178	0.99	0.973	9.66948e-13		1.94144860048	0.937	0.95	1.03106e-12
760   	2116.11	342.62		1.95749587024	0.99	0.975	9.58411e-13		1.94632256782	0.94	0.953	1.01646e-12
760   	2116.11	351.797		1.96142586383	0.991	0.977	9.50392e-13		1.95096014951	0.943	0.957	1.00296e-12
760   	2116.11	360.975		1.96519991189	0.991	0.978	9.42844e-13		1.95538496646	0.945	0.96	9.9046e-13
760   	2116.11	370.152		1.96883369214	0.992	0.98	9.35724e-13		1.95961815243	0.947	0.962	9.78842e-13
760   	2116.11	379.329		1.97234129565	0.992	0.981	9.28997e-13		1.96367865898	0.95	0.965	9.68022e-13
760   	2116.11	388.507		1.9757354199	0.992	0.982	9.22627e-13		1.96758351914	0.952	0.967	9.5792e-13
760   	2116.11	397.684		1.97902753518	0.993	0.983	9.16588e-13		1.97134807573	0.954	0.969	9.4847e-13
760   	2116.11	406.861		1.98222802831	0.993	0.984	9.10851e-13		1.97498617941	0.955	0.971	9.39611e-13
760   	2116.11	416.039		1.98534632717	0.993	0.985	9.05395e-13		1.97851036094	0.957	0.973	9.31291e-13
760   	2116.11	425.216		1.98839100901	0.994	0.986	9.00198e-13		1.98193198119	0.959	0.975	9.23463e-13
760   	2116.11	434.393		1.9913698948	0.994	0.987	8.95241e-13		1.98526136205	0.96	0.976	9.16085e-13
760   	2116.11	443.57		1.9942901317	0.994	0.988	8.90507e-13		1.98850790105	0.962	0.978	9.0912e-13
760   	2116.11	452.748		1.99715826535	0.994	0.988	8.85981e-13		1.9916801717	0.963	0.979	9.02535e-13
760   	2116.11	461.925		1.99998030333	0.995	0.989	8.81649e-13		1.99478601172	0.964	0.98	8.963e-13
760   	2116.11	471.102		2.00276177112	0.995	0.99	8.77498e-13		1.99783260064	0.966	0.982	8.90388e-13
760   	2116.11	480.28		2.0055077614	0.995	0.99	8.73516e-13		2.00082652826	0.967	0.983	8.84776e-13
760   	2116.11	489.457		2.00822297773	0.995	0.991	8.69693e-13		2.00377385513	0.968	0.984	8.79441e-13
760   	2116.11	498.634		2.0109117733	0.995	0.991	8.66019e-13		2.00668016615	0.969	0.984	8.74364e-13
760   	2116.11	507.812		2.01357818528	0.996	0.992	8.62485e-13		2.009550618 	0.97	0.985	8.69527e-13
760   	2116.11	516.989		2.0162259655	0.996	0.992	8.59083e-13		2.01238998147	0.971	0.986	8.64913e-13
760   	2116.11	526.166		2.01885860777	0.996	0.992	8.55805e-13		2.01520267896	0.972	0.987	8.60507e-13
760   	2116.11	535.344		2.02147937232	0.996	0.993	8.52645e-13		2.01799281812	0.973	0.988	8.56297e-13
760   	2116.11	544.521		2.02409130772	0.996	0.993	8.49595e-13		2.02076422177	0.974	0.988	8.52269e-13
760   	2116.11	553.698		2.02669727048	0.996	0.993	8.4665e-13		2.02352045477	0.975	0.989	8.48412e-13
760   	2116.11	562.876		2.0292999428	0.996	0.994	8.43803e-13		2.02626484808	0.975	0.989	8.44715e-13
760   	2116.11	572.053		2.03190184842	0.997	0.994	8.41051e-13		2.02900052041	0.976	0.99	8.41169e-13
760   	2116.11	581.23		2.03450536701	0.997	0.994	8.38389e-13		2.03173039768	0.977	0.99	8.37765e-13
760   	2116.11	590.408		2.0371127472	0.997	0.995	8.3581e-13		2.03445723056	0.977	0.991	8.34495e-13
760   	2116.11	599.585		2.03972611828	0.997	0.995	8.33313e-13		2.03718361036	0.978	0.991	8.31351e-13
760   	2227.22	149.896		1.77288783884	0.957	0.824	1.56886e-12		1.71281500573	0.839	0.644	2.51334e-12
760   	2227.22	159.074		1.79229523112	0.961	0.845	1.489e-12		1.73695056769	0.844	0.684	2.2555e-12
760   	2227.22	168.251		1.8095395025	0.965	0.863	1.42365e-12		1.75873312392	0.85	0.719	2.05652e-12
760   	2227.22	177.428		1.82494032025	0.968	0.879	1.36919e-12		1.77839194391	0.856	0.75	1.89926e-12
760   	2227.22	186.606		1.83876316714	0.971	0.892	1.32309e-12		1.79615159429	0.862	0.777	1.7724e-12
760   	2227.22	195.783		1.85122927594	0.973	0.903	1.28354e-12		1.81222309203	0.869	0.8	1.66826e-12
760   	2227.22	204.96		1.86252375931	0.976	0.913	1.24922e-12		1.82679943031	0.875	0.821	1.58147e-12
760   	2227.22	214.137		1.87280220625	0.978	0.921	1.21913e-12		1.84005403911	0.881	0.839	1.50817e-12
760   	2227.22	223.315		1.88219600825	0.979	0.929	1.19252e-12		1.85214100957	0.887	0.855	1.44556e-12
760   	2227.22	232.492		1.89081665247	0.981	0.935	1.1688e-12		1.8631962756	0.893	0.869	1.39152e-12
760   	2227.22	241.669		1.89875918452	0.982	0.941	1.14752e-12		1.87333924239	0.898	0.881	1.34448e-12
760   	2227.22	250.847		1.90610500766	0.984	0.946	1.12829e-12		1.88267455771	0.903	0.892	1.30318e-12
760   	2227.22	260.024		1.91292415308	0.985	0.951	1.11084e-12		1.89129385546	0.908	0.902	1.26667e-12
760   	2227.22	269.201		1.91927712838	0.986	0.955	1.09491e-12		1.89927738319	0.913	0.91	1.23419e-12
760   	2227.22	278.379		1.92521642909	0.987	0.958	1.08031e-12		1.90669547433	0.917	0.918	1.20512e-12
760   	2227.22	287.556		1.93078778025	0.987	0.961	1.06687e-12		1.91360985406	0.921	0.925	1.17896e-12
760   	2227.22	296.733		1.93603116073	0.988	0.964	1.05445e-12		1.92007478324	0.925	0.931	1.15531e-12
760   	2227.22	305.911		1.94098165241	0.989	0.967	1.04293e-12		1.9261380523	0.928	0.936	1.13384e-12
760   	2227.22	315.088		1.94567014703	0.989	0.969	1.03223e-12		1.9318418404	0.931	0.941	1.11426e-12
760   	2227.22	324.265		1.95012393728	0.99	0.972	1.02224e-12		1.93722345589	0.934	0.946	1.09634e-12
760   	2227.22	333.443		1.9543672132	0.991	0.974	1.0129e-12		1.94231597337	0.937	0.95	1.07988e-12
760   	2227.22	342.62		1.95842148059	0.991	0.975	1.00414e-12		1.94714878156	0.94	0.953	1.06472e-12
760   	2227.22	351.797		1.96230591536	0.992	0.977	9.95912e-13		1.95174805451	0.943	0.957	1.05071e-12
760   	2227.22	360.975		1.96603766446	0.992	0.979	9.88162e-13		1.95613715718	0.945	0.96	1.03772e-12
760   	2227.22	370.152		1.9696321026	0.992	0.98	9.80849e-13		1.96033699495	0.947	0.963	1.02566e-12
760   	2227.22	379.329		1.97310305197	0.993	0.981	9.73936e-13		1.96436631524	0.95	0.965	1.01442e-12
760   	2227.22	388.507		1.9764629709	0.993	0.982	9.67388e-13		1.9682419682	0.952	0.967	1.00394e-12
760   	2227.22	397.684		1.97972311635	0.993	0.983	9.61177e-13		1.97197913251	0.954	0.97	9.94125e-13
760   	2227.22	406.861		1.98289368445	0.994	0.984	9.55275e-13		1.97559151122	0.955	0.972	9.84929e-13
760   	2227.22	416.039		1.98598393221	0.994	0.985	9.4966e-13		1.97909150206	0.957	0.973	9.76293e-13
760   	2227.22	425.216		1.98900228343	0.994	0.986	9.4431e-13		1.98249034581	0.959	0.975	9.68168e-13
760   	2227.22	434.393		1.99195642096	0.994	0.987	9.39206e-13		1.98579825575	0.96	0.977	9.60511e-13
760   	2227.22	443.57		1.99485336739	0.995	0.988	9.34331e-13		1.98902453097	0.962	0.978	9.53283e-13
760   	2227.22	452.748		1.99769955579	0.995	0.988	9.29668e-13		1.99217765562	0.963	0.979	9.4645e-13
760   	2227.22	461.925		2.00050089183	0.995	0.989	9.25203e-13		1.99526538618	0.964	0.981	9.39982e-13
760   	2227.22	471.102		2.0032628085	0.995	0.99	9.20925e-13		1.99829482816	0.966	0.982	9.3385e-13
760   	2227.22	480.28		2.00599031444	0.995	0.99	9.16819e-13		2.00127250385	0.967	0.983	9.28028e-13
760   	2227.22	489.457		2.00868803671	0.996	0.991	9.12877e-13		2.00420441208	0.968	0.984	9.22496e-13
760   	2227.22	498.634		2.01136025871	0.996	0.991	9.09088e-13		2.00709608128	0.969	0.985	9.17231e-13
760   	2227.22	507.812		2.01401095388	0.996	0.992	9.05442e-13		2.00995261637	0.97	0.985	9.12215e-13
760   	2227.22	516.989		2.01664381574	0.996	0.992	9.01932e-13		2.0127787406	0.971	0.986	9.07432e-13
760   	2227.22	526.166		2.01926228465	0.996	0.992	8.98549e-13		2.01557883271	0.972	0.987	9.02866e-13
760   	2227.22	535.344		2.02186957182	0.996	0.993	8.95287e-13		2.01835696014	0.973	0.988	8.98502e-13
760   	2227.22	544.521		2.02446868073	0.997	0.993	8.92139e-13		2.02111690864	0.974	0.988	8.94327e-13
760   	2227.22	553.698		2.02706242645	0.997	0.994	8.89098e-13		2.02386220887	0.975	0.989	8.90331e-13
760   	2227.22	562.876		2.02965345293	0.997	0.994	8.86159e-13		2.02659616018	0.975	0.989	8.86501e-13
760   	2227.22	572.053		2.03224424866	0.997	0.994	8.83317e-13		2.02932185204	0.976	0.99	8.82828e-13
760   	2227.22	581.23		2.03483716074	0.997	0.994	8.80567e-13		2.03204218327	0.977	0.99	8.79303e-13
760   	2227.22	590.408		2.03743440765	0.997	0.995	8.77904e-13		2.03475987944	0.977	0.991	8.75917e-13
760   	2227.22	599.585		2.04003809077	0.997	0.995	8.75324e-13		2.03747750851	0.978	0.991	8.72661e-13
760   	2338.33	149.896		1.7764999619	0.96	0.828	1.62195e-12		1.71560214742	0.839	0.646	2.60996e-12
760   	2338.33	159.074		1.79556996991	0.964	0.848	1.54184e-12		1.7395282358	0.844	0.685	2.34445e-12
760   	2338.33	168.251		1.81251710447	0.968	0.866	1.47612e-12		1.76111560871	0.849	0.72	2.13927e-12
760   	2338.33	177.428		1.82765625706	0.971	0.881	1.42122e-12		1.78059503282	0.856	0.751	1.97693e-12
760   	2338.33	186.606		1.84124833616	0.973	0.894	1.37467e-12		1.79819112012	0.862	0.778	1.84586e-12
760   	2338.33	195.783		1.85351043734	0.976	0.905	1.33466e-12		1.81411414754	0.869	0.801	1.73818e-12
760   	2338.33	204.96		1.86462404192	0.978	0.914	1.29988e-12		1.82855599156	0.875	0.822	1.64839e-12
760   	2338.33	214.137		1.87474160285	0.979	0.922	1.26935e-12		1.84168882723	0.881	0.84	1.57253e-12
760   	2338.33	223.315		1.88399182651	0.981	0.93	1.24232e-12		1.85366548523	0.887	0.855	1.5077e-12
760   	2338.33	232.492		1.89248391036	0.983	0.936	1.2182e-12		1.86462070262	0.893	0.869	1.45173e-12
760   	2338.33	241.669		1.90031095  	0.984	0.942	1.19653e-12		1.87467278352	0.898	0.882	1.40299e-12
760   	2338.33	250.847		1.90755268732	0.985	0.947	1.17694e-12		1.88392538175	0.903	0.892	1.36019e-12
760   	2338.33	260.024		1.91427773577	0.986	0.951	1.15914e-12		1.89246924415	0.908	0.902	1.32236e-12
760   	2338.33	269.201		1.92054539038	0.987	0.955	1.14288e-12		1.90038383203	0.913	0.911	1.28868e-12
760   	2338.33	278.379		1.92640710675	0.988	0.959	1.12796e-12		1.90773878471	0.917	0.918	1.25855e-12
760   	2338.33	287.556		1.93190771539	0.988	0.962	1.11422e-12		1.91459521587	0.921	0.925	1.23143e-12
760   	2338.33	296.733		1.93708642331	0.989	0.965	1.10151e-12		1.9210068479	0.925	0.931	1.20691e-12
760   	2338.33	305.911		1.94197764418	0.99	0.967	1.08973e-12		1.92702099706	0.928	0.937	1.18464e-12
760   	2338.33	315.088		1.94661168944	0.99	0.97	1.07876e-12		1.9326794245	0.931	0.941	1.16434e-12
760   	2338.33	324.265		1.95101534622	0.991	0.972	1.06852e-12		1.93801906964	0.934	0.946	1.14575e-12
760   	2338.33	333.443		1.95521236267	0.991	0.974	1.05895e-12		1.94307268091	0.937	0.95	1.12869e-12
760   	2338.33	342.62		1.95922385726	0.992	0.976	1.04996e-12		1.94786935813	0.94	0.954	1.11297e-12
760   	2338.33	351.797		1.96306866526	0.992	0.977	1.04152e-12		1.95243501898	0.943	0.957	1.09844e-12
760   	2338.33	360.975		1.96676363325	0.993	0.979	1.03356e-12		1.95679280044	0.945	0.96	1.08497e-12
760   	2338.33	370.152		1.97032387032	0.993	0.98	1.02605e-12		1.96096340473	0.947	0.963	1.07247e-12
760   	2338.33	379.329		1.97376296312	0.993	0.981	1.01895e-12		1.96496539785	0.95	0.965	1.06082e-12
760   	2338.33	388.507		1.97709316055	0.994	0.983	1.01222e-12		1.96881546759	0.952	0.968	1.04994e-12
760   	2338.33	397.684		1.98032553292	0.994	0.984	1.00583e-12		1.97252864705	0.954	0.97	1.03977e-12
760   	2338.33	406.861		1.98347010955	0.994	0.985	9.99763e-13		1.97611850848	0.955	0.972	1.03024e-12
760   	2338.33	416.039		1.98653599809	0.995	0.986	9.93986e-13		1.97959733182	0.957	0.973	1.02129e-12
760   	2338.33	425.216		1.98953148824	0.995	0.986	9.88481e-13		1.98297625159	0.959	0.975	1.01287e-12
760   	2338.33	434.393		1.99246414219	0.995	0.987	9.83227e-13		1.98626538503	0.96	0.977	1.00494e-12
760   	2338.33	443.57		1.99534087381	0.995	0.988	9.78208e-13		1.98947394426	0.962	0.978	9.97448e-13
760   	2338.33	452.748		1.9981680179	0.995	0.989	9.73406e-13		1.99261033455	0.963	0.979	9.90369e-13
760   	2338.33	461.925		2.00095139118	0.996	0.989	9.68808e-13		1.99568224065	0.964	0.981	9.83668e-13
760   	2338.33	471.102		2.003696346 	0.996	0.99	9.644e-13		1.99869670281	0.966	0.982	9.77316e-13
760   	2338.33	480.28		2.00640781772	0.996	0.99	9.6017e-13		2.00166018377	0.967	0.983	9.71287e-13
760   	2338.33	489.457		2.00909036671	0.996	0.991	9.56107e-13		2.00457862803	0.968	0.984	9.65558e-13
760   	2338.33	498.634		2.01174821555	0.996	0.991	9.52201e-13		2.00745751424	0.969	0.985	9.60107e-13
760   	2338.33	507.812		2.01438528216	0.996	0.992	9.48443e-13		2.01030190179	0.97	0.985	9.54914e-13
760   	2338.33	516.989		2.01700520925	0.996	0.992	9.44823e-13		2.01311647209	0.971	0.986	9.49963e-13
760   	2338.33	526.166		2.01961139066	0.997	0.993	9.41335e-13		2.01590556549	0.972	0.987	9.45236e-13
760   	2338.33	535.344		2.02220699491	0.997	0.993	9.37971e-13		2.01867321406	0.973	0.988	9.4072e-13
760   	2338.33	544.521		2.02479498625	0.997	0.993	9.34723e-13		2.02142317098	0.974	0.988	9.36401e-13
760   	2338.33	553.698		2.02737814366	0.997	0.994	9.31586e-13		2.02415893686	0.975	0.989	9.32266e-13
760   	2338.33	562.876		2.02995907784	0.997	0.994	9.28554e-13		2.02688378329	0.975	0.989	9.28304e-13
760   	2338.33	572.053		2.03254024659	0.997	0.994	9.25621e-13		2.02960077407	0.976	0.99	9.24505e-13
760   	2338.33	581.23		2.03512396869	0.997	0.994	9.22783e-13		2.03231278424	0.977	0.991	9.20859e-13
760   	2338.33	590.408		2.03771243638	0.997	0.995	9.20034e-13		2.03502251731	0.977	0.991	9.17357e-13
760   	2338.33	599.585		2.04030772681	0.997	0.995	9.1737e-13		2.0377325208	0.978	0.991	9.13991e-13
760   	2449.44	149.896		1.77968560996	0.963	0.831	1.67596e-12		1.71808824308	0.838	0.647	2.70689e-12
760   	2449.44	159.074		1.79845368609	0.967	0.851	1.59541e-12		1.74182242862	0.844	0.687	2.4336e-12
760   	2449.44	168.251		1.81513590661	0.97	0.868	1.52919e-12		1.76323220784	0.849	0.722	2.22214e-12
760   	2449.44	177.428		1.83004245368	0.973	0.883	1.47376e-12		1.7825492407	0.856	0.752	2.05467e-12
760   	2449.44	186.606		1.84342987306	0.975	0.895	1.42667e-12		1.79999786049	0.862	0.779	1.91936e-12
760   	2449.44	195.783		1.8555113919	0.978	0.906	1.38614e-12		1.81578745584	0.869	0.802	1.80813e-12
760   	2449.44	204.96		1.86646514017	0.979	0.915	1.35086e-12		1.83010874437	0.875	0.822	1.71533e-12
760   	2449.44	214.137		1.87644070309	0.981	0.923	1.31985e-12		1.84313266541	0.881	0.84	1.63689e-12
760   	2449.44	223.315		1.88556434827	0.983	0.931	1.29237e-12		1.85501084172	0.887	0.856	1.56983e-12
760   	2449.44	232.492		1.89394320445	0.984	0.937	1.26782e-12		1.86587688243	0.893	0.87	1.51193e-12
760   	2449.44	241.669		1.90166861272	0.985	0.942	1.24574e-12		1.87584806579	0.898	0.882	1.46149e-12
760   	2449.44	250.847		1.90881882508	0.986	0.947	1.22576e-12		1.88502712705	0.903	0.893	1.41719e-12
760   	2449.44	260.024		1.9154611871	0.987	0.952	1.20759e-12		1.89350399842	0.908	0.902	1.37803e-12
760   	2449.44	269.201		1.92165391191	0.988	0.956	1.19099e-12		1.90135742274	0.913	0.911	1.34316e-12
760   	2449.44	278.379		1.9274475291	0.989	0.959	1.17574e-12		1.90865640755	0.917	0.918	1.31196e-12
760   	2449.44	287.556		1.93288607391	0.989	0.962	1.16169e-12		1.91546151173	0.921	0.925	1.28388e-12
760   	2449.44	296.733		1.93800806818	0.99	0.965	1.14869e-12		1.92182597057	0.925	0.931	1.25849e-12
760   	2449.44	305.911		1.9428473332	0.991	0.968	1.13662e-12		1.92779667233	0.928	0.937	1.23543e-12
760   	2449.44	315.088		1.94743366653	0.991	0.97	1.12539e-12		1.93341500169	0.931	0.942	1.2144e-12
760   	2449.44	324.265		1.95179340804	0.992	0.972	1.1149e-12		1.93871756637	0.934	0.946	1.19516e-12
760   	2449.44	333.443		1.95594991535	0.992	0.974	1.10508e-12		1.94373682203	0.937	0.95	1.17749e-12
760   	2449.44	342.62		1.95992396483	0.993	0.976	1.09587e-12		1.94850160955	0.94	0.954	1.1612e-12
760   	2449.44	351.797		1.96373409117	0.993	0.978	1.0872e-12		1.95303761711	0.943	0.957	1.14616e-12
760   	2449.44	360.975		1.96739687606	0.993	0.979	1.07903e-12		1.95736777784	0.945	0.96	1.13222e-12
760   	2449.44	370.152		1.9709271945	0.994	0.98	1.07132e-12		1.9615126125	0.947	0.963	1.11927e-12
760   	2449.44	379.329		1.97433842566	0.994	0.982	1.06402e-12		1.9654905252	0.95	0.965	1.10721e-12
760   	2449.44	388.507		1.97764263407	0.994	0.983	1.05711e-12		1.96931805903	0.952	0.968	1.09595e-12
760   	2449.44	397.684		1.98085072579	0.994	0.984	1.05055e-12		1.9730101174	0.954	0.97	1.08542e-12
760   	2449.44	406.861		1.98397258346	0.995	0.985	1.04431e-12		1.9765801561	0.955	0.972	1.07556e-12
760   	2449.44	416.039		1.98701718339	0.995	0.986	1.03837e-12		1.98004035035	0.957	0.974	1.06629e-12
760   	2449.44	425.216		1.98999269743	0.995	0.986	1.0327e-12		1.98340174022	0.959	0.975	1.05758e-12
760   	2449.44	434.393		1.99290658181	0.995	0.987	1.0273e-12		1.98667435765	0.96	0.977	1.04937e-12
760   	2449.44	443.57		1.99576565488	0.996	0.988	1.02213e-12		1.98986733754	0.962	0.978	1.04162e-12
760   	2449.44	452.748		1.99857616518	0.996	0.989	1.01719e-12		1.99298901516	0.963	0.979	1.03429e-12
760   	2449.44	461.925		2.00134385139	0.996	0.989	1.01246e-12		1.99604701169	0.964	0.981	1.02736e-12
760   	2449.44	471.102		2.00407399509	0.996	0.99	1.00792e-12		1.99904830952	0.966	0.982	1.02079e-12
760   	2449.44	480.28		2.00677146736	0.996	0.99	1.00356e-12		2.00199931866	0.967	0.983	1.01456e-12
760   	2449.44	489.457		2.00944077009	0.996	0.991	9.99378e-13		2.00490593546	0.968	0.984	1.00863e-12
760   	2449.44	498.634		2.01208607256	0.997	0.991	9.95355e-13		2.00777359455	0.969	0.985	1.00299e-12
760   	2449.44	507.812		2.014711244 	0.997	0.992	9.91483e-13		2.01060731501	0.97	0.986	9.97625e-13
760   	2449.44	516.989		2.01731988262	0.997	0.992	9.87754e-13		2.01341174127	0.971	0.986	9.92507e-13
760   	2449.44	526.166		2.0199153415	0.997	0.993	9.84159e-13		2.01619117971	0.972	0.987	9.87621e-13
760   	2449.44	535.344		2.02250075174	0.997	0.993	9.80691e-13		2.01894963116	0.973	0.988	9.82954e-13
760   	2449.44	544.521		2.02507904326	0.997	0.993	9.77343e-13		2.02169082002	0.974	0.988	9.7849e-13
760   	2449.44	553.698		2.02765296343	0.997	0.994	9.74109e-13		2.02441822037	0.975	0.989	9.74218e-13
760   	2449.44	562.876		2.03022509384	0.997	0.994	9.70983e-13		2.02713507927	0.975	0.99	9.70125e-13
760   	2449.44	572.053		2.03279786543	0.997	0.994	9.67959e-13		2.02984443787	0.976	0.99	9.662e-13
760   	2449.44	581.23		2.03537357218	0.997	0.994	9.65032e-13		2.03254915023	0.977	0.991	9.62434e-13
760   	2449.44	590.408		2.03795438341	0.998	0.995	9.62197e-13		2.0352519004	0.977	0.991	9.58817e-13
760   	2449.44	599.585		2.04054235502	0.998	0.995	9.5945e-13		2.03795521786	0.978	0.991	9.55341e-13
760   	2560.56	149.896		1.78250883778	0.966	0.833	1.73076e-12		1.72031488574	0.838	0.649	2.80407e-12
760   	2560.56	159.074		1.80100588243	0.969	0.853	1.64962e-12		1.74387307708	0.843	0.688	2.52289e-12
760   	2560.56	168.251		1.81745107738	0.972	0.87	1.58277e-12		1.76512096269	0.849	0.723	2.3051e-12
760   	2560.56	177.428		1.83215003849	0.975	0.884	1.52672e-12		1.78429063468	0.856	0.753	2.13246e-12
760   	2560.56	186.606		1.84535518627	0.977	0.897	1.47903e-12		1.80160591291	0.862	0.78	1.99288e-12
760   	2560.56	195.783		1.85727614668	0.979	0.907	1.43793e-12		1.8172752029	0.869	0.803	1.87809e-12
760   	2560.56	204.96		1.86808796251	0.981	0.916	1.40211e-12		1.83148805107	0.875	0.823	1.78226e-12
760   	2560.56	214.137		1.87793759732	0.983	0.924	1.3706e-12		1.84441419501	0.881	0.841	1.70124e-12
760   	2560.56	223.315		1.88694910192	0.984	0.931	1.34263e-12		1.8562041076	0.887	0.856	1.63196e-12
760   	2560.56	232.492		1.89522773281	0.985	0.938	1.31762e-12		1.86699033879	0.893	0.87	1.57212e-12
760   	2560.56	241.669		1.90286324884	0.986	0.943	1.29512e-12		1.87688921253	0.898	0.882	1.51997e-12
760   	2560.56	250.847		1.90993256224	0.987	0.948	1.27474e-12		1.88600261561	0.903	0.893	1.47418e-12
760   	2560.56	260.024		1.91650188115	0.988	0.952	1.25619e-12		1.89441973175	0.908	0.903	1.43368e-12
760   	2560.56	269.201		1.92262845006	0.989	0.956	1.23923e-12		1.90221864645	0.913	0.911	1.39763e-12
760   	2560.56	278.379		1.92836197085	0.99	0.96	1.22364e-12		1.9094677913	0.917	0.919	1.36536e-12
760   	2560.56	287.556		1.93374576907	0.99	0.963	1.20927e-12		1.91622722082	0.921	0.925	1.33631e-12
760   	2560.56	296.733		1.93881775582	0.991	0.966	1.19597e-12		1.92254972856	0.925	0.931	1.31005e-12
760   	2560.56	305.911		1.94361122495	0.991	0.968	1.18361e-12		1.92848181548	0.928	0.937	1.2862e-12
760   	2560.56	315.088		1.94815551698	0.992	0.97	1.17211e-12		1.93406452622	0.931	0.942	1.26446e-12
760   	2560.56	324.265		1.95247657432	0.992	0.972	1.16136e-12		1.93933416934	0.934	0.946	1.24455e-12
760   	2560.56	333.443		1.95659740781	0.993	0.974	1.15129e-12		1.94432293685	0.937	0.95	1.22627e-12
760   	2560.56	342.62		1.96053849029	0.993	0.976	1.14184e-12		1.94905943676	0.94	0.954	1.20943e-12
760   	2560.56	351.797		1.96431808992	0.994	0.978	1.13295e-12		1.95356915107	0.943	0.957	1.19387e-12
760   	2560.56	360.975		1.96795255366	0.994	0.979	1.12457e-12		1.95787482998	0.945	0.96	1.17946e-12
760   	2560.56	370.152		1.97145654917	0.994	0.98	1.11665e-12		1.96199683158	0.947	0.963	1.16606e-12
760   	2560.56	379.329		1.97484327195	0.994	0.982	1.10916e-12		1.96595341498	0.95	0.965	1.15359e-12
760   	2560.56	388.507		1.97812462341	0.995	0.983	1.10205e-12		1.96976099371	0.952	0.968	1.14195e-12
760   	2560.56	397.684		1.98131136435	0.995	0.984	1.09531e-12		1.97343435521	0.954	0.97	1.13107e-12
760   	2560.56	406.861		1.98441324771	0.995	0.985	1.0889e-12		1.97698685124	0.955	0.972	1.12087e-12
760   	2560.56	416.039		1.98743913374	0.995	0.986	1.08279e-12		1.98043056343	0.957	0.974	1.11129e-12
760   	2560.56	425.216		1.9903970902	0.996	0.987	1.07697e-12		1.98377644757	0.959	0.975	1.10229e-12
760   	2560.56	434.393		1.99329447971	0.996	0.987	1.07141e-12		1.9870344595	0.96	0.977	1.0938e-12
760   	2560.56	443.57		1.99613803631	0.996	0.988	1.0661e-12		1.99021366529	0.962	0.978	1.08579e-12
760   	2560.56	452.748		1.9989339324	0.996	0.989	1.06102e-12		1.99332233782	0.963	0.979	1.07823e-12
760   	2560.56	461.925		2.0016878378	0.996	0.989	1.05615e-12		1.99636804164	0.964	0.981	1.07106e-12
760   	2560.56	471.102		2.00440497167	0.996	0.99	1.05148e-12		1.99935770762	0.966	0.982	1.06428e-12
760   	2560.56	480.28		2.0070901484	0.997	0.99	1.04699e-12		2.00229769886	0.967	0.983	1.05784e-12
760   	2560.56	489.457		2.00974781831	0.997	0.991	1.04269e-12		2.00519386886	0.968	0.984	1.05172e-12
760   	2560.56	498.634		2.01238210368	0.997	0.991	1.03855e-12		2.00805161313	0.969	0.985	1.04589e-12
760   	2560.56	507.812		2.01499683086	0.997	0.992	1.03456e-12		2.01087591489	0.97	0.986	1.04035e-12
760   	2560.56	516.989		2.01759555884	0.997	0.992	1.03072e-12		2.01367138573	0.971	0.986	1.03507e-12
760   	2560.56	526.166		2.02018160477	0.997	0.993	1.02702e-12		2.01644230184	0.972	0.987	1.03002e-12
760   	2560.56	535.344		2.02275806681	0.997	0.993	1.02345e-12		2.0191926363	0.973	0.988	1.0252e-12
760   	2560.56	544.521		2.02532784464	0.997	0.993	1.02e-12		2.02192608798	0.974	0.988	1.0206e-12
760   	2560.56	553.698		2.02789365778	0.997	0.994	1.01667e-12		2.02464610738	0.975	0.989	1.01619e-12
760   	2560.56	562.876		2.03045806221	0.998	0.994	1.01344e-12		2.02735591984	0.975	0.99	1.01196e-12
760   	2560.56	572.053		2.03302346522	0.998	0.994	1.01033e-12		2.03005854637	0.976	0.99	1.00791e-12
760   	2560.56	581.23		2.03559213896	0.998	0.995	1.00731e-12		2.03275682243	0.977	0.991	1.00403e-12
760   	2560.56	590.408		2.03816623257	0.998	0.995	1.00439e-12		2.03545341485	0.977	0.991	1.0003e-12
760   	2560.56	599.585		2.04074778326	0.998	0.995	1.00156e-12		2.03815083708	0.978	0.991	9.96713e-13
760   	2671.67	149.896		1.78502223933	0.968	0.836	1.78622e-12		1.72231678539	0.838	0.65	2.90144e-12
760   	2671.67	159.074		1.8032752493	0.971	0.855	1.70436e-12		1.74571336283	0.843	0.689	2.6123e-12
760   	2671.67	168.251		1.81950763935	0.974	0.872	1.63679e-12		1.76681337626	0.849	0.724	2.38812e-12
760   	2671.67	177.428		1.83402064675	0.977	0.886	1.58006e-12		1.78584899817	0.855	0.754	2.2103e-12
760   	2671.67	186.606		1.8470628132	0.979	0.898	1.53171e-12		1.80304336738	0.862	0.78	2.06643e-12
760   	2671.67	195.783		1.85884042094	0.981	0.908	1.49e-12		1.81860385019	0.869	0.803	1.94805e-12
760   	2671.67	204.96		1.86952567129	0.982	0.917	1.4536e-12		1.83271883007	0.875	0.824	1.8492e-12
760   	2671.67	214.137		1.87926313002	0.984	0.925	1.42154e-12		1.84555688601	0.881	0.841	1.76559e-12
760   	2671.67	223.315		1.88817483021	0.985	0.932	1.39307e-12		1.85726740128	0.887	0.857	1.69407e-12
760   	2671.67	232.492		1.89636433075	0.986	0.938	1.36759e-12		1.86798193346	0.893	0.871	1.63229e-12
760   	2671.67	241.669		1.90391996007	0.987	0.944	1.34464e-12		1.87781591956	0.898	0.883	1.57844e-12
760   	2671.67	250.847		1.91091742225	0.988	0.948	1.32385e-12		1.88687046248	0.903	0.893	1.53115e-12
760   	2671.67	260.024		1.91742190186	0.989	0.953	1.30491e-12		1.89523405768	0.908	0.903	1.48932e-12
760   	2671.67	269.201		1.9234897732	0.99	0.957	1.28757e-12		1.90298418848	0.913	0.911	1.45208e-12
760   	2671.67	278.379		1.92916999575	0.99	0.96	1.27164e-12		1.91018876038	0.917	0.919	1.41874e-12
760   	2671.67	287.556		1.93450525926	0.991	0.963	1.25694e-12		1.91690736847	0.921	0.926	1.38874e-12
760   	2671.67	296.733		1.93953292831	0.992	0.966	1.24333e-12		1.92319240476	0.925	0.932	1.36161e-12
760   	2671.67	305.911		1.94428582532	0.992	0.968	1.23068e-12		1.92909001879	0.928	0.937	1.33697e-12
760   	2671.67	315.088		1.94879288256	0.993	0.971	1.21889e-12		1.93464094717	0.931	0.942	1.3145e-12
760   	2671.67	324.265		1.95307968777	0.993	0.973	1.20788e-12		1.93988122791	0.934	0.946	1.29394e-12
760   	2671.67	333.443		1.95716894253	0.993	0.975	1.19756e-12		1.94484281484	0.937	0.95	1.27505e-12
760   	2671.67	342.62		1.96108084916	0.994	0.976	1.18787e-12		1.94955410583	0.94	0.954	1.25766e-12
760   	2671.67	351.797		1.96483343846	0.994	0.978	1.17876e-12		1.95404039705	0.943	0.957	1.24158e-12
760   	2671.67	360.975		1.96844284843	0.994	0.979	1.17016e-12		1.95832427398	0.945	0.96	1.22669e-12
760   	2671.67	370.152		1.97192356222	0.995	0.981	1.16203e-12		1.96242594834	0.947	0.963	1.21286e-12
760   	2671.67	379.329		1.97528861202	0.995	0.982	1.15434e-12		1.96636354887	0.95	0.966	1.19998e-12
760   	2671.67	388.507		1.97854975421	0.995	0.983	1.14705e-12		1.97015337275	0.952	0.968	1.18796e-12
760   	2671.67	397.684		1.98171762051	0.995	0.984	1.14012e-12		1.97381010329	0.954	0.97	1.17672e-12
760   	2671.67	406.861		1.98480184865	0.996	0.985	1.13354e-12		1.9773469989	0.955	0.972	1.16619e-12
760   	2671.67	416.039		1.98781119583	0.996	0.986	1.12726e-12		1.98077605734	0.957	0.974	1.1563e-12
760   	2671.67	425.216		1.99075363738	0.996	0.987	1.12128e-12		1.98410815883	0.959	0.975	1.147e-12
760   	2671.67	434.393		1.99363645288	0.996	0.987	1.11557e-12		1.98735319106	0.96	0.977	1.13824e-12
760   	2671.67	443.57		1.99646630155	0.996	0.988	1.11011e-12		1.99052015848	0.962	0.978	1.12998e-12
760   	2671.67	452.748		1.99924928827	0.996	0.989	1.10488e-12		1.99361727815	0.963	0.98	1.12217e-12
760   	2671.67	461.925		2.00199102178	0.997	0.989	1.09987e-12		1.99665206396	0.964	0.981	1.11478e-12
760   	2671.67	471.102		2.0046966659	0.997	0.99	1.09507e-12		1.99963140074	0.966	0.982	1.10777e-12
760   	2671.67	480.28		2.0073709848	0.997	0.99	1.09046e-12		2.00256160962	0.967	0.983	1.10113e-12
760   	2671.67	489.457		2.01001838307	0.997	0.991	1.08603e-12		2.00544850585	0.968	0.984	1.09481e-12
760   	2671.67	498.634		2.01264294138	0.997	0.991	1.08177e-12		2.00829744999	0.969	0.985	1.08881e-12
760   	2671.67	507.812		2.01524844807	0.997	0.992	1.07767e-12		2.01111339324	0.97	0.986	1.08309e-12
760   	2671.67	516.989		2.01783842739	0.997	0.992	1.07372e-12		2.01390091786	0.971	0.986	1.07764e-12
760   	2671.67	526.166		2.02041616469	0.997	0.993	1.06991e-12		2.01666427313	0.972	0.987	1.07244e-12
760   	2671.67	535.344		2.02298472896	0.997	0.993	1.06623e-12		2.01940740737	0.973	0.988	1.06747e-12
760   	2671.67	544.521		2.0255469931	0.998	0.993	1.06268e-12		2.02213399667	0.974	0.988	1.06272e-12
760   	2671.67	553.698		2.02810565199	0.998	0.994	1.05925e-12		2.02484747053	0.975	0.989	1.05818e-12
760   	2671.67	562.876		2.03066323893	0.998	0.994	1.05594e-12		2.02755103487	0.975	0.99	1.05382e-12
760   	2671.67	572.053		2.0332221403	0.998	0.994	1.05273e-12		2.03024769282	0.976	0.99	1.04965e-12
760   	2671.67	581.23		2.03578460892	0.998	0.995	1.04962e-12		2.03294026323	0.977	0.991	1.04565e-12
760   	2671.67	590.408		2.03835277608	0.998	0.995	1.04661e-12		2.03563139757	0.977	0.991	1.0418e-12
760   	2671.67	599.585		2.04092866245	0.998	0.995	1.0437e-12		2.03832359505	0.978	0.991	1.03811e-12
760   	2782.78	149.896		1.78726928993	0.97	0.838	1.84224e-12		1.72412307769	0.838	0.651	2.99897e-12
760   	2782.78	159.074		1.80530191598	0.973	0.857	1.75956e-12		1.74737103211	0.843	0.69	2.7018e-12
760   	2782.78	168.251		1.82134261183	0.976	0.873	1.6912e-12		1.76833570929	0.849	0.725	2.4712e-12
760   	2782.78	177.428		1.83568844756	0.978	0.887	1.63371e-12		1.78724909479	0.855	0.755	2.28816e-12
760   	2782.78	186.606		1.84858433101	0.98	0.899	1.58466e-12		1.80433352912	0.862	0.781	2.13999e-12
760   	2782.78	195.783		1.86023344428	0.982	0.909	1.54229e-12		1.81979531136	0.869	0.804	2.01802e-12
760   	2782.78	204.96		1.87080537338	0.984	0.918	1.50529e-12		1.83382168428	0.875	0.824	1.91613e-12
760   	2782.78	214.137		1.88044248912	0.985	0.926	1.47267e-12		1.84658011671	0.881	0.842	1.82992e-12
760   	2782.78	223.315		1.88926498514	0.986	0.933	1.44367e-12		1.85821896261	0.887	0.857	1.75617e-12
760   	2782.78	232.492		1.89737487774	0.987	0.939	1.4177e-12		1.8688688511	0.893	0.871	1.69245e-12
760   	2782.78	241.669		1.90485919905	0.988	0.944	1.39429e-12		1.87864439502	0.898	0.883	1.6369e-12
760   	2782.78	250.847		1.9117925606	0.989	0.949	1.37307e-12		1.88764597274	0.903	0.894	1.58811e-12
760   	2782.78	260.024		1.91823922303	0.99	0.953	1.35373e-12		1.8959614461	0.908	0.903	1.54494e-12
760   	2782.78	269.201		1.92425477641	0.991	0.957	1.33602e-12		1.90366774591	0.913	0.912	1.50652e-12
760   	2782.78	278.379		1.92988751196	0.991	0.96	1.31973e-12		1.9108322963	0.917	0.919	1.47211e-12
760   	2782.78	287.556		1.93517954783	0.992	0.963	1.30469e-12		1.91751427289	0.921	0.926	1.44115e-12
760   	2782.78	296.733		1.94016775781	0.992	0.966	1.29076e-12		1.92376570182	0.925	0.932	1.41315e-12
760   	2782.78	305.911		1.94488454124	0.993	0.969	1.27782e-12		1.92963241301	0.928	0.937	1.38772e-12
760   	2782.78	315.088		1.94935846439	0.993	0.971	1.26575e-12		1.93515486326	0.931	0.942	1.36454e-12
760   	2782.78	324.265		1.95361479718	0.993	0.973	1.25447e-12		1.94036884515	0.935	0.947	1.34332e-12
760   	2782.78	333.443		1.95767596434	0.994	0.975	1.24389e-12		1.94530609672	0.937	0.951	1.32383e-12
760   	2782.78	342.62		1.96156192609	0.994	0.976	1.23396e-12		1.94999482566	0.94	0.954	1.30588e-12
760   	2782.78	351.797		1.96529050091	0.994	0.978	1.22461e-12		1.9544601601	0.943	0.957	1.28929e-12
760   	2782.78	360.975		1.96887764  	0.995	0.979	1.21579e-12		1.95872453668	0.945	0.96	1.27393e-12
760   	2782.78	370.152		1.97233766169	0.995	0.981	1.20746e-12		1.96280803499	0.947	0.963	1.25966e-12
760   	2782.78	379.329		1.97568345225	0.995	0.982	1.19957e-12		1.96672866618	0.95	0.966	1.24637e-12
760   	2782.78	388.507		1.97892663859	0.995	0.983	1.19208e-12		1.97050262252	0.952	0.968	1.23397e-12
760   	2782.78	397.684		1.98207773721	0.996	0.984	1.18498e-12		1.97414449352	0.954	0.97	1.22238e-12
760   	2782.78	406.861		1.98514628307	0.996	0.985	1.17821e-12		1.97766745354	0.955	0.972	1.21151e-12
760   	2782.78	416.039		1.98814094144	0.996	0.986	1.17177e-12		1.98108342483	0.957	0.974	1.20132e-12
760   	2782.78	425.216		1.99106960523	0.996	0.987	1.16563e-12		1.98440321968	0.959	0.975	1.19173e-12
760   	2782.78	434.393		1.99393947999	0.996	0.987	1.15976e-12		1.98763666449	0.96	0.977	1.18269e-12
760   	2782.78	443.57		1.99675715825	0.997	0.988	1.15415e-12		1.99079270833	0.962	0.978	1.17417e-12
760   	2782.78	452.748		1.99952868473	0.997	0.989	1.14878e-12		1.99387951812	0.963	0.98	1.16612e-12
760   	2782.78	461.925		2.00225961378	0.997	0.989	1.14364e-12		1.99690456225	0.964	0.981	1.1585e-12
760   	2782.78	471.102		2.00495505991	0.997	0.99	1.1387e-12		1.99987468421	0.966	0.982	1.15128e-12
760   	2782.78	480.28		2.00761974255	0.997	0.991	1.13396e-12		2.00279616751	0.967	0.983	1.14443e-12
760   	2782.78	489.457		2.01025802563	0.997	0.991	1.12941e-12		2.00567479307	0.968	0.984	1.13793e-12
760   	2782.78	498.634		2.01287395273	0.997	0.991	1.12503e-12		2.00851589008	0.969	0.985	1.13174e-12
760   	2782.78	507.812		2.01547127838	0.997	0.992	1.12081e-12		2.01132438106	0.97	0.986	1.12585e-12
760   	2782.78	516.989		2.0180534959	0.997	0.992	1.11674e-12		2.014104822 	0.971	0.986	1.12023e-12
760   	2782.78	526.166		2.02062386237	0.998	0.993	1.11283e-12		2.01686143803	0.972	0.987	1.11488e-12
760   	2782.78	535.344		2.02318542082	0.998	0.993	1.10905e-12		2.01959815531	0.973	0.988	1.10976e-12
760   	2782.78	544.521		2.02574102032	0.998	0.993	1.10539e-12		2.02231862951	0.974	0.988	1.10487e-12
760   	2782.78	553.698		2.02829333385	0.998	0.994	1.10187e-12		2.02502627132	0.975	0.989	1.10019e-12
760   	2782.78	562.876		2.03084487453	0.998	0.994	1.09846e-12		2.02772426933	0.975	0.99	1.0957e-12
760   	2782.78	572.053		2.03339801014	0.998	0.994	1.09515e-12		2.03041561059	0.976	0.99	1.09141e-12
760   	2782.78	581.23		2.03595497634	0.998	0.995	1.09196e-12		2.03310309913	0.977	0.991	1.08728e-12
760   	2782.78	590.408		2.03851788852	0.998	0.995	1.08886e-12		2.03578937266	0.977	0.991	1.08333e-12
760   	2782.78	599.585		2.04108875267	0.998	0.995	1.08586e-12		2.03847691765	0.978	0.992	1.07952e-12
760   	2893.89	149.896		1.78928615791	0.972	0.839	1.89876e-12		1.72575835493	0.838	0.652	3.09663e-12
760   	2893.89	159.074		1.80711918016	0.975	0.858	1.81515e-12		1.74886942319	0.843	0.691	2.79137e-12
760   	2893.89	168.251		1.82298664836	0.978	0.874	1.74593e-12		1.7697099883	0.849	0.725	2.55432e-12
760   	2893.89	177.428		1.83718168675	0.98	0.888	1.68764e-12		1.78851164679	0.855	0.755	2.36603e-12
760   	2893.89	186.606		1.84994580656	0.982	0.9	1.63785e-12		1.80549586163	0.862	0.781	2.21355e-12
760   	2893.89	195.783		1.86147931736	0.983	0.91	1.59479e-12		1.820867857 	0.869	0.804	2.08798e-12
760   	2893.89	204.96		1.87194939692	0.985	0.919	1.55716e-12		1.83481376646	0.875	0.824	1.98305e-12
760   	2893.89	214.137		1.88149640423	0.986	0.926	1.52395e-12		1.84749999973	0.881	0.842	1.89425e-12
760   	2893.89	223.315		1.89023885309	0.987	0.933	1.4944e-12		1.85907394053	0.887	0.858	1.81826e-12
760   	2893.89	232.492		1.89827735505	0.988	0.939	1.46793e-12		1.86966534988	0.893	0.871	1.75259e-12
760   	2893.89	241.669		1.90569776451	0.989	0.944	1.44405e-12		1.87938807475	0.898	0.883	1.69534e-12
760   	2893.89	250.847		1.91257370232	0.99	0.949	1.42239e-12		1.88834182321	0.903	0.894	1.64505e-12
760   	2893.89	260.024		1.91896859264	0.991	0.953	1.40264e-12		1.89661387314	0.908	0.903	1.60056e-12
760   	2893.89	269.201		1.92493731653	0.991	0.957	1.38454e-12		1.90428064754	0.913	0.912	1.56094e-12
760   	2893.89	278.379		1.93052756177	0.992	0.96	1.36789e-12		1.91140912924	0.917	0.919	1.52547e-12
760   	2893.89	287.556		1.93578093091	0.992	0.963	1.35252e-12		1.91805811012	0.921	0.926	1.49355e-12
760   	2893.89	296.733		1.94073385536	0.993	0.966	1.33827e-12		1.92427928215	0.925	0.932	1.46469e-12
760   	2893.89	305.911		1.9454183535	0.993	0.969	1.32502e-12		1.93011818376	0.928	0.937	1.43847e-12
760   	2893.89	315.088		1.94986266222	0.994	0.971	1.31266e-12		1.93561501697	0.931	0.942	1.41457e-12
760   	2893.89	324.265		1.95409176565	0.994	0.973	1.30111e-12		1.94080535113	0.935	0.947	1.39269e-12
760   	2893.89	333.443		1.95812783964	0.994	0.975	1.29028e-12		1.94572072818	0.937	0.951	1.3726e-12
760   	2893.89	342.62		1.96199062696	0.995	0.977	1.2801e-12		1.95038918316	0.94	0.954	1.3541e-12
760   	2893.89	351.797		1.96569775545	0.995	0.978	1.27052e-12		1.9548356918	0.943	0.957	1.337e-12
760   	2893.89	360.975		1.96926500867	0.995	0.98	1.26148e-12		1.95908255586	0.945	0.96	1.32116e-12
760   	2893.89	370.152		1.97270655704	0.995	0.981	1.25293e-12		1.96314973526	0.947	0.963	1.30646e-12
760   	2893.89	379.329		1.97603515601	0.996	0.982	1.24484e-12		1.96705513473	0.95	0.966	1.29276e-12
760   	2893.89	388.507		1.97926231643	0.996	0.983	1.23716e-12		1.97081485166	0.952	0.968	1.27999e-12
760   	2893.89	397.684		1.98239845152	0.996	0.984	1.22987e-12		1.97444339076	0.954	0.97	1.26804e-12
760   	2893.89	406.861		1.98545300417	0.996	0.985	1.22293e-12		1.97795385044	0.955	0.972	1.25685e-12
760   	2893.89	416.039		1.9884345573	0.996	0.986	1.21632e-12		1.98135808477	0.957	0.974	1.24634e-12
760   	2893.89	425.216		1.99135093004	0.997	0.987	1.21001e-12		1.98466684472	0.959	0.975	1.23646e-12
760   	2893.89	434.393		1.99420926165	0.997	0.988	1.20399e-12		1.98788990139	0.96	0.977	1.22716e-12
760   	2893.89	443.57		1.99701608498	0.997	0.988	1.19823e-12		1.9910361539	0.962	0.978	1.21838e-12
760   	2893.89	452.748		1.99977739092	0.997	0.989	1.19271e-12		1.99411372396	0.963	0.98	1.21009e-12
760   	2893.89	461.925		2.00249868513	0.997	0.989	1.18743e-12		1.99713003898	0.964	0.981	1.20224e-12
760   	2893.89	471.102		2.00518503805	0.997	0.99	1.18236e-12		2.00009190518	0.966	0.982	1.19481e-12
760   	2893.89	480.28		2.00784112908	0.997	0.991	1.17749e-12		2.00300557218	0.967	0.983	1.18776e-12
760   	2893.89	489.457		2.01047128578	0.997	0.991	1.17281e-12		2.00587679  	0.968	0.984	1.18106e-12
760   	2893.89	498.634		2.01307951859	0.997	0.992	1.16831e-12		2.00871085959	0.969	0.985	1.17469e-12
760   	2893.89	507.812		2.01566955181	0.998	0.992	1.16398e-12		2.01151267766	0.97	0.986	1.16863e-12
760   	2893.89	516.989		2.01824485114	0.998	0.992	1.1598e-12		2.01428677654	0.971	0.986	1.16285e-12
760   	2893.89	526.166		2.02080864834	0.998	0.993	1.15577e-12		2.01703735967	0.972	0.987	1.15733e-12
760   	2893.89	535.344		2.02336396329	0.998	0.993	1.15189e-12		2.01976833325	0.973	0.988	1.15207e-12
760   	2893.89	544.521		2.02591362375	0.998	0.993	1.14813e-12		2.02248333461	0.974	0.988	1.14703e-12
760   	2893.89	553.698		2.02846028313	0.998	0.994	1.14451e-12		2.02518575752	0.975	0.989	1.14222e-12
760   	2893.89	562.876		2.03100643654	0.998	0.994	1.141e-12		2.02787877497	0.975	0.99	1.1376e-12
760   	2893.89	572.053		2.03355443513	0.998	0.994	1.13761e-12		2.03056535959	0.976	0.99	1.13318e-12
760   	2893.89	581.23		2.03610649923	0.998	0.995	1.13432e-12		2.03324830209	0.977	0.991	1.12894e-12
760   	2893.89	590.408		2.03866473006	0.998	0.995	1.13114e-12		2.03593022782	0.977	0.991	1.12487e-12
760   	2893.89	599.585		2.04123112048	0.998	0.995	1.12805e-12		2.03861361178	0.978	0.992	1.12096e-12
760   	3005  	149.896		1.79110311575	0.974	0.841	1.9557e-12		1.72724348373	0.838	0.653	3.19439e-12
760   	3005  	159.074		1.80875484731	0.977	0.859	1.8711e-12		1.75022827604	0.843	0.692	2.881e-12
760   	3005  	168.251		1.82446529923	0.979	0.875	1.80094e-12		1.77095479573	0.849	0.726	2.63746e-12
760   	3005  	177.428		1.83852387239	0.981	0.889	1.74181e-12		1.78965409897	0.855	0.756	2.44392e-12
760   	3005  	186.606		1.85116890745	0.983	0.9	1.69124e-12		1.80654672055	0.862	0.782	2.28711e-12
760   	3005  	195.783		1.86259805239	0.984	0.91	1.64747e-12		1.82183681662	0.869	0.805	2.15793e-12
760   	3005  	204.96		1.87297626558	0.986	0.919	1.60918e-12		1.83570944902	0.875	0.825	2.04996e-12
760   	3005  	214.137		1.88244205952	0.987	0.927	1.57537e-12		1.8483300202	0.881	0.842	1.95856e-12
760   	3005  	223.315		1.89111241099	0.988	0.934	1.54526e-12		1.85984500048	0.887	0.858	1.88033e-12
760   	3005  	232.492		1.89908664952	0.989	0.939	1.51827e-12		1.87038333951	0.893	0.871	1.81272e-12
760   	3005  	241.669		1.90644955687	0.99	0.945	1.49391e-12		1.88005817219	0.898	0.883	1.75377e-12
760   	3005  	250.847		1.91327385313	0.991	0.949	1.4718e-12		1.88896858596	0.903	0.894	1.70198e-12
760   	3005  	260.024		1.91962220305	0.991	0.954	1.45163e-12		1.89720131964	0.908	0.903	1.65616e-12
760   	3005  	269.201		1.92554884474	0.992	0.957	1.43314e-12		1.90483232882	0.913	0.912	1.61536e-12
760   	3005  	278.379		1.93110091941	0.992	0.961	1.41613e-12		1.91192819098	0.917	0.919	1.57883e-12
760   	3005  	287.556		1.93631956296	0.993	0.964	1.4004e-12		1.91854734615	0.921	0.926	1.54595e-12
760   	3005  	296.733		1.94124080683	0.993	0.966	1.38583e-12		1.92474118043	0.925	0.932	1.51622e-12
760   	3005  	305.911		1.94589632513	0.994	0.969	1.37227e-12		1.93055496582	0.928	0.937	1.48921e-12
760   	3005  	315.088		1.95031405734	0.994	0.971	1.35963e-12		1.93602867171	0.931	0.942	1.46459e-12
760   	3005  	324.265		1.95451872967	0.994	0.973	1.3478e-12		1.94119766384	0.935	0.947	1.44206e-12
760   	3005  	333.443		1.95853229348	0.995	0.975	1.33671e-12		1.94609330551	0.937	0.951	1.42137e-12
760   	3005  	342.62		1.96237429551	0.995	0.977	1.32628e-12		1.9507434746	0.94	0.954	1.40232e-12
760   	3005  	351.797		1.9660621918	0.995	0.978	1.31647e-12		1.9551730082	0.943	0.958	1.38471e-12
760   	3005  	360.975		1.96961161487	0.995	0.98	1.3072e-12		1.95940408548	0.945	0.961	1.36841e-12
760   	3005  	370.152		1.97303660199	0.996	0.981	1.29844e-12		1.96345655766	0.947	0.963	1.35326e-12
760   	3005  	379.329		1.97634979084	0.996	0.982	1.29014e-12		1.96734823284	0.95	0.966	1.33916e-12
760   	3005  	388.507		1.9795625878	0.996	0.983	1.28227e-12		1.97109512233	0.952	0.968	1.32601e-12
760   	3005  	397.684		1.98268531323	0.996	0.984	1.27479e-12		1.97471165395	0.954	0.97	1.31371e-12
760   	3005  	406.861		1.98572732717	0.996	0.985	1.26768e-12		1.97821085726	0.955	0.972	1.30219e-12
760   	3005  	416.039		1.98869713852	0.997	0.986	1.26089e-12		1.98160452458	0.957	0.974	1.29137e-12
760   	3005  	425.216		1.99160250007	0.997	0.987	1.25442e-12		1.98490335132	0.959	0.975	1.28121e-12
760   	3005  	434.393		1.99445049151	0.997	0.988	1.24824e-12		1.98811705852	0.96	0.977	1.27163e-12
760   	3005  	443.57		1.99724759206	0.997	0.988	1.24233e-12		1.99125450011	0.962	0.978	1.2626e-12
760   	3005  	452.748		1.99999974425	0.997	0.989	1.23667e-12		1.9943237569	0.963	0.98	1.25407e-12
760   	3005  	461.925		2.00271241002	0.997	0.99	1.23125e-12		1.9973322192	0.964	0.981	1.246e-12
760   	3005  	471.102		2.00539062021	0.997	0.99	1.22605e-12		2.00028665959	0.966	0.982	1.23835e-12
760   	3005  	480.28		2.0080390183	0.997	0.991	1.22105e-12		2.00319329702	0.967	0.983	1.2311e-12
760   	3005  	489.457		2.01066189918	0.998	0.991	1.21624e-12		2.00605785359	0.968	0.984	1.22421e-12
760   	3005  	498.634		2.01326324355	0.998	0.992	1.21162e-12		2.00888560475	0.969	0.985	1.21766e-12
760   	3005  	507.812		2.01584674856	0.998	0.992	1.20717e-12		2.01168142389	0.97	0.986	1.21142e-12
760   	3005  	516.989		2.01841585513	0.998	0.992	1.20288e-12		2.01444982198	0.971	0.986	1.20548e-12
760   	3005  	526.166		2.02097377232	0.998	0.993	1.19875e-12		2.01719498285	0.972	0.987	1.19981e-12
760   	3005  	535.344		2.02352349919	0.998	0.993	1.19475e-12		2.01992079473	0.973	0.988	1.19439e-12
760   	3005  	544.521		2.02606784443	0.998	0.993	1.1909e-12		2.02263087835	0.974	0.988	1.18922e-12
760   	3005  	553.698		2.02860944389	0.998	0.994	1.18717e-12		2.02532861225	0.975	0.989	1.18427e-12
760   	3005  	562.876		2.03115077648	0.998	0.994	1.18357e-12		2.02801715532	0.975	0.99	1.17953e-12
760   	3005  	572.053		2.0336941785	0.998	0.994	1.18008e-12		2.03069946721	0.976	0.99	1.17498e-12
760   	3005  	581.23		2.03624185649	0.998	0.995	1.1767e-12		2.03337832657	0.977	0.991	1.17062e-12
760   	3005  	590.408		2.03879589896	0.998	0.995	1.17343e-12		2.03605634763	0.977	0.991	1.16644e-12
760   	3005  	599.585		2.04135828701	0.998	0.995	1.17026e-12		2.03873599505	0.978	0.992	1.16242e-12
780   	2005  	149.896		1.76918473392	0.949	0.822	1.48324e-12		1.713779795 	0.842	0.655	2.28533e-12
780   	2005  	159.074		1.78919127306	0.954	0.844	1.40396e-12		1.73816860559	0.847	0.694	2.05463e-12
780   	2005  	168.251		1.80694146348	0.958	0.862	1.33938e-12		1.7601293394	0.853	0.729	1.87654e-12
780   	2005  	177.428		1.82276895747	0.962	0.878	1.28575e-12		1.77990716101	0.859	0.76	1.73568e-12
780   	2005  	186.606		1.83695178825	0.965	0.892	1.2405e-12		1.79774030242	0.866	0.786	1.62195e-12
780   	2005  	195.783		1.84972201539	0.968	0.903	1.20178e-12		1.81385089546	0.872	0.809	1.52849e-12
780   	2005  	204.96		1.86127389679	0.971	0.913	1.16827e-12		1.82844069428	0.879	0.829	1.45051e-12
780   	2005  	214.137		1.87177065958	0.973	0.922	1.13896e-12		1.84168990636	0.885	0.846	1.38459e-12
780   	2005  	223.315		1.88135003846	0.975	0.929	1.11309e-12		1.85375780549	0.891	0.862	1.32821e-12
780   	2005  	232.492		1.89012877615	0.977	0.936	1.09008e-12		1.86478425896	0.896	0.875	1.27951e-12
780   	2005  	241.669		1.89820627165	0.979	0.942	1.06946e-12		1.87489164159	0.902	0.887	1.23707e-12
780   	2005  	250.847		1.90566753819	0.98	0.947	1.05087e-12		1.88418683379	0.907	0.897	1.19977e-12
780   	2005  	260.024		1.91258560628	0.981	0.951	1.03402e-12		1.89276314144	0.911	0.907	1.16678e-12
780   	2005  	269.201		1.9190234815	0.983	0.955	1.01867e-12		1.90070205856	0.916	0.915	1.13739e-12
780   	2005  	278.379		1.9250357457	0.984	0.959	1.00461e-12		1.90807484266	0.92	0.922	1.11106e-12
780   	2005  	287.556		1.93066987145	0.985	0.962	9.91687e-13		1.91494389883	0.924	0.929	1.08736e-12
780   	2005  	296.733		1.93596730595	0.986	0.965	9.79762e-13		1.92136398299	0.928	0.934	1.06591e-12
780   	2005  	305.911		1.94096436853	0.986	0.968	9.68719e-13		1.92738324069	0.931	0.94	1.04642e-12
780   	2005  	315.088		1.945692997 	0.987	0.97	9.5846e-13		1.93304410039	0.934	0.944	1.02863e-12
780   	2005  	324.265		1.95018137103	0.988	0.972	9.48901e-13		1.93838403978	0.937	0.949	1.01234e-12
780   	2005  	333.443		1.95445443485	0.989	0.974	9.39969e-13		1.94343624256	0.94	0.953	9.9737e-13
780   	2005  	342.62		1.9585343375	0.989	0.976	9.31603e-13		1.94823016127	0.943	0.956	9.83565e-13
780   	2005  	351.797		1.96244080489	0.99	0.978	9.23749e-13		1.95279199991	0.945	0.959	9.70799e-13
780   	2005  	360.975		1.96619145553	0.99	0.979	9.16357e-13		1.95714512832	0.947	0.962	9.58962e-13
780   	2005  	370.152		1.96980206951	0.991	0.98	9.09388e-13		1.96131043827	0.95	0.965	9.47956e-13
780   	2005  	379.329		1.9732868183	0.991	0.982	9.02805e-13		1.96530665022	0.952	0.967	9.37699e-13
780   	2005  	388.507		1.97665846188	0.992	0.983	8.96574e-13		1.96915057787	0.954	0.969	9.28118e-13
780   	2005  	397.684		1.97992851835	0.992	0.984	8.90667e-13		1.97285735694	0.956	0.971	9.1915e-13
780   	2005  	406.861		1.98310741034	0.992	0.985	8.85059e-13		1.97644064325	0.957	0.973	9.10738e-13
780   	2005  	416.039		1.98620459177	0.993	0.986	8.79725e-13		1.97991278477	0.959	0.975	9.02833e-13
780   	2005  	425.216		1.98922865789	0.993	0.987	8.74647e-13		1.98328497122	0.96	0.976	8.95391e-13
780   	2005  	434.393		1.99218744116	0.993	0.987	8.69804e-13		1.98656736452	0.962	0.978	8.88374e-13
780   	2005  	443.57		1.99508809495	0.994	0.988	8.6518e-13		1.98976921282	0.963	0.979	8.81746e-13
780   	2005  	452.748		1.99793716678	0.994	0.989	8.60761e-13		1.99289895026	0.965	0.981	8.75476e-13
780   	2005  	461.925		2.0007406627	0.994	0.989	8.56531e-13		1.99596428462	0.966	0.982	8.69537e-13
780   	2005  	471.102		2.00350410383	0.994	0.99	8.52479e-13		1.99897227426	0.967	0.983	8.63903e-13
780   	2005  	480.28		2.00623257631	0.994	0.991	8.48593e-13		2.00192939604	0.968	0.984	8.58552e-13
780   	2005  	489.457		2.00893077546	0.995	0.991	8.44863e-13		2.00484160525	0.969	0.985	8.53462e-13
780   	2005  	498.634		2.0116030448	0.995	0.992	8.41279e-13		2.0077143886	0.97	0.986	8.48617e-13
780   	2005  	507.812		2.01425341088	0.995	0.992	8.37832e-13		2.01055281127	0.971	0.986	8.43998e-13
780   	2005  	516.989		2.01688561411	0.995	0.992	8.34514e-13		2.01336155863	0.972	0.987	8.3959e-13
780   	2005  	526.166		2.01950313632	0.995	0.993	8.31317e-13		2.0161449734	0.973	0.988	8.3538e-13
780   	2005  	535.344		2.02210922543	0.996	0.993	8.28236e-13		2.01890708882	0.974	0.988	8.31355e-13
780   	2005  	544.521		2.02470691744	0.996	0.993	8.25263e-13		2.0216516582	0.975	0.989	8.27502e-13
780   	2005  	553.698		2.02729905622	0.996	0.994	8.22392e-13		2.02438218144	0.976	0.99	8.23811e-13
780   	2005  	562.876		2.02988831131	0.996	0.994	8.19619e-13		2.02710192875	0.976	0.99	8.20273e-13
780   	2005  	572.053		2.03247719386	0.996	0.994	8.16937e-13		2.02981396201	0.977	0.991	8.16877e-13
780   	2005  	581.23		2.03506807112	0.996	0.995	8.14343e-13		2.03252115392	0.978	0.991	8.13616e-13
780   	2005  	590.408		2.03766317944	0.996	0.995	8.11832e-13		2.03522620531	0.979	0.992	8.10482e-13
780   	2005  	599.585		2.04026463612	0.997	0.995	8.09399e-13		2.03793166075	0.979	0.992	8.07468e-13
780   	2116.11	149.896		1.77390727939	0.953	0.827	1.53465e-12		1.71734354631	0.841	0.657	2.38001e-12
780   	2116.11	159.074		1.79348634287	0.958	0.848	1.45565e-12		1.74147679975	0.847	0.697	2.14232e-12
780   	2116.11	168.251		1.81085711833	0.962	0.866	1.39107e-12		1.76319685747	0.853	0.731	1.95849e-12
780   	2116.11	177.428		1.82634846206	0.965	0.881	1.3373e-12		1.78275167924	0.859	0.761	1.81289e-12
780   	2116.11	186.606		1.84023339282	0.968	0.894	1.29181e-12		1.80038019877	0.866	0.787	1.69521e-12
780   	2116.11	195.783		1.85273921461	0.971	0.906	1.25282e-12		1.81630407425	0.872	0.81	1.59841e-12
780   	2116.11	204.96		1.86405588567	0.973	0.915	1.21899e-12		1.83072398122	0.879	0.83	1.51758e-12
780   	2116.11	214.137		1.87434284399	0.976	0.924	1.18935e-12		1.84381878237	0.885	0.847	1.44921e-12
780   	2116.11	223.315		1.883734532 	0.977	0.931	1.16316e-12		1.85574633428	0.891	0.863	1.39072e-12
780   	2116.11	232.492		1.89234485357	0.979	0.937	1.13982e-12		1.8666451204	0.896	0.876	1.34016e-12
780   	2116.11	241.669		1.90027076889	0.981	0.943	1.11889e-12		1.87663621862	0.902	0.888	1.29609e-12
780   	2116.11	250.847		1.9075951987	0.982	0.948	1.09999e-12		1.88582532289	0.907	0.898	1.25735e-12
780   	2116.11	260.024		1.91438937751	0.983	0.952	1.08284e-12		1.89430466932	0.911	0.907	1.22306e-12
780   	2116.11	269.201		1.9207147674	0.984	0.956	1.06719e-12		1.90215479614	0.916	0.915	1.19253e-12
780   	2116.11	278.379		1.92662462097	0.985	0.96	1.05286e-12		1.90944611139	0.92	0.923	1.16517e-12
780   	2116.11	287.556		1.93216526335	0.986	0.963	1.03966e-12		1.91624026754	0.924	0.929	1.14053e-12
780   	2116.11	296.733		1.93737714853	0.987	0.966	1.02748e-12		1.92259135463	0.928	0.935	1.11823e-12
780   	2116.11	305.911		1.9422957337	0.988	0.968	1.01619e-12		1.92854692929	0.931	0.94	1.09796e-12
780   	2116.11	315.088		1.94695220613	0.988	0.971	1.00569e-12		1.93414889894	0.934	0.945	1.07947e-12
780   	2116.11	324.265		1.95137409013	0.989	0.973	9.95903e-13		1.9394342798	0.937	0.949	1.06253e-12
780   	2116.11	333.443		1.95558575608	0.99	0.975	9.86752e-13		1.94443584635	0.94	0.953	1.04697e-12
780   	2116.11	342.62		1.95960884901	0.99	0.976	9.78175e-13		1.94918268768	0.943	0.956	1.03261e-12
780   	2116.11	351.797		1.96346265092	0.991	0.978	9.70117e-13		1.95370068444	0.945	0.959	1.01934e-12
780   	2116.11	360.975		1.96716438832	0.991	0.979	9.62531e-13		1.95801291822	0.947	0.962	1.00703e-12
780   	2116.11	370.152		1.97072949411	0.992	0.981	9.55375e-13		1.96214002339	0.95	0.965	9.95588e-13
780   	2116.11	379.329		1.97417183152	0.992	0.982	9.48611e-13		1.96610049004	0.952	0.967	9.84925e-13
780   	2116.11	388.507		1.97750388614	0.992	0.983	9.42207e-13		1.96991092538	0.954	0.97	9.74964e-13
780   	2116.11	397.684		1.98073693125	0.993	0.984	9.36133e-13		1.97358627958	0.956	0.972	9.65642e-13
780   	2116.11	406.861		1.98388117048	0.993	0.985	9.30364e-13		1.97714004149	0.957	0.973	9.56898e-13
780   	2116.11	416.039		1.9869458614	0.993	0.986	9.24875e-13		1.98058440847	0.959	0.975	9.48682e-13
780   	2116.11	425.216		1.98993942288	0.994	0.987	9.19647e-13		1.98393043419	0.96	0.977	9.40948e-13
780   	2116.11	434.393		1.99286952854	0.994	0.988	9.1466e-13		1.98718815741	0.962	0.978	9.33656e-13
780   	2116.11	443.57		1.99574318842	0.994	0.988	9.09898e-13		1.9903667146	0.963	0.979	9.26769e-13
780   	2116.11	452.748		1.9985668205	0.994	0.989	9.05344e-13		1.99347443846	0.965	0.981	9.20255e-13
780   	2116.11	461.925		2.00134631344	0.995	0.99	9.00984e-13		1.99651894445	0.966	0.982	9.14085e-13
780   	2116.11	471.102		2.00408708187	0.995	0.99	8.96807e-13		1.99950720679	0.967	0.983	9.08233e-13
780   	2116.11	480.28		2.00679411508	0.995	0.991	8.928e-13		2.00244562554	0.968	0.984	9.02676e-13
780   	2116.11	489.457		2.00947202019	0.995	0.991	8.88952e-13		2.00534008577	0.969	0.985	8.97391e-13
780   	2116.11	498.634		2.01212506029	0.995	0.992	8.85254e-13		2.00819600987	0.97	0.986	8.9236e-13
780   	2116.11	507.812		2.0147571884	0.996	0.992	8.81697e-13		2.01101840403	0.971	0.986	8.87565e-13
780   	2116.11	516.989		2.01737207764	0.996	0.992	8.78272e-13		2.01381189947	0.972	0.987	8.8299e-13
780   	2116.11	526.166		2.0199731482	0.996	0.993	8.74973e-13		2.01658078908	0.973	0.988	8.78621e-13
780   	2116.11	535.344		2.02256359138	0.996	0.993	8.71791e-13		2.01932906022	0.974	0.988	8.74443e-13
780   	2116.11	544.521		2.02514639115	0.996	0.994	8.68721e-13		2.02206042391	0.975	0.989	8.70446e-13
780   	2116.11	553.698		2.02772434348	0.996	0.994	8.65756e-13		2.02477834096	0.976	0.99	8.66617e-13
780   	2116.11	562.876		2.03030007375	0.996	0.994	8.6289e-13		2.02748604549	0.976	0.99	8.62947e-13
780   	2116.11	572.053		2.03287605238	0.997	0.994	8.6012e-13		2.03018656594	0.977	0.991	8.59425e-13
780   	2116.11	581.23		2.03545460896	0.997	0.995	8.57439e-13		2.03288274404	0.978	0.991	8.56044e-13
780   	2116.11	590.408		2.038037945 	0.997	0.995	8.54843e-13		2.03557725188	0.979	0.992	8.52795e-13
780   	2116.11	599.585		2.04062814552	0.997	0.995	8.52329e-13		2.03827260735	0.979	0.992	8.4967e-13
780   	2227.22	149.896		1.778026438 	0.957	0.831	1.58742e-12		1.72049247899	0.841	0.66	2.47516e-12
780   	2227.22	159.074		1.79722544362	0.961	0.852	1.50841e-12		1.74439230235	0.847	0.699	2.2303e-12
780   	2227.22	168.251		1.81426057274	0.965	0.869	1.44365e-12		1.76589438818	0.853	0.733	2.04064e-12
780   	2227.22	177.428		1.82945568872	0.968	0.884	1.38958e-12		1.7852485251	0.859	0.763	1.89024e-12
780   	2227.22	186.606		1.84307889967	0.971	0.897	1.34375e-12		1.80269379993	0.866	0.789	1.76855e-12
780   	2227.22	195.783		1.85535300165	0.974	0.908	1.30438e-12		1.81845111617	0.872	0.811	1.66838e-12
780   	2227.22	204.96		1.86646395826	0.976	0.917	1.27017e-12		1.83271995491	0.879	0.831	1.58469e-12
780   	2227.22	214.137		1.87656773489	0.978	0.925	1.24015e-12		1.84567781693	0.885	0.848	1.51386e-12
780   	2227.22	223.315		1.88579578607	0.979	0.932	1.21358e-12		1.85748118114	0.891	0.863	1.45323e-12
780   	2227.22	232.492		1.89425945825	0.981	0.938	1.18988e-12		1.86826721711	0.896	0.877	1.40081e-12
780   	2227.22	241.669		1.9020535271	0.982	0.944	1.16859e-12		1.87815579031	0.902	0.888	1.3551e-12
780   	2227.22	250.847		1.90925904755	0.984	0.949	1.14935e-12		1.88725149748	0.907	0.899	1.31491e-12
780   	2227.22	260.024		1.91594565868	0.985	0.953	1.13188e-12		1.89564559358	0.911	0.908	1.27934e-12
780   	2227.22	269.201		1.92217345561	0.986	0.957	1.11592e-12		1.90341774564	0.916	0.916	1.24765e-12
780   	2227.22	278.379		1.92799451685	0.987	0.96	1.10129e-12		1.91063759142	0.92	0.923	1.21925e-12
780   	2227.22	287.556		1.93345415622	0.987	0.964	1.08781e-12		1.91736610373	0.924	0.929	1.19368e-12
780   	2227.22	296.733		1.93859195406	0.988	0.966	1.07536e-12		1.92365677337	0.928	0.935	1.17053e-12
780   	2227.22	305.911		1.94344261044	0.989	0.969	1.0638e-12		1.9295566286	0.931	0.94	1.14949e-12
780   	2227.22	315.088		1.94803665448	0.99	0.971	1.05306e-12		1.9351071105	0.934	0.945	1.13029e-12
780   	2227.22	324.265		1.95240103658	0.99	0.973	1.04303e-12		1.94034482325	0.937	0.949	1.11271e-12
780   	2227.22	333.443		1.95655962515	0.991	0.975	1.03365e-12		1.94530217666	0.94	0.953	1.09655e-12
780   	2227.22	342.62		1.96053362481	0.991	0.977	1.02486e-12		1.95000793649	0.943	0.957	1.08164e-12
780   	2227.22	351.797		1.96434193007	0.992	0.978	1.01659e-12		1.9544876962	0.945	0.96	1.06786e-12
780   	2227.22	360.975		1.96800142548	0.992	0.98	1.0088e-12		1.95876428172	0.947	0.963	1.05509e-12
780   	2227.22	370.152		1.97152724137	0.992	0.981	1.00145e-12		1.96285809944	0.95	0.965	1.04321e-12
780   	2227.22	379.329		1.97493297252	0.993	0.982	9.94504e-13		1.96678743567	0.952	0.968	1.03214e-12
780   	2227.22	388.507		1.97823086572	0.993	0.983	9.87922e-13		1.97056871512	0.954	0.97	1.0218e-12
780   	2227.22	397.684		1.98143198129	0.993	0.984	9.81677e-13		1.97421672417	0.956	0.972	1.01213e-12
780   	2227.22	406.861		1.98454633248	0.994	0.985	9.75743e-13		1.97774480441	0.957	0.974	1.00305e-12
780   	2227.22	416.039		1.9875830063	0.994	0.986	9.70096e-13		1.9811650205	0.959	0.975	9.94526e-13
780   	2227.22	425.216		1.99055026841	0.994	0.987	9.64716e-13		1.98448830631	0.961	0.977	9.86501e-13
780   	2227.22	434.393		1.99345565457	0.994	0.988	9.59582e-13		1.98772459227	0.962	0.978	9.78935e-13
780   	2227.22	443.57		1.99630605049	0.995	0.988	9.54678e-13		1.99088291666	0.963	0.98	9.71791e-13
780   	2227.22	452.748		1.99910776175	0.995	0.989	9.49987e-13		1.99397152307	0.965	0.981	9.65034e-13
780   	2227.22	461.925		2.0018665753	0.995	0.99	9.45496e-13		1.99699794591	0.966	0.982	9.58635e-13
780   	2227.22	471.102		2.00458781342	0.995	0.99	9.41191e-13		1.99996908559	0.967	0.983	9.52567e-13
780   	2227.22	480.28		2.00727638155	0.995	0.991	9.3706e-13		2.00289127483	0.968	0.984	9.46804e-13
780   	2227.22	489.457		2.00993681041	0.996	0.991	9.33094e-13		2.00577033713	0.969	0.985	9.41325e-13
780   	2227.22	498.634		2.01257329345	0.996	0.992	9.29281e-13		2.00861163857	0.97	0.986	9.3611e-13
780   	2227.22	507.812		2.01518972005	0.996	0.992	9.25612e-13		2.01142013371	0.971	0.986	9.3114e-13
780   	2227.22	516.989		2.01778970513	0.996	0.993	9.2208e-13		2.01420040634	0.972	0.987	9.26399e-13
780   	2227.22	526.166		2.02037661552	0.996	0.993	9.18675e-13		2.01695670582	0.973	0.988	9.21871e-13
780   	2227.22	535.344		2.02295359356	0.996	0.993	9.15392e-13		2.01969297938	0.974	0.989	9.17543e-13
780   	2227.22	544.521		2.02552357825	0.997	0.994	9.12224e-13		2.02241290106	0.975	0.989	9.13402e-13
780   	2227.22	553.698		2.02808932415	0.997	0.994	9.09163e-13		2.02511989757	0.976	0.99	9.09437e-13
780   	2227.22	562.876		2.03065341848	0.997	0.994	9.06205e-13		2.02781717148	0.976	0.99	9.05636e-13
780   	2227.22	572.053		2.03321829646	0.997	0.995	9.03345e-13		2.03050772206	0.977	0.991	9.01989e-13
780   	2227.22	581.23		2.03578625514	0.997	0.995	9.00577e-13		2.03319436401	0.978	0.991	8.98489e-13
780   	2227.22	590.408		2.03835946596	0.997	0.995	8.97896e-13		2.03587974435	0.979	0.992	8.95125e-13
780   	2227.22	599.585		2.04093998604	0.997	0.995	8.95299e-13		2.0385663577	0.979	0.992	8.91891e-13
780   	2338.33	149.896		1.78163964872	0.96	0.835	1.6413e-12		1.72328805816	0.841	0.662	2.57068e-12
780   	2338.33	159.074		1.80049976061	0.964	0.855	1.56207e-12		1.7469745541	0.846	0.701	2.31851e-12
780   	2338.33	168.251		1.81723686474	0.968	0.872	1.49695e-12		1.76827890239	0.852	0.735	2.12293e-12
780   	2338.33	177.428		1.83216982136	0.971	0.886	1.44247e-12		1.78745198973	0.859	0.764	1.96767e-12
780   	2338.33	186.606		1.8455620189	0.973	0.899	1.39619e-12		1.80473265932	0.866	0.79	1.84194e-12
780   	2338.33	195.783		1.85763202323	0.976	0.909	1.35637e-12		1.82034087308	0.872	0.812	1.73838e-12
780   	2338.33	204.96		1.86856210698	0.978	0.918	1.32173e-12		1.83447485753	0.879	0.832	1.65181e-12
780   	2338.33	214.137		1.87850506115	0.98	0.926	1.29128e-12		1.84731076532	0.885	0.849	1.5785e-12
780   	2338.33	223.315		1.8875896305	0.981	0.933	1.26429e-12		1.85900375208	0.891	0.864	1.51574e-12
780   	2338.33	232.492		1.89592485596	0.983	0.939	1.24019e-12		1.86968974844	0.896	0.877	1.46145e-12
780   	2338.33	241.669		1.90360355315	0.984	0.945	1.21853e-12		1.87948749066	0.902	0.889	1.4141e-12
780   	2338.33	250.847		1.91070510929	0.985	0.95	1.19893e-12		1.88850056277	0.907	0.899	1.37246e-12
780   	2338.33	260.024		1.91729774184	0.986	0.954	1.18111e-12		1.89681932021	0.911	0.908	1.3356e-12
780   	2338.33	269.201		1.92344033109	0.987	0.958	1.16483e-12		1.90452263566	0.916	0.916	1.30275e-12
780   	2338.33	278.379		1.92918391438	0.988	0.961	1.14988e-12		1.91167944748	0.92	0.923	1.27332e-12
780   	2338.33	287.556		1.93457291047	0.989	0.964	1.13611e-12		1.91835011361	0.924	0.93	1.24681e-12
780   	2338.33	296.733		1.93964612767	0.989	0.967	1.12337e-12		1.9245875844	0.928	0.935	1.22281e-12
780   	2338.33	305.911		1.94443759803	0.99	0.969	1.11154e-12		1.93043841274	0.931	0.941	1.201e-12
780   	2338.33	315.088		1.94897727066	0.99	0.972	1.10054e-12		1.93594362114	0.934	0.945	1.1811e-12
780   	2338.33	324.265		1.95329159081	0.991	0.974	1.09027e-12		1.94113944465	0.937	0.949	1.16287e-12
780   	2338.33	333.443		1.95740398544	0.991	0.975	1.08065e-12		1.94605796696	0.94	0.953	1.14611e-12
780   	2338.33	342.62		1.96133527226	0.992	0.977	1.07163e-12		1.95072766514	0.943	0.957	1.13066e-12
780   	2338.33	351.797		1.96510400562	0.992	0.979	1.06315e-12		1.95517387656	0.945	0.96	1.11638e-12
780   	2338.33	360.975		1.96872677013	0.993	0.98	1.05516e-12		1.95941919953	0.947	0.963	1.10313e-12
780   	2338.33	370.152		1.97221843091	0.993	0.981	1.04761e-12		1.96348383761	0.95	0.965	1.09082e-12
780   	2338.33	379.329		1.97559234756	0.993	0.983	1.04047e-12		1.96738589608	0.952	0.968	1.07935e-12
780   	2338.33	388.507		1.9788605578	0.994	0.984	1.03371e-12		1.97114163762	0.954	0.97	1.06863e-12
780   	2338.33	397.684		1.9820339356	0.994	0.985	1.02729e-12		1.97476570342	0.956	0.972	1.0586e-12
780   	2338.33	406.861		1.98512232772	0.994	0.986	1.02119e-12		1.97827130452	0.957	0.974	1.0492e-12
780   	2338.33	416.039		1.98813467206	0.995	0.986	1.01538e-12		1.98167038814	0.959	0.975	1.04037e-12
780   	2338.33	425.216		1.99107910043	0.995	0.987	1.00984e-12		1.98497378213	0.961	0.977	1.03205e-12
780   	2338.33	434.393		1.99396302816	0.995	0.988	1.00456e-12		1.98819132116	0.962	0.978	1.02422e-12
780   	2338.33	443.57		1.9967932324	0.995	0.989	9.99513e-13		1.99133195676	0.963	0.98	1.01681e-12
780   	2338.33	452.748		1.99957592067	0.995	0.989	9.94683e-13		1.99440385383	0.965	0.981	1.00982e-12
780   	2338.33	461.925		2.00231679111	0.996	0.99	9.90059e-13		1.99741447527	0.966	0.982	1.00319e-12
780   	2338.33	471.102		2.00502108554	0.996	0.99	9.85625e-13		2.00037065638	0.967	0.983	9.96906e-13
780   	2338.33	480.28		2.00769363622	0.996	0.991	9.8137e-13		2.00327867052	0.968	0.984	9.90939e-13
780   	2338.33	489.457		2.01033890732	0.996	0.991	9.77283e-13		2.00614428696	0.969	0.985	9.85268e-13
780   	2338.33	498.634		2.01296103156	0.996	0.992	9.73353e-13		2.00897282218	0.97	0.986	9.79869e-13
780   	2338.33	507.812		2.0155638429	0.996	0.992	9.69572e-13		2.01176918527	0.971	0.986	9.74725e-13
780   	2338.33	516.989		2.01815090556	0.996	0.993	9.65931e-13		2.01453791835	0.972	0.987	9.69819e-13
780   	2338.33	526.166		2.02072553992	0.997	0.993	9.62421e-13		2.01728323242	0.973	0.988	9.65134e-13
780   	2338.33	535.344		2.0232908457	0.997	0.993	9.59035e-13		2.02000903947	0.974	0.989	9.60657e-13
780   	2338.33	544.521		2.02584972272	0.997	0.994	9.55768e-13		2.02271898104	0.975	0.989	9.56374e-13
780   	2338.33	553.698		2.02840488954	0.997	0.994	9.52611e-13		2.02541645387	0.976	0.99	9.52272e-13
780   	2338.33	562.876		2.03095890016	0.997	0.994	9.4956e-13		2.02810463282	0.976	0.99	9.48341e-13
780   	2338.33	572.053		2.03351415918	0.997	0.995	9.46609e-13		2.03078649155	0.977	0.991	9.44571e-13
780   	2338.33	581.23		2.03607293535	0.997	0.995	9.43752e-13		2.03346482105	0.978	0.991	9.40952e-13
780   	2338.33	590.408		2.03863737394	0.997	0.995	9.40986e-13		2.03614224634	0.979	0.992	9.37475e-13
780   	2338.33	599.585		2.04120950787	0.997	0.995	9.38306e-13		2.0388212416	0.979	0.992	9.34132e-13
780   	2449.44	149.896		1.78482573726	0.963	0.838	1.69612e-12		1.72578089457	0.841	0.664	2.66648e-12
780   	2449.44	159.074		1.80338272809	0.967	0.858	1.61647e-12		1.74927224737	0.846	0.702	2.4069e-12
780   	2449.44	168.251		1.81985423652	0.97	0.874	1.55086e-12		1.77039687564	0.852	0.736	2.20533e-12
780   	2449.44	177.428		1.83455422489	0.973	0.888	1.49587e-12		1.78940621134	0.859	0.765	2.04517e-12
780   	2449.44	186.606		1.84774159906	0.975	0.9	1.44907e-12		1.80653856939	0.866	0.791	1.91538e-12
780   	2449.44	195.783		1.85963098035	0.978	0.911	1.40875e-12		1.82201285072	0.872	0.813	1.80841e-12
780   	2449.44	204.96		1.87040124149	0.98	0.92	1.37361e-12		1.83602600567	0.879	0.833	1.71894e-12
780   	2449.44	214.137		1.88020227477	0.981	0.927	1.34269e-12		1.84875287219	0.885	0.85	1.64315e-12
780   	2449.44	223.315		1.88916036649	0.983	0.934	1.31526e-12		1.86034734521	0.891	0.865	1.57824e-12
780   	2449.44	232.492		1.89738247634	0.984	0.94	1.29073e-12		1.87094419219	0.896	0.878	1.52208e-12
780   	2449.44	241.669		1.90495965755	0.985	0.945	1.26867e-12		1.88066110012	0.902	0.889	1.47309e-12
780   	2449.44	250.847		1.91196980263	0.986	0.95	1.24869e-12		1.88960071904	0.907	0.899	1.43e-12
780   	2449.44	260.024		1.91847985829	0.987	0.954	1.23051e-12		1.89785257959	0.911	0.908	1.39184e-12
780   	2449.44	269.201		1.9245476213	0.988	0.958	1.21388e-12		1.90549482938	0.916	0.916	1.35784e-12
780   	2449.44	278.379		1.93022320218	0.989	0.961	1.19861e-12		1.91259577081	0.92	0.924	1.32737e-12
780   	2449.44	287.556		1.9355502242	0.989	0.964	1.18452e-12		1.91921520445	0.924	0.93	1.29993e-12
780   	2449.44	296.733		1.94056681055	0.99	0.967	1.17149e-12		1.92540559198	0.928	0.936	1.27508e-12
780   	2449.44	305.911		1.94530640112	0.991	0.97	1.15939e-12		1.93121305749	0.931	0.941	1.2525e-12
780   	2449.44	315.088		1.94979843155	0.991	0.972	1.14812e-12		1.93667824668	0.934	0.946	1.23189e-12
780   	2449.44	324.265		1.95406890022	0.992	0.974	1.13759e-12		1.94183706283	0.937	0.95	1.21302e-12
780   	2449.44	333.443		1.95814084401	0.992	0.976	1.12774e-12		1.94672129699	0.94	0.953	1.19567e-12
780   	2449.44	342.62		1.962034739 	0.993	0.977	1.11849e-12		1.95135916756	0.943	0.957	1.17967e-12
780   	2449.44	351.797		1.96576883936	0.993	0.979	1.10979e-12		1.9557757827	0.945	0.96	1.16488e-12
780   	2449.44	360.975		1.96935946524	0.993	0.98	1.10158e-12		1.95999353723	0.947	0.963	1.15117e-12
780   	2449.44	370.152		1.97282124801	0.994	0.981	1.09383e-12		1.96403245361	0.95	0.965	1.13843e-12
780   	2449.44	379.329		1.97616734017	0.994	0.983	1.0865e-12		1.96791047557	0.952	0.968	1.12655e-12
780   	2449.44	388.507		1.97940959539	0.994	0.984	1.07956e-12		1.97164372143	0.954	0.97	1.11546e-12
780   	2449.44	397.684		1.98255872367	0.995	0.985	1.07296e-12		1.97524670297	0.956	0.972	1.10508e-12
780   	2449.44	406.861		1.98562442537	0.995	0.986	1.06669e-12		1.97873251514	0.957	0.974	1.09535e-12
780   	2449.44	416.039		1.98861550726	0.995	0.987	1.06072e-12		1.98211300064	0.959	0.975	1.08621e-12
780   	2449.44	425.216		1.99153998356	0.995	0.987	1.05502e-12		1.98539889316	0.961	0.977	1.07761e-12
780   	2449.44	434.393		1.9944051638	0.995	0.988	1.04959e-12		1.98859994228	0.962	0.978	1.0695e-12
780   	2449.44	443.57		1.99721772981	0.996	0.989	1.0444e-12		1.99172502253	0.963	0.98	1.06184e-12
780   	2449.44	452.748		1.999983803 	0.996	0.989	1.03943e-12		1.99478222901	0.965	0.981	1.0546e-12
780   	2449.44	461.925		2.00270900362	0.996	0.99	1.03467e-12		1.99777896119	0.966	0.982	1.04775e-12
780   	2449.44	471.102		2.00539850285	0.996	0.99	1.0301e-12		2.0007219967	0.967	0.983	1.04125e-12
780   	2449.44	480.28		2.00805706878	0.996	0.991	1.02572e-12		2.00361755628	0.968	0.984	1.03508e-12
780   	2449.44	489.457		2.01068910721	0.996	0.991	1.02151e-12		2.00647136121	0.969	0.985	1.02922e-12
780   	2449.44	498.634		2.01329869765	0.997	0.992	1.01747e-12		2.00928868404	0.97	0.986	1.02364e-12
780   	2449.44	507.812		2.01588962548	0.997	0.992	1.01357e-12		2.01207439367	0.971	0.987	1.01832e-12
780   	2449.44	516.989		2.01846541048	0.997	0.993	1.00982e-12		2.01483299532	0.972	0.987	1.01325e-12
780   	2449.44	526.166		2.02102933233	0.997	0.993	1.0062e-12		2.01756866613	0.973	0.988	1.00841e-12
780   	2449.44	535.344		2.02358445342	0.997	0.993	1.00272e-12		2.02028528691	0.974	0.989	1.00379e-12
780   	2449.44	544.521		2.02613363929	0.997	0.994	9.99349e-13		2.0229864705	0.975	0.989	9.99361e-13
780   	2449.44	553.698		2.02867957693	0.997	0.994	9.96095e-13		2.02567558714	0.976	0.99	9.95125e-13
780   	2449.44	562.876		2.03122479129	0.997	0.994	9.9295e-13		2.02835578728	0.976	0.99	9.91065e-13
780   	2449.44	572.053		2.03377166015	0.997	0.995	9.89908e-13		2.03103002194	0.977	0.991	9.87172e-13
780   	2449.44	581.23		2.03632242752	0.997	0.995	9.86963e-13		2.03370106117	0.978	0.991	9.83435e-13
780   	2449.44	590.408		2.03887921575	0.998	0.995	9.8411e-13		2.0363715106	0.979	0.992	9.79845e-13
780   	2449.44	599.585		2.04144403655	0.998	0.995	9.81346e-13		2.03904382641	0.979	0.992	9.76394e-13
780   	2560.56	149.896		1.78764894482	0.966	0.841	1.75171e-12		1.72801293506	0.84	0.665	2.76251e-12
780   	2560.56	159.074		1.80593396317	0.969	0.86	1.6715e-12		1.75132555436	0.846	0.703	2.49543e-12
780   	2560.56	168.251		1.82216792246	0.972	0.876	1.60529e-12		1.77228650918	0.852	0.737	2.28782e-12
780   	2560.56	177.428		1.83666006123	0.975	0.89	1.5497e-12		1.79114735904	0.859	0.766	2.12273e-12
780   	2560.56	186.606		1.84966506066	0.977	0.902	1.50232e-12		1.80814568904	0.866	0.792	1.98885e-12
780   	2560.56	195.783		1.86139387797	0.979	0.912	1.46143e-12		1.82349926826	0.872	0.814	1.87845e-12
780   	2560.56	204.96		1.87202225899	0.981	0.921	1.42576e-12		1.8374037754	0.879	0.833	1.78607e-12
780   	2560.56	214.137		1.88169744917	0.983	0.928	1.39434e-12		1.85003277947	0.885	0.85	1.7078e-12
780   	2560.56	223.315		1.89054350209	0.984	0.935	1.36644e-12		1.86153898081	0.891	0.865	1.64073e-12
780   	2560.56	232.492		1.89866549526	0.985	0.941	1.34147e-12		1.87205605811	0.896	0.878	1.5827e-12
780   	2560.56	241.669		1.90615289351	0.986	0.946	1.31897e-12		1.8817007245	0.902	0.89	1.53206e-12
780   	2560.56	250.847		1.91308224588	0.987	0.951	1.2986e-12		1.8905747687	0.907	0.9	1.48752e-12
780   	2560.56	260.024		1.91951935952	0.988	0.955	1.28004e-12		1.89876696458	0.911	0.909	1.44807e-12
780   	2560.56	269.201		1.92552106147	0.989	0.959	1.26306e-12		1.90635479706	0.916	0.917	1.41292e-12
780   	2560.56	278.379		1.93113663408	0.99	0.962	1.24745e-12		1.91340598922	0.92	0.924	1.38141e-12
780   	2560.56	287.556		1.93640899083	0.99	0.965	1.23305e-12		1.91997983528	0.924	0.93	1.35303e-12
780   	2560.56	296.733		1.94137564437	0.991	0.967	1.21971e-12		1.92612835403	0.928	0.936	1.32734e-12
780   	2560.56	305.911		1.9460695075	0.991	0.97	1.20733e-12		1.93189728171	0.931	0.941	1.30399e-12
780   	2560.56	315.088		1.95051955917	0.992	0.972	1.19579e-12		1.93732692375	0.934	0.946	1.28267e-12
780   	2560.56	324.265		1.95475140077	0.992	0.974	1.185e-12		1.94245288438	0.937	0.95	1.26315e-12
780   	2560.56	333.443		1.95878772284	0.993	0.976	1.1749e-12		1.94730669117	0.94	0.954	1.24521e-12
780   	2560.56	342.62		1.96264869833	0.993	0.978	1.16541e-12		1.9519163299	0.943	0.957	1.22867e-12
780   	2560.56	351.797		1.96635231532	0.994	0.979	1.15649e-12		1.95630670293	0.945	0.96	1.21338e-12
780   	2560.56	360.975		1.96991465958	0.994	0.98	1.14807e-12		1.96050002245	0.947	0.963	1.1992e-12
780   	2560.56	370.152		1.97335015552	0.994	0.982	1.14012e-12		1.96451614859	0.95	0.966	1.18603e-12
780   	2560.56	379.329		1.97667177227	0.994	0.983	1.13259e-12		1.96837288042	0.952	0.968	1.17375e-12
780   	2560.56	388.507		1.97989120067	0.995	0.984	1.12546e-12		1.97208620703	0.954	0.97	1.16229e-12
780   	2560.56	397.684		1.98301900575	0.995	0.985	1.11868e-12		1.97567052452	0.956	0.972	1.15156e-12
780   	2560.56	406.861		1.98606475839	0.995	0.986	1.11224e-12		1.97913882406	0.957	0.974	1.1415e-12
780   	2560.56	416.039		1.98903714954	0.995	0.987	1.1061e-12		1.98250285503	0.959	0.975	1.13205e-12
780   	2560.56	425.216		1.99194408949	0.996	0.987	1.10025e-12		1.98577326707	0.961	0.977	1.12317e-12
780   	2560.56	434.393		1.99479279437	0.996	0.988	1.09467e-12		1.98895973385	0.962	0.978	1.11479e-12
780   	2560.56	443.57		1.99758986185	0.996	0.989	1.08932e-12		1.99207106127	0.963	0.98	1.10688e-12
780   	2560.56	452.748		2.00034133735	0.996	0.989	1.08421e-12		1.99511528221	0.965	0.981	1.0994e-12
780   	2560.56	461.925		2.00305277237	0.996	0.99	1.07932e-12		1.99809973968	0.966	0.982	1.09232e-12
780   	2560.56	471.102		2.00572927579	0.996	0.991	1.07462e-12		2.00103115992	0.967	0.983	1.08561e-12
780   	2560.56	480.28		2.00837555914	0.997	0.991	1.07011e-12		2.00391571688	0.968	0.984	1.07924e-12
780   	2560.56	489.457		2.01099597672	0.997	0.992	1.06578e-12		2.00675908912	0.969	0.985	1.07319e-12
780   	2560.56	498.634		2.01359456116	0.997	0.992	1.06162e-12		2.00956651015	0.97	0.986	1.06742e-12
780   	2560.56	507.812		2.01617505499	0.997	0.992	1.05761e-12		2.01234281313	0.971	0.987	1.06194e-12
780   	2560.56	516.989		2.01874093885	0.997	0.993	1.05375e-12		2.0150924705	0.972	0.987	1.0567e-12
780   	2560.56	526.166		2.02129545657	0.997	0.993	1.05002e-12		2.01781962931	0.973	0.988	1.05171e-12
780   	2560.56	535.344		2.02384163767	0.997	0.993	1.04643e-12		2.02052814268	0.974	0.989	1.04693e-12
780   	2560.56	544.521		2.02638231746	0.997	0.994	1.04296e-12		2.02322159797	0.975	0.989	1.04237e-12
780   	2560.56	553.698		2.02892015516	0.997	0.994	1.03961e-12		2.02590334194	0.976	0.99	1.038e-12
780   	2560.56	562.876		2.03145765014	0.998	0.994	1.03637e-12		2.0285765033	0.976	0.99	1.03381e-12
780   	2560.56	572.053		2.03399715658	0.998	0.995	1.03324e-12		2.03124401305	0.977	0.991	1.02979e-12
780   	2560.56	581.23		2.03654089668	0.998	0.995	1.0302e-12		2.03390862265	0.978	0.991	1.02594e-12
780   	2560.56	590.408		2.03909097265	0.998	0.995	1.02727e-12		2.03657292053	0.979	0.992	1.02224e-12
780   	2560.56	599.585		2.04164937754	0.998	0.995	1.02442e-12		2.0392393469	0.979	0.992	1.01868e-12
780   	2671.67	149.896		1.7901619997	0.968	0.843	1.80797e-12		1.73001916275	0.84	0.666	2.85873e-12
780   	2671.67	159.074		1.80820223627	0.972	0.862	1.72707e-12		1.75316784068	0.846	0.705	2.58407e-12
780   	2671.67	168.251		1.82422298907	0.974	0.878	1.66017e-12		1.77397942597	0.852	0.738	2.37037e-12
780   	2671.67	177.428		1.83852898571	0.977	0.891	1.6039e-12		1.79270529113	0.859	0.767	2.20032e-12
780   	2671.67	186.606		1.85137094541	0.979	0.903	1.55588e-12		1.80958215176	0.866	0.792	2.06233e-12
780   	2671.67	195.783		1.86295642953	0.981	0.913	1.51439e-12		1.82482660902	0.872	0.814	1.94849e-12
780   	2671.67	204.96		1.87345830956	0.982	0.921	1.47815e-12		1.83863309225	0.879	0.834	1.8532e-12
780   	2671.67	214.137		1.88302141261	0.984	0.929	1.4462e-12		1.85117395437	0.885	0.851	1.77243e-12
780   	2671.67	223.315		1.89176776165	0.985	0.936	1.4178e-12		1.86260076807	0.891	0.865	1.70321e-12
780   	2671.67	232.492		1.89980072858	0.986	0.941	1.39236e-12		1.87304619459	0.896	0.878	1.64331e-12
780   	2671.67	241.669		1.907208343 	0.987	0.947	1.36943e-12		1.88262604371	0.902	0.89	1.59102e-12
780   	2671.67	250.847		1.91406594297	0.988	0.951	1.34864e-12		1.8914413096	0.907	0.9	1.54503e-12
780   	2671.67	260.024		1.92043831052	0.989	0.955	1.3297e-12		1.89958007097	0.911	0.909	1.50429e-12
780   	2671.67	269.201		1.92638140178	0.99	0.959	1.31235e-12		1.9071192062	0.916	0.917	1.46798e-12
780   	2671.67	278.379		1.93194375645	0.99	0.962	1.29639e-12		1.91412590966	0.92	0.924	1.43544e-12
780   	2671.67	287.556		1.93716765229	0.991	0.965	1.28167e-12		1.92065901453	0.924	0.93	1.40612e-12
780   	2671.67	296.733		1.94209005573	0.992	0.968	1.26803e-12		1.92677013723	0.928	0.936	1.37958e-12
780   	2671.67	305.911		1.94674340846	0.992	0.97	1.25535e-12		1.93250466224	0.931	0.941	1.35546e-12
780   	2671.67	315.088		1.95115628164	0.993	0.972	1.24353e-12		1.93790258687	0.934	0.946	1.33345e-12
780   	2671.67	324.265		1.95535392239	0.993	0.974	1.23248e-12		1.94299924492	0.937	0.95	1.31328e-12
780   	2671.67	333.443		1.95935871244	0.993	0.976	1.22213e-12		1.94782592602	0.94	0.954	1.29475e-12
780   	2671.67	342.62		1.96319055463	0.994	0.978	1.2124e-12		1.95241040612	0.943	0.957	1.27767e-12
780   	2671.67	351.797		1.96686720003	0.994	0.979	1.20325e-12		1.95677740205	0.945	0.96	1.26188e-12
780   	2671.67	360.975		1.97040452582	0.994	0.981	1.19462e-12		1.96094896164	0.947	0.963	1.24724e-12
780   	2671.67	370.152		1.97381677225	0.995	0.982	1.18646e-12		1.96494479896	0.95	0.966	1.23363e-12
780   	2671.67	379.329		1.97711674539	0.995	0.983	1.17873e-12		1.96878258303	0.952	0.968	1.22095e-12
780   	2671.67	388.507		1.98031599137	0.995	0.984	1.17141e-12		1.97247818686	0.954	0.97	1.20911e-12
780   	2671.67	397.684		1.98342494634	0.995	0.985	1.16445e-12		1.97604590273	0.956	0.972	1.19804e-12
780   	2671.67	406.861		1.98645306621	0.996	0.986	1.15784e-12		1.97949862869	0.957	0.974	1.18766e-12
780   	2671.67	416.039		1.98940893908	0.996	0.987	1.15153e-12		1.98284803047	0.959	0.976	1.1779e-12
780   	2671.67	425.216		1.99230038299	0.996	0.987	1.14552e-12		1.98610468238	0.961	0.977	1.16873e-12
780   	2671.67	434.393		1.99513453119	0.996	0.988	1.13978e-12		1.98927819011	0.962	0.978	1.16008e-12
780   	2671.67	443.57		1.99791790665	0.996	0.989	1.13429e-12		1.99237729811	0.963	0.98	1.15192e-12
780   	2671.67	452.748		2.00065648742	0.996	0.989	1.12904e-12		1.99540998361	0.965	0.981	1.14421e-12
780   	2671.67	461.925		2.00335576404	0.997	0.99	1.12401e-12		1.99838353908	0.966	0.982	1.1369e-12
780   	2671.67	471.102		2.00602079016	0.997	0.991	1.11918e-12		2.00130464486	0.967	0.983	1.12998e-12
780   	2671.67	480.28		2.00865622715	0.997	0.991	1.11454e-12		2.00417943305	0.968	0.984	1.12341e-12
780   	2671.67	489.457		2.0112663837	0.997	0.992	1.11009e-12		2.00701354406	0.969	0.985	1.11717e-12
780   	2671.67	498.634		2.01385525088	0.997	0.992	1.1058e-12		2.00981217653	0.97	0.986	1.11122e-12
780   	2671.67	507.812		2.0164265333	0.997	0.992	1.10168e-12		2.0125801317	0.971	0.987	1.10557e-12
780   	2671.67	516.989		2.01898367691	0.997	0.993	1.09771e-12		2.01532185276	0.972	0.987	1.10017e-12
780   	2671.67	526.166		2.02152989381	0.997	0.993	1.09388e-12		2.01804145989	0.973	0.988	1.09502e-12
780   	2671.67	535.344		2.02406818438	0.997	0.993	1.09018e-12		2.02074278155	0.974	0.989	1.0901e-12
780   	2671.67	544.521		2.02660135722	0.998	0.994	1.08661e-12		2.02342938235	0.975	0.989	1.08539e-12
780   	2671.67	553.698		2.02913204694	0.998	0.994	1.08316e-12		2.02610458809	0.976	0.99	1.08089e-12
780   	2671.67	562.876		2.03166273027	0.998	0.994	1.07983e-12		2.02877150816	0.976	0.99	1.07657e-12
780   	2671.67	572.053		2.0341957405	0.998	0.995	1.0766e-12		2.03143305566	0.977	0.991	1.07243e-12
780   	2671.67	581.23		2.03673328055	0.998	0.995	1.07348e-12		2.03409196551	0.978	0.991	1.06846e-12
780   	2671.67	590.408		2.03927743481	0.998	0.995	1.07045e-12		2.03675081082	0.979	0.992	1.06465e-12
780   	2671.67	599.585		2.04183017982	0.998	0.995	1.06752e-12		2.03941201758	0.979	0.992	1.06098e-12
780   	2782.78	149.896		1.79240847472	0.97	0.845	1.8648e-12		1.73182892585	0.84	0.667	2.95509e-12
780   	2782.78	159.074		1.8102277329	0.973	0.863	1.7831e-12		1.75482699395	0.846	0.706	2.67279e-12
780   	2782.78	168.251		1.82605648468	0.976	0.879	1.71542e-12		1.77550197751	0.852	0.739	2.45297e-12
780   	2782.78	177.428		1.84019517856	0.978	0.892	1.65842e-12		1.79410482653	0.859	0.768	2.27793e-12
780   	2782.78	186.606		1.85289083007	0.98	0.904	1.60972e-12		1.81087129358	0.866	0.793	2.13582e-12
780   	2782.78	195.783		1.86434785679	0.982	0.914	1.56759e-12		1.82601680075	0.872	0.815	2.01853e-12
780   	2782.78	204.96		1.87473648772	0.984	0.922	1.53075e-12		1.83973456196	0.879	0.834	1.92032e-12
780   	2782.78	214.137		1.88419933801	0.985	0.93	1.49825e-12		1.85219577052	0.885	0.851	1.83706e-12
780   	2782.78	223.315		1.89285658072	0.986	0.936	1.46932e-12		1.86355093731	0.891	0.866	1.76568e-12
780   	2782.78	232.492		1.90081003876	0.987	0.942	1.4434e-12		1.87393177377	0.896	0.879	1.7039e-12
780   	2782.78	241.669		1.90814644165	0.988	0.947	1.42002e-12		1.88345325169	0.902	0.89	1.64996e-12
780   	2782.78	250.847		1.91494003276	0.989	0.952	1.3988e-12		1.89221563173	0.907	0.9	1.60252e-12
780   	2782.78	260.024		1.92125466906	0.99	0.956	1.37946e-12		1.90030635329	0.911	0.909	1.56049e-12
780   	2782.78	269.201		1.92714552198	0.991	0.959	1.36173e-12		1.90780173871	0.916	0.917	1.52302e-12
780   	2782.78	278.379		1.93266046293	0.991	0.962	1.34543e-12		1.91476849883	0.92	0.924	1.48945e-12
780   	2782.78	287.556		1.93784119827	0.992	0.965	1.33037e-12		1.92126504617	0.924	0.931	1.45919e-12
780   	2782.78	296.733		1.94272420392	0.992	0.968	1.31641e-12		1.92734263067	0.928	0.936	1.43181e-12
780   	2782.78	305.911		1.94734149892	0.993	0.97	1.30344e-12		1.93304631696	0.931	0.941	1.40692e-12
780   	2782.78	315.088		1.95172128882	0.993	0.972	1.29134e-12		1.93841582259	0.934	0.946	1.38421e-12
780   	2782.78	324.265		1.95588850339	0.993	0.974	1.28002e-12		1.94348623608	0.937	0.95	1.36341e-12
780   	2782.78	333.443		1.95986524785	0.994	0.976	1.26942e-12		1.94828863156	0.94	0.954	1.34429e-12
780   	2782.78	342.62		1.96367118337	0.994	0.978	1.25945e-12		1.95285059507	0.943	0.957	1.32666e-12
780   	2782.78	351.797		1.96732384907	0.994	0.979	1.25007e-12		1.95719667574	0.945	0.96	1.31037e-12
780   	2782.78	360.975		1.97083893565	0.995	0.981	1.24121e-12		1.96134877287	0.947	0.963	1.29527e-12
780   	2782.78	370.152		1.9742305188	0.995	0.982	1.23285e-12		1.96532646873	0.95	0.966	1.28123e-12
780   	2782.78	379.329		1.977511259 	0.995	0.983	1.22492e-12		1.96914731502	0.952	0.968	1.26815e-12
780   	2782.78	388.507		1.98069257313	0.995	0.984	1.21741e-12		1.97282708014	0.954	0.97	1.25594e-12
780   	2782.78	397.684		1.98378478236	0.996	0.985	1.21027e-12		1.9763799628	0.956	0.972	1.24452e-12
780   	2782.78	406.861		1.98679724  	0.996	0.986	1.20347e-12		1.97981877724	0.957	0.974	1.23382e-12
780   	2782.78	416.039		1.98973844242	0.996	0.987	1.197e-12		1.9831551139	0.959	0.976	1.22376e-12
780   	2782.78	425.216		1.99261612541	0.996	0.988	1.19083e-12		1.98639947933	0.961	0.977	1.2143e-12
780   	2782.78	434.393		1.9954373483	0.996	0.988	1.18493e-12		1.98956141812	0.962	0.978	1.20539e-12
780   	2782.78	443.57		1.99820856754	0.997	0.989	1.1793e-12		1.9926496195	0.963	0.98	1.19698e-12
780   	2782.78	452.748		2.00093570112	0.997	0.99	1.1739e-12		1.99567201068	0.965	0.981	1.18903e-12
780   	2782.78	461.925		2.00362418529	0.997	0.99	1.16873e-12		1.9986358388	0.966	0.982	1.1815e-12
780   	2782.78	471.102		2.00627902449	0.997	0.991	1.16377e-12		2.00154774294	0.967	0.983	1.17437e-12
780   	2782.78	480.28		2.00890483544	0.997	0.991	1.159e-12		2.00441381768	0.968	0.984	1.16759e-12
780   	2782.78	489.457		2.01150588623	0.997	0.992	1.15443e-12		2.0072396692	0.969	0.985	1.16116e-12
780   	2782.78	498.634		2.01408613092	0.997	0.992	1.15002e-12		2.01003046488	0.97	0.986	1.15504e-12
780   	2782.78	507.812		2.01664924037	0.997	0.992	1.14578e-12		2.01279097734	0.971	0.987	1.14921e-12
780   	2782.78	516.989		2.01919862968	0.997	0.993	1.1417e-12		2.01552562354	0.972	0.987	1.14365e-12
780   	2782.78	526.166		2.02173748268	0.998	0.993	1.13776e-12		2.01823849962	0.973	0.988	1.13835e-12
780   	2782.78	535.344		2.02426877388	0.998	0.994	1.13396e-12		2.02093341189	0.974	0.989	1.13328e-12
780   	2782.78	544.521		2.02679528806	0.998	0.994	1.13029e-12		2.02361390463	0.975	0.989	1.12844e-12
780   	2782.78	553.698		2.02931963799	0.998	0.994	1.12674e-12		2.02628328486	0.976	0.99	1.1238e-12
780   	2782.78	562.876		2.03184428025	0.998	0.994	1.12331e-12		2.02894464466	0.976	0.99	1.11936e-12
780   	2782.78	572.053		2.03437152955	0.998	0.995	1.11999e-12		2.03160088111	0.977	0.991	1.1151e-12
780   	2782.78	581.23		2.03690357168	0.998	0.995	1.11678e-12		2.03425471436	0.978	0.991	1.11101e-12
780   	2782.78	590.408		2.03944247517	0.998	0.995	1.11366e-12		2.03690870376	0.979	0.992	1.10709e-12
780   	2782.78	599.585		2.04199020189	0.998	0.995	1.11064e-12		2.03956526261	0.979	0.992	1.10331e-12
780   	2893.89	149.896		1.79442460937	0.972	0.846	1.92212e-12		1.73346698338	0.84	0.668	3.05157e-12
780   	2893.89	159.074		1.81204379024	0.975	0.865	1.83953e-12		1.75632646194	0.846	0.706	2.76158e-12
780   	2893.89	168.251		1.82769908158	0.978	0.88	1.77101e-12		1.77687625937	0.852	0.739	2.53561e-12
780   	2893.89	177.428		1.84168689095	0.98	0.893	1.71322e-12		1.79536672852	0.859	0.768	2.35555e-12
780   	2893.89	186.606		1.85425077823	0.982	0.904	1.66379e-12		1.81203259978	0.866	0.794	2.20932e-12
780   	2893.89	195.783		1.86559225179	0.983	0.914	1.62099e-12		1.82708812274	0.872	0.815	2.08857e-12
780   	2893.89	204.96		1.87587910969	0.985	0.923	1.58353e-12		1.84072533727	0.879	0.835	1.98744e-12
780   	2893.89	214.137		1.88525194126	0.986	0.93	1.55045e-12		1.85311433488	0.885	0.851	1.90167e-12
780   	2893.89	223.315		1.89382923111	0.987	0.937	1.52098e-12		1.86440462819	0.891	0.866	1.82813e-12
780   	2893.89	232.492		1.9017113923	0.988	0.942	1.49456e-12		1.87472704239	0.896	0.879	1.76448e-12
780   	2893.89	241.669		1.90898397361	0.989	0.947	1.47071e-12		1.88419577162	0.902	0.89	1.70889e-12
780   	2893.89	250.847		1.9157202261	0.99	0.952	1.44907e-12		1.89291039874	0.907	0.9	1.65999e-12
780   	2893.89	260.024		1.92198316952	0.991	0.956	1.42931e-12		1.90095777444	0.911	0.909	1.61667e-12
780   	2893.89	269.201		1.92782726602	0.991	0.959	1.41121e-12		1.90841371035	0.916	0.917	1.57806e-12
780   	2893.89	278.379		1.93329978366	0.992	0.963	1.39454e-12		1.91534447432	0.92	0.924	1.54345e-12
780   	2893.89	287.556		1.93844191344	0.992	0.966	1.37914e-12		1.92180809417	0.924	0.931	1.51226e-12
780   	2893.89	296.733		1.94328968928	0.993	0.968	1.36487e-12		1.92785548528	0.928	0.936	1.48404e-12
780   	2893.89	305.911		1.94787474963	0.993	0.971	1.35159e-12		1.93353142067	0.931	0.941	1.45838e-12
780   	2893.89	315.088		1.95222497112	0.994	0.973	1.3392e-12		1.93887536322	0.934	0.946	1.43497e-12
780   	2893.89	324.265		1.9563649981	0.994	0.975	1.32762e-12		1.9439221784	0.937	0.95	1.41352e-12
780   	2893.89	333.443		1.96031668734	0.994	0.976	1.31675e-12		1.94870274452	0.94	0.954	1.39382e-12
780   	2893.89	342.62		1.96409948289	0.995	0.978	1.30655e-12		1.95324447531	0.943	0.957	1.37565e-12
780   	2893.89	351.797		1.96773073357	0.995	0.979	1.29693e-12		1.95757176777	0.945	0.96	1.35886e-12
780   	2893.89	360.975		1.97122596276	0.995	0.981	1.28786e-12		1.96170638665	0.947	0.963	1.3433e-12
780   	2893.89	370.152		1.97459909852	0.995	0.982	1.27928e-12		1.96566779484	0.95	0.966	1.32883e-12
780   	2893.89	379.329		1.97786267076	0.996	0.983	1.27115e-12		1.96947343791	0.952	0.968	1.31536e-12
780   	2893.89	388.507		1.98102798051	0.996	0.984	1.26344e-12		1.97313898959	0.954	0.97	1.30278e-12
780   	2893.89	397.684		1.98410524589	0.996	0.985	1.25612e-12		1.97667856407	0.956	0.972	1.29102e-12
780   	2893.89	406.861		1.98710372831	0.996	0.986	1.24915e-12		1.98010489984	0.957	0.974	1.27999e-12
780   	2893.89	416.039		1.99003184195	0.996	0.987	1.24251e-12		1.98342951936	0.959	0.976	1.26963e-12
780   	2893.89	425.216		1.99289724896	0.997	0.988	1.23617e-12		1.98666286802	0.961	0.977	1.25989e-12
780   	2893.89	434.393		1.99570694253	0.997	0.988	1.23012e-12		1.98981443528	0.962	0.979	1.25071e-12
780   	2893.89	443.57		1.99846731954	0.997	0.989	1.22434e-12		1.99289286057	0.963	0.98	1.24205e-12
780   	2893.89	452.748		2.00118424425	0.997	0.99	1.21879e-12		1.99590602601	0.965	0.981	1.23386e-12
780   	2893.89	461.925		2.00386310433	0.997	0.99	1.21348e-12		1.99886113786	0.966	0.982	1.22611e-12
780   	2893.89	471.102		2.00650886022	0.997	0.991	1.20839e-12		2.00176479806	0.967	0.983	1.21876e-12
780   	2893.89	480.28		2.0091260887	0.997	0.991	1.2035e-12		2.0046230674	0.968	0.984	1.21179e-12
780   	2893.89	489.457		2.01171902154	0.997	0.992	1.19879e-12		2.00744152121	0.969	0.985	1.20517e-12
780   	2893.89	498.634		2.01429157974	0.997	0.992	1.19427e-12		2.01022529873	0.97	0.986	1.19887e-12
780   	2893.89	507.812		2.01684740397	0.998	0.992	1.18991e-12		2.01297914684	0.971	0.987	1.19288e-12
780   	2893.89	516.989		2.01938988177	0.998	0.993	1.18572e-12		2.0157074589	0.972	0.987	1.18716e-12
780   	2893.89	526.166		2.02192217171	0.998	0.993	1.18167e-12		2.01841430939	0.973	0.988	1.1817e-12
780   	2893.89	535.344		2.02444722514	0.998	0.994	1.17776e-12		2.02110348475	0.974	0.989	1.17649e-12
780   	2893.89	544.521		2.02696780563	0.998	0.994	1.17399e-12		2.02377851094	0.975	0.989	1.1715e-12
780   	2893.89	553.698		2.02948650638	0.998	0.994	1.17034e-12		2.02644267813	0.976	0.99	1.16673e-12
780   	2893.89	562.876		2.03200576599	0.998	0.994	1.16682e-12		2.0290990628	0.976	0.99	1.16216e-12
780   	2893.89	572.053		2.03452788259	0.998	0.995	1.1634e-12		2.03175054768	0.977	0.991	1.15778e-12
780   	2893.89	581.23		2.03705502664	0.998	0.995	1.1601e-12		2.03439983959	0.978	0.991	1.15358e-12
780   	2893.89	590.408		2.03958925252	0.998	0.995	1.1569e-12		2.03704948558	0.979	0.992	1.14954e-12
780   	2893.89	599.585		2.04213250901	0.998	0.995	1.1538e-12		2.03970188749	0.979	0.992	1.14567e-12
780   	3005  	149.896		1.79624072829	0.974	0.848	1.97987e-12		1.73495433368	0.84	0.669	3.14814e-12
780   	3005  	159.074		1.8136782414	0.977	0.866	1.8963e-12		1.75768606999	0.846	0.707	2.85041e-12
780   	3005  	168.251		1.82917634183	0.979	0.881	1.82688e-12		1.7781209069	0.852	0.74	2.61826e-12
780   	3005  	177.428		1.84302763252	0.981	0.894	1.76827e-12		1.79650847237	0.859	0.769	2.43319e-12
780   	3005  	186.606		1.85547245259	0.983	0.905	1.71807e-12		1.81308244123	0.865	0.794	2.28281e-12
780   	3005  	195.783		1.86670961788	0.985	0.915	1.67457e-12		1.82805590953	0.872	0.816	2.1586e-12
780   	3005  	204.96		1.87690468802	0.986	0.923	1.63647e-12		1.84161978887	0.879	0.835	2.05454e-12
780   	3005  	214.137		1.88619639417	0.987	0.931	1.60278e-12		1.85394312641	0.885	0.852	1.96627e-12
780   	3005  	223.315		1.89470167692	0.988	0.937	1.57277e-12		1.86517449729	0.891	0.866	1.89058e-12
780   	3005  	232.492		1.90251966316	0.989	0.943	1.54584e-12		1.87544389971	0.896	0.879	1.82504e-12
780   	3005  	241.669		1.90973482669	0.99	0.948	1.52151e-12		1.88486480571	0.902	0.891	1.76781e-12
780   	3005  	250.847		1.9164195166	0.991	0.952	1.49942e-12		1.89353617116	0.907	0.901	1.71746e-12
780   	3005  	260.024		1.92263599272	0.991	0.956	1.47925e-12		1.90154430379	0.912	0.91	1.67285e-12
780   	3005  	269.201		1.92843807416	0.992	0.96	1.46076e-12		1.90896454541	0.916	0.917	1.63308e-12
780   	3005  	278.379		1.93387248258	0.992	0.963	1.44373e-12		1.91586275713	0.92	0.925	1.59744e-12
780   	3005  	287.556		1.93897994264	0.993	0.966	1.42798e-12		1.92229661427	0.924	0.931	1.56532e-12
780   	3005  	296.733		1.94379608866	0.993	0.968	1.41338e-12		1.92831672604	0.928	0.936	1.53626e-12
780   	3005  	305.911		1.94835221524	0.994	0.971	1.3998e-12		1.93396759901	0.931	0.942	1.50983e-12
780   	3005  	315.088		1.952675902 	0.994	0.973	1.38712e-12		1.93928846356	0.934	0.946	1.48572e-12
780   	3005  	324.265		1.95679153576	0.994	0.975	1.37527e-12		1.94431398181	0.937	0.95	1.46364e-12
780   	3005  	333.443		1.96072074918	0.995	0.976	1.36414e-12		1.94907485371	0.94	0.954	1.44335e-12
780   	3005  	342.62		1.96448279061	0.995	0.978	1.35369e-12		1.95359833609	0.943	0.957	1.42465e-12
780   	3005  	351.797		1.96809483739	0.995	0.979	1.34384e-12		1.95790868767	0.945	0.96	1.40736e-12
780   	3005  	360.975		1.97157226215	0.995	0.981	1.33454e-12		1.96202755086	0.947	0.963	1.39133e-12
780   	3005  	370.152		1.97492886006	0.996	0.982	1.32575e-12		1.96597428013	0.95	0.966	1.37644e-12
780   	3005  	379.329		1.97817704348	0.996	0.983	1.31742e-12		1.9697662247	0.952	0.968	1.36257e-12
780   	3005  	388.507		1.9813280092	0.996	0.984	1.30952e-12		1.97341897246	0.954	0.97	1.34963e-12
780   	3005  	397.684		1.98439188262	0.996	0.985	1.30201e-12		1.9769465609	0.956	0.972	1.33752e-12
780   	3005  	406.861		1.98737784252	0.996	0.986	1.29486e-12		1.98036165988	0.957	0.974	1.32617e-12
780   	3005  	416.039		1.99029422919	0.997	0.987	1.28805e-12		1.98367573028	0.959	0.976	1.31551e-12
780   	3005  	425.216		1.99314863857	0.997	0.988	1.28155e-12		1.98689916209	0.961	0.977	1.30548e-12
780   	3005  	434.393		1.9959480044	0.997	0.988	1.27534e-12		1.99004139487	0.962	0.979	1.29604e-12
780   	3005  	443.57		1.99869867005	0.997	0.989	1.2694e-12		1.99311102297	0.963	0.98	1.28713e-12
780   	3005  	452.748		2.0014064515	0.997	0.99	1.26372e-12		1.99611588775	0.965	0.981	1.2787e-12
780   	3005  	461.925		2.00407669279	0.997	0.99	1.25827e-12		1.99906315847	0.966	0.982	1.27073e-12
780   	3005  	471.102		2.00671431483	0.997	0.991	1.25304e-12		2.0019594035	0.967	0.983	1.26318e-12
780   	3005  	480.28		2.00932385857	0.997	0.991	1.24802e-12		2.00481065307	0.968	0.984	1.25601e-12
780   	3005  	489.457		2.01190952316	0.998	0.992	1.24319e-12		2.00762245467	0.969	0.985	1.2492e-12
780   	3005  	498.634		2.0144751999	0.998	0.992	1.23854e-12		2.0103999221	0.97	0.986	1.24273e-12
780   	3005  	507.812		2.01702450241	0.998	0.992	1.23407e-12		2.01314777897	0.971	0.987	1.23656e-12
780   	3005  	516.989		2.01956079343	0.998	0.993	1.22976e-12		2.01587039736	0.972	0.987	1.23068e-12
780   	3005  	526.166		2.02208720891	0.998	0.993	1.2256e-12		2.0185718322	0.973	0.988	1.22507e-12
780   	3005  	535.344		2.02460667944	0.998	0.994	1.22159e-12		2.02125585195	0.974	0.989	1.21971e-12
780   	3005  	544.521		2.02712194949	0.998	0.994	1.21772e-12		2.02392596608	0.975	0.989	1.21459e-12
780   	3005  	553.698		2.02963559477	0.998	0.994	1.21397e-12		2.0265854495	0.976	0.99	1.20968e-12
780   	3005  	562.876		2.03215003772	0.998	0.994	1.21035e-12		2.02923736469	0.976	0.99	1.20499e-12
780   	3005  	572.053		2.0346675616	0.998	0.995	1.20684e-12		2.03188458137	0.977	0.991	1.20049e-12
780   	3005  	581.23		2.03719032314	0.998	0.995	1.20345e-12		2.03452979437	0.978	0.991	1.19617e-12
780   	3005  	590.408		2.03972036402	0.998	0.995	1.20016e-12		2.03717553963	0.979	0.992	1.19202e-12
780   	3005  	599.585		2.04225962128	0.998	0.995	1.19697e-12		2.03982420868	0.979	0.992	1.18804e-12
800   	2005  	149.896		1.77409980679	0.949	0.828	1.50065e-12		1.72113968695	0.844	0.67	2.25448e-12
800   	2005  	159.074		1.79390232168	0.954	0.85	1.42209e-12		1.74528300825	0.85	0.709	2.0348e-12
800   	2005  	168.251		1.81144785303	0.958	0.868	1.35797e-12		1.76695857981	0.856	0.743	1.86459e-12
800   	2005  	177.428		1.82707434444	0.962	0.883	1.30464e-12		1.78643127254	0.863	0.772	1.72953e-12
800   	2005  	186.606		1.84106245964	0.965	0.896	1.25959e-12		1.80395294193	0.869	0.797	1.62015e-12
800   	2005  	195.783		1.85364578502	0.968	0.907	1.221e-12		1.81975477839	0.876	0.819	1.53003e-12
800   	2005  	204.96		1.86501937736	0.971	0.917	1.18755e-12		1.83404432224	0.882	0.838	1.45466e-12
800   	2005  	214.137		1.87534678584	0.973	0.925	1.15827e-12		1.84700528566	0.888	0.855	1.39081e-12
800   	2005  	223.315		1.88476575805	0.975	0.932	1.13241e-12		1.8587988878	0.894	0.869	1.33611e-12
800   	2005  	232.492		1.89339285263	0.977	0.939	1.10939e-12		1.86956589367	0.9	0.882	1.28876e-12
800   	2005  	241.669		1.90132716273	0.979	0.944	1.08875e-12		1.87942888494	0.905	0.893	1.24743e-12
800   	2005  	250.847		1.90865332447	0.98	0.949	1.07013e-12		1.88849450414	0.91	0.903	1.21107e-12
800   	2005  	260.024		1.91544395384	0.981	0.954	1.05324e-12		1.89685554279	0.915	0.912	1.17885e-12
800   	2005  	269.201		1.92176162709	0.983	0.958	1.03785e-12		1.90459281846	0.919	0.92	1.15013e-12
800   	2005  	278.379		1.92766049674	0.984	0.961	1.02374e-12		1.91177682681	0.923	0.927	1.12437e-12
800   	2005  	287.556		1.93318761573	0.985	0.964	1.01078e-12		1.91846917681	0.927	0.933	1.10115e-12
800   	2005  	296.733		1.93838402731	0.986	0.967	9.98806e-13		1.9247238273	0.93	0.939	1.08011e-12
800   	2005  	305.911		1.9432856661	0.986	0.969	9.87717e-13		1.93058814698	0.934	0.943	1.06098e-12
800   	2005  	315.088		1.94792410635	0.987	0.972	9.77413e-13		1.93610382066	0.937	0.948	1.04351e-12
800   	2005  	324.265		1.95232718603	0.988	0.974	9.67809e-13		1.94130762282	0.94	0.952	1.0275e-12
800   	2005  	333.443		1.95651952954	0.989	0.976	9.58834e-13		1.94623207804	0.942	0.956	1.01277e-12
800   	2005  	342.62		1.96052298737	0.989	0.977	9.50425e-13		1.95090602482	0.945	0.959	9.99182e-13
800   	2005  	351.797		1.9643570074	0.99	0.979	9.42529e-13		1.95535509774	0.947	0.962	9.86607e-13
800   	2005  	360.975		1.96803894961	0.99	0.98	9.35097e-13		1.95960214013	0.95	0.965	9.74939e-13
800   	2005  	370.152		1.97158435386	0.991	0.982	9.28089e-13		1.96366755816	0.952	0.967	9.64085e-13
800   	2005  	379.329		1.9750071686	0.991	0.983	9.21468e-13		1.96756962495	0.954	0.969	9.53963e-13
800   	2005  	388.507		1.97831994683	0.992	0.984	9.152e-13		1.97132474261	0.956	0.971	9.44504e-13
800   	2005  	397.684		1.98153401458	0.992	0.985	9.09258e-13		1.97494766827	0.957	0.973	9.35645e-13
800   	2005  	406.861		1.9846596162	0.992	0.986	9.03615e-13		1.97845170966	0.959	0.975	9.27332e-13
800   	2005  	416.039		1.98770604014	0.993	0.987	8.98249e-13		1.98184889463	0.961	0.977	9.19516e-13
800   	2005  	425.216		1.990681728 	0.993	0.987	8.93139e-13		1.98515011848	0.962	0.978	9.12155e-13
800   	2005  	434.393		1.99359436951	0.993	0.988	8.88265e-13		1.98836527221	0.964	0.979	9.0521e-13
800   	2005  	443.57		1.99645098538	0.994	0.989	8.83612e-13		1.99150335451	0.965	0.981	8.98649e-13
800   	2005  	452.748		1.99925799979	0.994	0.989	8.79163e-13		1.99457256977	0.966	0.982	8.9244e-13
800   	2005  	461.925		2.002021304 	0.994	0.99	8.74906e-13		1.9975804139	0.967	0.983	8.86555e-13
800   	2005  	471.102		2.00474631228	0.994	0.991	8.70827e-13		2.00053374985	0.969	0.984	8.80972e-13
800   	2005  	480.28		2.00743801122	0.994	0.991	8.66915e-13		2.00343887402	0.97	0.985	8.75666e-13
800   	2005  	489.457		2.01010100332	0.995	0.992	8.6316e-13		2.00630157497	0.971	0.986	8.70619e-13
800   	2005  	498.634		2.01273954553	0.995	0.992	8.59551e-13		2.00912718518	0.972	0.986	8.65812e-13
800   	2005  	507.812		2.01535758356	0.995	0.992	8.56081e-13		2.01192062708	0.973	0.987	8.61229e-13
800   	2005  	516.989		2.01795878231	0.995	0.993	8.5274e-13		2.01468645377	0.974	0.988	8.56853e-13
800   	2005  	526.166		2.02054655303	0.995	0.993	8.49522e-13		2.01742888533	0.974	0.989	8.52673e-13
800   	2005  	535.344		2.02312407757	0.996	0.994	8.46419e-13		2.02015184115	0.975	0.989	8.48675e-13
800   	2005  	544.521		2.02569433011	0.996	0.994	8.43425e-13		2.0228589688	0.976	0.99	8.44847e-13
800   	2005  	553.698		2.02826009659	0.996	0.994	8.40535e-13		2.02555366985	0.977	0.99	8.4118e-13
800   	2005  	562.876		2.03082399224	0.996	0.994	8.37742e-13		2.02823912301	0.978	0.991	8.37662e-13
800   	2005  	572.053		2.03338847725	0.996	0.995	8.35042e-13		2.03091830493	0.978	0.991	8.34287e-13
800   	2005  	581.23		2.03595587105	0.996	0.995	8.32429e-13		2.03359400887	0.979	0.992	8.31044e-13
800   	2005  	590.408		2.03852836503	0.996	0.995	8.299e-13		2.03626886153	0.98	0.992	8.27927e-13
800   	2005  	599.585		2.04110803424	0.997	0.995	8.27451e-13		2.03894533825	0.98	0.993	8.24928e-13
800   	2116.11	149.896		1.7788249618	0.953	0.834	1.55286e-12		1.72471498206	0.844	0.673	2.34828e-12
800   	2116.11	159.074		1.79819777214	0.958	0.854	1.47459e-12		1.74859771877	0.849	0.711	2.12192e-12
800   	2116.11	168.251		1.81536253558	0.962	0.872	1.4105e-12		1.77002925917	0.856	0.745	1.94622e-12
800   	2116.11	177.428		1.8306520854	0.965	0.887	1.35705e-12		1.78927675904	0.862	0.774	1.80662e-12
800   	2116.11	186.606		1.8443418683	0.968	0.899	1.31177e-12		1.80659240557	0.869	0.799	1.69344e-12
800   	2116.11	195.783		1.85666058455	0.971	0.91	1.27291e-12		1.82220665708	0.876	0.821	1.60011e-12
800   	2116.11	204.96		1.86779890685	0.973	0.919	1.23916e-12		1.83632579809	0.882	0.839	1.522e-12
800   	2116.11	214.137		1.87791654049	0.976	0.927	1.20957e-12		1.84913207578	0.888	0.856	1.45578e-12
800   	2116.11	223.315		1.8871479052	0.977	0.934	1.18339e-12		1.86078521082	0.894	0.87	1.39902e-12
800   	2116.11	232.492		1.89560669764	0.979	0.94	1.16005e-12		1.87142452962	0.9	0.883	1.34989e-12
800   	2116.11	241.669		1.90338955715	0.981	0.946	1.13909e-12		1.88117128014	0.905	0.894	1.30698e-12
800   	2116.11	250.847		1.91057901774	0.982	0.95	1.12017e-12		1.89013089369	0.91	0.904	1.26921e-12
800   	2116.11	260.024		1.91724589329	0.983	0.955	1.10299e-12		1.89839507557	0.915	0.913	1.23575e-12
800   	2116.11	269.201		1.92345121277	0.984	0.958	1.0873e-12		1.90604367654	0.919	0.92	1.2059e-12
800   	2116.11	278.379		1.92924779726	0.985	0.962	1.07292e-12		1.91314633563	0.923	0.927	1.17913e-12
800   	2116.11	287.556		1.93468155104	0.986	0.965	1.05969e-12		1.91976390454	0.927	0.933	1.155e-12
800   	2116.11	296.733		1.93979252362	0.987	0.968	1.04746e-12		1.92594967332	0.93	0.939	1.13314e-12
800   	2116.11	305.911		1.94461578739	0.988	0.97	1.03613e-12		1.93175042002	0.934	0.944	1.11326e-12
800   	2116.11	315.088		1.94918216622	0.988	0.972	1.02559e-12		1.93720730741	0.937	0.948	1.0951e-12
800   	2116.11	324.265		1.95351884304	0.989	0.974	1.01576e-12		1.9423566481	0.94	0.952	1.07845e-12
800   	2116.11	333.443		1.95764986881	0.99	0.976	1.00656e-12		1.94723055735	0.942	0.956	1.06314e-12
800   	2116.11	342.62		1.96159659051	0.99	0.978	9.97945e-13		1.95185751035	0.945	0.959	1.04901e-12
800   	2116.11	351.797		1.96537801258	0.991	0.979	9.89847e-13		1.95626281857	0.947	0.962	1.03594e-12
800   	2116.11	360.975		1.96901110345	0.991	0.981	9.82222e-13		1.96046903746	0.95	0.965	1.02381e-12
800   	2116.11	370.152		1.97251105628	0.992	0.982	9.75027e-13		1.96449631615	0.952	0.967	1.01253e-12
800   	2116.11	379.329		1.9758915117	0.992	0.983	9.68226e-13		1.96836269782	0.954	0.969	1.00201e-12
800   	2116.11	388.507		1.97916474875	0.992	0.984	9.61786e-13		1.97208437846	0.956	0.972	9.9218e-13
800   	2116.11	397.684		1.98234184897	0.993	0.985	9.55677e-13		1.97567593007	0.957	0.973	9.82974e-13
800   	2116.11	406.861		1.98543283809	0.993	0.986	9.49874e-13		1.97915049375	0.959	0.975	9.74335e-13
800   	2116.11	416.039		1.98844680853	0.993	0.987	9.44353e-13		1.98251994711	0.961	0.977	9.66214e-13
800   	2116.11	425.216		1.99139202579	0.994	0.988	9.39094e-13		1.9857950497	0.962	0.978	9.58566e-13
800   	2116.11	434.393		1.99427602102	0.994	0.988	9.34076e-13		1.98898556966	0.964	0.98	9.51352e-13
800   	2116.11	443.57		1.99710567185	0.994	0.989	9.29284e-13		1.99210039428	0.965	0.981	9.44537e-13
800   	2116.11	452.748		1.99988727312	0.994	0.99	9.24702e-13		1.99514762675	0.966	0.982	9.38088e-13
800   	2116.11	461.925		2.00262659892	0.995	0.99	9.20315e-13		1.99813467091	0.967	0.983	9.31977e-13
800   	2116.11	471.102		2.00532895718	0.995	0.991	9.16111e-13		2.00106830576	0.969	0.984	9.26179e-13
800   	2116.11	480.28		2.00799923783	0.995	0.991	9.12078e-13		2.0039547511	0.97	0.985	9.20671e-13
800   	2116.11	489.457		2.01064195531	0.995	0.992	9.08205e-13		2.00679972542	0.971	0.986	9.15432e-13
800   	2116.11	498.634		2.01326128626	0.995	0.992	9.04483e-13		2.00960849707	0.972	0.987	9.10443e-13
800   	2116.11	507.812		2.01586110299	0.996	0.993	9.00903e-13		2.01238592961	0.973	0.987	9.05686e-13
800   	2116.11	516.989		2.01844500323	0.996	0.993	8.97456e-13		2.01513652213	0.974	0.988	9.01146e-13
800   	2116.11	526.166		2.02101633666	0.996	0.993	8.94134e-13		2.01786444499	0.974	0.989	8.96809e-13
800   	2116.11	535.344		2.02357822862	0.996	0.994	8.90932e-13		2.02057357181	0.975	0.989	8.92662e-13
800   	2116.11	544.521		2.02613360135	0.996	0.994	8.87841e-13		2.02326750796	0.976	0.99	8.88692e-13
800   	2116.11	553.698		2.02868519295	0.996	0.994	8.84856e-13		2.02594961603	0.977	0.99	8.84889e-13
800   	2116.11	562.876		2.03123557457	0.996	0.995	8.81972e-13		2.0286230387	0.978	0.991	8.81242e-13
800   	2116.11	572.053		2.03378716572	0.997	0.995	8.79182e-13		2.03129071926	0.978	0.991	8.77742e-13
800   	2116.11	581.23		2.03634224822	0.997	0.995	8.76483e-13		2.03395542006	0.979	0.992	8.74381e-13
800   	2116.11	590.408		2.0389029787	0.997	0.995	8.7387e-13		2.03661973912	0.98	0.992	8.71151e-13
800   	2116.11	599.585		2.04147139996	0.997	0.996	8.71339e-13		2.03928612517	0.98	0.993	8.68043e-13
800   	2227.22	149.896		1.78294560198	0.957	0.838	1.60644e-12		1.7278729981	0.843	0.675	2.44253e-12
800   	2227.22	159.074		1.80193662752	0.961	0.858	1.52818e-12		1.75151814  	0.849	0.713	2.20931e-12
800   	2227.22	168.251		1.8187647204	0.965	0.875	1.46392e-12		1.77272895897	0.856	0.746	2.02804e-12
800   	2227.22	177.428		1.83375746454	0.968	0.889	1.41019e-12		1.79177399907	0.862	0.775	1.88383e-12
800   	2227.22	186.606		1.847185232 	0.971	0.901	1.36458e-12		1.80890528491	0.869	0.8	1.76681e-12
800   	2227.22	195.783		1.85927211012	0.974	0.912	1.32535e-12		1.82435230154	0.876	0.822	1.67023e-12
800   	2227.22	204.96		1.87020470962	0.976	0.921	1.29124e-12		1.8383199903	0.882	0.84	1.58936e-12
800   	2227.22	214.137		1.88013921978	0.978	0.929	1.26127e-12		1.8509891362	0.888	0.857	1.52077e-12
800   	2227.22	223.315		1.88920704452	0.979	0.935	1.23472e-12		1.86251801492	0.894	0.871	1.46195e-12
800   	2227.22	232.492		1.89751930506	0.981	0.941	1.21102e-12		1.87304459395	0.9	0.884	1.41101e-12
800   	2227.22	241.669		1.90517044475	0.982	0.947	1.18972e-12		1.8826888787	0.905	0.895	1.36651e-12
800   	2227.22	250.847		1.91224112451	0.984	0.951	1.17046e-12		1.89155518329	0.91	0.905	1.32734e-12
800   	2227.22	260.024		1.91880055831	0.985	0.956	1.15296e-12		1.89973421857	0.915	0.913	1.29262e-12
800   	2227.22	269.201		1.92490840551	0.986	0.959	1.13697e-12		1.90730495546	0.919	0.921	1.26166e-12
800   	2227.22	278.379		1.93061631159	0.987	0.963	1.1223e-12		1.91433625703	0.923	0.928	1.23388e-12
800   	2227.22	287.556		1.93596916884	0.987	0.965	1.10878e-12		1.9208882918	0.927	0.934	1.20883e-12
800   	2227.22	296.733		1.94100615289	0.988	0.968	1.09628e-12		1.92701374842	0.93	0.939	1.18615e-12
800   	2227.22	305.911		1.94576157912	0.989	0.971	1.08469e-12		1.9327588753	0.934	0.944	1.16551e-12
800   	2227.22	315.088		1.95026561353	0.99	0.973	1.0739e-12		1.93816436831	0.937	0.949	1.14666e-12
800   	2227.22	324.265		1.95454486556	0.99	0.975	1.06383e-12		1.94326612778	0.94	0.953	1.12938e-12
800   	2227.22	333.443		1.95862288464	0.991	0.976	1.05441e-12		1.94809590435	0.942	0.956	1.11349e-12
800   	2227.22	342.62		1.9625205778	0.991	0.978	1.04558e-12		1.95268185012	0.945	0.959	1.09883e-12
800   	2227.22	351.797		1.96625656249	0.992	0.98	1.03727e-12		1.95704898964	0.947	0.962	1.08526e-12
800   	2227.22	360.975		1.96984746561	0.992	0.981	1.02944e-12		1.96121962313	0.95	0.965	1.07267e-12
800   	2227.22	370.152		1.9733081782	0.992	0.982	1.02206e-12		1.96521367206	0.952	0.967	1.06097e-12
800   	2227.22	379.329		1.97665207284	0.993	0.983	1.01507e-12		1.96904897627	0.954	0.97	1.05005e-12
800   	2227.22	388.507		1.97989119013	0.993	0.984	1.00845e-12		1.97274154959	0.956	0.972	1.03985e-12
800   	2227.22	397.684		1.98303639902	0.993	0.985	1.00218e-12		1.97630580062	0.957	0.974	1.03029e-12
800   	2227.22	406.861		1.98609753515	0.994	0.986	9.96209e-13		1.97975472353	0.959	0.975	1.02133e-12
800   	2227.22	416.039		1.98908352066	0.994	0.987	9.9053e-13		1.98310006354	0.961	0.977	1.01291e-12
800   	2227.22	425.216		1.99200246811	0.994	0.988	9.85118e-13		1.98635246071	0.962	0.978	1.00497e-12
800   	2227.22	434.393		1.99486177104	0.994	0.989	9.79954e-13		1.9895215751	0.964	0.98	9.97492e-13
800   	2227.22	443.57		1.99766818294	0.995	0.989	9.75021e-13		1.99261619609	0.965	0.981	9.90423e-13
800   	2227.22	452.748		2.00042788647	0.995	0.99	9.70302e-13		1.99564433794	0.966	0.982	9.83736e-13
800   	2227.22	461.925		2.00314655414	0.995	0.99	9.65784e-13		1.99861332367	0.967	0.983	9.774e-13
800   	2227.22	471.102		2.00582940174	0.995	0.991	9.61452e-13		2.00152985866	0.969	0.984	9.7139e-13
800   	2227.22	480.28		2.00848123546	0.996	0.991	9.57296e-13		2.00440009553	0.97	0.985	9.6568e-13
800   	2227.22	489.457		2.01110649348	0.996	0.992	9.53305e-13		2.00722969136	0.971	0.986	9.6025e-13
800   	2227.22	498.634		2.0137092829	0.996	0.992	9.49468e-13		2.01002385832	0.972	0.987	9.5508e-13
800   	2227.22	507.812		2.01629341253	0.996	0.993	9.45776e-13		2.01278740846	0.973	0.987	9.50151e-13
800   	2227.22	516.989		2.01886242196	0.996	0.993	9.42221e-13		2.01552479358	0.974	0.988	9.45448e-13
800   	2227.22	526.166		2.02141960762	0.996	0.993	9.38795e-13		2.01824014058	0.974	0.989	9.40956e-13
800   	2227.22	535.344		2.02396804598	0.996	0.994	9.35491e-13		2.02093728307	0.975	0.989	9.3666e-13
800   	2227.22	544.521		2.02651061435	0.997	0.994	9.32302e-13		2.02361978952	0.976	0.99	9.32549e-13
800   	2227.22	553.698		2.0290500095	0.997	0.994	9.29222e-13		2.02629098848	0.977	0.99	9.28612e-13
800   	2227.22	562.876		2.03158876448	0.997	0.995	9.26245e-13		2.02895399117	0.978	0.991	9.24836e-13
800   	2227.22	572.053		2.03412926365	0.997	0.995	9.23366e-13		2.03161171177	0.978	0.991	9.21214e-13
800   	2227.22	581.23		2.03667375635	0.997	0.995	9.2058e-13		2.03426688565	0.979	0.992	9.17735e-13
800   	2227.22	590.408		2.03922436915	0.997	0.995	9.17882e-13		2.03692208583	0.98	0.992	9.14392e-13
800   	2227.22	599.585		2.04178311704	0.997	0.996	9.15268e-13		2.0395797378	0.98	0.993	9.11178e-13
800   	2338.33	149.896		1.78655949944	0.96	0.842	1.66113e-12		1.73067575002	0.843	0.677	2.53711e-12
800   	2338.33	159.074		1.80521028482	0.964	0.861	1.58267e-12		1.75410409225	0.849	0.715	2.29692e-12
800   	2338.33	168.251		1.82173957469	0.968	0.878	1.51807e-12		1.7751149056	0.856	0.748	2.10999e-12
800   	2338.33	177.428		1.83646973907	0.971	0.891	1.46394e-12		1.79397745051	0.862	0.776	1.96112e-12
800   	2338.33	186.606		1.84966629643	0.973	0.903	1.4179e-12		1.81094323729	0.869	0.801	1.84023e-12
800   	2338.33	195.783		1.86154901882	0.976	0.913	1.37824e-12		1.82624062349	0.876	0.823	1.74039e-12
800   	2338.33	204.96		1.8723007717	0.978	0.922	1.34369e-12		1.84007317032	0.882	0.841	1.65673e-12
800   	2338.33	214.137		1.88207453533	0.98	0.93	1.31331e-12		1.8526202304	0.888	0.858	1.58576e-12
800   	2338.33	223.315		1.89099898169	0.981	0.937	1.28635e-12		1.86403870004	0.894	0.872	1.52487e-12
800   	2338.33	232.492		1.89918291244	0.983	0.942	1.26226e-12		1.87446527038	0.9	0.884	1.47212e-12
800   	2338.33	241.669		1.90671880199	0.984	0.948	1.24059e-12		1.8840187929	0.905	0.895	1.42603e-12
800   	2338.33	250.847		1.91368563807	0.985	0.952	1.22097e-12		1.89280255265	0.91	0.905	1.38546e-12
800   	2338.33	260.024		1.92015120975	0.986	0.956	1.20313e-12		1.90090635027	0.915	0.914	1.34948e-12
800   	2338.33	269.201		1.92617395964	0.987	0.96	1.18681e-12		1.90840835535	0.919	0.921	1.31739e-12
800   	2338.33	278.379		1.93180449115	0.988	0.963	1.17183e-12		1.9153767272	0.923	0.928	1.28861e-12
800   	2338.33	287.556		1.93708680112	0.989	0.966	1.15802e-12		1.92187101672	0.927	0.934	1.26265e-12
800   	2338.33	296.733		1.94205929319	0.989	0.969	1.14524e-12		1.9279433705	0.93	0.94	1.23914e-12
800   	2338.33	305.911		1.94675561492	0.99	0.971	1.13338e-12		1.93363956075	0.934	0.944	1.21775e-12
800   	2338.33	315.088		1.9512053527	0.99	0.973	1.12233e-12		1.93899986439	0.937	0.949	1.19821e-12
800   	2338.33	324.265		1.95543461123	0.991	0.975	1.11202e-12		1.94405981259	0.94	0.953	1.1803e-12
800   	2338.33	333.443		1.95946649897	0.991	0.977	1.10236e-12		1.94885083001	0.942	0.956	1.16383e-12
800   	2338.33	342.62		1.96332153651	0.992	0.978	1.0933e-12		1.95340078033	0.945	0.96	1.14863e-12
800   	2338.33	351.797		1.96701800157	0.992	0.98	1.08478e-12		1.95773443237	0.947	0.962	1.13457e-12
800   	2338.33	360.975		1.97057222158	0.993	0.981	1.07675e-12		1.96187385905	0.95	0.965	1.12152e-12
800   	2338.33	370.152		1.97399882272	0.993	0.982	1.06917e-12		1.96583877944	0.952	0.968	1.10939e-12
800   	2338.33	379.329		1.9773109428	0.993	0.984	1.06199e-12		1.96964685269	0.954	0.97	1.09808e-12
800   	2338.33	388.507		1.98052041368	0.994	0.985	1.0552e-12		1.973313931 	0.956	0.972	1.08751e-12
800   	2338.33	397.684		1.98363791827	0.994	0.986	1.04874e-12		1.97685427805	0.957	0.974	1.07761e-12
800   	2338.33	406.861		1.98667312601	0.994	0.986	1.04261e-12		1.98028075784	0.959	0.975	1.06832e-12
800   	2338.33	416.039		1.98963481018	0.995	0.987	1.03677e-12		1.98360499839	0.961	0.977	1.0596e-12
800   	2338.33	425.216		1.99253094974	0.995	0.988	1.0312e-12		1.98683753406	0.962	0.978	1.05138e-12
800   	2338.33	434.393		1.99536881799	0.995	0.989	1.02589e-12		1.98998792935	0.964	0.98	1.04363e-12
800   	2338.33	443.57		1.99815506006	0.995	0.989	1.02081e-12		1.99306488712	0.965	0.981	1.03631e-12
800   	2338.33	452.748		2.00089576071	0.995	0.99	1.01596e-12		1.99607634317	0.966	0.982	1.02939e-12
800   	2338.33	461.925		2.00359650383	0.996	0.99	1.0113e-12		1.99902954915	0.967	0.983	1.02283e-12
800   	2338.33	471.102		2.00626242486	0.996	0.991	1.00684e-12		2.00193114554	0.969	0.984	1.01661e-12
800   	2338.33	480.28		2.00889825693	0.996	0.991	1.00256e-12		2.00478722571	0.97	0.985	1.0107e-12
800   	2338.33	489.457		2.01150837179	0.996	0.992	9.98453e-13		2.00760339268	0.971	0.986	1.00508e-12
800   	2338.33	498.634		2.01409681595	0.996	0.992	9.94499e-13		2.01038480912	0.972	0.987	9.99727e-13
800   	2338.33	507.812		2.01666734285	0.996	0.993	9.90695e-13		2.01313624174	0.973	0.987	9.94628e-13
800   	2338.33	516.989		2.01922344148	0.996	0.993	9.87031e-13		2.01586210075	0.974	0.988	9.89762e-13
800   	2338.33	526.166		2.02176836189	0.997	0.993	9.835e-13		2.01856647481	0.974	0.989	9.85115e-13
800   	2338.33	535.344		2.024305138 	0.997	0.994	9.80094e-13		2.02125316235	0.975	0.989	9.80673e-13
800   	2338.33	544.521		2.02683660801	0.997	0.994	9.76806e-13		2.02392569943	0.976	0.99	9.76422e-13
800   	2338.33	553.698		2.02936543275	0.997	0.994	9.73629e-13		2.02658738468	0.977	0.99	9.72351e-13
800   	2338.33	562.876		2.03189411209	0.997	0.995	9.70559e-13		2.0292413017	0.978	0.991	9.68448e-13
800   	2338.33	572.053		2.03442499982	0.997	0.995	9.6759e-13		2.03189033909	0.978	0.991	9.64704e-13
800   	2338.33	581.23		2.03696031704	0.997	0.995	9.64716e-13		2.03453720856	0.979	0.992	9.61108e-13
800   	2338.33	590.408		2.03950216418	0.997	0.995	9.61932e-13		2.03718446119	0.98	0.992	9.57654e-13
800   	2338.33	599.585		2.04205253204	0.997	0.996	9.59235e-13		2.03983450209	0.98	0.993	9.54332e-13
800   	2449.44	149.896		1.78974571441	0.963	0.845	1.71675e-12		1.7331742638	0.843	0.679	2.63196e-12
800   	2449.44	159.074		1.80809232369	0.967	0.864	1.6379e-12		1.75640455083	0.849	0.717	2.3847e-12
800   	2449.44	168.251		1.82435542608	0.97	0.88	1.57283e-12		1.77723376205	0.856	0.749	2.19204e-12
800   	2449.44	177.428		1.8388523191	0.973	0.893	1.51821e-12		1.79593137128	0.862	0.778	2.03848e-12
800   	2449.44	186.606		1.85184392854	0.976	0.905	1.47167e-12		1.81274812739	0.869	0.802	1.91368e-12
800   	2449.44	195.783		1.86354601228	0.978	0.915	1.43151e-12		1.82791116799	0.876	0.823	1.81056e-12
800   	2449.44	204.96		1.87413799184	0.98	0.923	1.39648e-12		1.84162267131	0.882	0.842	1.72412e-12
800   	2449.44	214.137		1.88376992087	0.981	0.931	1.36563e-12		1.85406060419	0.888	0.858	1.65074e-12
800   	2449.44	223.315		1.89256799524	0.983	0.937	1.33823e-12		1.86538055506	0.894	0.872	1.58778e-12
800   	2449.44	232.492		1.90063892427	0.984	0.943	1.31372e-12		1.8757180208	0.9	0.885	1.53322e-12
800   	2449.44	241.669		1.90807341312	0.985	0.948	1.29165e-12		1.88519078307	0.905	0.896	1.48554e-12
800   	2449.44	250.847		1.91494895064	0.986	0.953	1.27166e-12		1.8939011795	0.91	0.905	1.44356e-12
800   	2449.44	260.024		1.92133205274	0.987	0.957	1.25346e-12		1.90193817726	0.915	0.914	1.40633e-12
800   	2449.44	269.201		1.92728007726	0.988	0.96	1.2368e-12		1.9093792153	0.919	0.922	1.37312e-12
800   	2449.44	278.379		1.93284270019	0.989	0.964	1.2215e-12		1.91629181348	0.923	0.928	1.34332e-12
800   	2449.44	287.556		1.93806312278	0.989	0.966	1.20738e-12		1.92273496323	0.927	0.934	1.31645e-12
800   	2449.44	296.733		1.9429790637	0.99	0.969	1.19431e-12		1.92876032133	0.93	0.94	1.29211e-12
800   	2449.44	305.911		1.9476235787	0.991	0.971	1.18217e-12		1.93441323063	0.934	0.945	1.26997e-12
800   	2449.44	315.088		1.95202574107	0.991	0.973	1.17086e-12		1.93973359102	0.937	0.949	1.24974e-12
800   	2449.44	324.265		1.95621120913	0.992	0.975	1.1603e-12		1.94475660201	0.94	0.953	1.23121e-12
800   	2449.44	333.443		1.96020270171	0.992	0.977	1.1504e-12		1.94951339581	0.942	0.956	1.21415e-12
800   	2449.44	342.62		1.96402039819	0.993	0.979	1.14111e-12		1.95403157773	0.945	0.96	1.19842e-12
800   	2449.44	351.797		1.96768227658	0.993	0.98	1.13237e-12		1.95833568776	0.947	0.963	1.18387e-12
800   	2449.44	360.975		1.97120440022	0.993	0.981	1.12413e-12		1.96244759567	0.95	0.965	1.17037e-12
800   	2449.44	370.152		1.97460116196	0.994	0.983	1.11635e-12		1.96638683981	0.952	0.968	1.15781e-12
800   	2449.44	379.329		1.9778854928	0.994	0.984	1.10898e-12		1.97017091812	0.954	0.97	1.1461e-12
800   	2449.44	388.507		1.98106904088	0.994	0.985	1.102e-12		1.97381553877	0.956	0.972	1.13516e-12
800   	2449.44	397.684		1.98416232544	0.995	0.986	1.09537e-12		1.97733483637	0.957	0.974	1.12492e-12
800   	2449.44	406.861		1.98717486976	0.995	0.987	1.08907e-12		1.98074155909	0.959	0.975	1.11532e-12
800   	2449.44	416.039		1.99011531625	0.995	0.987	1.08307e-12		1.98404723073	0.961	0.977	1.10629e-12
800   	2449.44	425.216		1.99299152645	0.995	0.988	1.07734e-12		1.98726229169	0.962	0.978	1.09779e-12
800   	2449.44	434.393		1.99581066807	0.995	0.989	1.07188e-12		1.99039622163	0.964	0.98	1.08977e-12
800   	2449.44	443.57		1.99857929109	0.996	0.989	1.06666e-12		1.99345764662	0.965	0.981	1.0822e-12
800   	2449.44	452.748		2.00130339432	0.996	0.99	1.06166e-12		1.9964544328	0.966	0.982	1.07504e-12
800   	2449.44	461.925		2.00398848389	0.996	0.991	1.05687e-12		1.99939376862	0.967	0.983	1.06826e-12
800   	2449.44	471.102		2.00663962471	0.996	0.991	1.05228e-12		2.00228223697	0.969	0.984	1.06183e-12
800   	2449.44	480.28		2.00926148589	0.996	0.992	1.04788e-12		2.00512587879	0.97	0.985	1.05572e-12
800   	2449.44	489.457		2.01185838089	0.996	0.992	1.04364e-12		2.0079302492	0.971	0.986	1.04991e-12
800   	2449.44	498.634		2.01443430309	0.997	0.992	1.03957e-12		2.01070046706	0.972	0.987	1.04439e-12
800   	2449.44	507.812		2.01699295744	0.997	0.993	1.03566e-12		2.01344125899	0.973	0.987	1.03912e-12
800   	2449.44	516.989		2.01953778857	0.997	0.993	1.03188e-12		2.01615699839	0.974	0.988	1.03409e-12
800   	2449.44	526.166		2.02207200591	0.997	0.994	1.02824e-12		2.01885174013	0.974	0.989	1.02929e-12
800   	2449.44	535.344		2.02459860609	0.997	0.994	1.02473e-12		2.02152925155	0.975	0.989	1.0247e-12
800   	2449.44	544.521		2.02712039309	0.997	0.994	1.02135e-12		2.02419304007	0.976	0.99	1.02031e-12
800   	2449.44	553.698		2.02963999622	0.997	0.994	1.01807e-12		2.0268463779	0.977	0.99	1.01611e-12
800   	2449.44	562.876		2.03215988635	0.997	0.995	1.01491e-12		2.02949232423	0.978	0.991	1.01208e-12
800   	2449.44	572.053		2.03468239051	0.997	0.995	1.01185e-12		2.03213374512	0.978	0.991	1.00821e-12
800   	2449.44	581.23		2.03720970505	0.997	0.995	1.00889e-12		2.03477333139	0.979	0.992	1.0045e-12
800   	2449.44	590.408		2.03974390756	0.998	0.995	1.00602e-12		2.03741361474	0.98	0.992	1.00094e-12
800   	2449.44	599.585		2.04228696765	0.998	0.996	1.00324e-12		2.04005698232	0.98	0.993	9.97509e-13
800   	2560.56	149.896		1.79256865488	0.966	0.847	1.77315e-12		1.735410803 	0.843	0.681	2.72703e-12
800   	2560.56	159.074		1.8106424618	0.969	0.866	1.69376e-12		1.75845990092	0.849	0.718	2.47261e-12
800   	2560.56	168.251		1.82666756531	0.972	0.882	1.62812e-12		1.77912386839	0.855	0.75	2.27418e-12
800   	2560.56	177.428		1.84095639363	0.975	0.895	1.57291e-12		1.79767201714	0.862	0.778	2.11589e-12
800   	2560.56	186.606		1.85376555656	0.977	0.906	1.5258e-12		1.8143541645	0.869	0.803	1.98717e-12
800   	2560.56	195.783		1.86530709061	0.979	0.916	1.48509e-12		1.82939617956	0.876	0.824	1.88075e-12
800   	2560.56	204.96		1.87575725437	0.981	0.924	1.44954e-12		1.8429988777	0.882	0.843	1.7915e-12
800   	2560.56	214.137		1.88526343202	0.983	0.932	1.4182e-12		1.85533889642	0.888	0.859	1.71573e-12
800   	2560.56	223.315		1.89394957255	0.984	0.938	1.39033e-12		1.86657058976	0.894	0.873	1.65068e-12
800   	2560.56	232.492		1.90192049433	0.985	0.944	1.36538e-12		1.87682833964	0.9	0.885	1.59431e-12
800   	2560.56	241.669		1.90926530876	0.986	0.949	1.3429e-12		1.88622893681	0.905	0.896	1.54504e-12
800   	2560.56	250.847		1.9160601581	0.987	0.953	1.32251e-12		1.89487384652	0.91	0.906	1.50164e-12
800   	2560.56	260.024		1.92237041694	0.988	0.957	1.30393e-12		1.90285127201	0.915	0.914	1.46316e-12
800   	2560.56	269.201		1.92825247254	0.989	0.961	1.28692e-12		1.91023798509	0.919	0.922	1.42882e-12
800   	2560.56	278.379		1.93375517245	0.99	0.964	1.27129e-12		1.91710092357	0.923	0.929	1.39802e-12
800   	2560.56	287.556		1.93892100818	0.99	0.967	1.25685e-12		1.92349857092	0.927	0.935	1.37024e-12
800   	2560.56	296.733		1.94378708813	0.991	0.969	1.24348e-12		1.9294821402	0.93	0.94	1.34507e-12
800   	2560.56	305.911		1.94838594132	0.991	0.972	1.23106e-12		1.93509658604	0.934	0.945	1.32218e-12
800   	2560.56	315.088		1.95274618481	0.992	0.974	1.21948e-12		1.94038146804	0.937	0.949	1.30127e-12
800   	2560.56	324.265		1.95689308036	0.992	0.976	1.20866e-12		1.94537168677	0.94	0.953	1.2821e-12
800   	2560.56	333.443		1.9608490009	0.993	0.977	1.19852e-12		1.95009811126	0.942	0.957	1.26447e-12
800   	2560.56	342.62		1.96463382315	0.993	0.979	1.189e-12		1.95458811451	0.945	0.96	1.24821e-12
800   	2560.56	351.797		1.96826525939	0.994	0.98	1.18003e-12		1.95886603102	0.947	0.963	1.23316e-12
800   	2560.56	360.975		1.97175913899	0.994	0.982	1.17158e-12		1.96295354835	0.95	0.965	1.2192e-12
800   	2560.56	370.152		1.97512964815	0.994	0.983	1.16359e-12		1.96687004283	0.952	0.968	1.20622e-12
800   	2560.56	379.329		1.97838953485	0.994	0.984	1.15603e-12		1.97063286809	0.954	0.97	1.19412e-12
800   	2560.56	388.507		1.98155028469	0.995	0.985	1.14886e-12		1.97425760336	0.956	0.972	1.18282e-12
800   	2560.56	397.684		1.98462227215	0.995	0.986	1.14205e-12		1.97775826788	0.957	0.974	1.17224e-12
800   	2560.56	406.861		1.9876148913	0.995	0.987	1.13558e-12		1.9811475063	0.959	0.976	1.16231e-12
800   	2560.56	416.039		1.99053666893	0.995	0.987	1.12941e-12		1.98443674935	0.961	0.977	1.15298e-12
800   	2560.56	425.216		1.99339536286	0.996	0.988	1.12353e-12		1.98763635358	0.962	0.979	1.1442e-12
800   	2560.56	434.393		1.99619804755	0.996	0.989	1.11791e-12		1.99075572298	0.964	0.98	1.13592e-12
800   	2560.56	443.57		1.99895118897	0.996	0.989	1.11254e-12		1.99380341513	0.965	0.981	1.12811e-12
800   	2560.56	452.748		2.00166071008	0.996	0.99	1.10741e-12		1.99678723415	0.966	0.982	1.12071e-12
800   	2560.56	461.925		2.0043320484	0.996	0.991	1.10248e-12		1.99971431215	0.967	0.983	1.11371e-12
800   	2560.56	471.102		2.00697020664	0.996	0.991	1.09776e-12		2.00259118078	0.969	0.984	1.10707e-12
800   	2560.56	480.28		2.00957979744	0.997	0.992	1.09323e-12		2.00542383431	0.97	0.985	1.10076e-12
800   	2560.56	489.457		2.01216508286	0.997	0.992	1.08887e-12		2.00821778524	0.971	0.986	1.09476e-12
800   	2560.56	498.634		2.01473000948	0.997	0.992	1.08468e-12		2.01097811351	0.972	0.987	1.08906e-12
800   	2560.56	507.812		2.01727823948	0.997	0.993	1.08065e-12		2.01370951008	0.973	0.988	1.08362e-12
800   	2560.56	516.989		2.01981317843	0.997	0.993	1.07677e-12		2.01641631563	0.974	0.988	1.07843e-12
800   	2560.56	526.166		2.02233799993	0.997	0.994	1.07302e-12		2.01910255504	0.974	0.989	1.07348e-12
800   	2560.56	535.344		2.02485566782	0.997	0.994	1.06941e-12		2.02177196802	0.975	0.989	1.06875e-12
800   	2560.56	544.521		2.0273689559	0.997	0.994	1.06592e-12		2.02442803655	0.976	0.99	1.06422e-12
800   	2560.56	553.698		2.02988046576	0.997	0.994	1.06255e-12		2.02707400942	0.977	0.991	1.05988e-12
800   	2560.56	562.876		2.03239264271	0.998	0.995	1.05929e-12		2.02971292417	0.978	0.991	1.05573e-12
800   	2560.56	572.053		2.03490779023	0.998	0.995	1.05614e-12		2.03234762683	0.978	0.991	1.05174e-12
800   	2560.56	581.23		2.03742808289	0.998	0.995	1.05309e-12		2.03498078969	0.979	0.992	1.04792e-12
800   	2560.56	590.408		2.03995557817	0.998	0.995	1.05013e-12		2.03761492729	0.98	0.992	1.04424e-12
800   	2560.56	599.585		2.04249222705	0.998	0.996	1.04727e-12		2.04025241085	0.98	0.993	1.04071e-12
800   	2671.67	149.896		1.7950811687	0.968	0.85	1.83023e-12		1.73742059451	0.843	0.682	2.82226e-12
800   	2671.67	159.074		1.81290953937	0.972	0.868	1.75017e-12		1.7603036699	0.849	0.719	2.56062e-12
800   	2671.67	168.251		1.82872109587	0.974	0.883	1.68385e-12		1.78081695119	0.855	0.751	2.35637e-12
800   	2671.67	177.428		1.84282363332	0.977	0.896	1.62799e-12		1.79922930946	0.862	0.779	2.19333e-12
800   	2671.67	186.606		1.85546972349	0.979	0.907	1.58025e-12		1.8157895172	0.869	0.804	2.06066e-12
800   	2671.67	195.783		1.8668679595	0.981	0.917	1.53895e-12		1.83072215754	0.876	0.825	1.95094e-12
800   	2671.67	204.96		1.877191696 	0.983	0.925	1.50284e-12		1.84422671818	0.882	0.843	1.85888e-12
800   	2671.67	214.137		1.88658588034	0.984	0.933	1.47098e-12		1.85647856895	0.888	0.859	1.7807e-12
800   	2671.67	223.315		1.89517241948	0.985	0.939	1.44262e-12		1.8676309024	0.894	0.873	1.71357e-12
800   	2671.67	232.492		1.90305441919	0.986	0.944	1.41721e-12		1.87781706099	0.9	0.886	1.65538e-12
800   	2671.67	241.669		1.91031955152	0.987	0.949	1.39429e-12		1.88715291779	0.905	0.897	1.60451e-12
800   	2671.67	250.847		1.91704274534	0.988	0.954	1.37349e-12		1.89573913429	0.91	0.906	1.55971e-12
800   	2671.67	260.024		1.92328834892	0.989	0.958	1.35453e-12		1.90366321276	0.915	0.915	1.51997e-12
800   	2671.67	269.201		1.92911187807	0.99	0.961	1.33716e-12		1.91100131486	0.919	0.922	1.48451e-12
800   	2671.67	278.379		1.9345614376	0.99	0.964	1.32118e-12		1.9178198475	0.923	0.929	1.4527e-12
800   	2671.67	287.556		1.9396788835	0.991	0.967	1.30642e-12		1.92417683194	0.927	0.935	1.42401e-12
800   	2671.67	296.733		1.94450077825	0.992	0.97	1.29274e-12		1.93012307824	0.93	0.94	1.39802e-12
800   	2671.67	305.911		1.9490591802	0.992	0.972	1.28003e-12		1.9357031891	0.934	0.945	1.37438e-12
800   	2671.67	315.088		1.95338229904	0.993	0.974	1.26817e-12		1.94095641606	0.937	0.949	1.35278e-12
800   	2671.67	324.265		1.95749504271	0.993	0.976	1.25709e-12		1.94591738943	0.94	0.953	1.33299e-12
800   	2671.67	333.443		1.96141947575	0.993	0.977	1.2467e-12		1.95061674061	0.942	0.957	1.31478e-12
800   	2671.67	342.62		1.96517520519	0.994	0.979	1.23694e-12		1.9550816331	0.945	0.96	1.29799e-12
800   	2671.67	351.797		1.96877970669	0.994	0.98	1.22775e-12		1.95933621623	0.947	0.963	1.28245e-12
800   	2671.67	360.975		1.97224860135	0.994	0.982	1.21908e-12		1.96340201349	0.95	0.965	1.26804e-12
800   	2671.67	370.152		1.97559589155	0.995	0.983	1.21089e-12		1.96729825553	0.952	0.968	1.25464e-12
800   	2671.67	379.329		1.9788341625	0.995	0.984	1.20313e-12		1.97104216621	0.954	0.97	1.24215e-12
800   	2671.67	388.507		1.98197475533	0.995	0.985	1.19577e-12		1.97464920901	0.956	0.972	1.23048e-12
800   	2671.67	397.684		1.98502791591	0.995	0.986	1.18878e-12		1.97813329959	0.957	0.974	1.21955e-12
800   	2671.67	406.861		1.98800292354	0.996	0.987	1.18213e-12		1.98150698972	0.959	0.976	1.20931e-12
800   	2671.67	416.039		1.99090820233	0.996	0.988	1.1758e-12		1.98478162672	0.961	0.977	1.19968e-12
800   	2671.67	425.216		1.99375141804	0.996	0.988	1.16976e-12		1.987967492 	0.962	0.979	1.19062e-12
800   	2671.67	434.393		1.99653956239	0.996	0.989	1.16399e-12		1.99107392176	0.964	0.98	1.18208e-12
800   	2671.67	443.57		1.99927902681	0.996	0.99	1.15847e-12		1.99410941231	0.965	0.981	1.17401e-12
800   	2671.67	452.748		2.001975667 	0.996	0.99	1.15319e-12		1.99708171224	0.966	0.982	1.16639e-12
800   	2671.67	461.925		2.00463485963	0.997	0.991	1.14813e-12		1.99999790328	0.967	0.983	1.15916e-12
800   	2671.67	471.102		2.00726155229	0.997	0.991	1.14328e-12		2.00286447128	0.969	0.984	1.15231e-12
800   	2671.67	480.28		2.00986030753	0.997	0.992	1.13862e-12		2.00568736878	0.97	0.985	1.14581e-12
800   	2671.67	489.457		2.01243534191	0.997	0.992	1.13414e-12		2.00847207023	0.971	0.986	1.13963e-12
800   	2671.67	498.634		2.01499056051	0.997	0.993	1.12983e-12		2.01122362078	0.972	0.987	1.13375e-12
800   	2671.67	507.812		2.01752958764	0.997	0.993	1.12569e-12		2.01394667955	0.973	0.988	1.12814e-12
800   	2671.67	516.989		2.02005579426	0.997	0.993	1.12169e-12		2.01664555806	0.974	0.988	1.1228e-12
800   	2671.67	526.166		2.02257232227	0.997	0.994	1.11784e-12		2.01932425438	0.974	0.989	1.11769e-12
800   	2671.67	535.344		2.02508210645	0.997	0.994	1.11412e-12		2.0219864836	0.975	0.989	1.11281e-12
800   	2671.67	544.521		2.02758789391	0.998	0.994	1.11053e-12		2.02463570502	0.976	0.99	1.10815e-12
800   	2671.67	553.698		2.03009226167	0.998	0.994	1.10706e-12		2.02727514652	0.977	0.991	1.10368e-12
800   	2671.67	562.876		2.03259763245	0.998	0.995	1.10371e-12		2.02990782633	0.978	0.991	1.0994e-12
800   	2671.67	572.053		2.03510628887	0.998	0.995	1.10046e-12		2.03253657267	0.978	0.991	1.09529e-12
800   	2671.67	581.23		2.03762038624	0.998	0.995	1.09732e-12		2.0351640413	0.979	0.992	1.09135e-12
800   	2671.67	590.408		2.04014196425	0.998	0.995	1.09428e-12		2.03779273147	0.98	0.992	1.08757e-12
800   	2671.67	599.585		2.0426729574	0.998	0.996	1.09133e-12		2.04042500021	0.98	0.993	1.08393e-12
800   	2782.78	149.896		1.79732691495	0.97	0.851	1.88787e-12		1.73923317572	0.843	0.683	2.91763e-12
800   	2782.78	159.074		1.81493379044	0.974	0.869	1.80704e-12		1.76196386924	0.849	0.72	2.64871e-12
800   	2782.78	168.251		1.83055308984	0.976	0.884	1.73997e-12		1.78233943987	0.855	0.752	2.43861e-12
800   	2782.78	177.428		1.84448822613	0.979	0.897	1.68339e-12		1.80062811327	0.862	0.78	2.27078e-12
800   	2782.78	186.606		1.85698800346	0.981	0.908	1.63498e-12		1.81707754585	0.869	0.804	2.13417e-12
800   	2782.78	195.783		1.86825783162	0.982	0.918	1.59305e-12		1.83191103929	0.876	0.825	2.02112e-12
800   	2782.78	204.96		1.87846839819	0.984	0.926	1.55635e-12		1.84532679829	0.882	0.844	1.92626e-12
800   	2782.78	214.137		1.88776242345	0.985	0.933	1.52394e-12		1.8574989888	0.888	0.86	1.84566e-12
800   	2782.78	223.315		1.89625995518	0.986	0.939	1.49507e-12		1.86857971268	0.894	0.874	1.77645e-12
800   	2782.78	232.492		1.90406254461	0.987	0.945	1.46918e-12		1.87870134391	0.9	0.886	1.71644e-12
800   	2782.78	241.669		1.91125656044	0.988	0.95	1.44581e-12		1.88797890552	0.905	0.897	1.66398e-12
800   	2782.78	250.847		1.91791583512	0.989	0.954	1.42459e-12		1.89651231782	0.91	0.906	1.61776e-12
800   	2782.78	260.024		1.92410379099	0.99	0.958	1.40523e-12		1.904388439 	0.915	0.915	1.57677e-12
800   	2782.78	269.201		1.92987515888	0.991	0.961	1.38749e-12		1.9116828717	0.919	0.922	1.54019e-12
800   	2782.78	278.379		1.93527737539	0.991	0.965	1.37116e-12		1.91846153764	0.923	0.929	1.50737e-12
800   	2782.78	287.556		1.94035172534	0.992	0.967	1.35607e-12		1.92478203652	0.927	0.935	1.47777e-12
800   	2782.78	296.733		1.9451342811	0.992	0.97	1.34208e-12		1.93069481152	0.93	0.94	1.45096e-12
800   	2782.78	305.911		1.94965667878	0.993	0.972	1.32907e-12		1.93624414539	0.934	0.945	1.42657e-12
800   	2782.78	315.088		1.9539467629	0.993	0.974	1.31694e-12		1.94146901004	0.937	0.949	1.40429e-12
800   	2782.78	324.265		1.95802912448	0.994	0.976	1.30559e-12		1.94640379077	0.94	0.953	1.38387e-12
800   	2782.78	333.443		1.96192555197	0.994	0.978	1.29494e-12		1.95107890373	0.942	0.957	1.36509e-12
800   	2782.78	342.62		1.96565541111	0.994	0.979	1.28494e-12		1.95552132288	0.945	0.96	1.34776e-12
800   	2782.78	351.797		1.96923596594	0.994	0.981	1.27553e-12		1.95975503016	0.947	0.963	1.33174e-12
800   	2782.78	360.975		1.97268265145	0.995	0.982	1.26664e-12		1.96380140088	0.95	0.966	1.31687e-12
800   	2782.78	370.152		1.97600930572	0.995	0.983	1.25823e-12		1.96767953419	0.952	0.968	1.30305e-12
800   	2782.78	379.329		1.97922836865	0.995	0.984	1.25028e-12		1.97140653693	0.954	0.97	1.29017e-12
800   	2782.78	388.507		1.98235105236	0.995	0.985	1.24273e-12		1.97499776822	0.956	0.972	1.27814e-12
800   	2782.78	397.684		1.98538748794	0.996	0.986	1.23556e-12		1.97846705042	0.957	0.974	1.26688e-12
800   	2782.78	406.861		1.98834685231	0.996	0.987	1.22873e-12		1.98182685171	0.959	0.976	1.25631e-12
800   	2782.78	416.039		1.99123747801	0.996	0.988	1.22223e-12		1.98508844432	0.961	0.977	1.24639e-12
800   	2782.78	425.216		1.99406694868	0.996	0.988	1.21603e-12		1.9882620421	0.962	0.979	1.23705e-12
800   	2782.78	434.393		1.99684218231	0.996	0.989	1.2101e-12		1.99135692029	0.964	0.98	1.22825e-12
800   	2782.78	443.57		1.9995695039	0.997	0.99	1.20444e-12		1.99438152014	0.965	0.981	1.21994e-12
800   	2782.78	452.748		2.0022547092	0.997	0.99	1.19901e-12		1.99734354038	0.966	0.982	1.21208e-12
800   	2782.78	461.925		2.0049031207	0.997	0.991	1.19382e-12		2.00025001749	0.967	0.983	1.20463e-12
800   	2782.78	471.102		2.00751963686	0.997	0.991	1.18883e-12		2.00310739621	0.969	0.984	1.19758e-12
800   	2782.78	480.28		2.01010877569	0.997	0.992	1.18404e-12		2.00592159164	0.97	0.985	1.19088e-12
800   	2782.78	489.457		2.01267471319	0.997	0.992	1.17944e-12		2.0086980441	0.971	0.986	1.18451e-12
800   	2782.78	498.634		2.0152213175	0.997	0.993	1.17501e-12		2.01144176753	0.972	0.987	1.17845e-12
800   	2782.78	507.812		2.01775217926	0.997	0.993	1.17075e-12		2.01415739253	0.973	0.988	1.17268e-12
800   	2782.78	516.989		2.0202706386	0.997	0.993	1.16664e-12		2.01684920446	0.974	0.988	1.16717e-12
800   	2782.78	526.166		2.02277980925	0.998	0.994	1.16268e-12		2.01952117737	0.974	0.989	1.16192e-12
800   	2782.78	535.344		2.0252826001	0.998	0.994	1.15886e-12		2.02217700429	0.975	0.989	1.1569e-12
800   	2782.78	544.521		2.02778173453	0.998	0.994	1.15517e-12		2.02482012422	0.976	0.99	1.1521e-12
800   	2782.78	553.698		2.03027976773	0.998	0.995	1.1516e-12		2.02745374632	0.977	0.991	1.1475e-12
800   	2782.78	562.876		2.03277910231	0.998	0.995	1.14815e-12		2.03008087153	0.978	0.991	1.14309e-12
800   	2782.78	572.053		2.03528200233	0.998	0.995	1.14482e-12		2.03270431211	0.978	0.991	1.13887e-12
800   	2782.78	581.23		2.03779060601	0.998	0.995	1.14159e-12		2.03532670904	0.979	0.992	1.13481e-12
800   	2782.78	590.408		2.0403069372	0.998	0.995	1.13845e-12		2.03795054789	0.98	0.992	1.13092e-12
800   	2782.78	599.585		2.04283291574	0.998	0.996	1.13542e-12		2.04057817298	0.98	0.993	1.12717e-12
800   	2893.89	149.896		1.79934219564	0.972	0.853	1.946e-12		1.74087345361	0.842	0.684	3.01311e-12
800   	2893.89	159.074		1.8167485858	0.975	0.871	1.8643e-12		1.76346404223	0.849	0.721	2.73686e-12
800   	2893.89	168.251		1.83219423442	0.978	0.886	1.79641e-12		1.78371348893	0.855	0.753	2.52088e-12
800   	2893.89	177.428		1.84597842604	0.98	0.898	1.73907e-12		1.80188922561	0.862	0.781	2.34826e-12
800   	2893.89	186.606		1.85834645526	0.982	0.909	1.68995e-12		1.81823775244	0.869	0.805	2.20767e-12
800   	2893.89	195.783		1.86950078946	0.983	0.918	1.64736e-12		1.83298110939	0.876	0.826	2.0913e-12
800   	2893.89	204.96		1.87960966486	0.985	0.927	1.61005e-12		1.84631626853	0.882	0.844	1.99362e-12
800   	2893.89	214.137		1.88881376346	0.986	0.934	1.57706e-12		1.85841625581	0.888	0.86	1.91061e-12
800   	2893.89	223.315		1.89723143705	0.987	0.94	1.54766e-12		1.86943215013	0.894	0.874	1.83931e-12
800   	2893.89	232.492		1.90496282256	0.988	0.945	1.52128e-12		1.87949542326	0.9	0.886	1.77749e-12
800   	2893.89	241.669		1.91209310545	0.989	0.95	1.49744e-12		1.88872031041	0.905	0.897	1.72343e-12
800   	2893.89	250.847		1.91869512455	0.99	0.954	1.4758e-12		1.8972060477	0.91	0.907	1.6758e-12
800   	2893.89	260.024		1.92483146442	0.991	0.958	1.45603e-12		1.90503890062	0.915	0.915	1.63356e-12
800   	2893.89	269.201		1.93055614652	0.991	0.962	1.43791e-12		1.91229395874	0.919	0.922	1.59586e-12
800   	2893.89	278.379		1.93591600426	0.992	0.965	1.42122e-12		1.91903669946	0.923	0.929	1.56203e-12
800   	2893.89	287.556		1.94095180742	0.992	0.967	1.4058e-12		1.92532433709	0.927	0.935	1.53153e-12
800   	2893.89	296.733		1.94569918677	0.993	0.97	1.39149e-12		1.93120698  	0.93	0.94	1.50389e-12
800   	2893.89	305.911		1.95018939826	0.993	0.972	1.37818e-12		1.93672861939	0.934	0.945	1.47875e-12
800   	2893.89	315.088		1.95444995791	0.994	0.974	1.36576e-12		1.94192797262	0.937	0.95	1.45579e-12
800   	2893.89	324.265		1.95850517173	0.994	0.976	1.35414e-12		1.94683920223	0.94	0.953	1.43474e-12
800   	2893.89	333.443		1.96237658012	0.994	0.978	1.34324e-12		1.95149252888	0.942	0.957	1.41539e-12
800   	2893.89	342.62		1.96608333205	0.995	0.979	1.333e-12		1.95591475448	0.945	0.96	1.39754e-12
800   	2893.89	351.797		1.96964250163	0.995	0.981	1.32335e-12		1.96012970922	0.947	0.963	1.38102e-12
800   	2893.89	360.975		1.97306935677	0.995	0.982	1.31424e-12		1.96415863416	0.95	0.966	1.36571e-12
800   	2893.89	370.152		1.97637758824	0.995	0.983	1.30563e-12		1.96802050935	0.952	0.968	1.35147e-12
800   	2893.89	379.329		1.9795795056	0.996	0.984	1.29747e-12		1.97173233577	0.954	0.97	1.3382e-12
800   	2893.89	388.507		1.98268620532	0.996	0.985	1.28973e-12		1.97530937815	0.956	0.972	1.3258e-12
800   	2893.89	397.684		1.98570771567	0.996	0.986	1.28237e-12		1.97876537453	0.957	0.974	1.3142e-12
800   	2893.89	406.861		1.98865312181	0.996	0.987	1.27537e-12		1.98211271756	0.959	0.976	1.30333e-12
800   	2893.89	416.039		1.99153067427	0.996	0.988	1.2687e-12		1.98536261167	0.961	0.977	1.29311e-12
800   	2893.89	425.216		1.99434788321	0.997	0.988	1.26233e-12		1.98852520973	0.962	0.979	1.28349e-12
800   	2893.89	434.393		1.99711160056	0.997	0.989	1.25625e-12		1.99160973201	0.964	0.98	1.27443e-12
800   	2893.89	443.57		1.9998280919	0.997	0.99	1.25044e-12		1.99462457007	0.965	0.981	1.26587e-12
800   	2893.89	452.748		2.00250309934	0.997	0.99	1.24487e-12		1.9975773777	0.966	0.982	1.25778e-12
800   	2893.89	461.925		2.00514189687	0.997	0.991	1.23953e-12		2.0004751506	0.967	0.983	1.25012e-12
800   	2893.89	471.102		2.00774933904	0.997	0.991	1.23441e-12		2.00332429647	0.969	0.984	1.24285e-12
800   	2893.89	480.28		2.01032990399	0.997	0.992	1.2295e-12		2.0061306967	0.97	0.985	1.23596e-12
800   	2893.89	489.457		2.01288773148	0.997	0.992	1.22477e-12		2.00889976085	0.971	0.986	1.22941e-12
800   	2893.89	498.634		2.01542665664	0.997	0.993	1.22022e-12		2.0116364748	0.972	0.987	1.22317e-12
800   	2893.89	507.812		2.01795023997	0.998	0.993	1.21584e-12		2.01434544346	0.973	0.988	1.21724e-12
800   	2893.89	516.989		2.02046179408	0.998	0.993	1.21162e-12		2.01703092864	0.974	0.988	1.21157e-12
800   	2893.89	526.166		2.02296440749	0.998	0.994	1.20755e-12		2.01969688283	0.974	0.989	1.20617e-12
800   	2893.89	535.344		2.02546096598	0.998	0.994	1.20363e-12		2.02234697919	0.975	0.989	1.201e-12
800   	2893.89	544.521		2.02795417174	0.998	0.994	1.19984e-12		2.02498463846	0.976	0.99	1.19606e-12
800   	2893.89	553.698		2.03044656042	0.998	0.995	1.19617e-12		2.02761305297	0.977	0.991	1.19134e-12
800   	2893.89	562.876		2.03294051669	0.998	0.995	1.19262e-12		2.03023520815	0.978	0.991	1.18681e-12
800   	2893.89	572.053		2.03543828805	0.998	0.995	1.18919e-12		2.03285390187	0.978	0.992	1.18246e-12
800   	2893.89	581.23		2.03794199743	0.998	0.995	1.18587e-12		2.03547176186	0.979	0.992	1.17829e-12
800   	2893.89	590.408		2.04045365453	0.998	0.996	1.18265e-12		2.03809126139	0.98	0.992	1.17429e-12
800   	2893.89	599.585		2.04297516613	0.998	0.996	1.17953e-12		2.04071473337	0.98	0.993	1.17044e-12
800   	3005  	149.896		1.8011573809	0.974	0.855	2.00457e-12		1.742362543 	0.842	0.685	3.10867e-12
800   	3005  	159.074		1.81838178174	0.977	0.872	1.92192e-12		1.76482408835	0.849	0.721	2.82505e-12
800   	3005  	168.251		1.83367010045	0.979	0.887	1.85315e-12		1.78495777849	0.855	0.753	2.60316e-12
800   	3005  	177.428		1.84731774235	0.981	0.899	1.79499e-12		1.80303014651	0.862	0.781	2.42573e-12
800   	3005  	186.606		1.85956673554	0.983	0.91	1.74512e-12		1.81928651911	0.869	0.805	2.28117e-12
800   	3005  	195.783		1.87061682691	0.985	0.919	1.70185e-12		1.8339477047	0.876	0.826	2.16148e-12
800   	3005  	204.96		1.88063399718	0.986	0.927	1.6639e-12		1.84720949607	0.882	0.844	2.06097e-12
800   	3005  	214.137		1.88975705984	0.987	0.934	1.63032e-12		1.85924384177	0.888	0.86	1.97555e-12
800   	3005  	223.315		1.89810281653	0.988	0.94	1.60038e-12		1.87020086192	0.894	0.874	1.90216e-12
800   	3005  	232.492		1.90577011445	0.989	0.946	1.57349e-12		1.88021118766	0.9	0.886	1.83852e-12
800   	3005  	241.669		1.91284306214	0.99	0.951	1.54918e-12		1.88938832349	0.905	0.897	1.78286e-12
800   	3005  	250.847		1.91939359553	0.991	0.955	1.52709e-12		1.89783087314	0.91	0.907	1.73383e-12
800   	3005  	260.024		1.92548353892	0.991	0.959	1.50692e-12		1.90562455584	0.915	0.915	1.69033e-12
800   	3005  	269.201		1.93116627077	0.992	0.962	1.48841e-12		1.91284398944	0.919	0.923	1.65151e-12
800   	3005  	278.379		1.93648807833	0.992	0.965	1.47136e-12		1.91955424357	0.923	0.929	1.61668e-12
800   	3005  	287.556		1.9414892654	0.993	0.968	1.45559e-12		1.92581217953	0.927	0.935	1.58527e-12
800   	3005  	296.733		1.94620506355	0.993	0.97	1.44096e-12		1.93166759942	0.93	0.941	1.55681e-12
800   	3005  	305.911		1.9506663853	0.994	0.972	1.42735e-12		1.93716422802	0.934	0.945	1.53093e-12
800   	3005  	315.088		1.95490045008	0.994	0.974	1.41464e-12		1.94234055045	0.937	0.95	1.50728e-12
800   	3005  	324.265		1.95893130679	0.994	0.976	1.40274e-12		1.94723052616	0.94	0.954	1.48561e-12
800   	3005  	333.443		1.96278027205	0.995	0.978	1.39159e-12		1.95186419774	0.942	0.957	1.46569e-12
800   	3005  	342.62		1.96646629949	0.995	0.979	1.3811e-12		1.95626821056	0.945	0.96	1.44731e-12
800   	3005  	351.797		1.97000629204	0.995	0.981	1.37121e-12		1.96046625678	0.947	0.963	1.43031e-12
800   	3005  	360.975		1.97341536716	0.995	0.982	1.36188e-12		1.96447945546	0.95	0.966	1.41455e-12
800   	3005  	370.152		1.97670708295	0.996	0.983	1.35306e-12		1.9683266785	0.952	0.968	1.39989e-12
800   	3005  	379.329		1.97989363166	0.996	0.984	1.34469e-12		1.97202483078	0.954	0.97	1.38623e-12
800   	3005  	388.507		1.98298600572	0.996	0.985	1.33676e-12		1.97558909141	0.956	0.972	1.37348e-12
800   	3005  	397.684		1.98599414087	0.996	0.986	1.32922e-12		1.97903312197	0.957	0.974	1.36154e-12
800   	3005  	406.861		1.98892703979	0.996	0.987	1.32204e-12		1.98236924664	0.959	0.976	1.35035e-12
800   	3005  	416.039		1.99179287927	0.997	0.988	1.3152e-12		1.98560860846	0.961	0.977	1.33984e-12
800   	3005  	425.216		1.99459910337	0.997	0.988	1.30867e-12		1.98876130506	0.962	0.979	1.32994e-12
800   	3005  	434.393		1.99735250472	0.997	0.989	1.30244e-12		1.99183650694	0.964	0.98	1.32062e-12
800   	3005  	443.57		2.00005929545	0.997	0.99	1.29647e-12		1.99484256071	0.965	0.981	1.31182e-12
800   	3005  	452.748		2.00272516952	0.997	0.99	1.29076e-12		1.9977870795	0.966	0.982	1.30349e-12
800   	3005  	461.925		2.00535535735	0.997	0.991	1.28528e-12		2.00067702213	0.967	0.983	1.29562e-12
800   	3005  	471.102		2.00795467406	0.997	0.991	1.28003e-12		2.00351876281	0.969	0.984	1.28815e-12
800   	3005  	480.28		2.01052756199	0.997	0.992	1.27498e-12		2.00631815246	0.97	0.985	1.28106e-12
800   	3005  	489.457		2.01307812834	0.998	0.992	1.27013e-12		2.00908057286	0.971	0.986	1.27432e-12
800   	3005  	498.634		2.01561017863	0.998	0.993	1.26546e-12		2.01181098453	0.972	0.987	1.26792e-12
800   	3005  	507.812		2.01812724631	0.998	0.993	1.26096e-12		2.01451396916	0.973	0.988	1.26181e-12
800   	3005  	516.989		2.02063261928	0.998	0.993	1.25663e-12		2.01719376734	0.974	0.988	1.25599e-12
800   	3005  	526.166		2.02312936345	0.998	0.994	1.25245e-12		2.01985431203	0.974	0.989	1.25044e-12
800   	3005  	535.344		2.02562034388	0.998	0.994	1.24842e-12		2.0224992585	0.975	0.99	1.24513e-12
800   	3005  	544.521		2.0281082437	0.998	0.994	1.24453e-12		2.025132011 	0.976	0.99	1.24005e-12
800   	3005  	553.698		2.03059558109	0.998	0.995	1.24076e-12		2.02775574666	0.977	0.991	1.23519e-12
800   	3005  	562.876		2.03308472459	0.998	0.995	1.23712e-12		2.03037343691	0.978	0.991	1.23054e-12
800   	3005  	572.053		2.03557790685	0.998	0.995	1.2336e-12		2.03298786668	0.978	0.992	1.22608e-12
800   	3005  	581.23		2.03807723709	0.998	0.995	1.23018e-12		2.03560165172	0.979	0.992	1.2218e-12
800   	3005  	590.408		2.04058471235	0.998	0.996	1.22688e-12		2.03821725419	0.98	0.992	1.21768e-12
800   	3005  	599.585		2.04310222765	0.998	0.996	1.22367e-12		2.04083699675	0.98	0.993	1.21373e-12
820   	2005  	149.896		1.77880769673	0.949	0.835	1.51846e-12		1.72821296096	0.846	0.685	2.22819e-12
820   	2005  	159.074		1.79840684355	0.954	0.856	1.44052e-12		1.75209479545	0.852	0.723	2.01843e-12
820   	2005  	168.251		1.8157500049	0.958	0.873	1.3768e-12		1.77347683217	0.859	0.755	1.85535e-12
820   	2005  	177.428		1.83117893689	0.962	0.888	1.32373e-12		1.79264186341	0.866	0.783	1.72552e-12
820   	2005  	186.606		1.84497657608	0.965	0.901	1.27883e-12		1.80985382804	0.873	0.808	1.62009e-12
820   	2005  	195.783		1.85737777063	0.968	0.911	1.24033e-12		1.8253517389	0.879	0.829	1.53301e-12
820   	2005  	204.96		1.86857818044	0.971	0.921	1.20693e-12		1.83934796953	0.886	0.847	1.46002e-12
820   	2005  	214.137		1.8787415325	0.973	0.929	1.17767e-12		1.85202902027	0.892	0.863	1.39805e-12
820   	2005  	223.315		1.88800548121	0.975	0.936	1.1518e-12		1.86355752588	0.898	0.877	1.34486e-12
820   	2005  	232.492		1.89648632346	0.977	0.942	1.12876e-12		1.87407476275	0.903	0.889	1.29876e-12
820   	2005  	241.669		1.9042827901	0.979	0.947	1.10808e-12		1.88370324105	0.908	0.9	1.25845e-12
820   	2005  	250.847		1.91147909959	0.98	0.952	1.08943e-12		1.89254916752	0.913	0.909	1.22294e-12
820   	2005  	260.024		1.91814742473	0.981	0.956	1.07249e-12		1.90070468101	0.918	0.917	1.19144e-12
820   	2005  	269.201		1.92434989274	0.983	0.96	1.05705e-12		1.90824982798	0.922	0.925	1.16332e-12
820   	2005  	278.379		1.93014021386	0.984	0.963	1.0429e-12		1.91525427971	0.926	0.931	1.13807e-12
820   	2005  	287.556		1.9355650135	0.985	0.966	1.02988e-12		1.92177880986	0.93	0.937	1.1153e-12
820   	2005  	296.733		1.94066492689	0.986	0.969	1.01786e-12		1.92787655787	0.933	0.942	1.09465e-12
820   	2005  	305.911		1.94547550269	0.987	0.971	1.00673e-12		1.93359410549	0.936	0.947	1.07585e-12
820   	2005  	315.088		1.95002795246	0.987	0.973	9.96375e-13		1.93897239235	0.939	0.951	1.05867e-12
820   	2005  	324.265		1.95434977485	0.988	0.975	9.86725e-13		1.9440474944	0.942	0.955	1.04291e-12
820   	2005  	333.443		1.95846527792	0.989	0.977	9.77704e-13		1.94885128583	0.945	0.958	1.0284e-12
820   	2005  	342.62		1.96239601795	0.989	0.978	9.69252e-13		1.95341200272	0.947	0.961	1.01501e-12
820   	2005  	351.797		1.96616116961	0.99	0.98	9.61312e-13		1.9577547235	0.949	0.964	1.00261e-12
820   	2005  	360.975		1.96977783948	0.99	0.981	9.5384e-13		1.96190177942	0.952	0.967	9.911e-13
820   	2005  	370.152		1.97326133259	0.991	0.983	9.46791e-13		1.96587310583	0.954	0.969	9.80384e-13
820   	2005  	379.329		1.97662537981	0.991	0.984	9.40131e-13		1.96968654349	0.956	0.971	9.70387e-13
820   	2005  	388.507		1.97988233262	0.992	0.985	9.33826e-13		1.97335809765	0.957	0.973	9.61039e-13
820   	2005  	397.684		1.98304333034	0.992	0.986	9.27848e-13		1.97690216127	0.959	0.975	9.5228e-13
820   	2005  	406.861		1.98611844435	0.992	0.987	9.22171e-13		1.98033170791	0.961	0.977	9.44057e-13
820   	2005  	416.039		1.98911680276	0.993	0.987	9.16771e-13		1.98365845864	0.962	0.978	9.36322e-13
820   	2005  	425.216		1.99204669851	0.993	0.988	9.11628e-13		1.98689302706	0.964	0.979	9.29034e-13
820   	2005  	434.393		1.99491568339	0.993	0.989	9.06723e-13		1.99004504531	0.965	0.981	9.22157e-13
820   	2005  	443.57		1.99773065007	0.994	0.989	9.0204e-13		1.99312327411	0.966	0.982	9.15655e-13
820   	2005  	452.748		2.00049790382	0.994	0.99	8.97562e-13		1.99613569885	0.968	0.983	9.09501e-13
820   	2005  	461.925		2.00322322534	0.994	0.991	8.93277e-13		1.99908961379	0.969	0.984	9.03667e-13
820   	2005  	471.102		2.0059119261	0.994	0.991	8.89171e-13		2.00199169602	0.97	0.985	8.98129e-13
820   	2005  	480.28		2.00856889699	0.995	0.992	8.85233e-13		2.0048480705	0.971	0.986	8.92865e-13
820   	2005  	489.457		2.01119865136	0.995	0.992	8.81452e-13		2.00766436749	0.972	0.987	8.87856e-13
820   	2005  	498.634		2.01380536308	0.995	0.992	8.77819e-13		2.01044577321	0.973	0.987	8.83083e-13
820   	2005  	507.812		2.01639290035	0.995	0.993	8.74325e-13		2.01319707475	0.974	0.988	8.78531e-13
820   	2005  	516.989		2.01896485571	0.995	0.993	8.70961e-13		2.01592269995	0.975	0.989	8.74185e-13
820   	2005  	526.166		2.02152457281	0.995	0.994	8.67721e-13		2.01862675278	0.976	0.989	8.70032e-13
820   	2005  	535.344		2.02407517032	0.996	0.994	8.64597e-13		2.02131304494	0.976	0.99	8.66058e-13
820   	2005  	544.521		2.02661956327	0.996	0.994	8.61583e-13		2.02398512401	0.977	0.99	8.62253e-13
820   	2005  	553.698		2.02916048225	0.996	0.995	8.58672e-13		2.02664629865	0.978	0.991	8.58606e-13
820   	2005  	562.876		2.0317004906	0.996	0.995	8.5586e-13		2.02929966115	0.979	0.991	8.55107e-13
820   	2005  	572.053		2.0342419999	0.996	0.995	8.53141e-13		2.03194810769	0.979	0.992	8.51749e-13
820   	2005  	581.23		2.03678728389	0.996	0.995	8.5051e-13		2.03459435654	0.98	0.992	8.48522e-13
820   	2005  	590.408		2.03933849115	0.996	0.996	8.47964e-13		2.03724096451	0.98	0.993	8.4542e-13
820   	2005  	599.585		2.04189765644	0.997	0.996	8.45497e-13		2.03989034167	0.981	0.993	8.42434e-13
820   	2116.11	149.896		1.78353488209	0.953	0.84	1.57148e-12		1.73179818586	0.846	0.688	2.32126e-12
820   	2116.11	159.074		1.80270231714	0.958	0.86	1.49385e-12		1.75541488949	0.852	0.725	2.10511e-12
820   	2116.11	168.251		1.81966350884	0.962	0.877	1.43018e-12		1.77654990087	0.859	0.757	1.93676e-12
820   	2116.11	177.428		1.83475481035	0.965	0.891	1.377e-12		1.79548780902	0.866	0.785	1.80257e-12
820   	2116.11	186.606		1.84825375383	0.968	0.903	1.33189e-12		1.81249253765	0.873	0.809	1.69348e-12
820   	2116.11	195.783		1.86039018126	0.971	0.914	1.29313e-12		1.82780212868	0.879	0.83	1.6033e-12
820   	2116.11	204.96		1.87135529123	0.974	0.923	1.25944e-12		1.84162753795	0.886	0.848	1.52766e-12
820   	2116.11	214.137		1.88130891703	0.976	0.93	1.22987e-12		1.85415369189	0.892	0.864	1.46341e-12
820   	2116.11	223.315		1.89038535302	0.977	0.937	1.20369e-12		1.86554165385	0.898	0.878	1.40823e-12
820   	2116.11	232.492		1.89869801333	0.979	0.943	1.18033e-12		1.8759312128	0.903	0.89	1.36039e-12
820   	2116.11	241.669		1.90634316166	0.981	0.948	1.15935e-12		1.88544351262	0.908	0.9	1.31855e-12
820   	2116.11	250.847		1.91340290583	0.982	0.953	1.14039e-12		1.89418352716	0.913	0.91	1.28168e-12
820   	2116.11	260.024		1.91994761127	0.983	0.957	1.12317e-12		1.90224229468	0.918	0.918	1.24896e-12
820   	2116.11	269.201		1.92603785469	0.984	0.961	1.10744e-12		1.90969888544	0.922	0.925	1.21975e-12
820   	2116.11	278.379		1.93172601307	0.985	0.964	1.09302e-12		1.91662210798	0.926	0.932	1.19352e-12
820   	2116.11	287.556		1.93705756224	0.986	0.967	1.07974e-12		1.92307197481	0.93	0.938	1.16985e-12
820   	2116.11	296.733		1.94207214336	0.987	0.969	1.06746e-12		1.92910095423	0.933	0.943	1.1484e-12
820   	2116.11	305.911		1.94680444287	0.988	0.972	1.05608e-12		1.93475503599	0.936	0.947	1.12886e-12
820   	2116.11	315.088		1.9512849222	0.988	0.974	1.04549e-12		1.94007463702	0.939	0.951	1.11101e-12
820   	2116.11	324.265		1.95554042537	0.989	0.976	1.03562e-12		1.94509537113	0.942	0.955	1.09463e-12
820   	2116.11	333.443		1.95959468746	0.99	0.977	1.02638e-12		1.94984870326	0.945	0.959	1.07956e-12
820   	2116.11	342.62		1.96346876169	0.99	0.979	1.01772e-12		1.95436250637	0.947	0.962	1.06564e-12
820   	2116.11	351.797		1.96718137984	0.991	0.98	1.00958e-12		1.95866153614	0.95	0.965	1.05275e-12
820   	2116.11	360.975		1.97074925739	0.991	0.982	1.00191e-12		1.96276783631	0.952	0.967	1.04079e-12
820   	2116.11	370.152		1.97418735313	0.992	0.983	9.9468e-13		1.96670108561	0.954	0.969	1.02965e-12
820   	2116.11	379.329		1.97750909056	0.992	0.984	9.87841e-13		1.97047889528	0.956	0.971	1.01926e-12
820   	2116.11	388.507		1.98072654757	0.992	0.985	9.81364e-13		1.97411706484	0.957	0.973	1.00955e-12
820   	2116.11	397.684		1.98385061939	0.993	0.986	9.7522e-13		1.97762980252	0.959	0.975	1.00045e-12
820   	2116.11	406.861		1.98689115909	0.993	0.987	9.69383e-13		1.98102991559	0.961	0.977	9.9191e-13
820   	2116.11	416.039		1.98985709908	0.993	0.988	9.63829e-13		1.98432897525	0.962	0.978	9.83876e-13
820   	2116.11	425.216		1.99275655646	0.994	0.988	9.58537e-13		1.98753745965	0.964	0.98	9.76307e-13
820   	2116.11	434.393		1.99559692471	0.994	0.989	9.53489e-13		1.99066487838	0.965	0.981	9.69164e-13
820   	2116.11	443.57		1.99838495367	0.994	0.99	9.48667e-13		1.993719881 	0.966	0.982	9.62413e-13
820   	2116.11	452.748		2.00112681943	0.994	0.99	9.44056e-13		1.99671035195	0.968	0.983	9.56023e-13
820   	2116.11	461.925		2.00382818576	0.995	0.991	9.39641e-13		1.99964349363	0.969	0.984	9.49966e-13
820   	2116.11	471.102		2.00649425793	0.995	0.991	9.3541e-13		2.0025258994	0.97	0.985	9.44218e-13
820   	2116.11	480.28		2.00912983032	0.995	0.992	9.31352e-13		2.0053636178	0.971	0.986	9.38755e-13
820   	2116.11	489.457		2.01173932839	0.995	0.992	9.27454e-13		2.00816220918	0.972	0.987	9.33556e-13
820   	2116.11	498.634		2.01432684581	0.995	0.993	9.23708e-13		2.01092679575	0.973	0.987	9.28605e-13
820   	2116.11	507.812		2.01689617749	0.996	0.993	9.20104e-13		2.01366210592	0.974	0.988	9.23883e-13
820   	2116.11	516.989		2.01945084892	0.996	0.993	9.16634e-13		2.01637251359	0.975	0.989	9.19375e-13
820   	2116.11	526.166		2.02199414228	0.996	0.994	9.13291e-13		2.01906207316	0.976	0.989	9.15067e-13
820   	2116.11	535.344		2.02452911978	0.996	0.994	9.10067e-13		2.02173455065	0.976	0.99	9.10946e-13
820   	2116.11	544.521		2.02705864462	0.996	0.994	9.06955e-13		2.02439345153	0.977	0.991	9.07001e-13
820   	2116.11	553.698		2.02958539961	0.996	0.995	9.03951e-13		2.02704204556	0.978	0.991	9.03221e-13
820   	2116.11	562.876		2.03211190408	0.996	0.995	9.01047e-13		2.02968338907	0.979	0.991	8.99595e-13
820   	2116.11	572.053		2.03464052897	0.997	0.995	8.98239e-13		2.03232034496	0.979	0.992	8.96115e-13
820   	2116.11	581.23		2.0371735105	0.997	0.995	8.95522e-13		2.03495560067	0.98	0.992	8.92771e-13
820   	2116.11	590.408		2.0397129625	0.997	0.996	8.92891e-13		2.03759168437	0.98	0.993	8.89557e-13
820   	2116.11	599.585		2.04226088755	0.997	0.996	8.90343e-13		2.04023097955	0.981	0.993	8.86465e-13
820   	2227.22	149.896		1.78765655735	0.957	0.844	1.62587e-12		1.73496394873	0.846	0.69	2.41475e-12
820   	2227.22	159.074		1.80644065979	0.961	0.864	1.54827e-12		1.75833930142	0.852	0.727	2.19204e-12
820   	2227.22	168.251		1.82306427779	0.965	0.88	1.48444e-12		1.77925114555	0.859	0.759	2.01834e-12
820   	2227.22	177.428		1.83785827693	0.968	0.894	1.431e-12		1.79798503844	0.866	0.787	1.87973e-12
820   	2227.22	186.606		1.85109496332	0.971	0.906	1.38557e-12		1.81480444607	0.873	0.811	1.76694e-12
820   	2227.22	195.783		1.86299946967	0.974	0.916	1.34646e-12		1.82994623556	0.879	0.831	1.67364e-12
820   	2227.22	204.96		1.87375887112	0.976	0.924	1.31241e-12		1.84361988398	0.886	0.849	1.59533e-12
820   	2227.22	214.137		1.88352944556	0.978	0.932	1.28247e-12		1.85600876495	0.892	0.865	1.52878e-12
820   	2227.22	223.315		1.89244244637	0.979	0.939	1.25593e-12		1.86727243653	0.898	0.879	1.47161e-12
820   	2227.22	232.492		1.90060869616	0.981	0.944	1.23222e-12		1.87754928869	0.903	0.89	1.42202e-12
820   	2227.22	241.669		1.90812225245	0.982	0.949	1.2109e-12		1.88695919624	0.908	0.901	1.37863e-12
820   	2227.22	250.847		1.91506334364	0.984	0.954	1.19161e-12		1.89560599834	0.913	0.91	1.3404e-12
820   	2227.22	260.024		1.92150073137	0.985	0.958	1.17407e-12		1.90357972734	0.918	0.918	1.30646e-12
820   	2227.22	269.201		1.92749362052	0.986	0.961	1.15804e-12		1.91095856622	0.922	0.926	1.27616e-12
820   	2227.22	278.379		1.93309321132	0.987	0.964	1.14333e-12		1.91781054284	0.926	0.932	1.24895e-12
820   	2227.22	287.556		1.93834396712	0.987	0.967	1.12977e-12		1.9241949836	0.93	0.938	1.22439e-12
820   	2227.22	296.733		1.94328465509	0.988	0.97	1.11723e-12		1.93016375371	0.933	0.943	1.20213e-12
820   	2227.22	305.911		1.9479492049	0.989	0.972	1.10559e-12		1.93576231235	0.936	0.948	1.18186e-12
820   	2227.22	315.088		1.95236742046	0.99	0.974	1.09475e-12		1.94103060915	0.939	0.952	1.16333e-12
820   	2227.22	324.265		1.95656557273	0.99	0.976	1.08464e-12		1.9460038456	0.942	0.956	1.14633e-12
820   	2227.22	333.443		1.96056689574	0.991	0.978	1.07518e-12		1.95071312217	0.945	0.959	1.13069e-12
820   	2227.22	342.62		1.96439200329	0.991	0.979	1.0663e-12		1.95518598903	0.947	0.962	1.11625e-12
820   	2227.22	351.797		1.96805924056	0.992	0.981	1.05795e-12		1.95944691531	0.95	0.965	1.10288e-12
820   	2227.22	360.975		1.97158498205	0.992	0.982	1.05009e-12		1.96351768987	0.952	0.967	1.09046e-12
820   	2227.22	370.152		1.9749838848	0.992	0.983	1.04266e-12		1.96741776423	0.954	0.97	1.07891e-12
820   	2227.22	379.329		1.97826910468	0.993	0.984	1.03564e-12		1.97116454664	0.956	0.972	1.06813e-12
820   	2227.22	388.507		1.9814524815	0.993	0.985	1.02899e-12		1.97477365489	0.958	0.974	1.05806e-12
820   	2227.22	397.684		1.98454469822	0.993	0.986	1.02267e-12		1.97825913415	0.959	0.975	1.04862e-12
820   	2227.22	406.861		1.98755541815	0.994	0.987	1.01667e-12		1.9816336451	0.961	0.977	1.03976e-12
820   	2227.22	416.039		1.99049340369	0.994	0.988	1.01096e-12		1.98490862686	0.962	0.978	1.03142e-12
820   	2227.22	425.216		1.99336661926	0.994	0.989	1.00552e-12		1.98809443838	0.964	0.98	1.02357e-12
820   	2227.22	434.393		1.99618232094	0.994	0.989	1.00032e-12		1.99120048141	0.965	0.981	1.01617e-12
820   	2227.22	443.57		1.99894713464	0.995	0.99	9.9536e-13		1.99423530786	0.966	0.982	1.00917e-12
820   	2227.22	452.748		2.00166712446	0.995	0.99	9.90613e-13		1.99720671345	0.968	0.983	1.00255e-12
820   	2227.22	461.925		2.00434785275	0.995	0.991	9.86067e-13		2.00012181997	0.969	0.984	9.96267e-13
820   	2227.22	471.102		2.00699443281	0.995	0.991	9.81709e-13		2.00298714731	0.97	0.985	9.9031e-13
820   	2227.22	480.28		2.0096115754	0.996	0.992	9.77527e-13		2.005808677 	0.971	0.986	9.84649e-13
820   	2227.22	489.457		2.01220362984	0.996	0.992	9.73511e-13		2.00859190814	0.972	0.987	9.79263e-13
820   	2227.22	498.634		2.0147746204	0.996	0.993	9.6965e-13		2.01134190689	0.973	0.988	9.74133e-13
820   	2227.22	507.812		2.01732827855	0.996	0.993	9.65935e-13		2.01406335026	0.974	0.988	9.69242e-13
820   	2227.22	516.989		2.01986807176	0.996	0.993	9.62357e-13		2.01676056498	0.975	0.989	9.64573e-13
820   	2227.22	526.166		2.02239722903	0.996	0.994	9.5891e-13		2.01943756208	0.976	0.989	9.60113e-13
820   	2227.22	535.344		2.02491876378	0.996	0.994	9.55585e-13		2.02209806766	0.976	0.99	9.55847e-13
820   	2227.22	544.521		2.02743549435	0.997	0.994	9.52375e-13		2.02474555037	0.977	0.991	9.51763e-13
820   	2227.22	553.698		2.02995006228	0.997	0.995	9.49275e-13		2.02738324601	0.978	0.991	9.4785e-13
820   	2227.22	562.876		2.03246494885	0.997	0.995	9.46279e-13		2.03001417951	0.979	0.992	9.44098e-13
820   	2227.22	572.053		2.03498248992	0.997	0.995	9.43382e-13		2.03264118472	0.979	0.992	9.40497e-13
820   	2227.22	581.23		2.03750488926	0.997	0.995	9.40577e-13		2.03526692216	0.98	0.992	9.37038e-13
820   	2227.22	590.408		2.04003423069	0.997	0.996	9.37862e-13		2.03789389503	0.98	0.993	9.33713e-13
820   	2227.22	599.585		2.04257248901	0.997	0.996	9.35231e-13		2.04052446366	0.981	0.993	9.30515e-13
820   	2338.33	149.896		1.79127079549	0.96	0.848	1.68137e-12		1.73777275929	0.846	0.692	2.50855e-12
820   	2338.33	159.074		1.8097134573	0.964	0.867	1.60359e-12		1.76092818894	0.852	0.729	2.27917e-12
820   	2338.33	168.251		1.8260375921	0.968	0.883	1.53945e-12		1.78163801654	0.859	0.76	2.10005e-12
820   	2338.33	177.428		1.84056865603	0.971	0.896	1.48562e-12		1.80018815308	0.866	0.788	1.95697e-12
820   	2338.33	186.606		1.8535739783	0.974	0.908	1.43978e-12		1.81684129778	0.873	0.812	1.84046e-12
820   	2338.33	195.783		1.86527429832	0.976	0.917	1.40025e-12		1.83183301923	0.879	0.832	1.744e-12
820   	2338.33	204.96		1.87585289656	0.978	0.926	1.36577e-12		1.84537129998	0.886	0.85	1.66301e-12
820   	2338.33	214.137		1.88546281055	0.98	0.933	1.33542e-12		1.85763800542	0.892	0.866	1.59415e-12
820   	2338.33	223.315		1.89423254187	0.981	0.94	1.30848e-12		1.86879126397	0.898	0.879	1.53497e-12
820   	2338.33	232.492		1.90227058101	0.983	0.945	1.28439e-12		1.8789681562	0.903	0.891	1.48363e-12
820   	2338.33	241.669		1.90966900876	0.984	0.95	1.2627e-12		1.88828738118	0.908	0.902	1.43871e-12
820   	2338.33	250.847		1.91650637558	0.985	0.955	1.24306e-12		1.89685173479	0.913	0.911	1.3991e-12
820   	2338.33	260.024		1.92285001541	0.986	0.958	1.22518e-12		1.90475032995	0.918	0.919	1.36394e-12
820   	2338.33	269.201		1.92875791489	0.987	0.962	1.20882e-12		1.91206054241	0.922	0.926	1.33255e-12
820   	2338.33	278.379		1.93428023144	0.988	0.965	1.1938e-12		1.91884969262	0.926	0.932	1.30436e-12
820   	2338.33	287.556		1.93946053277	0.989	0.968	1.17995e-12		1.92517648715	0.93	0.938	1.27891e-12
820   	2338.33	296.733		1.94433681419	0.989	0.97	1.16713e-12		1.93109224792	0.933	0.943	1.25584e-12
820   	2338.33	305.911		1.94894233788	0.99	0.972	1.15522e-12		1.9366419573	0.936	0.948	1.23483e-12
820   	2338.33	315.088		1.95330632853	0.99	0.975	1.14413e-12		1.94186514582	0.939	0.952	1.21563e-12
820   	2338.33	324.265		1.95745455284	0.991	0.976	1.13378e-12		1.94679664584	0.942	0.956	1.19802e-12
820   	2338.33	333.443		1.96140980434	0.991	0.978	1.12408e-12		1.95146723213	0.945	0.959	1.18181e-12
820   	2338.33	342.62		1.96519231086	0.992	0.98	1.11498e-12		1.95590416674	0.947	0.962	1.16684e-12
820   	2338.33	351.797		1.96882007834	0.992	0.981	1.10642e-12		1.96013166343	0.95	0.965	1.15299e-12
820   	2338.33	360.975		1.97230918218	0.993	0.982	1.09835e-12		1.9641712842	0.952	0.967	1.14013e-12
820   	2338.33	370.152		1.97567401502	0.993	0.983	1.09073e-12		1.96804227852	0.954	0.97	1.12816e-12
820   	2338.33	379.329		1.97892749827	0.993	0.984	1.08352e-12		1.97176187433	0.956	0.972	1.11699e-12
820   	2338.33	388.507		1.98208126337	0.994	0.985	1.07668e-12		1.97534552816	0.958	0.974	1.10655e-12
820   	2338.33	397.684		1.98514580753	0.994	0.986	1.0702e-12		1.97880714059	0.959	0.975	1.09678e-12
820   	2338.33	406.861		1.98813062816	0.994	0.987	1.06403e-12		1.98215924243	0.961	0.977	1.0876e-12
820   	2338.33	416.039		1.99104433902	0.995	0.988	1.05816e-12		1.9854131559	0.962	0.978	1.07897e-12
820   	2338.33	425.216		1.99389477114	0.995	0.989	1.05256e-12		1.98857913448	0.964	0.98	1.07084e-12
820   	2338.33	434.393		1.99668906061	0.995	0.989	1.04722e-12		1.99166648464	0.965	0.981	1.06317e-12
820   	2338.33	443.57		1.99943372512	0.995	0.99	1.04211e-12		1.99468367195	0.966	0.982	1.05593e-12
820   	2338.33	452.748		2.00213473108	0.995	0.99	1.03722e-12		1.99763841387	0.968	0.983	1.04907e-12
820   	2338.33	461.925		2.00479755234	0.996	0.991	1.03255e-12		2.00053776101	0.969	0.984	1.04257e-12
820   	2338.33	471.102		2.00742722197	0.996	0.992	1.02806e-12		2.00338816851	0.97	0.985	1.03641e-12
820   	2338.33	480.28		2.01002837784	0.996	0.992	1.02375e-12		2.0061955588	0.971	0.986	1.03055e-12
820   	2338.33	489.457		2.01260530291	0.996	0.992	1.01962e-12		2.00896537704	0.972	0.987	1.02498e-12
820   	2338.33	498.634		2.01516196094	0.996	0.993	1.01564e-12		2.01170264001	0.973	0.988	1.01967e-12
820   	2338.33	507.812		2.01770202817	0.996	0.993	1.01181e-12		2.0144119795	0.974	0.988	1.01461e-12
820   	2338.33	516.989		2.02022892153	0.996	0.994	1.00813e-12		2.01709768072	0.975	0.989	1.00978e-12
820   	2338.33	526.166		2.02274582369	0.997	0.994	1.00457e-12		2.01976371656	0.976	0.99	1.00517e-12
820   	2338.33	535.344		2.02525570563	0.997	0.994	1.00115e-12		2.02241377803	0.976	0.99	1.00076e-12
820   	2338.33	544.521		2.02776134661	0.997	0.994	9.97838e-13		2.02505130143	0.977	0.991	9.9654e-13
820   	2338.33	553.698		2.03026535227	0.997	0.995	9.94642e-13		2.0276794927	0.978	0.991	9.92496e-13
820   	2338.33	562.876		2.0327701708	0.997	0.995	9.91552e-13		2.03030134921	0.979	0.992	9.88618e-13
820   	2338.33	572.053		2.03527810751	0.997	0.995	9.88564e-13		2.0329196793	0.979	0.992	9.84897e-13
820   	2338.33	581.23		2.03779133797	0.997	0.995	9.85672e-13		2.03553711987	0.98	0.992	9.81324e-13
820   	2338.33	590.408		2.0403119199	0.997	0.996	9.82871e-13		2.03815615221	0.98	0.993	9.7789e-13
820   	2338.33	599.585		2.04284180395	0.997	0.996	9.80157e-13		2.04077911632	0.981	0.993	9.74587e-13
820   	2449.44	149.896		1.79445686768	0.963	0.851	1.73781e-12		1.74027601606	0.845	0.694	2.60261e-12
820   	2449.44	159.074		1.81259441817	0.967	0.869	1.65966e-12		1.76323077787	0.852	0.73	2.36647e-12
820   	2449.44	168.251		1.82865185329	0.97	0.885	1.59507e-12		1.7837573403	0.859	0.762	2.18186e-12
820   	2449.44	177.428		1.8429493951	0.973	0.898	1.54076e-12		1.80214151315	0.866	0.789	2.03427e-12
820   	2449.44	186.606		1.85574967879	0.976	0.909	1.49443e-12		1.81864501723	0.873	0.813	1.914e-12
820   	2449.44	195.783		1.86726936602	0.978	0.919	1.45441e-12		1.83350205517	0.879	0.833	1.81438e-12
820   	2449.44	204.96		1.8776882533	0.98	0.927	1.41946e-12		1.84691912961	0.886	0.851	1.73069e-12
820   	2449.44	214.137		1.88715642637	0.981	0.934	1.38866e-12		1.85907665616	0.892	0.866	1.65952e-12
820   	2449.44	223.315		1.8957998949	0.983	0.941	1.36129e-12		1.87013141331	0.898	0.88	1.59833e-12
820   	2449.44	232.492		1.90372504724	0.984	0.946	1.33678e-12		1.88021925978	0.903	0.892	1.54524e-12
820   	2449.44	241.669		1.91102218892	0.985	0.951	1.31469e-12		1.88945780691	0.908	0.902	1.49876e-12
820   	2449.44	250.847		1.91776836796	0.986	0.955	1.29468e-12		1.8979488915	0.913	0.911	1.45779e-12
820   	2449.44	260.024		1.92402964315	0.987	0.959	1.27645e-12		1.90578078553	0.918	0.919	1.42141e-12
820   	2449.44	269.201		1.92986291534	0.988	0.962	1.25976e-12		1.91303012945	0.922	0.926	1.38892e-12
820   	2449.44	278.379		1.93531741418	0.989	0.965	1.24441e-12		1.9197636014	0.926	0.933	1.35975e-12
820   	2449.44	287.556		1.9404359118	0.99	0.968	1.23026e-12		1.92603934684	0.93	0.938	1.33341e-12
820   	2449.44	296.733		1.94525571878	0.99	0.971	1.21715e-12		1.93190819699	0.933	0.944	1.30954e-12
820   	2449.44	305.911		1.94980950588	0.991	0.973	1.20496e-12		1.93741470451	0.936	0.948	1.28779e-12
820   	2449.44	315.088		1.95412598512	0.991	0.975	1.19361e-12		1.94259802286	0.939	0.952	1.26792e-12
820   	2449.44	324.265		1.9582304773	0.992	0.977	1.18301e-12		1.94749265291	0.942	0.956	1.24969e-12
820   	2449.44	333.443		1.9621453868	0.992	0.978	1.17307e-12		1.95212907727	0.945	0.959	1.23292e-12
820   	2449.44	342.62		1.96589060069	0.993	0.98	1.16374e-12		1.95653429995	0.947	0.962	1.21743e-12
820   	2449.44	351.797		1.96948382562	0.993	0.981	1.15496e-12		1.96073230627	0.95	0.965	1.20309e-12
820   	2449.44	360.975		1.97294087331	0.993	0.982	1.14669e-12		1.96474445545	0.952	0.968	1.18978e-12
820   	2449.44	370.152		1.97627590341	0.994	0.984	1.13887e-12		1.96858981661	0.954	0.97	1.1774e-12
820   	2449.44	379.329		1.9795016309	0.994	0.985	1.13146e-12		1.97228545687	0.956	0.972	1.16584e-12
820   	2449.44	388.507		1.98262950378	0.994	0.986	1.12444e-12		1.975846689 	0.958	0.974	1.15505e-12
820   	2449.44	397.684		1.98566985588	0.995	0.986	1.11778e-12		1.97928728488	0.959	0.975	1.14493e-12
820   	2449.44	406.861		1.98863203866	0.995	0.987	1.11144e-12		1.98261965973	0.961	0.977	1.13544e-12
820   	2449.44	416.039		1.99152453527	0.995	0.988	1.10541e-12		1.98585503183	0.962	0.979	1.12652e-12
820   	2449.44	425.216		1.99435505953	0.995	0.989	1.09966e-12		1.98900356093	0.964	0.98	1.11811e-12
820   	2449.44	434.393		1.9971306421	0.995	0.989	1.09416e-12		1.99207446887	0.965	0.981	1.11018e-12
820   	2449.44	443.57		1.99985770569	0.996	0.99	1.08891e-12		1.99507614463	0.966	0.982	1.10269e-12
820   	2449.44	452.748		2.00254213091	0.996	0.991	1.08389e-12		1.9980162362	0.968	0.983	1.0956e-12
820   	2449.44	461.925		2.00518931397	0.996	0.991	1.07907e-12		2.00090173111	0.969	0.984	1.08889e-12
820   	2449.44	471.102		2.00780421755	0.996	0.992	1.07446e-12		2.00373902708	0.97	0.985	1.08251e-12
820   	2449.44	480.28		2.01039141559	0.996	0.992	1.07002e-12		2.00653399424	0.971	0.986	1.07646e-12
820   	2449.44	489.457		2.01295513286	0.996	0.992	1.06577e-12		2.00929202995	0.972	0.987	1.0707e-12
820   	2449.44	498.634		2.0154992801	0.997	0.993	1.06167e-12		2.0120181073	0.973	0.988	1.06522e-12
820   	2449.44	507.812		2.01802748512	0.997	0.993	1.05773e-12		2.01471681807	0.974	0.988	1.06e-12
820   	2449.44	516.989		2.02054312054	0.997	0.994	1.05394e-12		2.01739241076	0.975	0.989	1.05501e-12
820   	2449.44	526.166		2.02304932852	0.997	0.994	1.05028e-12		2.02004882455	0.976	0.99	1.05025e-12
820   	2449.44	535.344		2.02554904277	0.997	0.994	1.04675e-12		2.02268971941	0.976	0.99	1.04569e-12
820   	2449.44	544.521		2.02804500839	0.997	0.995	1.04334e-12		2.02531850307	0.977	0.991	1.04133e-12
820   	2449.44	553.698		2.03053979958	0.997	0.995	1.04005e-12		2.02793835511	0.978	0.991	1.03716e-12
820   	2449.44	562.876		2.03303583554	0.997	0.995	1.03686e-12		2.03055224857	0.979	0.992	1.03316e-12
820   	2449.44	572.053		2.03553539485	0.997	0.995	1.03378e-12		2.03316296925	0.979	0.992	1.02932e-12
820   	2449.44	581.23		2.0380406284	0.997	0.995	1.0308e-12		2.03577313321	0.98	0.992	1.02563e-12
820   	2449.44	590.408		2.04055357108	0.998	0.996	1.02792e-12		2.03838520243	0.98	0.993	1.02209e-12
820   	2449.44	599.585		2.04307615238	0.998	0.996	1.02512e-12		2.04100149896	0.981	0.993	1.01868e-12
820   	2560.56	149.896		1.79727933112	0.966	0.854	1.79503e-12		1.74251626591	0.845	0.695	2.69686e-12
820   	2560.56	159.074		1.8151433484	0.97	0.872	1.71637e-12		1.76528764126	0.852	0.731	2.45388e-12
820   	2560.56	168.251		1.83096240016	0.973	0.887	1.65121e-12		1.78564757723	0.859	0.763	2.26374e-12
820   	2560.56	177.428		1.84505170459	0.975	0.9	1.59634e-12		1.80388144773	0.866	0.79	2.11161e-12
820   	2560.56	186.606		1.85766949711	0.977	0.91	1.54945e-12		1.8202498546	0.872	0.813	1.98757e-12
820   	2560.56	195.783		1.86902866575	0.979	0.92	1.50889e-12		1.83498560674	0.879	0.834	1.88477e-12
820   	2560.56	204.96		1.87930581146	0.981	0.928	1.47344e-12		1.84829376123	0.886	0.851	1.79838e-12
820   	2560.56	214.137		1.88864833016	0.983	0.935	1.44215e-12		1.86035335007	0.892	0.867	1.72488e-12
820   	2560.56	223.315		1.89717997202	0.984	0.941	1.41431e-12		1.87131988195	0.898	0.88	1.66168e-12
820   	2560.56	232.492		1.90500522671	0.985	0.947	1.38937e-12		1.88132807756	0.903	0.892	1.60683e-12
820   	2560.56	241.669		1.91221280138	0.986	0.951	1.36687e-12		1.89049454241	0.908	0.902	1.55881e-12
820   	2560.56	250.847		1.91887839478	0.987	0.956	1.34646e-12		1.89892023135	0.913	0.911	1.51646e-12
820   	2560.56	260.024		1.92506692302	0.988	0.959	1.32786e-12		1.90669264641	0.918	0.92	1.47886e-12
820   	2560.56	269.201		1.93083431572	0.989	0.963	1.31082e-12		1.91388775715	0.922	0.927	1.44528e-12
820   	2560.56	278.379		1.93622897396	0.99	0.966	1.29515e-12		1.92057165742	0.926	0.933	1.41512e-12
820   	2560.56	287.556		1.94129296029	0.99	0.969	1.28068e-12		1.9268019835	0.93	0.939	1.3879e-12
820   	2560.56	296.733		1.94606297535	0.991	0.971	1.26727e-12		1.9326291223	0.933	0.944	1.36322e-12
820   	2560.56	305.911		1.95057116359	0.991	0.973	1.2548e-12		1.93809723808	0.936	0.948	1.34074e-12
820   	2560.56	315.088		1.95484578127	0.992	0.975	1.24318e-12		1.94324514407	0.939	0.952	1.3202e-12
820   	2560.56	324.265		1.95891175308	0.992	0.977	1.23232e-12		1.94810704245	0.942	0.956	1.30136e-12
820   	2560.56	333.443		1.96279113796	0.993	0.979	1.22214e-12		1.95271315291	0.945	0.959	1.28401e-12
820   	2560.56	342.62		1.96650352074	0.993	0.98	1.21258e-12		1.95709024757	0.947	0.962	1.26801e-12
820   	2560.56	351.797		1.97006634277	0.994	0.981	1.20358e-12		1.9612621066	0.95	0.965	1.25319e-12
820   	2560.56	360.975		1.97349518215	0.994	0.983	1.19509e-12		1.96524990736	0.952	0.968	1.23943e-12
820   	2560.56	370.152		1.97680399222	0.994	0.984	1.18706e-12		1.96907255733	0.954	0.97	1.22663e-12
820   	2560.56	379.329		1.98000530525	0.994	0.985	1.17947e-12		1.97274697962	0.956	0.972	1.2147e-12
820   	2560.56	388.507		1.98311040696	0.995	0.986	1.17226e-12		1.97628835841	0.958	0.974	1.20354e-12
820   	2560.56	397.684		1.9861294867	0.995	0.987	1.16542e-12		1.97971035046	0.959	0.976	1.19309e-12
820   	2560.56	406.861		1.98907176695	0.995	0.987	1.15891e-12		1.98302526775	0.961	0.977	1.18328e-12
820   	2560.56	416.039		1.99194561541	0.995	0.988	1.15271e-12		1.9862442357	0.962	0.979	1.17407e-12
820   	2560.56	425.216		1.99475864237	0.996	0.989	1.1468e-12		1.98937733047	0.964	0.98	1.16538e-12
820   	2560.56	434.393		1.99751778543	0.996	0.99	1.14116e-12		1.99243369837	0.965	0.981	1.1572e-12
820   	2560.56	443.57		2.00022938342	0.996	0.99	1.13576e-12		1.99542166011	0.966	0.982	1.14946e-12
820   	2560.56	452.748		2.00289924122	0.996	0.991	1.13059e-12		1.99834880179	0.968	0.983	1.14214e-12
820   	2560.56	461.925		2.00553268657	0.996	0.991	1.12564e-12		2.00122205476	0.969	0.984	1.13521e-12
820   	2560.56	471.102		2.00813462005	0.996	0.992	1.12089e-12		2.00404776563	0.97	0.985	1.12863e-12
820   	2560.56	480.28		2.01070955921	0.997	0.992	1.11634e-12		2.00683175795	0.971	0.986	1.12238e-12
820   	2560.56	489.457		2.01326167754	0.997	0.993	1.11196e-12		2.0095793866	0.972	0.987	1.11644e-12
820   	2560.56	498.634		2.01579483902	0.997	0.993	1.10774e-12		2.01229558581	0.973	0.988	1.11079e-12
820   	2560.56	507.812		2.01831262879	0.997	0.993	1.10369e-12		2.01498491179	0.974	0.988	1.1054e-12
820   	2560.56	516.989		2.02081838045	0.997	0.994	1.09978e-12		2.01765158043	0.975	0.989	1.10025e-12
820   	2560.56	526.166		2.0233152004	0.997	0.994	1.09602e-12		2.02029950094	0.976	0.99	1.09534e-12
820   	2560.56	535.344		2.02580598961	0.997	0.994	1.09238e-12		2.02293230575	0.976	0.99	1.09064e-12
820   	2560.56	544.521		2.02829346305	0.997	0.995	1.08888e-12		2.02555337722	0.977	0.991	1.08615e-12
820   	2560.56	553.698		2.03078016723	0.997	0.995	1.08549e-12		2.02816587154	0.978	0.991	1.08184e-12
820   	2560.56	562.876		2.03326849584	0.998	0.995	1.08221e-12		2.03077274013	0.979	0.992	1.07772e-12
820   	2560.56	572.053		2.03576070394	0.998	0.995	1.07904e-12		2.03337674883	0.979	0.992	1.07376e-12
820   	2560.56	581.23		2.03825892067	0.998	0.996	1.07597e-12		2.03598049521	0.98	0.992	1.06996e-12
820   	2560.56	590.408		2.04076516086	0.998	0.996	1.07299e-12		2.03858642411	0.98	0.993	1.06631e-12
820   	2560.56	599.585		2.04328133537	0.998	0.996	1.07011e-12		2.04119684168	0.981	0.993	1.0628e-12
820   	2671.67	149.896		1.79979114  	0.968	0.856	1.85292e-12		1.74452895309	0.845	0.696	2.79128e-12
820   	2671.67	159.074		1.81740914897	0.972	0.873	1.77361e-12		1.76713244856	0.852	0.732	2.54139e-12
820   	2671.67	168.251		1.83301436696	0.975	0.888	1.70781e-12		1.7873405432	0.859	0.764	2.34568e-12
820   	2671.67	177.428		1.8469172664	0.977	0.901	1.6523e-12		1.80543793099	0.866	0.791	2.18898e-12
820   	2671.67	186.606		1.85937197491	0.979	0.912	1.6048e-12		1.82168400637	0.872	0.814	2.06115e-12
820   	2671.67	195.783		1.87058789388	0.981	0.921	1.56366e-12		1.83631018432	0.879	0.834	1.95517e-12
820   	2671.67	204.96		1.88073869354	0.983	0.929	1.52765e-12		1.84952012334	0.886	0.852	1.86606e-12
820   	2671.67	214.137		1.88996931645	0.984	0.936	1.49585e-12		1.8614915415	0.892	0.867	1.79024e-12
820   	2671.67	223.315		1.89840146061	0.985	0.942	1.46752e-12		1.872378756 	0.898	0.881	1.72502e-12
820   	2671.67	232.492		1.90613789699	0.986	0.947	1.44212e-12		1.88231542867	0.903	0.892	1.6684e-12
820   	2671.67	241.669		1.91326588981	0.987	0.952	1.4192e-12		1.89141723487	0.908	0.903	1.61884e-12
820   	2671.67	250.847		1.91985992249	0.988	0.956	1.39839e-12		1.89978431782	0.913	0.912	1.57512e-12
820   	2671.67	260.024		1.92598388383	0.989	0.96	1.3794e-12		1.90750347362	0.918	0.92	1.5363e-12
820   	2671.67	269.201		1.93169283168	0.99	0.963	1.362e-12		1.91465005871	0.922	0.927	1.50163e-12
820   	2671.67	278.379		1.93703442442	0.99	0.966	1.34599e-12		1.92128963432	0.926	0.933	1.47049e-12
820   	2671.67	287.556		1.94205008932	0.991	0.969	1.33119e-12		1.92747937359	0.93	0.939	1.44238e-12
820   	2671.67	296.733		1.94677598152	0.992	0.971	1.31748e-12		1.93326926009	0.933	0.944	1.41689e-12
820   	2671.67	305.911		1.95124377519	0.992	0.973	1.30473e-12		1.93870310605	0.936	0.948	1.39368e-12
820   	2671.67	315.088		1.95548131971	0.993	0.975	1.29283e-12		1.94381941682	0.939	0.953	1.37247e-12
820   	2671.67	324.265		1.9595131864	0.993	0.977	1.28171e-12		1.94865212457	0.942	0.956	1.35301e-12
820   	2671.67	333.443		1.96336112624	0.993	0.979	1.27128e-12		1.95323121171	0.945	0.96	1.33511e-12
820   	2671.67	342.62		1.96704445478	0.994	0.98	1.26148e-12		1.95758324117	0.947	0.963	1.31858e-12
820   	2671.67	351.797		1.97058037711	0.994	0.981	1.25226e-12		1.96173180833	0.95	0.965	1.30328e-12
820   	2671.67	360.975		1.97398426343	0.994	0.983	1.24355e-12		1.96569792686	0.952	0.968	1.28908e-12
820   	2671.67	370.152		1.97726988355	0.995	0.984	1.23532e-12		1.96950035884	0.954	0.97	1.27587e-12
820   	2671.67	379.329		1.98044960726	0.995	0.985	1.22752e-12		1.97315589796	0.956	0.972	1.26355e-12
820   	2671.67	388.507		1.98353457607	0.995	0.986	1.22013e-12		1.97667961292	0.958	0.974	1.25203e-12
820   	2671.67	397.684		1.98653485093	0.995	0.987	1.21311e-12		1.98008505714	0.959	0.976	1.24125e-12
820   	2671.67	406.861		1.98945953975	0.996	0.987	1.20643e-12		1.98338445001	0.961	0.977	1.23113e-12
820   	2671.67	416.039		1.99231690777	0.996	0.988	1.20006e-12		1.98658883372	0.962	0.979	1.22162e-12
820   	2671.67	425.216		1.99511447337	0.996	0.989	1.19399e-12		1.98970820949	0.964	0.98	1.21267e-12
820   	2671.67	434.393		1.99785909154	0.996	0.99	1.18819e-12		1.99275165604	0.965	0.981	1.20422e-12
820   	2671.67	443.57		2.00055702672	0.996	0.99	1.18265e-12		1.99572743292	0.966	0.982	1.19624e-12
820   	2671.67	452.748		2.00321401664	0.996	0.991	1.17734e-12		1.99864307089	0.968	0.983	1.18869e-12
820   	2671.67	461.925		2.0058353283	0.997	0.991	1.17225e-12		2.00150545102	0.969	0.984	1.18154e-12
820   	2671.67	471.102		2.00842580724	0.997	0.992	1.16737e-12		2.00432087425	0.97	0.985	1.17476e-12
820   	2671.67	480.28		2.01098992105	0.997	0.992	1.16269e-12		2.0070951225	0.971	0.986	1.16832e-12
820   	2671.67	489.457		2.01353179774	0.997	0.993	1.15818e-12		2.00983351269	0.972	0.987	1.1622e-12
820   	2671.67	498.634		2.01605525989	0.997	0.993	1.15385e-12		2.01254094435	0.973	0.988	1.15637e-12
820   	2671.67	507.812		2.01856385484	0.997	0.993	1.14968e-12		2.01522194193	0.974	0.988	1.15081e-12
820   	2671.67	516.989		2.02106088161	0.997	0.994	1.14567e-12		2.01788069222	0.975	0.989	1.14551e-12
820   	2671.67	526.166		2.02354941499	0.997	0.994	1.14179e-12		2.02052107768	0.976	0.99	1.14045e-12
820   	2671.67	535.344		2.02603232689	0.997	0.994	1.13805e-12		2.02314670618	0.976	0.99	1.13561e-12
820   	2671.67	544.521		2.02851230567	0.998	0.995	1.13445e-12		2.02576093745	0.977	0.991	1.13098e-12
820   	2671.67	553.698		2.03099187329	0.998	0.995	1.13096e-12		2.02836690681	0.978	0.991	1.12655e-12
820   	2671.67	562.876		2.03347340088	0.998	0.995	1.12758e-12		2.03096754643	0.979	0.992	1.1223e-12
820   	2671.67	572.053		2.03595912267	0.998	0.995	1.12432e-12		2.03356560435	0.979	0.992	1.11822e-12
820   	2671.67	581.23		2.0384511486	0.998	0.996	1.12116e-12		2.03616366167	0.98	0.992	1.11431e-12
820   	2671.67	590.408		2.04095147568	0.998	0.996	1.1181e-12		2.03876414794	0.98	0.993	1.11055e-12
820   	2671.67	599.585		2.04346199836	0.998	0.996	1.11514e-12		2.04136935518	0.981	0.993	1.10694e-12
820   	2782.78	149.896		1.80203602966	0.971	0.858	1.91139e-12		1.74634378322	0.845	0.698	2.88582e-12
820   	2782.78	159.074		1.81943209561	0.974	0.875	1.83133e-12		1.76879331957	0.852	0.733	2.62897e-12
820   	2782.78	168.251		1.83484484505	0.976	0.89	1.76479e-12		1.78886273429	0.858	0.765	2.42766e-12
820   	2782.78	177.428		1.84858027328	0.979	0.902	1.70858e-12		1.80683586608	0.865	0.791	2.26638e-12
820   	2782.78	186.606		1.86088868187	0.981	0.913	1.66042e-12		1.8229708517	0.872	0.815	2.13474e-12
820   	2782.78	195.783		1.8719762529	0.982	0.922	1.61866e-12		1.83749773113	0.879	0.835	2.02556e-12
820   	2782.78	204.96		1.88201396744	0.984	0.93	1.58208e-12		1.85061881881	0.886	0.852	1.93374e-12
820   	2782.78	214.137		1.89114452745	0.985	0.936	1.54973e-12		1.86251058933	0.892	0.868	1.85558e-12
820   	2782.78	223.315		1.89948776357	0.986	0.942	1.5209e-12		1.87332624364	0.898	0.881	1.78835e-12
820   	2782.78	232.492		1.90714488741	0.987	0.948	1.49503e-12		1.88319845866	0.903	0.893	1.72996e-12
820   	2782.78	241.669		1.9142018571	0.988	0.952	1.47165e-12		1.89224204931	0.908	0.903	1.67885e-12
820   	2782.78	250.847		1.92073205819	0.989	0.957	1.45043e-12		1.90055641105	0.913	0.912	1.63376e-12
820   	2782.78	260.024		1.92679845294	0.99	0.96	1.43105e-12		1.9082276919	0.918	0.92	1.59372e-12
820   	2782.78	269.201		1.93245531408	0.991	0.963	1.41328e-12		1.91533068686	0.922	0.927	1.55796e-12
820   	2782.78	278.379		1.93774963194	0.991	0.966	1.39692e-12		1.92193047066	0.926	0.933	1.52583e-12
820   	2782.78	287.556		1.94272226297	0.992	0.969	1.3818e-12		1.92808379421	0.93	0.939	1.49684e-12
820   	2782.78	296.733		1.94740887259	0.992	0.971	1.36777e-12		1.93384027396	0.933	0.944	1.47055e-12
820   	2782.78	305.911		1.95184071317	0.993	0.974	1.35472e-12		1.93924340228	0.936	0.949	1.44661e-12
820   	2782.78	315.088		1.95604526939	0.993	0.975	1.34255e-12		1.94433140506	0.939	0.953	1.42473e-12
820   	2782.78	324.265		1.96004679606	0.994	0.977	1.33116e-12		1.94913796975	0.942	0.956	1.40466e-12
820   	2782.78	333.443		1.96386676852	0.994	0.979	1.32048e-12		1.95369286386	0.945	0.96	1.38619e-12
820   	2782.78	342.62		1.96752426138	0.994	0.98	1.31044e-12		1.95802246112	0.947	0.963	1.36915e-12
820   	2782.78	351.797		1.97103626847	0.994	0.982	1.30099e-12		1.96215018986	0.95	0.965	1.35337e-12
820   	2782.78	360.975		1.97441797417	0.995	0.983	1.29206e-12		1.9660969159	0.952	0.968	1.33873e-12
820   	2782.78	370.152		1.97768298434	0.995	0.984	1.28362e-12		1.96988127013	0.954	0.97	1.32511e-12
820   	2782.78	379.329		1.98084352366	0.995	0.985	1.27563e-12		1.97351992953	0.956	0.972	1.3124e-12
820   	2782.78	388.507		1.98391060488	0.995	0.986	1.26805e-12		1.97702785868	0.958	0.974	1.30053e-12
820   	2782.78	397.684		1.9868941744	0.996	0.987	1.26084e-12		1.98041851796	0.959	0.976	1.28942e-12
820   	2782.78	406.861		1.98980323791	0.996	0.988	1.25399e-12		1.98370404337	0.961	0.977	1.27899e-12
820   	2782.78	416.039		1.99264596924	0.996	0.988	1.24745e-12		1.98689540222	0.962	0.979	1.26918e-12
820   	2782.78	425.216		1.99542980483	0.996	0.989	1.24122e-12		1.99000252835	0.964	0.98	1.25996e-12
820   	2782.78	434.393		1.99816152604	0.996	0.99	1.23527e-12		1.99303443968	0.965	0.981	1.25125e-12
820   	2782.78	443.57		2.00084733103	0.997	0.99	1.22957e-12		1.99599934084	0.966	0.982	1.24303e-12
820   	2782.78	452.748		2.00349289768	0.997	0.991	1.22412e-12		1.99890471286	0.968	0.984	1.23526e-12
820   	2782.78	461.925		2.00610343888	0.997	0.991	1.2189e-12		2.00175739169	0.969	0.984	1.22789e-12
820   	2782.78	471.102		2.00868375117	0.997	0.992	1.21388e-12		2.00456363724	0.97	0.985	1.22091e-12
820   	2782.78	480.28		2.01123825763	0.997	0.992	1.20907e-12		2.0073291941	0.971	0.986	1.21427e-12
820   	2782.78	489.457		2.01377104581	0.997	0.993	1.20445e-12		2.01005934513	0.972	0.987	1.20797e-12
820   	2782.78	498.634		2.01628590141	0.997	0.993	1.19999e-12		2.01275895876	0.973	0.988	1.20197e-12
820   	2782.78	507.812		2.01878633814	0.997	0.993	1.19571e-12		2.01543253095	0.974	0.988	1.19625e-12
820   	2782.78	516.989		2.02127562427	0.997	0.994	1.19158e-12		2.0180842224	0.975	0.989	1.19079e-12
820   	2782.78	526.166		2.02375680641	0.998	0.994	1.1876e-12		2.02071789162	0.976	0.99	1.18558e-12
820   	2782.78	535.344		2.02623273068	0.998	0.994	1.18376e-12		2.02333712447	0.976	0.99	1.1806e-12
820   	2782.78	544.521		2.02870606172	0.998	0.995	1.18005e-12		2.0259452604	0.977	0.991	1.17583e-12
820   	2782.78	553.698		2.03117929969	0.998	0.995	1.17646e-12		2.02854541608	0.978	0.991	1.17127e-12
820   	2782.78	562.876		2.03365479565	0.998	0.995	1.17299e-12		2.03114050641	0.979	0.992	1.1669e-12
820   	2782.78	572.053		2.03613476531	0.998	0.995	1.16964e-12		2.03373326351	0.979	0.992	1.16271e-12
820   	2782.78	581.23		2.03862130152	0.998	0.996	1.16639e-12		2.03632625372	0.98	0.992	1.15868e-12
820   	2782.78	590.408		2.04111638548	0.998	0.996	1.16324e-12		2.03892189296	0.98	0.993	1.15482e-12
820   	2782.78	599.585		2.04362189701	0.998	0.996	1.16019e-12		2.04152246055	0.981	0.993	1.1511e-12
820   	2893.89	149.896		1.80405035699	0.972	0.859	1.97035e-12		1.74798579439	0.845	0.699	2.98046e-12
820   	2893.89	159.074		1.82124558761	0.975	0.876	1.88945e-12		1.77029388074	0.851	0.734	2.71661e-12
820   	2893.89	168.251		1.83648453308	0.978	0.891	1.82211e-12		1.79023635507	0.858	0.765	2.50966e-12
820   	2893.89	177.428		1.85006897983	0.98	0.903	1.76514e-12		1.80809607759	0.865	0.792	2.34378e-12
820   	2893.89	186.606		1.86224567062	0.982	0.913	1.71628e-12		1.82412990497	0.872	0.815	2.20832e-12
820   	2893.89	195.783		1.87321781505	0.984	0.922	1.67388e-12		1.83856653413	0.879	0.835	2.09594e-12
820   	2893.89	204.96		1.88315392448	0.985	0.93	1.63669e-12		1.85160699402	0.886	0.853	2.0014e-12
820   	2893.89	214.137		1.89219465146	0.986	0.937	1.60378e-12		1.86342658516	0.892	0.868	1.92091e-12
820   	2893.89	223.315		1.90045812406	0.987	0.943	1.57442e-12		1.87417746365	0.898	0.881	1.85166e-12
820   	2893.89	232.492		1.90804413575	0.988	0.948	1.54806e-12		1.88399139031	0.903	0.893	1.79151e-12
820   	2893.89	241.669		1.91503745933	0.989	0.953	1.52423e-12		1.89298238344	0.908	0.903	1.73885e-12
820   	2893.89	250.847		1.92151048572	0.99	0.957	1.50258e-12		1.90124914883	0.913	0.912	1.69239e-12
820   	2893.89	260.024		1.927525339 	0.991	0.961	1.4828e-12		1.9088772385	0.918	0.92	1.65113e-12
820   	2893.89	269.201		1.93313558257	0.991	0.964	1.46465e-12		1.9159409325	0.922	0.927	1.61428e-12
820   	2893.89	278.379		1.93838760381	0.992	0.967	1.44793e-12		1.92250486017	0.926	0.934	1.58117e-12
820   	2893.89	287.556		1.94332174451	0.992	0.969	1.43247e-12		1.92862538664	0.93	0.939	1.55129e-12
820   	2893.89	296.733		1.94797322889	0.993	0.972	1.41813e-12		1.93435179341	0.933	0.944	1.5242e-12
820   	2893.89	305.911		1.95237292965	0.993	0.974	1.40479e-12		1.9397272814	0.936	0.949	1.49953e-12
820   	2893.89	315.088		1.95654800336	0.994	0.976	1.39233e-12		1.94478982222	0.939	0.953	1.47698e-12
820   	2893.89	324.265		1.96052242028	0.994	0.977	1.38067e-12		1.94957288084	0.942	0.956	1.45631e-12
820   	2893.89	333.443		1.96431740804	0.994	0.979	1.36973e-12		1.95410602961	0.945	0.96	1.43728e-12
820   	2893.89	342.62		1.96795182487	0.995	0.98	1.35945e-12		1.95841547057	0.947	0.963	1.41972e-12
820   	2893.89	351.797		1.97144247499	0.995	0.982	1.34977e-12		1.96252448062	0.95	0.965	1.40346e-12
820   	2893.89	360.975		1.974804376 	0.995	0.983	1.34062e-12		1.96645379163	0.952	0.968	1.38838e-12
820   	2893.89	370.152		1.97805098669	0.995	0.984	1.33197e-12		1.97022191572	0.954	0.97	1.37434e-12
820   	2893.89	379.329		1.98119440165	0.996	0.985	1.32378e-12		1.97384542423	0.956	0.972	1.36126e-12
820   	2893.89	388.507		1.98424551821	0.996	0.986	1.31601e-12		1.97733918763	0.958	0.974	1.34904e-12
820   	2893.89	397.684		1.98721418011	0.996	0.987	1.30862e-12		1.98071658218	0.959	0.976	1.33759e-12
820   	2893.89	406.861		1.99010930148	0.996	0.988	1.30158e-12		1.98398966857	0.961	0.977	1.32685e-12
820   	2893.89	416.039		1.99293897428	0.996	0.988	1.29488e-12		1.98716934649	0.962	0.979	1.31676e-12
820   	2893.89	425.216		1.99571056159	0.997	0.989	1.28849e-12		1.99026548895	0.964	0.98	1.30726e-12
820   	2893.89	434.393		1.99843077886	0.997	0.99	1.28238e-12		1.99328705905	0.965	0.981	1.2983e-12
820   	2893.89	443.57		2.00110576489	0.997	0.99	1.27654e-12		1.99624221188	0.967	0.982	1.28984e-12
820   	2893.89	452.748		2.00374114406	0.997	0.991	1.27094e-12		1.99913838362	0.968	0.984	1.28183e-12
820   	2893.89	461.925		2.00634208086	0.997	0.991	1.26558e-12		2.00198236956	0.969	0.985	1.27426e-12
820   	2893.89	471.102		2.00891332795	0.997	0.992	1.26043e-12		2.00478039266	0.97	0.985	1.26707e-12
820   	2893.89	480.28		2.01145926863	0.997	0.992	1.25549e-12		2.0075381639	0.971	0.986	1.26024e-12
820   	2893.89	489.457		2.01398395428	0.997	0.993	1.25074e-12		2.01026093544	0.972	0.987	1.25376e-12
820   	2893.89	498.634		2.01649113764	0.997	0.993	1.24617e-12		2.01295354773	0.973	0.988	1.24758e-12
820   	2893.89	507.812		2.01898430232	0.998	0.993	1.24177e-12		2.01562047108	0.974	0.988	1.2417e-12
820   	2893.89	516.989		2.02146668913	0.998	0.994	1.23752e-12		2.01826584273	0.975	0.989	1.23609e-12
820   	2893.89	526.166		2.02394131951	0.998	0.994	1.23343e-12		2.02089349965	0.976	0.99	1.23073e-12
820   	2893.89	535.344		2.02641101651	0.998	0.994	1.22949e-12		2.02350700788	0.976	0.99	1.22561e-12
820   	2893.89	544.521		2.02887842359	0.998	0.995	1.22567e-12		2.02610968867	0.977	0.991	1.22071e-12
820   	2893.89	553.698		2.03134602144	0.998	0.995	1.22199e-12		2.02870464188	0.978	0.991	1.21602e-12
820   	2893.89	562.876		2.03381614317	0.998	0.995	1.21843e-12		2.03129476692	0.979	0.992	1.21153e-12
820   	2893.89	572.053		2.03629098797	0.998	0.995	1.21498e-12		2.03388278159	0.979	0.992	1.20722e-12
820   	2893.89	581.23		2.03877263341	0.998	0.996	1.21164e-12		2.03647123897	0.98	0.993	1.20308e-12
820   	2893.89	590.408		2.0412630466	0.998	0.996	1.2084e-12		2.03906254272	0.98	0.993	1.1991e-12
820   	2893.89	599.585		2.04376409427	0.998	0.996	1.20527e-12		2.04165896077	0.981	0.993	1.19528e-12
820   	3005  	149.896		1.80586453168	0.974	0.861	2.02974e-12		1.74947620434	0.845	0.699	3.07517e-12
820   	3005  	159.074		1.82287750044	0.977	0.878	1.94792e-12		1.7716540958	0.851	0.735	2.80429e-12
820   	3005  	168.251		1.83795900814	0.979	0.892	1.87972e-12		1.7914801234	0.858	0.766	2.59168e-12
820   	3005  	177.428		1.85140689342	0.981	0.904	1.82196e-12		1.8092360854	0.865	0.793	2.42118e-12
820   	3005  	186.606		1.86346459089	0.983	0.914	1.77236e-12		1.82517755627	0.872	0.816	2.28191e-12
820   	3005  	195.783		1.87433256431	0.985	0.923	1.72928e-12		1.8395319303	0.879	0.836	2.16631e-12
820   	3005  	204.96		1.88417705427	0.986	0.931	1.69146e-12		1.85249901124	0.886	0.853	2.06905e-12
820   	3005  	214.137		1.89313683568	0.987	0.937	1.65797e-12		1.86425299277	0.892	0.868	1.98623e-12
820   	3005  	223.315		1.90132848107	0.988	0.943	1.62807e-12		1.87494505341	0.898	0.882	1.91495e-12
820   	3005  	232.492		1.90885049117	0.989	0.949	1.6012e-12		1.88470610148	0.903	0.893	1.85304e-12
820   	3005  	241.669		1.91578656027	0.99	0.953	1.57691e-12		1.89364941712	0.908	0.903	1.79883e-12
820   	3005  	250.847		1.92220817567	0.991	0.957	1.55482e-12		1.9018730692	0.913	0.912	1.751e-12
820   	3005  	260.024		1.92817670102	0.991	0.961	1.53463e-12		1.90946206077	0.918	0.92	1.70853e-12
820   	3005  	269.201		1.93374505687	0.992	0.964	1.5161e-12		1.91649019861	0.922	0.927	1.67058e-12
820   	3005  	278.379		1.93895908473	0.992	0.967	1.49902e-12		1.92302170355	0.926	0.934	1.6365e-12
820   	3005  	287.556		1.9438586608	0.993	0.969	1.48322e-12		1.92911258737	0.93	0.939	1.60574e-12
820   	3005  	296.733		1.94847861054	0.993	0.972	1.46856e-12		1.9348118253	0.933	0.944	1.57784e-12
820   	3005  	305.911		1.95284946366	0.994	0.974	1.45491e-12		1.94016235205	0.936	0.949	1.55245e-12
820   	3005  	315.088		1.95699808057	0.994	0.976	1.44216e-12		1.9452019072	0.939	0.953	1.52923e-12
820   	3005  	324.265		1.96094817478	0.994	0.977	1.43023e-12		1.94996375295	0.942	0.956	1.50795e-12
820   	3005  	333.443		1.96472075055	0.995	0.979	1.41904e-12		1.95447728392	0.945	0.96	1.48836e-12
820   	3005  	342.62		1.96833447108	0.995	0.981	1.40851e-12		1.95876854593	0.947	0.963	1.47028e-12
820   	3005  	351.797		1.97180596971	0.995	0.982	1.39859e-12		1.96286067817	0.95	0.965	1.45355e-12
820   	3005  	360.975		1.97515011385	0.995	0.983	1.38923e-12		1.96677429079	0.952	0.968	1.43803e-12
820   	3005  	370.152		1.97838022989	0.996	0.984	1.38036e-12		1.97052778805	0.954	0.97	1.42359e-12
820   	3005  	379.329		1.98150829533	0.996	0.985	1.37197e-12		1.97413764543	0.956	0.972	1.41013e-12
820   	3005  	388.507		1.98454510363	0.996	0.986	1.364e-12		1.97761864801	0.958	0.974	1.39755e-12
820   	3005  	397.684		1.9875004062	0.996	0.987	1.35643e-12		1.9809840958	0.959	0.976	1.38577e-12
820   	3005  	406.861		1.99038303481	0.996	0.988	1.34922e-12		1.98424598121	0.961	0.977	1.37472e-12
820   	3005  	416.039		1.99320100785	0.997	0.988	1.34235e-12		1.98741514269	0.962	0.979	1.36434e-12
820   	3005  	425.216		1.99596162242	0.997	0.989	1.33579e-12		1.99050139817	0.964	0.98	1.35457e-12
820   	3005  	434.393		1.99867153476	0.997	0.99	1.32952e-12		1.9935136611	0.965	0.981	1.34536e-12
820   	3005  	443.57		2.00133683036	0.997	0.99	1.32353e-12		1.99646004177	0.967	0.983	1.33665e-12
820   	3005  	452.748		2.00396308548	0.997	0.991	1.31779e-12		1.99934793578	0.968	0.984	1.32843e-12
820   	3005  	461.925		2.00655542115	0.997	0.991	1.31229e-12		2.00218410165	0.969	0.985	1.32063e-12
820   	3005  	471.102		2.00911855067	0.997	0.992	1.30701e-12		2.00497472894	0.97	0.985	1.31325e-12
820   	3005  	480.28		2.01165682159	0.997	0.992	1.30193e-12		2.00772549822	0.971	0.986	1.30623e-12
820   	3005  	489.457		2.01417425282	0.998	0.993	1.29706e-12		2.01044163395	0.972	0.987	1.29956e-12
820   	3005  	498.634		2.0166745675	0.998	0.993	1.29237e-12		2.01312795127	0.973	0.988	1.29322e-12
820   	3005  	507.812		2.01916122226	0.998	0.993	1.28785e-12		2.01578889736	0.974	0.988	1.28717e-12
820   	3005  	516.989		2.02163743323	0.998	0.994	1.2835e-12		2.01842858824	0.975	0.989	1.2814e-12
820   	3005  	526.166		2.02410619929	0.998	0.994	1.2793e-12		2.02105084143	0.976	0.99	1.2759e-12
820   	3005  	535.344		2.02657032278	0.998	0.994	1.27524e-12		2.02365920512	0.976	0.99	1.27064e-12
820   	3005  	544.521		2.02903242815	0.998	0.995	1.27133e-12		2.02625698409	0.977	0.991	1.26561e-12
820   	3005  	553.698		2.03149497864	0.998	0.995	1.26754e-12		2.02884726305	0.978	0.991	1.26079e-12
820   	3005  	562.876		2.03396029126	0.998	0.995	1.26388e-12		2.03143292744	0.979	0.992	1.25617e-12
820   	3005  	572.053		2.03643055037	0.998	0.995	1.26034e-12		2.03401668212	0.979	0.992	1.25175e-12
820   	3005  	581.23		2.03890781985	0.998	0.996	1.25691e-12		2.03660106824	0.98	0.993	1.2475e-12
820   	3005  	590.408		2.04139405414	0.998	0.996	1.25359e-12		2.03918847838	0.98	0.993	1.24342e-12
820   	3005  	599.585		2.04389110829	0.998	0.996	1.25037e-12		2.04178117021	0.981	0.993	1.23949e-12
840   	2005  	149.896		1.78331891218	0.949	0.841	1.53662e-12		1.73500755217	0.849	0.699	2.20592e-12
840   	2005  	159.074		1.80271593274	0.954	0.861	1.45923e-12		1.75861534156	0.855	0.735	2.00513e-12
840   	2005  	168.251		1.81985941156	0.958	0.878	1.39585e-12		1.77969817342	0.862	0.767	1.84849e-12
840   	2005  	177.428		1.83509447602	0.962	0.893	1.34299e-12		1.79855502687	0.869	0.794	1.72342e-12
840   	2005  	186.606		1.84870600926	0.965	0.905	1.29822e-12		1.81546048223	0.876	0.818	1.62159e-12
840   	2005  	195.783		1.86092988173	0.968	0.915	1.25978e-12		1.83066024638	0.883	0.838	1.53727e-12
840   	2005  	204.96		1.87196218119	0.971	0.924	1.22641e-12		1.84437067277	0.889	0.855	1.46644e-12
840   	2005  	214.137		1.8819666844	0.973	0.932	1.19714e-12		1.85678041874	0.895	0.87	1.4062e-12
840   	2005  	223.315		1.89108085949	0.975	0.938	1.17125e-12		1.86805307508	0.901	0.884	1.3544e-12
840   	2005  	232.492		1.89942067422	0.977	0.944	1.14817e-12		1.8783300992	0.906	0.895	1.30943e-12
840   	2005  	241.669		1.90708444889	0.979	0.949	1.12746e-12		1.88773369557	0.911	0.905	1.27006e-12
840   	2005  	250.847		1.9141559502	0.98	0.954	1.10876e-12		1.89636947161	0.916	0.914	1.23533e-12
840   	2005  	260.024		1.9207068843	0.982	0.958	1.09177e-12		1.90432880166	0.921	0.922	1.20449e-12
840   	2005  	269.201		1.92679891377	0.983	0.962	1.07628e-12		1.91169088688	0.925	0.929	1.17692e-12
840   	2005  	278.379		1.93248529693	0.984	0.965	1.06208e-12		1.91852452721	0.929	0.935	1.15215e-12
840   	2005  	287.556		1.93781222637	0.985	0.968	1.04901e-12		1.92488963357	0.932	0.941	1.12978e-12
840   	2005  	296.733		1.94281992724	0.986	0.97	1.03694e-12		1.93083851271	0.936	0.946	1.10948e-12
840   	2005  	305.911		1.94754356265	0.987	0.972	1.02575e-12		1.93641695594	0.939	0.95	1.09099e-12
840   	2005  	315.088		1.95201398355	0.987	0.974	1.01535e-12		1.94166516128	0.942	0.954	1.07408e-12
840   	2005  	324.265		1.95625835269	0.988	0.976	1.00565e-12		1.94661851434	0.944	0.958	1.05855e-12
840   	2005  	333.443		1.96030066606	0.989	0.978	9.9658e-13		1.95130825038	0.947	0.961	1.04425e-12
840   	2005  	342.62		1.96416219057	0.989	0.98	9.88081e-13		1.95576201643	0.949	0.964	1.03104e-12
840   	2005  	351.797		1.96786183294	0.99	0.981	9.80098e-13		1.96000434937	0.952	0.966	1.0188e-12
840   	2005  	360.975		1.97141645184	0.99	0.982	9.72583e-13		1.96405708348	0.954	0.969	1.00743e-12
840   	2005  	370.152		1.97484112302	0.991	0.983	9.65494e-13		1.96793969857	0.956	0.971	9.9684e-13
840   	2005  	379.329		1.97814936538	0.991	0.985	9.58794e-13		1.97166961813	0.957	0.973	9.86956e-13
840   	2005  	388.507		1.98135333434	0.992	0.986	9.52451e-13		1.97526246528	0.959	0.975	9.7771e-13
840   	2005  	397.684		1.98446398796	0.992	0.986	9.46436e-13		1.97873228304	0.961	0.977	9.69042e-13
840   	2005  	406.861		1.98749122988	0.992	0.987	9.40724e-13		1.98209172437	0.962	0.978	9.60901e-13
840   	2005  	416.039		1.99044403298	0.993	0.988	9.3529e-13		1.98535221658	0.964	0.98	9.53241e-13
840   	2005  	425.216		1.99333054641	0.993	0.989	9.30114e-13		1.98852410382	0.965	0.981	9.4602e-13
840   	2005  	434.393		1.99615818875	0.993	0.989	9.25178e-13		1.99161677103	0.967	0.982	9.39203e-13
840   	2005  	443.57		1.99893372915	0.994	0.99	9.20464e-13		1.9946387519	0.968	0.983	9.32757e-13
840   	2005  	452.748		2.00166335823	0.994	0.991	9.15957e-13		1.99759782312	0.969	0.984	9.26652e-13
840   	2005  	461.925		2.00435275026	0.994	0.991	9.11643e-13		2.00050108699	0.97	0.985	9.20863e-13
840   	2005  	471.102		2.00700711781	0.994	0.992	9.0751e-13		2.00335504382	0.971	0.986	9.15366e-13
840   	2005  	480.28		2.00963125976	0.995	0.992	9.03545e-13		2.00616565565	0.972	0.987	9.1014e-13
840   	2005  	489.457		2.01222960388	0.995	0.993	8.99739e-13		2.00893840243	0.973	0.988	9.05165e-13
840   	2005  	498.634		2.01480624429	0.995	0.993	8.96082e-13		2.01167833155	0.974	0.988	9.00424e-13
840   	2005  	507.812		2.01736497485	0.995	0.993	8.92564e-13		2.01439010181	0.975	0.989	8.959e-13
840   	2005  	516.989		2.01990931877	0.995	0.994	8.89178e-13		2.01707802232	0.976	0.989	8.9158e-13
840   	2005  	526.166		2.02244255496	0.995	0.994	8.85915e-13		2.01974608709	0.977	0.99	8.8745e-13
840   	2005  	535.344		2.02496774161	0.996	0.994	8.8277e-13		2.02239800588	0.977	0.991	8.83498e-13
840   	2005  	544.521		2.02748773718	0.996	0.995	8.79735e-13		2.02503723168	0.978	0.991	8.79713e-13
840   	2005  	553.698		2.03000521935	0.996	0.995	8.76804e-13		2.02766698527	0.979	0.992	8.76085e-13
840   	2005  	562.876		2.03252270189	0.996	0.995	8.73972e-13		2.03029027725	0.979	0.992	8.72603e-13
840   	2005  	572.053		2.03504254991	0.996	0.995	8.71235e-13		2.03290992778	0.98	0.992	8.6926e-13
840   	2005  	581.23		2.03756699362	0.996	0.996	8.68586e-13		2.03552858434	0.981	0.993	8.66047e-13
840   	2005  	590.408		2.0400981407	0.996	0.996	8.66022e-13		2.03814873771	0.981	0.993	8.62958e-13
840   	2005  	599.585		2.0426379875	0.997	0.996	8.63538e-13		2.04077273638	0.982	0.994	8.59984e-13
840   	2116.11	149.896		1.78804762215	0.954	0.846	1.59046e-12		1.73860127993	0.849	0.701	2.2984e-12
840   	2116.11	159.074		1.8070111232	0.958	0.866	1.51339e-12		1.76193983258	0.855	0.738	2.09147e-12
840   	2116.11	168.251		1.8237715657	0.962	0.882	1.45007e-12		1.78277296996	0.862	0.769	1.92977e-12
840   	2116.11	177.428		1.83866840159	0.965	0.896	1.39712e-12		1.80140100374	0.869	0.796	1.8005e-12
840   	2116.11	186.606		1.85198093626	0.969	0.907	1.35215e-12		1.81809817515	0.876	0.819	1.69514e-12
840   	2116.11	195.783		1.86393992345	0.971	0.917	1.31346e-12		1.8331089999	0.883	0.839	1.60782e-12
840   	2116.11	204.96		1.87473691893	0.974	0.926	1.27981e-12		1.84664826605	0.889	0.856	1.53443e-12
840   	2116.11	214.137		1.88453176043	0.976	0.934	1.25024e-12		1.85890295846	0.895	0.871	1.47198e-12
840   	2116.11	223.315		1.89345852688	0.978	0.94	1.22405e-12		1.87003503097	0.901	0.885	1.41825e-12
840   	2116.11	232.492		1.90163028464	0.979	0.946	1.20066e-12		1.88018441011	0.906	0.896	1.3716e-12
840   	2116.11	241.669		1.90914287493	0.981	0.951	1.17965e-12		1.88947190523	0.911	0.906	1.33073e-12
840   	2116.11	250.847		1.91607794636	0.982	0.955	1.16065e-12		1.89800187186	0.916	0.915	1.29468e-12
840   	2116.11	260.024		1.9225053931	0.983	0.959	1.14338e-12		1.9058645713	0.921	0.923	1.26265e-12
840   	2116.11	269.201		1.92848532454	0.984	0.962	1.1276e-12		1.9131382204	0.925	0.93	1.23402e-12
840   	2116.11	278.379		1.93406966422	0.985	0.966	1.11313e-12		1.91989075118	0.929	0.936	1.20829e-12
840   	2116.11	287.556		1.9393034545	0.986	0.968	1.0998e-12		1.92618131027	0.932	0.941	1.18505e-12
840   	2116.11	296.733		1.94422592626	0.987	0.971	1.08748e-12		1.93206153136	0.936	0.946	1.16397e-12
840   	2116.11	305.911		1.94887138054	0.988	0.973	1.07605e-12		1.93757661276	0.939	0.951	1.14476e-12
840   	2116.11	315.088		1.95326991848	0.989	0.975	1.06541e-12		1.94276622932	0.942	0.954	1.12718e-12
840   	2116.11	324.265		1.95744804865	0.989	0.977	1.05549e-12		1.94766530445	0.944	0.958	1.11105e-12
840   	2116.11	333.443		1.96142919455	0.99	0.979	1.0462e-12		1.95230466431	0.947	0.961	1.09619e-12
840   	2116.11	342.62		1.96523412053	0.99	0.98	1.0375e-12		1.95671159313	0.949	0.964	1.08247e-12
840   	2116.11	351.797		1.96888129093	0.991	0.981	1.02931e-12		1.96091030539	0.952	0.967	1.06975e-12
840   	2116.11	360.975		1.9723871738	0.991	0.983	1.02161e-12		1.96492234829	0.954	0.969	1.05794e-12
840   	2116.11	370.152		1.97576649911	0.992	0.984	1.01433e-12		1.96876694545	0.956	0.971	1.04694e-12
840   	2116.11	379.329		1.9790324788	0.992	0.985	1.00746e-12		1.97246129125	0.957	0.973	1.03667e-12
840   	2116.11	388.507		1.98219699511	0.992	0.986	1.00094e-12		1.97602080351	0.959	0.975	1.02707e-12
840   	2116.11	397.684		1.98527076237	0.993	0.987	9.94761e-13		1.97945934088	0.961	0.977	1.01806e-12
840   	2116.11	406.861		1.98826346624	0.993	0.988	9.88889e-13		1.98278939042	0.962	0.978	1.00961e-12
840   	2116.11	416.039		1.99118388418	0.993	0.988	9.83302e-13		1.98602222988	0.964	0.98	1.00166e-12
840   	2116.11	425.216		1.99403998981	0.994	0.989	9.77978e-13		1.98916806828	0.965	0.981	9.94158e-13
840   	2116.11	434.393		1.99683904362	0.994	0.99	9.72898e-13		1.99223616828	0.967	0.982	9.87081e-13
840   	2116.11	443.57		1.99958767213	0.994	0.99	9.68046e-13		1.99523495268	0.968	0.983	9.80389e-13
840   	2116.11	452.748		2.00229193704	0.994	0.991	9.63406e-13		1.99817209744	0.969	0.984	9.74053e-13
840   	2116.11	461.925		2.00495739583	0.995	0.991	9.58963e-13		2.00105461322	0.97	0.985	9.68045e-13
840   	2116.11	471.102		2.00758915504	0.995	0.992	9.54705e-13		2.00388891679	0.971	0.986	9.62341e-13
840   	2116.11	480.28		2.01019191722	0.995	0.992	9.5062e-13		2.00668089394	0.972	0.987	9.56918e-13
840   	2116.11	489.457		2.01277002233	0.995	0.993	9.46697e-13		2.00943595486	0.973	0.988	9.51758e-13
840   	2116.11	498.634		2.01532748444	0.995	0.993	9.42927e-13		2.0121590831	0.974	0.988	9.4684e-13
840   	2116.11	507.812		2.01786802425	0.996	0.993	9.39299e-13		2.01485487888	0.975	0.989	9.42149e-13
840   	2116.11	516.989		2.020395098 	0.996	0.994	9.35807e-13		2.0175275975	0.976	0.99	9.3767e-13
840   	2116.11	526.166		2.02291192321	0.996	0.994	9.32441e-13		2.02018118351	0.977	0.99	9.33388e-13
840   	2116.11	535.344		2.02542150171	0.996	0.994	9.29196e-13		2.02281930109	0.977	0.991	9.29291e-13
840   	2116.11	544.521		2.0279266402	0.996	0.995	9.26064e-13		2.02544536118	0.978	0.991	9.25368e-13
840   	2116.11	553.698		2.03042996863	0.996	0.995	9.2304e-13		2.02806254576	0.979	0.992	9.21608e-13
840   	2116.11	562.876		2.03293395684	0.996	0.995	9.20117e-13		2.03067382955	0.979	0.992	9.18001e-13
840   	2116.11	572.053		2.03544092938	0.997	0.995	9.1729e-13		2.03328199949	0.98	0.992	9.14538e-13
840   	2116.11	581.23		2.03795307894	0.997	0.996	9.14555e-13		2.03588967227	0.981	0.993	9.11211e-13
840   	2116.11	590.408		2.04047247852	0.997	0.996	9.11907e-13		2.0384993101	0.981	0.993	9.08011e-13
840   	2116.11	599.585		2.04300109234	0.997	0.996	9.09341e-13		2.04111323495	0.982	0.994	9.04933e-13
840   	2227.22	149.896		1.79216994488	0.957	0.851	1.64566e-12		1.74177361115	0.848	0.704	2.39126e-12
840   	2227.22	159.074		1.81074872635	0.961	0.869	1.56864e-12		1.76486742978	0.855	0.74	2.17805e-12
840   	2227.22	168.251		1.82717079992	0.965	0.885	1.50519e-12		1.78547522702	0.862	0.771	2.01121e-12
840   	2227.22	177.428		1.84176990855	0.968	0.898	1.45199e-12		1.80389788474	0.869	0.797	1.87768e-12
840   	2227.22	186.606		1.85481999177	0.971	0.91	1.40671e-12		1.82040891142	0.876	0.82	1.76875e-12
840   	2227.22	195.783		1.86654700555	0.974	0.919	1.36769e-12		1.83525146259	0.883	0.84	1.67842e-12
840   	2227.22	204.96		1.87713832602	0.976	0.928	1.33368e-12		1.84863872399	0.889	0.857	1.60245e-12
840   	2227.22	214.137		1.88675019983	0.978	0.935	1.30376e-12		1.86075604589	0.895	0.872	1.53777e-12
840   	2227.22	223.315		1.89551364218	0.98	0.941	1.27721e-12		1.87176382279	0.901	0.885	1.48211e-12
840   	2227.22	232.492		1.90353911355	0.981	0.947	1.25348e-12		1.88180054661	0.906	0.897	1.43376e-12
840   	2227.22	241.669		1.91092023997	0.982	0.952	1.23213e-12		1.89098573425	0.911	0.907	1.3914e-12
840   	2227.22	250.847		1.91773678507	0.984	0.956	1.2128e-12		1.89942259127	0.916	0.915	1.35401e-12
840   	2227.22	260.024		1.92405703598	0.985	0.96	1.19522e-12		1.90720036312	0.921	0.923	1.3208e-12
840   	2227.22	269.201		1.92993972837	0.986	0.963	1.17914e-12		1.91439637306	0.925	0.93	1.2911e-12
840   	2227.22	278.379		1.93543560817	0.987	0.966	1.16438e-12		1.9210777685	0.929	0.936	1.26442e-12
840   	2227.22	287.556		1.94058870489	0.987	0.969	1.15077e-12		1.92730300756	0.932	0.942	1.24031e-12
840   	2227.22	296.733		1.94543737555	0.988	0.971	1.13818e-12		1.93312311949	0.936	0.946	1.21843e-12
840   	2227.22	305.911		1.95001516466	0.989	0.974	1.1265e-12		1.93858277142	0.939	0.951	1.1985e-12
840   	2227.22	315.088		1.95435151627	0.99	0.975	1.11562e-12		1.94372117068	0.942	0.955	1.18027e-12
840   	2227.22	324.265		1.95847236637	0.99	0.977	1.10546e-12		1.94857282842	0.944	0.958	1.16353e-12
840   	2227.22	333.443		1.96240063788	0.991	0.979	1.09595e-12		1.9531682066	0.947	0.961	1.14812e-12
840   	2227.22	342.62		1.96615665625	0.991	0.98	1.08703e-12		1.95753426697	0.949	0.964	1.13388e-12
840   	2227.22	351.797		1.96975849971	0.992	0.982	1.07864e-12		1.96169493789	0.952	0.967	1.12069e-12
840   	2227.22	360.975		1.97322229576	0.992	0.983	1.07073e-12		1.96567151209	0.954	0.969	1.10843e-12
840   	2227.22	370.152		1.97656247307	0.992	0.984	1.06327e-12		1.96948298638	0.956	0.971	1.09702e-12
840   	2227.22	379.329		1.97979197631	0.993	0.985	1.05621e-12		1.97314635258	0.957	0.973	1.08638e-12
840   	2227.22	388.507		1.98292245004	0.993	0.986	1.04952e-12		1.97667684713	0.959	0.975	1.07641e-12
840   	2227.22	397.684		1.98596439661	0.993	0.987	1.04317e-12		1.98008816599	0.961	0.977	1.06708e-12
840   	2227.22	406.861		1.98892731223	0.994	0.988	1.03713e-12		1.98339264996	0.962	0.978	1.05831e-12
840   	2227.22	416.039		1.99181980463	0.994	0.988	1.03139e-12		1.986601445 	0.964	0.98	1.05006e-12
840   	2227.22	425.216		1.99464969497	0.994	0.989	1.02591e-12		1.98972464122	0.965	0.981	1.04229e-12
840   	2227.22	434.393		1.99742410658	0.995	0.99	1.02069e-12		1.99277139373	0.967	0.982	1.03496e-12
840   	2227.22	443.57		2.00014954224	0.995	0.99	1.0157e-12		1.99575002783	0.968	0.983	1.02802e-12
840   	2227.22	452.748		2.00283195183	0.995	0.991	1.01092e-12		1.99866813104	0.969	0.984	1.02145e-12
840   	2227.22	461.925		2.00547679158	0.995	0.991	1.00635e-12		2.00153263355	0.97	0.985	1.01523e-12
840   	2227.22	471.102		2.00808907621	0.995	0.992	1.00196e-12		2.00434987887	0.971	0.986	1.00932e-12
840   	2227.22	480.28		2.01067342476	0.996	0.992	9.97753e-13		2.0071256859	0.972	0.987	1.0037e-12
840   	2227.22	489.457		2.0132341012	0.996	0.993	9.93711e-13		2.00986540375	0.973	0.988	9.98356e-13
840   	2227.22	498.634		2.01577505028	0.996	0.993	9.89826e-13		2.01257396002	0.974	0.988	9.93263e-13
840   	2227.22	507.812		2.01829992937	0.996	0.994	9.86088e-13		2.01525590367	0.975	0.989	9.88406e-13
840   	2227.22	516.989		2.02081213677	0.996	0.994	9.82488e-13		2.01791544291	0.976	0.99	9.83768e-13
840   	2227.22	526.166		2.02331483691	0.996	0.994	9.79018e-13		2.02055647902	0.977	0.99	9.79336e-13
840   	2227.22	535.344		2.02581098289	0.996	0.994	9.75672e-13		2.02318263634	0.977	0.991	9.75097e-13
840   	2227.22	544.521		2.02830333661	0.997	0.995	9.72442e-13		2.02579728908	0.978	0.991	9.71037e-13
840   	2227.22	553.698		2.03079448683	0.997	0.995	9.69322e-13		2.02840358533	0.979	0.992	9.67147e-13
840   	2227.22	562.876		2.03328686539	0.997	0.995	9.66307e-13		2.03100446845	0.979	0.992	9.63415e-13
840   	2227.22	572.053		2.03578276177	0.997	0.995	9.63391e-13		2.03360269641	0.98	0.993	9.59833e-13
840   	2227.22	581.23		2.0382843363	0.997	0.996	9.60569e-13		2.03620085902	0.981	0.993	9.56392e-13
840   	2227.22	590.408		2.040793632 	0.997	0.996	9.57836e-13		2.03880139358	0.981	0.993	9.53084e-13
840   	2227.22	599.585		2.04331258534	0.997	0.996	9.55188e-13		2.04140659893	0.982	0.994	9.49901e-13
840   	2338.33	149.896		1.79578422531	0.961	0.854	1.70199e-12		1.74458750055	0.848	0.706	2.48442e-12
840   	2338.33	159.074		1.81402049645	0.964	0.872	1.6248e-12		1.76745859058	0.855	0.742	2.26482e-12
840   	2338.33	168.251		1.83014249354	0.968	0.888	1.56105e-12		1.78786259105	0.862	0.772	2.09277e-12
840   	2338.33	177.428		1.84447836876	0.971	0.901	1.50748e-12		1.80610039457	0.869	0.799	1.95494e-12
840   	2338.33	186.606		1.857296971 	0.974	0.912	1.46181e-12		1.8224445082	0.876	0.821	1.84242e-12
840   	2338.33	195.783		1.86881979147	0.976	0.921	1.42237e-12		1.83713663184	0.883	0.841	1.74905e-12
840   	2338.33	204.96		1.87923036663	0.978	0.929	1.38795e-12		1.85038835285	0.889	0.858	1.67048e-12
840   	2338.33	214.137		1.88868167437	0.98	0.936	1.35762e-12		1.8623834448	0.895	0.873	1.60357e-12
840   	2338.33	223.315		1.89730196024	0.981	0.942	1.33068e-12		1.87328082773	0.901	0.886	1.54596e-12
840   	2338.33	232.492		1.90519934146	0.983	0.948	1.30657e-12		1.88321765478	0.906	0.897	1.4959e-12
840   	2338.33	241.669		1.91246546046	0.984	0.953	1.28485e-12		1.89231224801	0.911	0.907	1.45205e-12
840   	2338.33	250.847		1.91917839883	0.985	0.957	1.26518e-12		1.9006667573	0.916	0.916	1.41333e-12
840   	2338.33	260.024		1.92540501365	0.986	0.96	1.24726e-12		1.90836950077	0.921	0.924	1.37893e-12
840   	2338.33	269.201		1.93120282115	0.987	0.964	1.23086e-12		1.91549698949	0.925	0.93	1.34817e-12
840   	2338.33	278.379		1.93662152395	0.988	0.967	1.21579e-12		1.92211566038	0.929	0.937	1.32052e-12
840   	2338.33	287.556		1.94170425588	0.989	0.969	1.2019e-12		1.92828335001	0.932	0.942	1.29555e-12
840   	2338.33	296.733		1.94648860231	0.989	0.972	1.18903e-12		1.93405054341	0.936	0.947	1.27288e-12
840   	2338.33	305.911		1.95100744062	0.99	0.974	1.17708e-12		1.93946143052	0.939	0.951	1.25223e-12
840   	2338.33	315.088		1.95528963611	0.99	0.976	1.16594e-12		1.94455479953	0.942	0.955	1.23334e-12
840   	2338.33	324.265		1.95936062099	0.991	0.978	1.15554e-12		1.94936479265	0.944	0.958	1.216e-12
840   	2338.33	333.443		1.96324287819	0.991	0.979	1.1458e-12		1.95392154642	0.947	0.962	1.20003e-12
840   	2338.33	342.62		1.96695634766	0.992	0.981	1.13666e-12		1.95825173485	0.949	0.964	1.18528e-12
840   	2338.33	351.797		1.97051876883	0.992	0.982	1.12806e-12		1.96237903135	0.952	0.967	1.17161e-12
840   	2338.33	360.975		1.97394597055	0.993	0.983	1.11995e-12		1.96632450215	0.954	0.969	1.15892e-12
840   	2338.33	370.152		1.97725211745	0.993	0.984	1.11229e-12		1.97010694244	0.956	0.972	1.1471e-12
840   	2338.33	379.329		1.98044992014	0.993	0.985	1.10504e-12		1.97374316411	0.957	0.974	1.13607e-12
840   	2338.33	388.507		1.98355081509	0.994	0.986	1.09817e-12		1.97724824267	0.959	0.975	1.12576e-12
840   	2338.33	397.684		1.98656511924	0.994	0.987	1.09165e-12		1.98063572984	0.961	0.977	1.11609e-12
840   	2338.33	406.861		1.98950216313	0.994	0.988	1.08545e-12		1.98391783685	0.962	0.978	1.10701e-12
840   	2338.33	416.039		1.9923704061	0.995	0.989	1.07954e-12		1.98710559303	0.964	0.98	1.09847e-12
840   	2338.33	425.216		1.99517753616	0.995	0.989	1.07391e-12		1.99020898329	0.965	0.981	1.09042e-12
840   	2338.33	434.393		1.99793055682	0.995	0.99	1.06854e-12		1.99323706763	0.967	0.982	1.08283e-12
840   	2338.33	443.57		2.00063586285	0.995	0.99	1.0634e-12		1.9961980853	0.968	0.983	1.07565e-12
840   	2338.33	452.748		2.00329930655	0.995	0.991	1.05849e-12		1.99909954568	0.969	0.984	1.06886e-12
840   	2338.33	461.925		2.00592625583	0.996	0.992	1.05378e-12		2.001948308 	0.97	0.985	1.06242e-12
840   	2338.33	471.102		2.00852164529	0.996	0.992	1.04927e-12		2.00475065112	0.971	0.986	1.0563e-12
840   	2338.33	480.28		2.0110900212	0.996	0.992	1.04494e-12		2.00751233502	0.972	0.987	1.05049e-12
840   	2338.33	489.457		2.01363558128	0.996	0.993	1.04078e-12		2.01023865497	0.973	0.988	1.04496e-12
840   	2338.33	498.634		2.01616220987	0.996	0.993	1.03677e-12		2.01293448931	0.974	0.988	1.0397e-12
840   	2338.33	507.812		2.01867350918	0.996	0.994	1.03292e-12		2.01560434188	0.975	0.989	1.03467e-12
840   	2338.33	516.989		2.02117282704	0.996	0.994	1.02922e-12		2.01825237947	0.976	0.99	1.02988e-12
840   	2338.33	526.166		2.02366328165	0.997	0.994	1.02564e-12		2.02088246529	0.977	0.99	1.0253e-12
840   	2338.33	535.344		2.0261477837	0.997	0.995	1.02219e-12		2.02349818867	0.977	0.991	1.02092e-12
840   	2338.33	544.521		2.02862905609	0.997	0.995	1.01886e-12		2.02610289153	0.978	0.991	1.01672e-12
840   	2338.33	553.698		2.03110965173	0.997	0.995	1.01565e-12		2.02869969217	0.979	0.992	1.0127e-12
840   	2338.33	562.876		2.03359196939	0.997	0.995	1.01254e-12		2.03129150646	0.979	0.992	1.00885e-12
840   	2338.33	572.053		2.03607826808	0.997	0.996	1.00953e-12		2.03388106687	0.98	0.993	1.00515e-12
840   	2338.33	581.23		2.03857067994	0.997	0.996	1.00662e-12		2.03647093967	0.981	0.993	1.00159e-12
840   	2338.33	590.408		2.04107122194	0.997	0.996	1.0038e-12		2.03906354029	0.981	0.993	9.98177e-13
840   	2338.33	599.585		2.04358180642	0.997	0.996	1.00107e-12		2.04166114725	0.982	0.994	9.94891e-13
840   	2449.44	149.896		1.79896992432	0.963	0.857	1.75925e-12		1.74709468072	0.848	0.708	2.57781e-12
840   	2449.44	159.074		1.81690025603	0.967	0.875	1.68172e-12		1.76976276248	0.855	0.743	2.35173e-12
840   	2449.44	168.251		1.83275511182	0.97	0.89	1.61754e-12		1.7899820308	0.862	0.773	2.17442e-12
840   	2449.44	177.428		1.84685726011	0.973	0.902	1.5635e-12		1.80805298049	0.869	0.8	2.03226e-12
840   	2449.44	186.606		1.85947076254	0.976	0.913	1.51734e-12		1.82424693887	0.876	0.822	1.91612e-12
840   	2449.44	195.783		1.8708129744	0.978	0.922	1.47743e-12		1.83880410611	0.883	0.842	1.81969e-12
840   	2449.44	204.96		1.88106391183	0.98	0.93	1.44255e-12		1.85193450165	0.889	0.859	1.73852e-12
840   	2449.44	214.137		1.89037357819	0.981	0.937	1.41177e-12		1.86382039177	0.895	0.874	1.66936e-12
840   	2449.44	223.315		1.89886771304	0.983	0.943	1.38441e-12		1.87461930906	0.901	0.887	1.6098e-12
840   	2449.44	232.492		1.90665232273	0.984	0.949	1.35989e-12		1.88446716049	0.906	0.898	1.55804e-12
840   	2449.44	241.669		1.91381726921	0.985	0.953	1.33778e-12		1.89348116462	0.912	0.908	1.51268e-12
840   	2449.44	250.847		1.92043912862	0.986	0.957	1.31774e-12		1.90176250219	0.916	0.916	1.47263e-12
840   	2449.44	260.024		1.92658348122	0.987	0.961	1.29947e-12		1.90939864405	0.921	0.924	1.43704e-12
840   	2449.44	269.201		1.93230675671	0.988	0.964	1.28274e-12		1.91646536199	0.925	0.931	1.40522e-12
840   	2449.44	278.379		1.93765772974	0.989	0.967	1.26735e-12		1.92302844835	0.929	0.937	1.37661e-12
840   	2449.44	287.556		1.94267873867	0.99	0.97	1.25315e-12		1.92914517726	0.932	0.942	1.35077e-12
840   	2449.44	296.733		1.94740668446	0.99	0.972	1.24e-12		1.93486554246	0.936	0.947	1.32731e-12
840   	2449.44	305.911		1.9518738535	0.991	0.974	1.22777e-12		1.94023330399	0.939	0.951	1.30595e-12
840   	2449.44	315.088		1.95610859892	0.991	0.976	1.21638e-12		1.94528687306	0.942	0.955	1.2864e-12
840   	2449.44	324.265		1.96013590749	0.992	0.978	1.20573e-12		1.95006006062	0.944	0.959	1.26845e-12
840   	2449.44	333.443		1.96397787346	0.992	0.979	1.19575e-12		1.9545827114	0.947	0.962	1.25193e-12
840   	2449.44	342.62		1.9676540965	0.993	0.981	1.18638e-12		1.95888124176	0.949	0.965	1.23667e-12
840   	2449.44	351.797		1.97118201717	0.993	0.982	1.17756e-12		1.96297909702	0.952	0.967	1.22253e-12
840   	2449.44	360.975		1.97457720102	0.993	0.983	1.16924e-12		1.96689714106	0.954	0.97	1.2094e-12
840   	2449.44	370.152		1.97785358007	0.994	0.984	1.16138e-12		1.97065398909	0.956	0.972	1.19717e-12
840   	2449.44	379.329		1.9810236588	0.994	0.985	1.15394e-12		1.97426629251	0.957	0.974	1.18576e-12
840   	2449.44	388.507		1.98409869057	0.994	0.986	1.14689e-12		1.97774898343	0.959	0.975	1.17509e-12
840   	2449.44	397.684		1.98708882916	0.995	0.987	1.14019e-12		1.98111548514	0.961	0.977	1.16509e-12
840   	2449.44	406.861		1.99000325946	0.995	0.988	1.13382e-12		1.98437789359	0.962	0.979	1.15571e-12
840   	2449.44	416.039		1.9928503104	0.995	0.989	1.12775e-12		1.98754713439	0.964	0.98	1.14688e-12
840   	2449.44	425.216		1.99563755294	0.995	0.989	1.12197e-12		1.99063309897	0.965	0.981	1.13856e-12
840   	2449.44	434.393		1.99837188537	0.995	0.99	1.11644e-12		1.99364476291	0.967	0.982	1.13071e-12
840   	2449.44	443.57		2.00105960762	0.996	0.991	1.11116e-12		1.99659028902	0.968	0.983	1.12329e-12
840   	2449.44	452.748		2.00370648635	0.996	0.991	1.10611e-12		1.99947711742	0.969	0.984	1.11627e-12
840   	2449.44	461.925		2.00631781194	0.996	0.992	1.10127e-12		2.00231204439	0.97	0.985	1.10961e-12
840   	2449.44	471.102		2.00889844872	0.996	0.992	1.09662e-12		2.00510129152	0.971	0.986	1.1033e-12
840   	2449.44	480.28		2.01145287914	0.996	0.993	1.09217e-12		2.00785056659	0.972	0.987	1.09729e-12
840   	2449.44	489.457		2.01398524282	0.996	0.993	1.08788e-12		2.01056511719	0.973	0.988	1.09158e-12
840   	2449.44	498.634		2.01649937115	0.997	0.993	1.08377e-12		2.0132497781	0.974	0.988	1.08614e-12
840   	2449.44	507.812		2.01899881798	0.997	0.994	1.0798e-12		2.01590901319	0.975	0.989	1.08096e-12
840   	2449.44	516.989		2.02148688694	0.997	0.994	1.07598e-12		2.01854695266	0.976	0.99	1.07601e-12
840   	2449.44	526.166		2.02396665573	0.997	0.994	1.0723e-12		2.02116742606	0.977	0.99	1.07128e-12
840   	2449.44	535.344		2.02644099786	0.997	0.995	1.06875e-12		2.02377399175	0.977	0.991	1.06675e-12
840   	2449.44	544.521		2.02891260212	0.997	0.995	1.06532e-12		2.02636996316	0.978	0.991	1.06242e-12
840   	2449.44	553.698		2.03138398999	0.997	0.995	1.06201e-12		2.02895843226	0.979	0.992	1.05828e-12
840   	2449.44	562.876		2.03385753132	0.997	0.995	1.05881e-12		2.03154229063	0.979	0.992	1.0543e-12
840   	2449.44	572.053		2.03633545843	0.997	0.996	1.05571e-12		2.03412424829	0.98	0.993	1.05048e-12
840   	2449.44	581.23		2.03881987881	0.997	0.996	1.05271e-12		2.03670685067	0.981	0.993	1.04681e-12
840   	2449.44	590.408		2.04131278662	0.998	0.996	1.04981e-12		2.03929249394	0.981	0.993	1.04329e-12
840   	2449.44	599.585		2.04381607309	0.998	0.996	1.047e-12		2.0418834387	0.982	0.994	1.0399e-12
840   	2560.56	149.896		1.80179173259	0.966	0.86	1.8173e-12		1.74933795174	0.848	0.709	2.6714e-12
840   	2560.56	159.074		1.81944788863	0.97	0.877	1.73927e-12		1.77182068404	0.855	0.744	2.43877e-12
840   	2560.56	168.251		1.83506403423	0.973	0.892	1.67455e-12		1.7918721108	0.862	0.775	2.25615e-12
840   	2560.56	177.428		1.84895780958	0.975	0.904	1.61996e-12		1.80979203333	0.869	0.801	2.10961e-12
840   	2560.56	186.606		1.86138879959	0.977	0.915	1.57326e-12		1.82585048644	0.876	0.823	1.98983e-12
840   	2560.56	195.783		1.87257053821	0.979	0.924	1.53282e-12		1.84028616199	0.883	0.843	1.89034e-12
840   	2560.56	204.96		1.88267981643	0.981	0.931	1.49743e-12		1.85330755896	0.889	0.86	1.80655e-12
840   	2560.56	214.137		1.89186392952	0.983	0.938	1.46618e-12		1.86509551136	0.895	0.874	1.73514e-12
840   	2560.56	223.315		1.90024634626	0.984	0.944	1.43835e-12		1.87580625042	0.901	0.887	1.67363e-12
840   	2560.56	232.492		1.90793116756	0.985	0.949	1.4134e-12		1.8855745248	0.906	0.898	1.62017e-12
840   	2560.56	241.669		1.91500665298	0.986	0.954	1.39089e-12		1.8945165342	0.912	0.908	1.5733e-12
840   	2560.56	250.847		1.92154802716	0.987	0.958	1.37046e-12		1.90273256918	0.916	0.917	1.53192e-12
840   	2560.56	260.024		1.92761972658	0.988	0.962	1.35182e-12		1.91030932548	0.921	0.924	1.49513e-12
840   	2560.56	269.201		1.93327720928	0.989	0.965	1.33475e-12		1.91732190093	0.925	0.931	1.46225e-12
840   	2560.56	278.379		1.93856842133	0.99	0.968	1.31903e-12		1.92383550178	0.929	0.937	1.43268e-12
840   	2560.56	287.556		1.94353499178	0.99	0.97	1.30452e-12		1.92990689207	0.932	0.942	1.40597e-12
840   	2560.56	296.733		1.94821321201	0.991	0.972	1.29107e-12		1.93558562084	0.936	0.947	1.38173e-12
840   	2560.56	305.911		1.95263484258	0.991	0.975	1.27856e-12		1.94091505969	0.939	0.951	1.35965e-12
840   	2560.56	315.088		1.95682778131	0.992	0.976	1.2669e-12		1.94593327977	0.942	0.955	1.33944e-12
840   	2560.56	324.265		1.96081661934	0.992	0.978	1.25599e-12		1.95067379363	0.944	0.959	1.3209e-12
840   	2560.56	333.443		1.96462310597	0.993	0.98	1.24577e-12		1.95516618343	0.947	0.962	1.30382e-12
840   	2560.56	342.62		1.96826653902	0.993	0.981	1.23617e-12		1.95943663401	0.949	0.965	1.28805e-12
840   	2560.56	351.797		1.97176409416	0.994	0.982	1.22713e-12		1.96350838593	0.952	0.967	1.27344e-12
840   	2560.56	360.975		1.97513110369	0.994	0.984	1.2186e-12		1.96740212159	0.954	0.97	1.25987e-12
840   	2560.56	370.152		1.97838129365	0.994	0.985	1.21054e-12		1.97113629491	0.956	0.972	1.24724e-12
840   	2560.56	379.329		1.9815269861	0.994	0.986	1.2029e-12		1.97472741359	0.958	0.974	1.23545e-12
840   	2560.56	388.507		1.98457927241	0.995	0.987	1.19566e-12		1.97819028147	0.959	0.976	1.22443e-12
840   	2560.56	397.684		1.98754816212	0.995	0.987	1.18879e-12		1.981538207 	0.961	0.977	1.2141e-12
840   	2560.56	406.861		1.99044271132	0.995	0.988	1.18224e-12		1.98478318313	0.962	0.979	1.20441e-12
840   	2560.56	416.039		1.99327113373	0.995	0.989	1.17601e-12		1.98793604286	0.964	0.98	1.19529e-12
840   	2560.56	425.216		1.99604089695	0.996	0.989	1.17007e-12		1.99100659421	0.965	0.981	1.1867e-12
840   	2560.56	434.393		1.99875880634	0.996	0.99	1.16439e-12		1.99400373745	0.967	0.982	1.1786e-12
840   	2560.56	443.57		2.00143107812	0.996	0.991	1.15897e-12		1.99693556726	0.968	0.984	1.17094e-12
840   	2560.56	452.748		2.00406340333	0.996	0.991	1.15377e-12		1.99980946205	0.969	0.985	1.16369e-12
840   	2560.56	461.925		2.00666100401	0.996	0.992	1.1488e-12		2.00263216201	0.97	0.985	1.15682e-12
840   	2560.56	471.102		2.00922868247	0.996	0.992	1.14402e-12		2.00540983777	0.971	0.986	1.1503e-12
840   	2560.56	480.28		2.01177086488	0.997	0.993	1.13944e-12		2.00814815066	0.972	0.987	1.14411e-12
840   	2560.56	489.457		2.01429163964	0.997	0.993	1.13503e-12		2.01085230586	0.973	0.988	1.13821e-12
840   	2560.56	498.634		2.01679479149	0.997	0.993	1.1308e-12		2.01352709939	0.974	0.989	1.1326e-12
840   	2560.56	507.812		2.01928383165	0.997	0.994	1.12672e-12		2.01617695963	0.975	0.989	1.12725e-12
840   	2560.56	516.989		2.02176202478	0.997	0.994	1.12279e-12		2.01880598423	0.976	0.99	1.12215e-12
840   	2560.56	526.166		2.02423241291	0.997	0.994	1.119e-12		2.02141797285	0.977	0.99	1.11727e-12
840   	2560.56	535.344		2.02669783682	0.997	0.995	1.11535e-12		2.02401645637	0.977	0.991	1.11261e-12
840   	2560.56	544.521		2.02916095525	0.997	0.995	1.11182e-12		2.02660472289	0.978	0.991	1.10814e-12
840   	2560.56	553.698		2.03162426201	0.997	0.995	1.10841e-12		2.02918584106	0.979	0.992	1.10387e-12
840   	2560.56	562.876		2.03409010148	0.998	0.995	1.10512e-12		2.03176268086	0.979	0.992	1.09977e-12
840   	2560.56	572.053		2.03656068249	0.998	0.996	1.10193e-12		2.0343379324	0.98	0.993	1.09584e-12
840   	2560.56	581.23		2.03903809082	0.998	0.996	1.09884e-12		2.03691412266	0.981	0.993	1.09206e-12
840   	2560.56	590.408		2.04152430058	0.998	0.996	1.09585e-12		2.03949363069	0.981	0.993	1.08843e-12
840   	2560.56	599.585		2.04402118441	0.998	0.996	1.09295e-12		2.04207870123	0.982	0.994	1.08494e-12
840   	2671.67	149.896		1.80430269892	0.968	0.862	1.87602e-12		1.75135295162	0.848	0.71	2.76513e-12
840   	2671.67	159.074		1.82171234793	0.972	0.879	1.79737e-12		1.77366614937	0.855	0.745	2.52589e-12
840   	2671.67	168.251		1.83711442042	0.975	0.893	1.73201e-12		1.79356472365	0.862	0.775	2.33792e-12
840   	2671.67	177.428		1.85082170683	0.977	0.905	1.6768e-12		1.81134757117	0.869	0.801	2.187e-12
840   	2671.67	186.606		1.86308962025	0.979	0.916	1.6295e-12		1.82728336908	0.876	0.824	2.06356e-12
840   	2671.67	195.783		1.87412816865	0.981	0.925	1.58849e-12		1.84160931671	0.883	0.843	1.96099e-12
840   	2671.67	204.96		1.8841111881	0.983	0.932	1.55256e-12		1.85453245036	0.889	0.86	1.87458e-12
840   	2671.67	214.137		1.89318350564	0.984	0.939	1.5208e-12		1.86623224869	0.895	0.875	1.80092e-12
840   	2671.67	223.315		1.90146652893	0.985	0.945	1.4925e-12		1.87686372483	0.901	0.887	1.73745e-12
840   	2671.67	232.492		1.90906263483	0.986	0.95	1.46709e-12		1.88656055149	0.906	0.899	1.68227e-12
840   	2671.67	241.669		1.91605863695	0.987	0.954	1.44415e-12		1.89543798743	0.912	0.908	1.6339e-12
840   	2671.67	250.847		1.92252854299	0.988	0.958	1.42332e-12		1.90359550479	0.916	0.917	1.59119e-12
840   	2671.67	260.024		1.92853576137	0.989	0.962	1.40431e-12		1.91111908925	0.921	0.925	1.55322e-12
840   	2671.67	269.201		1.93413487821	0.99	0.965	1.38687e-12		1.91808322307	0.925	0.931	1.51926e-12
840   	2671.67	278.379		1.93937309699	0.991	0.968	1.37082e-12		1.92455257851	0.929	0.937	1.48874e-12
840   	2671.67	287.556		1.94429141184	0.991	0.97	1.35599e-12		1.93058345583	0.932	0.943	1.46116e-12
840   	2671.67	296.733		1.94892556905	0.992	0.973	1.34223e-12		1.93622500053	0.936	0.947	1.43614e-12
840   	2671.67	305.911		1.95330685937	0.992	0.975	1.32944e-12		1.94152023222	0.939	0.952	1.41333e-12
840   	2671.67	315.088		1.95746277421	0.993	0.977	1.3175e-12		1.94650691441	0.942	0.955	1.39248e-12
840   	2671.67	324.265		1.96141755179	0.993	0.978	1.30633e-12		1.95121828996	0.944	0.959	1.37333e-12
840   	2671.67	333.443		1.96519263389	0.993	0.98	1.29587e-12		1.9556837041	0.947	0.962	1.3557e-12
840   	2671.67	342.62		1.96880704946	0.994	0.981	1.28603e-12		1.95992913285	0.949	0.965	1.33942e-12
840   	2671.67	351.797		1.97227773826	0.994	0.983	1.27676e-12		1.96397763237	0.952	0.967	1.32434e-12
840   	2671.67	360.975		1.97561982504	0.994	0.984	1.26802e-12		1.96784972169	0.954	0.97	1.31034e-12
840   	2671.67	370.152		1.97884685261	0.995	0.985	1.25975e-12		1.97156370967	0.956	0.972	1.2973e-12
840   	2671.67	379.329		1.98197098084	0.995	0.986	1.25192e-12		1.97513597491	0.958	0.974	1.28514e-12
840   	2671.67	388.507		1.9850031571	0.995	0.987	1.24449e-12		1.97858120604	0.959	0.976	1.27377e-12
840   	2671.67	397.684		1.98795326279	0.995	0.987	1.23743e-12		1.98191260844	0.961	0.977	1.26311e-12
840   	2671.67	406.861		1.99083023963	0.996	0.988	1.23072e-12		1.98514208267	0.962	0.979	1.25311e-12
840   	2671.67	416.039		1.99364219901	0.996	0.989	1.22432e-12		1.98828037874	0.964	0.98	1.24371e-12
840   	2671.67	425.216		1.99639651681	0.996	0.99	1.21822e-12		1.99133722991	0.965	0.981	1.23485e-12
840   	2671.67	434.393		1.99909991593	0.996	0.99	1.21239e-12		1.994321469 	0.967	0.983	1.22649e-12
840   	2671.67	443.57		2.00175853831	0.996	0.991	1.20682e-12		1.99724112973	0.968	0.984	1.21859e-12
840   	2671.67	452.748		2.00437800796	0.996	0.991	1.20148e-12		2.00010353527	0.969	0.985	1.21112e-12
840   	2671.67	461.925		2.00696348628	0.997	0.992	1.19637e-12		2.00291537568	0.97	0.985	1.20404e-12
840   	2671.67	471.102		2.00951972065	0.997	0.992	1.19146e-12		2.00568277602	0.971	0.986	1.19732e-12
840   	2671.67	480.28		2.01205108732	0.997	0.993	1.18675e-12		2.00841135608	0.972	0.987	1.19093e-12
840   	2671.67	489.457		2.01456162932	0.997	0.993	1.18222e-12		2.01110628318	0.973	0.988	1.18486e-12
840   	2671.67	498.634		2.01705509004	0.997	0.993	1.17787e-12		2.01377231871	0.974	0.989	1.17908e-12
840   	2671.67	507.812		2.01953494296	0.997	0.994	1.17367e-12		2.01641385937	0.975	0.989	1.17357e-12
840   	2671.67	516.989		2.02200441824	0.997	0.994	1.16964e-12		2.01903497377	0.976	0.99	1.16831e-12
840   	2671.67	526.166		2.02446652629	0.997	0.994	1.16574e-12		2.02163943489	0.977	0.99	1.16329e-12
840   	2671.67	535.344		2.02692407895	0.997	0.995	1.16198e-12		2.02423074909	0.977	0.991	1.15848e-12
840   	2671.67	544.521		2.0293797083	0.998	0.995	1.15835e-12		2.02681218189	0.978	0.991	1.15389e-12
840   	2671.67	553.698		2.03183588372	0.998	0.995	1.15484e-12		2.02938678111	0.979	0.992	1.14948e-12
840   	2671.67	562.876		2.03429492702	0.998	0.995	1.15145e-12		2.03195739753	0.979	0.992	1.14526e-12
840   	2671.67	572.053		2.03675902625	0.998	0.996	1.14817e-12		2.03452670348	0.98	0.993	1.14121e-12
840   	2671.67	581.23		2.03923024798	0.998	0.996	1.145e-12		2.03709720951	0.981	0.993	1.13733e-12
840   	2671.67	590.408		2.04171054857	0.998	0.996	1.14192e-12		2.03967127942	0.981	0.993	1.13359e-12
840   	2671.67	599.585		2.04420178423	0.998	0.996	1.13894e-12		2.04225114384	0.982	0.994	1.13e-12
840   	2782.78	149.896		1.80654662596	0.971	0.864	1.93531e-12		1.75316953532	0.848	0.711	2.85899e-12
840   	2782.78	159.074		1.82373394535	0.974	0.88	1.85594e-12		1.77532737284	0.854	0.746	2.61308e-12
840   	2782.78	168.251		1.83894337704	0.976	0.894	1.78987e-12		1.79508642229	0.862	0.776	2.41973e-12
840   	2782.78	177.428		1.85248314681	0.979	0.906	1.73397e-12		1.81274452842	0.869	0.802	2.2644e-12
840   	2782.78	186.606		1.86460478821	0.981	0.917	1.68602e-12		1.82856898003	0.876	0.824	2.13729e-12
840   	2782.78	195.783		1.87551505721	0.982	0.925	1.6444e-12		1.84279551619	0.883	0.844	2.03164e-12
840   	2782.78	204.96		1.88538508078	0.984	0.933	1.60791e-12		1.85562977402	0.889	0.861	1.9426e-12
840   	2782.78	214.137		1.89435743329	0.985	0.94	1.57561e-12		1.86724995329	0.895	0.875	1.86668e-12
840   	2782.78	223.315		1.90255164786	0.986	0.945	1.5468e-12		1.87780992825	0.901	0.888	1.80126e-12
840   	2782.78	232.492		1.91006853778	0.987	0.95	1.52093e-12		1.88744237235	0.906	0.899	1.74437e-12
840   	2782.78	241.669		1.91699360828	0.988	0.955	1.49755e-12		1.89626167486	0.912	0.909	1.69449e-12
840   	2782.78	250.847		1.92339976804	0.989	0.959	1.4763e-12		1.90436655459	0.916	0.917	1.65044e-12
840   	2782.78	260.024		1.92934949852	0.99	0.962	1.4569e-12		1.91184234573	0.921	0.925	1.61128e-12
840   	2782.78	269.201		1.93489660072	0.991	0.965	1.4391e-12		1.91876296722	0.925	0.931	1.57626e-12
840   	2782.78	278.379		1.94008761031	0.991	0.968	1.4227e-12		1.92519260378	0.929	0.937	1.54478e-12
840   	2782.78	287.556		1.94496295096	0.992	0.971	1.40754e-12		1.93118713301	0.932	0.943	1.51634e-12
840   	2782.78	296.733		1.94955787969	0.992	0.973	1.39347e-12		1.9367953332	0.936	0.947	1.49053e-12
840   	2782.78	305.911		1.95390326593	0.993	0.975	1.38039e-12		1.94205990425	0.939	0.952	1.46701e-12
840   	2782.78	315.088		1.95802623685	0.993	0.977	1.36817e-12		1.94701833046	0.942	0.956	1.4455e-12
840   	2782.78	324.265		1.9619507146	0.994	0.978	1.35674e-12		1.95170361031	0.944	0.959	1.42576e-12
840   	2782.78	333.443		1.96569786569	0.994	0.98	1.34602e-12		1.95614487448	0.947	0.962	1.40758e-12
840   	2782.78	342.62		1.96928647854	0.994	0.981	1.33594e-12		1.96036791015	0.949	0.965	1.39079e-12
840   	2782.78	351.797		1.97273328201	0.995	0.983	1.32645e-12		1.9643956068	0.952	0.968	1.37524e-12
840   	2782.78	360.975		1.97605321532	0.995	0.984	1.31749e-12		1.96824833593	0.954	0.97	1.36081e-12
840   	2782.78	370.152		1.9792596576	0.995	0.985	1.30901e-12		1.97194427551	0.956	0.972	1.34737e-12
840   	2782.78	379.329		1.98236462387	0.995	0.986	1.30098e-12		1.97549968773	0.958	0.974	1.33483e-12
840   	2782.78	388.507		1.98537893297	0.996	0.987	1.29337e-12		1.97892915735	0.959	0.976	1.32311e-12
840   	2782.78	397.684		1.98831235194	0.996	0.988	1.28613e-12		1.98224579694	0.961	0.977	1.31213e-12
840   	2782.78	406.861		1.99117372046	0.996	0.988	1.27924e-12		1.98546142389	0.962	0.979	1.30182e-12
840   	2782.78	416.039		1.99397105869	0.996	0.989	1.27267e-12		1.98858671352	0.964	0.98	1.29213e-12
840   	2782.78	425.216		1.99671166071	0.996	0.99	1.26641e-12		1.99163133188	0.965	0.981	1.283e-12
840   	2782.78	434.393		1.9994021759	0.996	0.99	1.26043e-12		1.99460405115	0.967	0.983	1.27439e-12
840   	2782.78	443.57		2.00204868002	0.997	0.991	1.2547e-12		1.99751285027	0.968	0.984	1.26626e-12
840   	2782.78	452.748		2.00465673738	0.997	0.991	1.24922e-12		2.00036500279	0.969	0.985	1.25856e-12
840   	2782.78	461.925		2.00723145533	0.997	0.992	1.24397e-12		2.00316715376	0.97	0.986	1.25127e-12
840   	2782.78	471.102		2.00977753233	0.997	0.992	1.23893e-12		2.00592538733	0.971	0.986	1.24435e-12
840   	2782.78	480.28		2.0122993002	0.997	0.993	1.2341e-12		2.00864528604	0.972	0.987	1.23778e-12
840   	2782.78	489.457		2.01480076159	0.997	0.993	1.22944e-12		2.01133198322	0.973	0.988	1.23152e-12
840   	2782.78	498.634		2.01728562305	0.997	0.993	1.22497e-12		2.01399020924	0.974	0.989	1.22557e-12
840   	2782.78	507.812		2.0197573245	0.997	0.994	1.22066e-12		2.01662433238	0.975	0.989	1.2199e-12
840   	2782.78	516.989		2.02221906537	0.997	0.994	1.21651e-12		2.01923839521	0.976	0.99	1.21449e-12
840   	2782.78	526.166		2.02467382798	0.998	0.994	1.21251e-12		2.02183614682	0.977	0.99	1.20932e-12
840   	2782.78	535.344		2.02712439836	0.998	0.995	1.20864e-12		2.02442107159	0.977	0.991	1.20438e-12
840   	2782.78	544.521		2.02957338496	0.998	0.995	1.20491e-12		2.02699641484	0.978	0.991	1.19965e-12
840   	2782.78	553.698		2.03202323536	0.998	0.995	1.20131e-12		2.02956520573	0.979	0.992	1.19512e-12
840   	2782.78	562.876		2.03447625134	0.998	0.995	1.19782e-12		2.03213027784	0.979	0.992	1.19078e-12
840   	2782.78	572.053		2.03693460244	0.998	0.996	1.19445e-12		2.0346942876	0.98	0.993	1.18661e-12
840   	2782.78	581.23		2.03940033819	0.998	0.996	1.19118e-12		2.03725973083	0.981	0.993	1.18262e-12
840   	2782.78	590.408		2.04187539914	0.998	0.996	1.18802e-12		2.03982895772	0.981	0.993	1.17878e-12
840   	2782.78	599.585		2.04436162691	0.998	0.996	1.18495e-12		2.04240418622	0.982	0.994	1.17508e-12
840   	2893.89	149.896		1.80855991867	0.972	0.865	1.99511e-12		1.75481285704	0.848	0.712	2.95293e-12
840   	2893.89	159.074		1.82554610413	0.975	0.882	1.91491e-12		1.77682805316	0.854	0.747	2.70032e-12
840   	2893.89	168.251		1.84058161126	0.978	0.896	1.84806e-12		1.79645945359	0.862	0.777	2.50156e-12
840   	2893.89	177.428		1.8539703829	0.98	0.907	1.79142e-12		1.81400375182	0.869	0.803	2.3418e-12
840   	2893.89	186.606		1.86596034884	0.982	0.917	1.74279e-12		1.82972684244	0.876	0.825	2.21102e-12
840   	2893.89	195.783		1.87675526528	0.984	0.926	1.70053e-12		1.84386304738	0.883	0.844	2.10227e-12
840   	2893.89	204.96		1.88652377297	0.985	0.934	1.66344e-12		1.85661667068	0.889	0.861	2.01061e-12
840   	2893.89	214.137		1.89540638704	0.986	0.94	1.63058e-12		1.86816470763	0.895	0.875	1.93243e-12
840   	2893.89	223.315		1.9035209322	0.987	0.946	1.60126e-12		1.87865996835	0.901	0.888	1.86505e-12
840   	2893.89	232.492		1.91096680035	0.988	0.951	1.5749e-12		1.88823419797	0.906	0.899	1.80644e-12
840   	2893.89	241.669		1.91782830965	0.989	0.955	1.55107e-12		1.8970009816	0.912	0.909	1.75506e-12
840   	2893.89	250.847		1.92417737335	0.99	0.959	1.5294e-12		1.90505834375	0.916	0.917	1.70968e-12
840   	2893.89	260.024		1.93007563456	0.991	0.963	1.50959e-12		1.91249101989	0.921	0.925	1.66933e-12
840   	2893.89	269.201		1.93557618504	0.991	0.966	1.49141e-12		1.91937241246	0.925	0.932	1.63325e-12
840   	2893.89	278.379		1.94072495784	0.992	0.968	1.47466e-12		1.92576626007	0.929	0.938	1.60082e-12
840   	2893.89	287.556		1.94556186237	0.992	0.971	1.45917e-12		1.93172805424	0.932	0.943	1.57151e-12
840   	2893.89	296.733		1.95012171494	0.993	0.973	1.44479e-12		1.93730623834	0.936	0.948	1.54492e-12
840   	2893.89	305.911		1.95443500572	0.993	0.975	1.4314e-12		1.94254322102	0.939	0.952	1.52069e-12
840   	2893.89	315.088		1.95852853422	0.994	0.977	1.4189e-12		1.94747623256	0.942	0.956	1.49853e-12
840   	2893.89	324.265		1.96242593847	0.994	0.979	1.40721e-12		1.95213804933	0.944	0.959	1.47819e-12
840   	2893.89	333.443		1.96614813766	0.994	0.98	1.39623e-12		1.95655760719	0.947	0.962	1.45946e-12
840   	2893.89	342.62		1.96971370418	0.995	0.981	1.38591e-12		1.96076052198	0.949	0.965	1.44216e-12
840   	2893.89	351.797		1.97313917757	0.995	0.983	1.37619e-12		1.96476953207	0.952	0.968	1.42615e-12
840   	2893.89	360.975		1.97643933058	0.995	0.984	1.36701e-12		1.96860487533	0.954	0.97	1.41128e-12
840   	2893.89	370.152		1.97962739553	0.995	0.985	1.35832e-12		1.97228461124	0.956	0.972	1.39744e-12
840   	2893.89	379.329		1.98271525757	0.996	0.986	1.35009e-12		1.97582489663	0.958	0.974	1.38453e-12
840   	2893.89	388.507		1.98571362034	0.996	0.987	1.34228e-12		1.97924022238	0.959	0.976	1.37246e-12
840   	2893.89	397.684		1.98863214838	0.996	0.988	1.33486e-12		1.98254361716	0.961	0.977	1.36115e-12
840   	2893.89	406.861		1.99147959  	0.996	0.988	1.3278e-12		1.98574682324	0.962	0.979	1.35054e-12
840   	2893.89	416.039		1.99426388362	0.996	0.989	1.32106e-12		1.9888604485	0.964	0.98	1.34057e-12
840   	2893.89	425.216		1.99699225007	0.997	0.99	1.31464e-12		1.99189409832	0.965	0.981	1.33117e-12
840   	2893.89	434.393		1.99967127298	0.997	0.99	1.3085e-12		1.99485649019	0.967	0.983	1.32231e-12
840   	2893.89	443.57		2.00230696885	0.997	0.991	1.30263e-12		1.99775555364	0.968	0.984	1.31394e-12
840   	2893.89	452.748		2.00490484853	0.997	0.991	1.297e-12		2.00059851747	0.969	0.985	1.30602e-12
840   	2893.89	461.925		2.00746997109	0.997	0.992	1.29161e-12		2.00339198621	0.97	0.986	1.29851e-12
840   	2893.89	471.102		2.01000699119	0.997	0.992	1.28644e-12		2.00614200712	0.971	0.986	1.2914e-12
840   	2893.89	480.28		2.01252020094	0.997	0.993	1.28147e-12		2.00885412919	0.972	0.987	1.28464e-12
840   	2893.89	489.457		2.01501356685	0.997	0.993	1.2767e-12		2.01153345518	0.973	0.988	1.27821e-12
840   	2893.89	498.634		2.01749076258	0.997	0.993	1.2721e-12		2.01418468748	0.974	0.989	1.27209e-12
840   	2893.89	507.812		2.019955198 	0.998	0.994	1.26768e-12		2.01681216884	0.975	0.989	1.26625e-12
840   	2893.89	516.989		2.02241004512	0.998	0.994	1.26342e-12		2.01941991838	0.976	0.99	1.26069e-12
840   	2893.89	526.166		2.02485826113	0.998	0.994	1.25931e-12		2.02201166371	0.977	0.99	1.25537e-12
840   	2893.89	535.344		2.02730260904	0.998	0.995	1.25534e-12		2.02459086945	0.977	0.991	1.25029e-12
840   	2893.89	544.521		2.02974567612	0.998	0.995	1.2515e-12		2.02716076272	0.978	0.991	1.24543e-12
840   	2893.89	553.698		2.03218989052	0.998	0.995	1.2478e-12		2.02972435593	0.979	0.992	1.24078e-12
840   	2893.89	562.876		2.03463753612	0.998	0.995	1.24422e-12		2.03228446721	0.979	0.992	1.23632e-12
840   	2893.89	572.053		2.03709076593	0.998	0.996	1.24075e-12		2.03484373867	0.98	0.993	1.23204e-12
840   	2893.89	581.23		2.03955161425	0.998	0.996	1.23739e-12		2.03740465293	0.981	0.993	1.22793e-12
840   	2893.89	590.408		2.04202200753	0.998	0.996	1.23414e-12		2.03996954791	0.981	0.993	1.22398e-12
840   	2893.89	599.585		2.04450377434	0.998	0.996	1.23099e-12		2.04254063022	0.982	0.994	1.22019e-12
840   	3005  	149.896		1.81037302107	0.974	0.867	2.05533e-12		1.75630422533	0.847	0.713	3.04694e-12
840   	3005  	159.074		1.82717671551	0.977	0.883	1.97424e-12		1.77818820956	0.854	0.748	2.78759e-12
840   	3005  	168.251		1.8420547042	0.979	0.897	1.90654e-12		1.79770256703	0.862	0.778	2.58341e-12
840   	3005  	177.428		1.85530691922	0.981	0.908	1.84913e-12		1.81514277689	0.869	0.803	2.41922e-12
840   	3005  	186.606		1.86717794418	0.983	0.918	1.79977e-12		1.83077335148	0.876	0.825	2.28475e-12
840   	3005  	195.783		1.87786876658	0.985	0.927	1.75684e-12		1.84482724552	0.883	0.845	2.1729e-12
840   	3005  	204.96		1.88754574269	0.986	0.934	1.71913e-12		1.85750749658	0.889	0.861	2.07861e-12
840   	3005  	214.137		1.8963475019	0.987	0.941	1.6857e-12		1.86898996687	0.895	0.876	1.99816e-12
840   	3005  	223.315		1.90439030871	0.988	0.946	1.65584e-12		1.87942647237	0.901	0.888	1.92882e-12
840   	3005  	232.492		1.91177225972	0.989	0.951	1.62899e-12		1.88894789539	0.906	0.899	1.86851e-12
840   	3005  	241.669		1.9185765933	0.99	0.955	1.60469e-12		1.8976670765	0.912	0.909	1.81562e-12
840   	3005  	250.847		1.92487431859	0.991	0.959	1.58258e-12		1.90568139943	0.916	0.918	1.7689e-12
840   	3005  	260.024		1.93072631818	0.991	0.963	1.56237e-12		1.9130750485	0.921	0.925	1.72737e-12
840   	3005  	269.201		1.93618504123	0.992	0.966	1.54381e-12		1.91992095168	0.925	0.932	1.69023e-12
840   	3005  	278.379		1.94129587527	0.992	0.969	1.5267e-12		1.92628243849	0.929	0.938	1.65684e-12
840   	3005  	287.556		1.94609826457	0.993	0.971	1.51087e-12		1.93221464699	0.932	0.943	1.62667e-12
840   	3005  	296.733		1.95062662711	0.993	0.973	1.49617e-12		1.93776571437	0.936	0.948	1.5993e-12
840   	3005  	305.911		1.95491111052	0.994	0.975	1.48248e-12		1.94297778326	0.939	0.952	1.57436e-12
840   	3005  	315.088		1.95897821856	0.994	0.977	1.46969e-12		1.94788785227	0.942	0.956	1.55154e-12
840   	3005  	324.265		1.96285133293	0.994	0.979	1.45773e-12		1.95252849531	0.944	0.959	1.53061e-12
840   	3005  	333.443		1.96655114979	0.995	0.98	1.44649e-12		1.95692847083	0.947	0.962	1.51133e-12
840   	3005  	342.62		1.97009604682	0.995	0.982	1.43593e-12		1.96111323882	0.949	0.965	1.49354e-12
840   	3005  	351.797		1.973502393 	0.995	0.983	1.42597e-12		1.96510540022	0.952	0.968	1.47705e-12
840   	3005  	360.975		1.97678481115	0.995	0.984	1.41657e-12		1.96892507151	0.954	0.97	1.46175e-12
840   	3005  	370.152		1.97995640142	0.996	0.985	1.40767e-12		1.97259020455	0.956	0.972	1.44751e-12
840   	3005  	379.329		1.98302893207	0.996	0.986	1.39924e-12		1.97611686057	0.958	0.974	1.43423e-12
840   	3005  	388.507		1.98601300308	0.996	0.987	1.39124e-12		1.97951944527	0.959	0.976	1.42181e-12
840   	3005  	397.684		1.98891818681	0.996	0.988	1.38363e-12		1.98281091129	0.961	0.977	1.41018e-12
840   	3005  	406.861		1.99175314938	0.996	0.988	1.37639e-12		1.98600293277	0.962	0.979	1.39927e-12
840   	3005  	416.039		1.99452575574	0.997	0.989	1.36949e-12		1.98910605654	0.964	0.98	1.38901e-12
840   	3005  	425.216		1.9972431609	0.997	0.99	1.3629e-12		1.99212983301	0.965	0.981	1.37935e-12
840   	3005  	434.393		1.99991188934	0.997	0.99	1.3566e-12		1.99508293019	0.967	0.983	1.37024e-12
840   	3005  	443.57		2.00253790437	0.997	0.991	1.35058e-12		1.99797323288	0.968	0.984	1.36163e-12
840   	3005  	452.748		2.00512666882	0.997	0.991	1.34481e-12		2.00080792944	0.969	0.985	1.35349e-12
840   	3005  	461.925		2.00768319835	0.997	0.992	1.33929e-12		2.0035935877	0.97	0.986	1.34578e-12
840   	3005  	471.102		2.01021210833	0.997	0.992	1.33398e-12		2.00633622159	0.971	0.986	1.33846e-12
840   	3005  	480.28		2.01271765518	0.997	0.993	1.32888e-12		2.00904134981	0.972	0.987	1.33151e-12
840   	3005  	489.457		2.015203773 	0.998	0.993	1.32398e-12		2.01171404744	0.973	0.988	1.32491e-12
840   	3005  	498.634		2.01767410589	0.998	0.993	1.31927e-12		2.01435899165	0.974	0.989	1.31862e-12
840   	3005  	507.812		2.02013203679	0.998	0.994	1.31473e-12		2.01698050208	0.975	0.989	1.31263e-12
840   	3005  	516.989		2.02258071307	0.998	0.994	1.31035e-12		2.01958257671	0.976	0.99	1.30691e-12
840   	3005  	526.166		2.02502306938	0.998	0.994	1.30613e-12		2.02216892373	0.977	0.99	1.30145e-12
840   	3005  	535.344		2.02746184806	0.998	0.995	1.30206e-12		2.02474298993	0.977	0.991	1.29623e-12
840   	3005  	544.521		2.02989961743	0.998	0.995	1.29812e-12		2.02730798603	0.978	0.991	1.29124e-12
840   	3005  	553.698		2.03233878817	0.998	0.995	1.29432e-12		2.02986690931	0.979	0.992	1.28646e-12
840   	3005  	562.876		2.03478162809	0.998	0.995	1.29064e-12		2.03242256393	0.979	0.992	1.28188e-12
840   	3005  	572.053		2.03723027542	0.998	0.996	1.28708e-12		2.03497757913	0.98	0.993	1.27748e-12
840   	3005  	581.23		2.03968675076	0.998	0.996	1.28363e-12		2.03753442559	0.981	0.993	1.27327e-12
840   	3005  	590.408		2.04215296793	0.998	0.996	1.28029e-12		2.04009543018	0.981	0.993	1.26922e-12
840   	3005  	599.585		2.04463074381	0.998	0.996	1.27705e-12		2.04266278927	0.982	0.994	1.26532e-12
