Effective Refractive Indices:
rel_box_size:     0.001
rel_grid_spacing: 20
rel_tolerance:    0
eigenvectors:     4
boundary cond:    0000
Wavelengths from 1.55 um to 1.55 um in 1 steps
Heights from 0.399 um to 0.401 um in 3 steps
Widths from 0.3 um to 1.4 um in 8 steps
height	width	frequency	Ex_n_eff		Ex_frac	Ex_core	Ex_A_eff		Ey_n_eff		Ey_frac	Ey_core	Ey_A_eff
399   	300   	186.206		1.4344414405	0.951	0.0692	9.06645e-12		1.43955824307	0.95	0.0907	5.36142e-12
399   	300   	186.458		1.43465702612	0.951	0.0695	9.00197e-12		1.43979334682	0.95	0.0911	5.32066e-12
399   	300   	186.71		1.434872337 	0.951	0.0697	8.93788e-12		1.44002827504	0.95	0.0915	5.28017e-12
399   	300   	186.961		1.43508737779	0.951	0.07	8.87418e-12		1.44026303275	0.95	0.0918	5.23997e-12
399   	300   	187.213		1.43530215314	0.951	0.0703	8.81085e-12		1.44049762497	0.95	0.0922	5.20003e-12
399   	300   	187.465		1.43551666766	0.951	0.0705	8.7479e-12		1.44073205667	0.95	0.0926	5.16037e-12
399   	300   	187.716		1.43573092596	0.951	0.0708	8.68534e-12		1.44096633283	0.95	0.093	5.12098e-12
399   	300   	187.968		1.43594493262	0.951	0.0711	8.62314e-12		1.44120045838	0.95	0.0934	5.08186e-12
399   	300   	188.22		1.43615869221	0.951	0.0714	8.56133e-12		1.44143443824	0.95	0.0938	5.043e-12
399   	300   	188.471		1.43637220927	0.951	0.0716	8.49989e-12		1.44166827733	0.949	0.0941	5.00442e-12
399   	300   	188.723		1.43658548833	0.951	0.0719	8.43882e-12		1.44190198053	0.949	0.0945	4.9661e-12
399   	300   	188.975		1.43679853391	0.951	0.0722	8.37813e-12		1.44213555269	0.949	0.0949	4.92805e-12
399   	300   	189.226		1.4370113505	0.951	0.0725	8.31781e-12		1.44236899866	0.949	0.0953	4.89026e-12
399   	300   	189.478		1.43722394256	0.95	0.0727	8.25786e-12		1.44260232327	0.949	0.0957	4.85274e-12
399   	300   	189.73		1.43743631457	0.95	0.073	8.19827e-12		1.44283553132	0.949	0.0961	4.81548e-12
399   	300   	189.981		1.43764847096	0.95	0.0733	8.13906e-12		1.4430686276	0.949	0.0965	4.77848e-12
399   	300   	190.233		1.43786041614	0.95	0.0736	8.08021e-12		1.44330161687	0.949	0.0969	4.74173e-12
399   	300   	190.485		1.43807215454	0.95	0.0739	8.02172e-12		1.44353450387	0.949	0.0973	4.70525e-12
399   	300   	190.736		1.43828369053	0.95	0.0742	7.9636e-12		1.44376729333	0.949	0.0977	4.66903e-12
399   	300   	190.988		1.43849502849	0.95	0.0745	7.90584e-12		1.44399998996	0.949	0.0982	4.63306e-12
399   	300   	191.24		1.43870617277	0.95	0.0748	7.84845e-12		1.44423259845	0.949	0.0986	4.59734e-12
399   	300   	191.491		1.43891712771	0.95	0.075	7.79141e-12		1.44446512346	0.949	0.099	4.56188e-12
399   	300   	191.743		1.43912789764	0.95	0.0753	7.73473e-12		1.44469756964	0.949	0.0994	4.52668e-12
399   	300   	191.995		1.43933848685	0.95	0.0756	7.67841e-12		1.44492994162	0.948	0.0998	4.49172e-12
399   	300   	192.246		1.43954889964	0.95	0.0759	7.62245e-12		1.44516224401	0.948	0.1	4.45701e-12
399   	300   	192.498		1.43975914027	0.95	0.0762	7.56684e-12		1.4453944814	0.948	0.101	4.42256e-12
399   	300   	192.75		1.43996921301	0.95	0.0765	7.51158e-12		1.44562665837	0.948	0.101	4.38835e-12
399   	300   	193.001		1.44017912209	0.95	0.0768	7.45667e-12		1.44585877946	0.948	0.102	4.35439e-12
399   	300   	193.253		1.44038887174	0.95	0.0771	7.40212e-12		1.44609084921	0.948	0.102	4.32067e-12
399   	300   	193.505		1.44059846616	0.95	0.0774	7.34791e-12		1.44632287213	0.948	0.102	4.2872e-12
399   	300   	193.756		1.44080790955	0.95	0.0778	7.29406e-12		1.44655485273	0.948	0.103	4.25398e-12
399   	300   	194.008		1.44101720609	0.95	0.0781	7.24055e-12		1.44678679547	0.948	0.103	4.22099e-12
399   	300   	194.26		1.44122635993	0.95	0.0784	7.18738e-12		1.44701870481	0.948	0.104	4.18825e-12
399   	300   	194.511		1.44143537522	0.949	0.0787	7.13456e-12		1.44725058519	0.948	0.104	4.15574e-12
399   	300   	194.763		1.4416442561	0.949	0.079	7.08209e-12		1.44748244104	0.948	0.105	4.12348e-12
399   	300   	195.015		1.44185300666	0.949	0.0793	7.02995e-12		1.44771427674	0.947	0.105	4.09145e-12
399   	300   	195.266		1.44206163103	0.949	0.0796	6.97816e-12		1.44794609669	0.947	0.105	4.05966e-12
399   	300   	195.518		1.44227013327	0.949	0.0799	6.9267e-12		1.44817790524	0.947	0.106	4.0281e-12
399   	300   	195.77		1.44247851746	0.949	0.0803	6.87558e-12		1.44840970674	0.947	0.106	3.99678e-12
399   	300   	196.021		1.44268678765	0.949	0.0806	6.8248e-12		1.4486415055	0.947	0.107	3.96568e-12
399   	300   	196.273		1.44289494788	0.949	0.0809	6.77435e-12		1.44887330585	0.947	0.107	3.93483e-12
399   	300   	196.525		1.44310300218	0.949	0.0812	6.72424e-12		1.44910511206	0.947	0.108	3.9042e-12
399   	300   	196.776		1.44331095455	0.949	0.0816	6.67446e-12		1.44933692839	0.947	0.108	3.8738e-12
399   	300   	197.028		1.44351880899	0.949	0.0819	6.62501e-12		1.4495687591	0.947	0.109	3.84362e-12
399   	300   	197.28		1.44372656948	0.949	0.0822	6.57588e-12		1.44980060842	0.947	0.109	3.81368e-12
399   	300   	197.531		1.44393423998	0.949	0.0825	6.52709e-12		1.45003248056	0.947	0.11	3.78396e-12
399   	300   	197.783		1.44414182444	0.949	0.0829	6.47862e-12		1.45026437969	0.946	0.11	3.75446e-12
399   	300   	198.035		1.4443493268	0.948	0.0832	6.43048e-12		1.45049631001	0.946	0.111	3.72519e-12
399   	300   	198.286		1.44455675098	0.948	0.0835	6.38266e-12		1.45072827565	0.946	0.111	3.69614e-12
399   	300   	198.538		1.44476410089	0.948	0.0839	6.33517e-12		1.45096028075	0.946	0.111	3.66731e-12
399   	500   	186.206		1.48405829689	0.917	0.221	1.83713e-12		1.47455474365	0.919	0.177	2.74532e-12
399   	500   	186.458		1.48443394715	0.917	0.222	1.82343e-12		1.47489371059	0.919	0.178	2.72408e-12
399   	500   	186.71		1.4848099197	0.917	0.223	1.80986e-12		1.47523293976	0.919	0.179	2.70305e-12
399   	500   	186.961		1.48518621659	0.917	0.224	1.79643e-12		1.47557243455	0.919	0.179	2.6822e-12
399   	500   	187.213		1.48556283982	0.917	0.225	1.78312e-12		1.47591219827	0.918	0.18	2.66155e-12
399   	500   	187.465		1.48593979131	0.916	0.225	1.76994e-12		1.47625223421	0.918	0.181	2.64109e-12
399   	500   	187.716		1.48631707292	0.916	0.226	1.75689e-12		1.47659254556	0.918	0.182	2.62082e-12
399   	500   	187.968		1.48669468646	0.916	0.227	1.74397e-12		1.4769331355	0.918	0.183	2.60073e-12
399   	500   	188.22		1.48707263364	0.916	0.228	1.73117e-12		1.47727400711	0.918	0.183	2.58083e-12
399   	500   	188.471		1.48745091613	0.916	0.229	1.71849e-12		1.47761516345	0.917	0.184	2.56112e-12
399   	500   	188.723		1.48782953554	0.915	0.23	1.70594e-12		1.4779566075	0.917	0.185	2.54159e-12
399   	500   	188.975		1.48820849338	0.915	0.231	1.69351e-12		1.47829834219	0.917	0.186	2.52224e-12
399   	500   	189.226		1.48858779113	0.915	0.232	1.6812e-12		1.4786403704	0.917	0.187	2.50306e-12
399   	500   	189.478		1.48896743018	0.915	0.233	1.66901e-12		1.47898269496	0.917	0.187	2.48407e-12
399   	500   	189.73		1.48934741189	0.915	0.234	1.65693e-12		1.47932531863	0.916	0.188	2.46525e-12
399   	500   	189.981		1.48972773752	0.914	0.235	1.64497e-12		1.47966824411	0.916	0.189	2.44661e-12
399   	500   	190.233		1.49010840828	0.914	0.236	1.63313e-12		1.48001147406	0.916	0.19	2.42814e-12
399   	500   	190.485		1.49048942532	0.914	0.237	1.62141e-12		1.48035501108	0.916	0.191	2.40985e-12
399   	500   	190.736		1.49087078972	0.914	0.238	1.60979e-12		1.48069885771	0.916	0.192	2.39172e-12
399   	500   	190.988		1.4912525025	0.914	0.239	1.59829e-12		1.48104301643	0.915	0.192	2.37376e-12
399   	500   	191.24		1.49163456461	0.913	0.24	1.58691e-12		1.48138748967	0.915	0.193	2.35597e-12
399   	500   	191.491		1.49201697696	0.913	0.241	1.57563e-12		1.48173227981	0.915	0.194	2.33835e-12
399   	500   	191.743		1.49239974038	0.913	0.242	1.56446e-12		1.48207738917	0.915	0.195	2.32089e-12
399   	500   	191.995		1.49278285562	0.913	0.243	1.5534e-12		1.48242282001	0.915	0.196	2.30359e-12
399   	500   	192.246		1.49316632342	0.913	0.244	1.54244e-12		1.48276857454	0.914	0.197	2.28646e-12
399   	500   	192.498		1.4935501444	0.912	0.245	1.5316e-12		1.48311465491	0.914	0.197	2.26949e-12
399   	500   	192.75		1.49393431916	0.912	0.246	1.52086e-12		1.48346106322	0.914	0.198	2.25267e-12
399   	500   	193.001		1.49431884823	0.912	0.247	1.51022e-12		1.4838078015	0.914	0.199	2.23602e-12
399   	500   	193.253		1.49470373207	0.912	0.249	1.49968e-12		1.48415487176	0.913	0.2	2.21952e-12
399   	500   	193.505		1.49508897108	0.912	0.25	1.48925e-12		1.48450227591	0.913	0.201	2.20317e-12
399   	500   	193.756		1.49547456563	0.912	0.251	1.47892e-12		1.48485001584	0.913	0.202	2.18698e-12
399   	500   	194.008		1.49586051598	0.911	0.252	1.46869e-12		1.48519809337	0.913	0.203	2.17094e-12
399   	500   	194.26		1.49624682238	0.911	0.253	1.45855e-12		1.48554651027	0.913	0.203	2.15504e-12
399   	500   	194.511		1.49663348499	0.911	0.254	1.44852e-12		1.48589526825	0.912	0.204	2.1393e-12
399   	500   	194.763		1.49702050393	0.911	0.255	1.43858e-12		1.48624436896	0.912	0.205	2.12371e-12
399   	500   	195.015		1.49740787926	0.911	0.256	1.42874e-12		1.48659381403	0.912	0.206	2.10826e-12
399   	500   	195.266		1.49779561097	0.91	0.257	1.419e-12		1.48694360499	0.912	0.207	2.09296e-12
399   	500   	195.518		1.498183699 	0.91	0.258	1.40934e-12		1.48729374334	0.912	0.208	2.0778e-12
399   	500   	195.77		1.49857214325	0.91	0.259	1.39979e-12		1.48764423053	0.911	0.209	2.06279e-12
399   	500   	196.021		1.49896094355	0.91	0.26	1.39032e-12		1.48799506794	0.911	0.209	2.04792e-12
399   	500   	196.273		1.49935009966	0.91	0.261	1.38095e-12		1.48834625692	0.911	0.21	2.03318e-12
399   	500   	196.525		1.49973961131	0.909	0.262	1.37166e-12		1.48869779874	0.911	0.211	2.01859e-12
399   	500   	196.776		1.50012947817	0.909	0.263	1.36247e-12		1.48904969464	0.91	0.212	2.00413e-12
399   	500   	197.028		1.50051969985	0.909	0.264	1.35336e-12		1.4894019458	0.91	0.213	1.98981e-12
399   	500   	197.28		1.50091027591	0.909	0.265	1.34435e-12		1.48975455333	0.91	0.214	1.97562e-12
399   	500   	197.531		1.50130120586	0.909	0.266	1.33542e-12		1.49010751831	0.91	0.215	1.96157e-12
399   	500   	197.783		1.50169248914	0.908	0.267	1.32657e-12		1.49046084177	0.91	0.216	1.94765e-12
399   	500   	198.035		1.50208412517	0.908	0.268	1.31781e-12		1.49081452466	0.909	0.217	1.93386e-12
399   	500   	198.286		1.50247611328	0.908	0.269	1.30914e-12		1.4911685679	0.909	0.217	1.9202e-12
399   	500   	198.538		1.50286845279	0.908	0.27	1.30055e-12		1.49152297237	0.909	0.218	1.90667e-12
399   	600   	186.206		1.51150468557	0.906	0.309	1.24017e-12		1.49030960338	0.906	0.213	2.39582e-12
399   	600   	186.458		1.51195330976	0.906	0.31	1.23235e-12		1.49068990018	0.906	0.214	2.37855e-12
399   	600   	186.71		1.51240217484	0.906	0.311	1.22461e-12		1.4910704995	0.905	0.215	2.36145e-12
399   	600   	186.961		1.51285127918	0.906	0.312	1.21695e-12		1.49145140277	0.905	0.216	2.34451e-12
399   	600   	187.213		1.5133006211	0.906	0.313	1.20936e-12		1.49183261137	0.905	0.217	2.32773e-12
399   	600   	187.465		1.51375019885	0.905	0.315	1.20185e-12		1.4922141266	0.905	0.218	2.31111e-12
399   	600   	187.716		1.51420001065	0.905	0.316	1.19441e-12		1.49259594971	0.905	0.219	2.29465e-12
399   	600   	187.968		1.51465005465	0.905	0.317	1.18705e-12		1.49297808189	0.904	0.22	2.27834e-12
399   	600   	188.22		1.51510032897	0.905	0.318	1.17975e-12		1.49336052426	0.904	0.221	2.26219e-12
399   	600   	188.471		1.51555083167	0.905	0.319	1.17253e-12		1.4937432779	0.904	0.221	2.24619e-12
399   	600   	188.723		1.51600156076	0.905	0.32	1.16537e-12		1.49412634382	0.904	0.222	2.23034e-12
399   	600   	188.975		1.5164525142	0.904	0.322	1.15829e-12		1.49450972296	0.903	0.223	2.21464e-12
399   	600   	189.226		1.51690368992	0.904	0.323	1.15127e-12		1.49489341621	0.903	0.224	2.19909e-12
399   	600   	189.478		1.51735508579	0.904	0.324	1.14432e-12		1.49527742443	0.903	0.225	2.18369e-12
399   	600   	189.73		1.51780669963	0.904	0.325	1.13744e-12		1.49566174837	0.903	0.226	2.16844e-12
399   	600   	189.981		1.51825852925	0.904	0.326	1.13063e-12		1.49604638876	0.902	0.227	2.15332e-12
399   	600   	190.233		1.51871057237	0.904	0.328	1.12388e-12		1.49643134626	0.902	0.228	2.13836e-12
399   	600   	190.485		1.5191628267	0.903	0.329	1.1172e-12		1.49681662148	0.902	0.229	2.12353e-12
399   	600   	190.736		1.5196152899	0.903	0.33	1.11058e-12		1.49720221497	0.902	0.23	2.10884e-12
399   	600   	190.988		1.52006795959	0.903	0.331	1.10402e-12		1.49758812722	0.902	0.231	2.0943e-12
399   	600   	191.24		1.52052083334	0.903	0.332	1.09753e-12		1.49797435867	0.901	0.232	2.07989e-12
399   	600   	191.491		1.5209739087	0.903	0.334	1.0911e-12		1.4983609097	0.901	0.233	2.06561e-12
399   	600   	191.743		1.52142718316	0.903	0.335	1.08473e-12		1.49874778064	0.901	0.233	2.05148e-12
399   	600   	191.995		1.5218806542	0.902	0.336	1.07843e-12		1.49913497176	0.901	0.234	2.03747e-12
399   	600   	192.246		1.52233431923	0.902	0.337	1.07218e-12		1.49952248329	0.9	0.235	2.0236e-12
399   	600   	192.498		1.52278817566	0.902	0.338	1.06599e-12		1.49991031539	0.9	0.236	2.00986e-12
399   	600   	192.75		1.52324222083	0.902	0.339	1.05987e-12		1.50029846817	0.9	0.237	1.99625e-12
399   	600   	193.001		1.52369645207	0.902	0.341	1.0538e-12		1.5006869417	0.9	0.238	1.98277e-12
399   	600   	193.253		1.52415086667	0.902	0.342	1.04778e-12		1.50107573598	0.899	0.239	1.96941e-12
399   	600   	193.505		1.52460546189	0.902	0.343	1.04183e-12		1.50146485097	0.899	0.24	1.95618e-12
399   	600   	193.756		1.52506023496	0.901	0.344	1.03593e-12		1.50185428658	0.899	0.241	1.94308e-12
399   	600   	194.008		1.52551518306	0.901	0.345	1.03009e-12		1.50224404266	0.899	0.242	1.9301e-12
399   	600   	194.26		1.52597030336	0.901	0.347	1.0243e-12		1.50263411902	0.899	0.243	1.91724e-12
399   	600   	194.511		1.526425593 	0.901	0.348	1.01857e-12		1.5030245154	0.898	0.244	1.9045e-12
399   	600   	194.763		1.52688104908	0.901	0.349	1.01289e-12		1.50341523152	0.898	0.245	1.89188e-12
399   	600   	195.015		1.52733666868	0.901	0.35	1.00727e-12		1.50380626703	0.898	0.246	1.87938e-12
399   	600   	195.266		1.52779244885	0.9	0.351	1.00169e-12		1.50419762153	0.898	0.247	1.867e-12
399   	600   	195.518		1.52824838662	0.9	0.353	9.96174e-13		1.50458929459	0.897	0.248	1.85474e-12
399   	600   	195.77		1.52870447898	0.9	0.354	9.90706e-13		1.50498128571	0.897	0.249	1.84259e-12
399   	600   	196.021		1.52916072291	0.9	0.355	9.85289e-13		1.50537359436	0.897	0.25	1.83055e-12
399   	600   	196.273		1.52961711536	0.9	0.356	9.79923e-13		1.50576621995	0.897	0.251	1.81863e-12
399   	600   	196.525		1.53007365326	0.9	0.357	9.74607e-13		1.50615916187	0.896	0.252	1.80682e-12
399   	600   	196.776		1.53053033351	0.9	0.359	9.69341e-13		1.50655241942	0.896	0.252	1.79512e-12
399   	600   	197.028		1.53098715299	0.899	0.36	9.64123e-13		1.50694599189	0.896	0.253	1.78353e-12
399   	600   	197.28		1.53144410856	0.899	0.361	9.58955e-13		1.50733987851	0.896	0.254	1.77204e-12
399   	600   	197.531		1.53190119707	0.899	0.362	9.53834e-13		1.50773407848	0.896	0.255	1.76067e-12
399   	600   	197.783		1.53235841533	0.899	0.363	9.4876e-13		1.50812859094	0.895	0.256	1.7494e-12
399   	600   	198.035		1.53281576015	0.899	0.364	9.43733e-13		1.508523415 	0.895	0.257	1.73824e-12
399   	600   	198.286		1.53327322831	0.899	0.366	9.38753e-13		1.5089185497	0.895	0.258	1.72718e-12
399   	600   	198.538		1.53373081657	0.899	0.367	9.33818e-13		1.50931399408	0.895	0.259	1.71622e-12
399   	700   	186.206		1.53720504181	0.902	0.386	9.92495e-13		1.50428105537	0.895	0.243	2.24337e-12
399   	700   	186.458		1.53769961483	0.902	0.387	9.87315e-13		1.50469156082	0.895	0.244	2.2284e-12
399   	700   	186.71		1.53819417962	0.902	0.389	9.82183e-13		1.50510232986	0.895	0.245	2.21358e-12
399   	700   	186.961		1.53868873281	0.902	0.39	9.771e-13		1.50551336236	0.894	0.246	2.1989e-12
399   	700   	187.213		1.53918327102	0.902	0.391	9.72063e-13		1.50592465812	0.894	0.247	2.18435e-12
399   	700   	187.465		1.53967779085	0.902	0.392	9.67074e-13		1.5063362169	0.894	0.248	2.16994e-12
399   	700   	187.716		1.54017228888	0.902	0.394	9.62131e-13		1.50674803842	0.894	0.249	2.15567e-12
399   	700   	187.968		1.54066676169	0.902	0.395	9.57233e-13		1.50716012232	0.893	0.25	2.14153e-12
399   	700   	188.22		1.54116120584	0.902	0.396	9.52381e-13		1.50757246821	0.893	0.25	2.12752e-12
399   	700   	188.471		1.54165561787	0.902	0.397	9.47574e-13		1.50798507565	0.893	0.251	2.11365e-12
399   	700   	188.723		1.54214999432	0.901	0.398	9.42811e-13		1.50839794412	0.893	0.252	2.0999e-12
399   	700   	188.975		1.54264433171	0.901	0.4	9.38092e-13		1.5088110731	0.892	0.253	2.08629e-12
399   	700   	189.226		1.54313862656	0.901	0.401	9.33416e-13		1.50922446198	0.892	0.254	2.0728e-12
399   	700   	189.478		1.54363287537	0.901	0.402	9.28783e-13		1.50963811012	0.892	0.255	2.05943e-12
399   	700   	189.73		1.54412707464	0.901	0.403	9.24193e-13		1.51005201683	0.892	0.256	2.0462e-12
399   	700   	189.981		1.54462122084	0.901	0.405	9.19644e-13		1.51046618136	0.891	0.257	2.03308e-12
399   	700   	190.233		1.54511531048	0.901	0.406	9.15137e-13		1.51088060295	0.891	0.258	2.02009e-12
399   	700   	190.485		1.54560934001	0.901	0.407	9.1067e-13		1.51129528074	0.891	0.259	2.00722e-12
399   	700   	190.736		1.5461033059	0.901	0.408	9.06244e-13		1.51171021388	0.891	0.26	1.99447e-12
399   	700   	190.988		1.54659720462	0.901	0.41	9.01859e-13		1.51212540143	0.891	0.261	1.98184e-12
399   	700   	191.24		1.54709103263	0.901	0.411	8.97513e-13		1.51254084243	0.89	0.262	1.96932e-12
399   	700   	191.491		1.54758478637	0.9	0.412	8.93206e-13		1.51295653587	0.89	0.263	1.95692e-12
399   	700   	191.743		1.54807846231	0.9	0.413	8.88938e-13		1.5133724807	0.89	0.264	1.94464e-12
399   	700   	191.995		1.54857205687	0.9	0.414	8.84708e-13		1.51378867582	0.89	0.265	1.93247e-12
399   	700   	192.246		1.54906556653	0.9	0.416	8.80516e-13		1.5142051201	0.889	0.266	1.92041e-12
399   	700   	192.498		1.5495589877	0.9	0.417	8.76362e-13		1.51462181236	0.889	0.267	1.90847e-12
399   	700   	192.75		1.55005231685	0.9	0.418	8.72245e-13		1.51503875137	0.889	0.268	1.89664e-12
399   	700   	193.001		1.55054555041	0.9	0.419	8.68164e-13		1.51545593588	0.889	0.269	1.88491e-12
399   	700   	193.253		1.55103868482	0.9	0.421	8.6412e-13		1.51587336458	0.888	0.27	1.87329e-12
399   	700   	193.505		1.55153171654	0.9	0.422	8.60111e-13		1.51629103615	0.888	0.271	1.86178e-12
399   	700   	193.756		1.552024642 	0.9	0.423	8.56138e-13		1.5167089492	0.888	0.272	1.85038e-12
399   	700   	194.008		1.55251745766	0.9	0.424	8.52201e-13		1.51712710231	0.888	0.273	1.83908e-12
399   	700   	194.26		1.55301015997	0.9	0.425	8.48298e-13		1.51754549404	0.888	0.274	1.82789e-12
399   	700   	194.511		1.55350274537	0.899	0.427	8.44429e-13		1.51796412289	0.887	0.275	1.81679e-12
399   	700   	194.763		1.55399521033	0.899	0.428	8.40594e-13		1.51838298734	0.887	0.276	1.8058e-12
399   	700   	195.015		1.55448755131	0.899	0.429	8.36793e-13		1.51880208583	0.887	0.277	1.79491e-12
399   	700   	195.266		1.55497976477	0.899	0.43	8.33025e-13		1.51922141676	0.887	0.278	1.78412e-12
399   	700   	195.518		1.55547184719	0.899	0.431	8.2929e-13		1.5196409785	0.886	0.279	1.77343e-12
399   	700   	195.77		1.55596379504	0.899	0.433	8.25587e-13		1.52006076938	0.886	0.28	1.76284e-12
399   	700   	196.021		1.55645560481	0.899	0.434	8.21917e-13		1.52048078771	0.886	0.281	1.75234e-12
399   	700   	196.273		1.55694727299	0.899	0.435	8.18278e-13		1.52090103176	0.886	0.282	1.74194e-12
399   	700   	196.525		1.55743879607	0.899	0.436	8.14671e-13		1.52132149975	0.885	0.283	1.73163e-12
399   	700   	196.776		1.55793017056	0.899	0.437	8.11095e-13		1.5217421899	0.885	0.284	1.72142e-12
399   	700   	197.028		1.55842139298	0.899	0.439	8.07549e-13		1.52216310039	0.885	0.285	1.7113e-12
399   	700   	197.28		1.55891245983	0.899	0.44	8.04034e-13		1.52258422935	0.885	0.286	1.70127e-12
399   	700   	197.531		1.55940336766	0.899	0.441	8.0055e-13		1.52300557489	0.885	0.287	1.69133e-12
399   	700   	197.783		1.559894113 	0.899	0.442	7.97095e-13		1.52342713511	0.884	0.288	1.68149e-12
399   	700   	198.035		1.5603846924	0.899	0.443	7.93669e-13		1.52384890805	0.884	0.289	1.67173e-12
399   	700   	198.286		1.56087510242	0.898	0.445	7.90273e-13		1.52427089175	0.884	0.29	1.66206e-12
399   	700   	198.538		1.56136533963	0.898	0.446	7.86905e-13		1.5246930842	0.884	0.291	1.65247e-12
399   	800   	186.206		1.55981030232	0.904	0.449	8.80235e-13		1.51642781314	0.886	0.266	2.19211e-12
399   	800   	186.458		1.56032718358	0.904	0.45	8.76369e-13		1.51685890135	0.886	0.267	2.1785e-12
399   	800   	186.71		1.56084379811	0.904	0.451	8.72538e-13		1.51729018008	0.886	0.268	2.16501e-12
399   	800   	186.961		1.56136014259	0.904	0.452	8.68739e-13		1.51772164821	0.886	0.269	2.15165e-12
399   	800   	187.213		1.56187621374	0.904	0.454	8.64974e-13		1.51815330459	0.885	0.27	2.13841e-12
399   	800   	187.465		1.56239200824	0.904	0.455	8.61241e-13		1.51858514804	0.885	0.271	2.12529e-12
399   	800   	187.716		1.56290752283	0.904	0.456	8.57541e-13		1.51901717732	0.885	0.272	2.11229e-12
399   	800   	187.968		1.56342275422	0.904	0.457	8.53873e-13		1.51944939115	0.885	0.273	2.09941e-12
399   	800   	188.22		1.56393769915	0.904	0.458	8.50236e-13		1.51988178824	0.884	0.274	2.08665e-12
399   	800   	188.471		1.56445235438	0.904	0.46	8.46631e-13		1.52031436723	0.884	0.275	2.07401e-12
399   	800   	188.723		1.56496671666	0.904	0.461	8.43056e-13		1.52074712674	0.884	0.276	2.06148e-12
399   	800   	188.975		1.56548078276	0.904	0.462	8.39512e-13		1.52118006535	0.884	0.277	2.04907e-12
399   	800   	189.226		1.56599454948	0.904	0.463	8.35999e-13		1.52161318159	0.884	0.278	2.03676e-12
399   	800   	189.478		1.5665080136	0.904	0.464	8.32515e-13		1.52204647397	0.883	0.279	2.02457e-12
399   	800   	189.73		1.56702117193	0.904	0.466	8.29061e-13		1.52247994096	0.883	0.28	2.0125e-12
399   	800   	189.981		1.56753402131	0.904	0.467	8.25636e-13		1.522913581 	0.883	0.281	2.00053e-12
399   	800   	190.233		1.56804655857	0.904	0.468	8.2224e-13		1.5233473925	0.883	0.282	1.98867e-12
399   	800   	190.485		1.56855878055	0.904	0.469	8.18873e-13		1.52378137381	0.882	0.283	1.97691e-12
399   	800   	190.736		1.56907068414	0.904	0.47	8.15534e-13		1.52421552328	0.882	0.284	1.96526e-12
399   	800   	190.988		1.5695822662	0.904	0.472	8.12223e-13		1.52464983921	0.882	0.285	1.95372e-12
399   	800   	191.24		1.57009352364	0.904	0.473	8.0894e-13		1.52508431988	0.882	0.286	1.94228e-12
399   	800   	191.491		1.57060445337	0.904	0.474	8.05685e-13		1.52551896352	0.882	0.287	1.93095e-12
399   	800   	191.743		1.57111505231	0.904	0.475	8.02456e-13		1.52595376834	0.881	0.288	1.91972e-12
399   	800   	191.995		1.57162531742	0.904	0.476	7.99255e-13		1.52638873254	0.881	0.289	1.90859e-12
399   	800   	192.246		1.57213524565	0.904	0.477	7.9608e-13		1.52682385425	0.881	0.29	1.89755e-12
399   	800   	192.498		1.57264483399	0.904	0.479	7.92931e-13		1.52725913162	0.881	0.291	1.88662e-12
399   	800   	192.75		1.57315407942	0.903	0.48	7.89808e-13		1.52769456272	0.88	0.292	1.87579e-12
399   	800   	193.001		1.57366297895	0.903	0.481	7.86711e-13		1.52813014564	0.88	0.293	1.86505e-12
399   	800   	193.253		1.57417152963	0.903	0.482	7.8364e-13		1.52856587841	0.88	0.294	1.8544e-12
399   	800   	193.505		1.57467972848	0.903	0.483	7.80593e-13		1.52900175906	0.88	0.295	1.84386e-12
399   	800   	193.756		1.57518757259	0.903	0.484	7.77572e-13		1.52943778556	0.88	0.296	1.8334e-12
399   	800   	194.008		1.57569505904	0.903	0.486	7.74575e-13		1.52987395589	0.879	0.297	1.82304e-12
399   	800   	194.26		1.57620218492	0.903	0.487	7.71603e-13		1.53031026798	0.879	0.298	1.81277e-12
399   	800   	194.511		1.57670894736	0.903	0.488	7.68654e-13		1.53074671976	0.879	0.299	1.80259e-12
399   	800   	194.763		1.57721534349	0.903	0.489	7.6573e-13		1.53118330912	0.879	0.3	1.79251e-12
399   	800   	195.015		1.57772137048	0.903	0.49	7.62829e-13		1.53162003393	0.878	0.301	1.78251e-12
399   	800   	195.266		1.57822702551	0.903	0.491	7.59952e-13		1.53205689203	0.878	0.302	1.7726e-12
399   	800   	195.518		1.57873230577	0.903	0.493	7.57098e-13		1.53249388125	0.878	0.303	1.76277e-12
399   	800   	195.77		1.57923720847	0.903	0.494	7.54266e-13		1.53293099941	0.878	0.304	1.75304e-12
399   	800   	196.021		1.57974173087	0.903	0.495	7.51458e-13		1.53336824427	0.878	0.305	1.74339e-12
399   	800   	196.273		1.5802458702	0.903	0.496	7.48671e-13		1.53380561362	0.877	0.306	1.73382e-12
399   	800   	196.525		1.58074962376	0.903	0.497	7.45907e-13		1.53424310518	0.877	0.307	1.72434e-12
399   	800   	196.776		1.58125298883	0.903	0.498	7.43165e-13		1.5346807167	0.877	0.308	1.71494e-12
399   	800   	197.028		1.58175596274	0.903	0.499	7.40445e-13		1.53511844587	0.877	0.309	1.70562e-12
399   	800   	197.28		1.58225854282	0.903	0.5	7.37746e-13		1.53555629038	0.876	0.31	1.69638e-12
399   	800   	197.531		1.58276072643	0.903	0.502	7.35068e-13		1.53599424791	0.876	0.311	1.68722e-12
399   	800   	197.783		1.58326251095	0.903	0.503	7.32411e-13		1.53643231612	0.876	0.312	1.67815e-12
399   	800   	198.035		1.58376389379	0.903	0.504	7.29776e-13		1.53687049263	0.876	0.313	1.66915e-12
399   	800   	198.286		1.58426487236	0.903	0.505	7.2716e-13		1.53730877507	0.876	0.314	1.66023e-12
399   	800   	198.538		1.5847654441	0.903	0.506	7.24566e-13		1.53774716105	0.875	0.315	1.65139e-12
399   	1000  	186.206		1.59514640334	0.916	0.534	8.10115e-13		1.53585279942	0.874	0.299	2.23723e-12
399   	1000  	186.458		1.59566762172	0.916	0.536	8.074e-13		1.53630521603	0.874	0.3	2.22484e-12
399   	1000  	186.71		1.59618822731	0.916	0.537	8.04705e-13		1.53675766991	0.874	0.301	2.21255e-12
399   	1000  	186.961		1.59670821858	0.916	0.538	8.0203e-13		1.53721015928	0.873	0.302	2.20037e-12
399   	1000  	187.213		1.59722759401	0.916	0.539	7.99377e-13		1.53766268231	0.873	0.303	2.18829e-12
399   	1000  	187.465		1.59774635211	0.916	0.54	7.96743e-13		1.53811523717	0.873	0.304	2.17632e-12
399   	1000  	187.716		1.5982644914	0.916	0.541	7.94129e-13		1.538567822 	0.873	0.305	2.16445e-12
399   	1000  	187.968		1.59878201043	0.916	0.542	7.91535e-13		1.53902043492	0.873	0.306	2.15268e-12
399   	1000  	188.22		1.59929890777	0.916	0.543	7.8896e-13		1.53947307404	0.872	0.306	2.14102e-12
399   	1000  	188.471		1.599815182 	0.916	0.544	7.86405e-13		1.53992573743	0.872	0.307	2.12945e-12
399   	1000  	188.723		1.60033083174	0.916	0.545	7.83869e-13		1.54037842317	0.872	0.308	2.11799e-12
399   	1000  	188.975		1.60084585562	0.916	0.546	7.81352e-13		1.54083112929	0.872	0.309	2.10662e-12
399   	1000  	189.226		1.60136025228	0.916	0.547	7.78853e-13		1.54128385384	0.872	0.31	2.09535e-12
399   	1000  	189.478		1.6018740204	0.916	0.549	7.76373e-13		1.54173659481	0.871	0.311	2.08417e-12
399   	1000  	189.73		1.60238715867	0.916	0.55	7.73912e-13		1.54218935021	0.871	0.312	2.0731e-12
399   	1000  	189.981		1.6028996658	0.916	0.551	7.71469e-13		1.54264211801	0.871	0.313	2.06211e-12
399   	1000  	190.233		1.60341154053	0.916	0.552	7.69044e-13		1.54309489618	0.871	0.314	2.05122e-12
399   	1000  	190.485		1.6039227816	0.916	0.553	7.66636e-13		1.54354768266	0.87	0.315	2.04042e-12
399   	1000  	190.736		1.6044333878	0.916	0.554	7.64246e-13		1.54400047539	0.87	0.316	2.02971e-12
399   	1000  	190.988		1.60494335791	0.917	0.555	7.61874e-13		1.54445327228	0.87	0.317	2.01909e-12
399   	1000  	191.24		1.60545269076	0.917	0.556	7.59519e-13		1.54490607124	0.87	0.318	2.00856e-12
399   	1000  	191.491		1.60596138517	0.917	0.557	7.57182e-13		1.54535887017	0.87	0.319	1.99812e-12
399   	1000  	191.743		1.60646944  	0.917	0.558	7.54861e-13		1.54581166693	0.869	0.32	1.98777e-12
399   	1000  	191.995		1.60697685414	0.917	0.559	7.52557e-13		1.54626445941	0.869	0.321	1.9775e-12
399   	1000  	192.246		1.60748362647	0.917	0.56	7.5027e-13		1.54671724544	0.869	0.322	1.96733e-12
399   	1000  	192.498		1.60798975591	0.917	0.561	7.47999e-13		1.54717002288	0.869	0.323	1.95723e-12
399   	1000  	192.75		1.6084952414	0.917	0.562	7.45744e-13		1.54762278956	0.869	0.324	1.94722e-12
399   	1000  	193.001		1.6090000819	0.917	0.563	7.43506e-13		1.54807554329	0.868	0.325	1.93729e-12
399   	1000  	193.253		1.60950427638	0.917	0.564	7.41284e-13		1.54852828189	0.868	0.326	1.92745e-12
399   	1000  	193.505		1.61000782384	0.917	0.565	7.39077e-13		1.54898100316	0.868	0.327	1.91769e-12
399   	1000  	193.756		1.61051072329	0.917	0.566	7.36887e-13		1.54943370489	0.868	0.328	1.90801e-12
399   	1000  	194.008		1.61101297378	0.917	0.567	7.34711e-13		1.54988638487	0.868	0.329	1.89841e-12
399   	1000  	194.26		1.61151457436	0.917	0.568	7.32552e-13		1.55033904086	0.867	0.33	1.88888e-12
399   	1000  	194.511		1.61201552411	0.917	0.569	7.30407e-13		1.55079167063	0.867	0.331	1.87944e-12
399   	1000  	194.763		1.61251582212	0.917	0.57	7.28278e-13		1.55124427194	0.867	0.332	1.87007e-12
399   	1000  	195.015		1.6130154675	0.917	0.571	7.26163e-13		1.55169684255	0.867	0.333	1.86078e-12
399   	1000  	195.266		1.6135144594	0.917	0.572	7.24064e-13		1.55214938019	0.867	0.334	1.85157e-12
399   	1000  	195.518		1.61401279696	0.917	0.573	7.21979e-13		1.5526018826	0.867	0.335	1.84243e-12
399   	1000  	195.77		1.61451047935	0.918	0.574	7.19908e-13		1.55305434751	0.866	0.336	1.83337e-12
399   	1000  	196.021		1.61500750578	0.918	0.575	7.17852e-13		1.55350677265	0.866	0.337	1.82438e-12
399   	1000  	196.273		1.61550387546	0.918	0.576	7.1581e-13		1.55395915574	0.866	0.338	1.81547e-12
399   	1000  	196.525		1.6159995876	0.918	0.577	7.13783e-13		1.55441149448	0.866	0.339	1.80662e-12
399   	1000  	196.776		1.61649464147	0.918	0.578	7.11769e-13		1.5548637866	0.866	0.34	1.79785e-12
399   	1000  	197.028		1.61698903633	0.918	0.579	7.09769e-13		1.55531602978	0.865	0.341	1.78915e-12
399   	1000  	197.28		1.61748277146	0.918	0.58	7.07783e-13		1.55576822174	0.865	0.342	1.78052e-12
399   	1000  	197.531		1.61797584618	0.918	0.581	7.0581e-13		1.55622036017	0.865	0.343	1.77196e-12
399   	1000  	197.783		1.61846825981	0.918	0.582	7.03851e-13		1.55667244277	0.865	0.344	1.76347e-12
399   	1000  	198.035		1.61896001169	0.918	0.583	7.01906e-13		1.55712446722	0.865	0.345	1.75505e-12
399   	1000  	198.286		1.61945110117	0.918	0.584	6.99973e-13		1.5575764312	0.864	0.346	1.74669e-12
399   	1000  	198.538		1.61994152765	0.918	0.585	6.98054e-13		1.55802833242	0.864	0.347	1.7384e-12
399   	1200  	186.206		1.61981481785	0.929	0.585	8.18712e-13		1.5501674031	0.866	0.319	2.37462e-12
399   	1200  	186.458		1.62031994324	0.929	0.586	8.16434e-13		1.55062632759	0.866	0.32	2.36247e-12
399   	1200  	186.71		1.62082430417	0.929	0.587	8.14172e-13		1.55108517479	0.866	0.321	2.35042e-12
399   	1200  	186.961		1.62132790063	0.929	0.588	8.11925e-13		1.55154394297	0.866	0.322	2.33847e-12
399   	1200  	187.213		1.62183073261	0.929	0.589	8.09693e-13		1.55200263038	0.865	0.323	2.32661e-12
399   	1200  	187.465		1.62233280014	0.929	0.59	8.07477e-13		1.55246123529	0.865	0.324	2.31485e-12
399   	1200  	187.716		1.62283410324	0.929	0.591	8.05276e-13		1.55291975591	0.865	0.325	2.30319e-12
399   	1200  	187.968		1.62333464195	0.93	0.592	8.0309e-13		1.55337819049	0.865	0.326	2.29162e-12
399   	1200  	188.22		1.62383441632	0.93	0.593	8.00918e-13		1.55383653723	0.865	0.327	2.28014e-12
399   	1200  	188.471		1.62433342644	0.93	0.594	7.98762e-13		1.55429479434	0.865	0.328	2.26876e-12
399   	1200  	188.723		1.62483167237	0.93	0.595	7.9662e-13		1.55475296001	0.864	0.329	2.25747e-12
399   	1200  	188.975		1.62532915423	0.93	0.596	7.94492e-13		1.55521103244	0.864	0.329	2.24627e-12
399   	1200  	189.226		1.62582587212	0.93	0.596	7.92379e-13		1.55566900979	0.864	0.33	2.23517e-12
399   	1200  	189.478		1.62632182618	0.93	0.597	7.9028e-13		1.55612689023	0.864	0.331	2.22415e-12
399   	1200  	189.73		1.62681701653	0.93	0.598	7.88195e-13		1.55658467194	0.864	0.332	2.21322e-12
399   	1200  	189.981		1.62731144334	0.93	0.599	7.86124e-13		1.55704235304	0.863	0.333	2.20238e-12
399   	1200  	190.233		1.62780510676	0.93	0.6	7.84066e-13		1.55749993171	0.863	0.334	2.19162e-12
399   	1200  	190.485		1.62829800699	0.93	0.601	7.82023e-13		1.55795740606	0.863	0.335	2.18095e-12
399   	1200  	190.736		1.62879014421	0.93	0.602	7.79992e-13		1.55841477423	0.863	0.336	2.17037e-12
399   	1200  	190.988		1.62928151863	0.93	0.603	7.77976e-13		1.55887203434	0.863	0.337	2.15987e-12
399   	1200  	191.24		1.62977213047	0.931	0.604	7.75972e-13		1.55932918452	0.862	0.338	2.14945e-12
399   	1200  	191.491		1.63026197996	0.931	0.605	7.73982e-13		1.55978622287	0.862	0.339	2.13912e-12
399   	1200  	191.743		1.63075106735	0.931	0.606	7.72005e-13		1.56024314749	0.862	0.34	2.12887e-12
399   	1200  	191.995		1.6312393929	0.931	0.607	7.7004e-13		1.5606999565	0.862	0.341	2.1187e-12
399   	1200  	192.246		1.63172695688	0.931	0.608	7.68089e-13		1.56115664799	0.862	0.342	2.10861e-12
399   	1200  	192.498		1.63221375957	0.931	0.609	7.6615e-13		1.56161322005	0.862	0.343	2.0986e-12
399   	1200  	192.75		1.63269980127	0.931	0.609	7.64223e-13		1.56206967076	0.861	0.344	2.08867e-12
399   	1200  	193.001		1.63318508228	0.931	0.61	7.6231e-13		1.56252599822	0.861	0.345	2.07882e-12
399   	1200  	193.253		1.63366960293	0.931	0.611	7.60408e-13		1.56298220049	0.861	0.346	2.06904e-12
399   	1200  	193.505		1.63415336356	0.931	0.612	7.58519e-13		1.56343827567	0.861	0.347	2.05934e-12
399   	1200  	193.756		1.6346363645	0.931	0.613	7.56642e-13		1.56389422181	0.861	0.348	2.04972e-12
399   	1200  	194.008		1.63511860612	0.931	0.614	7.54777e-13		1.564350037 	0.861	0.349	2.04017e-12
399   	1200  	194.26		1.63560008878	0.931	0.615	7.52924e-13		1.5648057193	0.86	0.35	2.03069e-12
399   	1200  	194.511		1.63608081287	0.932	0.616	7.51082e-13		1.56526126677	0.86	0.351	2.02129e-12
399   	1200  	194.763		1.63656077877	0.932	0.617	7.49253e-13		1.56571667749	0.86	0.351	2.01197e-12
399   	1200  	195.015		1.63703998689	0.932	0.618	7.47435e-13		1.56617194951	0.86	0.352	2.00271e-12
399   	1200  	195.266		1.63751843766	0.932	0.618	7.45628e-13		1.5666270809	0.86	0.353	1.99353e-12
399   	1200  	195.518		1.63799613149	0.932	0.619	7.43833e-13		1.56708206971	0.859	0.354	1.98441e-12
399   	1200  	195.77		1.63847306882	0.932	0.62	7.4205e-13		1.56753691401	0.859	0.355	1.97537e-12
399   	1200  	196.021		1.6389492501	0.932	0.621	7.40277e-13		1.56799161186	0.859	0.356	1.9664e-12
399   	1200  	196.273		1.6394246758	0.932	0.622	7.38516e-13		1.5684461613	0.859	0.357	1.95749e-12
399   	1200  	196.525		1.63989934639	0.932	0.623	7.36765e-13		1.56890056041	0.859	0.358	1.94866e-12
399   	1200  	196.776		1.64037326234	0.932	0.624	7.35026e-13		1.56935480724	0.859	0.359	1.93989e-12
399   	1200  	197.028		1.64084642416	0.932	0.625	7.33297e-13		1.56980889985	0.858	0.36	1.93119e-12
399   	1200  	197.28		1.64131883234	0.932	0.625	7.31579e-13		1.57026283629	0.858	0.361	1.92255e-12
399   	1200  	197.531		1.64179048741	0.933	0.626	7.29872e-13		1.57071661464	0.858	0.362	1.91398e-12
399   	1200  	197.783		1.64226138988	0.933	0.627	7.28175e-13		1.57117023294	0.858	0.363	1.90548e-12
399   	1200  	198.035		1.64273154029	0.933	0.628	7.26489e-13		1.57162368927	0.858	0.364	1.89703e-12
399   	1200  	198.286		1.64320093918	0.933	0.629	7.24813e-13		1.57207698169	0.858	0.365	1.88866e-12
399   	1200  	198.538		1.64366958712	0.933	0.63	7.23147e-13		1.57253010826	0.858	0.366	1.88034e-12
399   	1400  	186.206		1.63719043038	0.941	0.615	8.57865e-13		1.56083913271	0.861	0.332	2.55401e-12
399   	1400  	186.458		1.63767601539	0.941	0.616	8.55769e-13		1.56129784581	0.861	0.333	2.54164e-12
399   	1400  	186.71		1.63816078324	0.941	0.617	8.53687e-13		1.56175640698	0.861	0.334	2.52937e-12
399   	1400  	186.961		1.63864473482	0.941	0.618	8.51619e-13		1.56221481475	0.86	0.335	2.5172e-12
399   	1400  	187.213		1.63912787101	0.941	0.619	8.49563e-13		1.56267306762	0.86	0.336	2.50512e-12
399   	1400  	187.465		1.63961019272	0.941	0.62	8.47521e-13		1.56313116411	0.86	0.337	2.49314e-12
399   	1400  	187.716		1.64009170084	0.941	0.621	8.45491e-13		1.5635891027	0.86	0.338	2.48125e-12
399   	1400  	187.968		1.6405723963	0.941	0.622	8.43474e-13		1.5640468819	0.86	0.339	2.46945e-12
399   	1400  	188.22		1.64105228001	0.941	0.622	8.4147e-13		1.56450450017	0.86	0.34	2.45775e-12
399   	1400  	188.471		1.64153135291	0.941	0.623	8.39479e-13		1.56496195601	0.859	0.34	2.44613e-12
399   	1400  	188.723		1.64200961592	0.942	0.624	8.375e-13		1.56541924788	0.859	0.341	2.43461e-12
399   	1400  	188.975		1.64248706998	0.942	0.625	8.35533e-13		1.56587637424	0.859	0.342	2.42317e-12
399   	1400  	189.226		1.64296371605	0.942	0.626	8.33579e-13		1.56633333355	0.859	0.343	2.41182e-12
399   	1400  	189.478		1.64343955508	0.942	0.627	8.31637e-13		1.56679012427	0.859	0.344	2.40056e-12
399   	1400  	189.73		1.64391458803	0.942	0.628	8.29707e-13		1.56724674484	0.859	0.345	2.38939e-12
399   	1400  	189.981		1.64438881588	0.942	0.628	8.27789e-13		1.56770319371	0.858	0.346	2.3783e-12
399   	1400  	190.233		1.64486223959	0.942	0.629	8.25883e-13		1.56815946932	0.858	0.347	2.3673e-12
399   	1400  	190.485		1.64533486016	0.942	0.63	8.23988e-13		1.56861557009	0.858	0.348	2.35638e-12
399   	1400  	190.736		1.64580667856	0.942	0.631	8.22105e-13		1.56907149447	0.858	0.349	2.34555e-12
399   	1400  	190.988		1.6462776958	0.942	0.632	8.20234e-13		1.56952724087	0.858	0.35	2.33479e-12
399   	1400  	191.24		1.64674791287	0.942	0.633	8.18374e-13		1.56998280772	0.858	0.351	2.32412e-12
399   	1400  	191.491		1.64721733079	0.942	0.634	8.16525e-13		1.57043819344	0.857	0.352	2.31353e-12
399   	1400  	191.743		1.64768595057	0.943	0.634	8.14688e-13		1.57089339645	0.857	0.353	2.30303e-12
399   	1400  	191.995		1.64815377323	0.943	0.635	8.12862e-13		1.57134841515	0.857	0.354	2.2926e-12
399   	1400  	192.246		1.6486207998	0.943	0.636	8.11047e-13		1.57180324797	0.857	0.355	2.28224e-12
399   	1400  	192.498		1.64908703131	0.943	0.637	8.09243e-13		1.57225789331	0.857	0.355	2.27197e-12
399   	1400  	192.75		1.6495524688	0.943	0.638	8.0745e-13		1.57271234958	0.857	0.356	2.26178e-12
399   	1400  	193.001		1.65001711331	0.943	0.639	8.05667e-13		1.57316661518	0.856	0.357	2.25166e-12
399   	1400  	193.253		1.65048096589	0.943	0.639	8.03896e-13		1.57362068853	0.856	0.358	2.24161e-12
399   	1400  	193.505		1.65094402761	0.943	0.64	8.02134e-13		1.57407456801	0.856	0.359	2.23165e-12
399   	1400  	193.756		1.65140629952	0.943	0.641	8.00384e-13		1.57452825203	0.856	0.36	2.22175e-12
399   	1400  	194.008		1.65186778269	0.943	0.642	7.98644e-13		1.574981739 	0.856	0.361	2.21193e-12
399   	1400  	194.26		1.65232847819	0.943	0.643	7.96914e-13		1.57543502731	0.856	0.362	2.20219e-12
399   	1400  	194.511		1.6527883871	0.943	0.643	7.95194e-13		1.57588811537	0.856	0.363	2.19251e-12
399   	1400  	194.763		1.65324751051	0.944	0.644	7.93485e-13		1.57634100157	0.855	0.364	2.18291e-12
399   	1400  	195.015		1.65370584951	0.944	0.645	7.91786e-13		1.57679368431	0.855	0.365	2.17338e-12
399   	1400  	195.266		1.65416340518	0.944	0.646	7.90097e-13		1.57724616199	0.855	0.366	2.16392e-12
399   	1400  	195.518		1.65462017863	0.944	0.647	7.88417e-13		1.57769843301	0.855	0.367	2.15453e-12
399   	1400  	195.77		1.65507617097	0.944	0.647	7.86748e-13		1.57815049578	0.855	0.368	2.14521e-12
399   	1400  	196.021		1.6555313833	0.944	0.648	7.85088e-13		1.57860234869	0.855	0.368	2.13595e-12
399   	1400  	196.273		1.65598581674	0.944	0.649	7.83438e-13		1.57905399015	0.854	0.369	2.12677e-12
399   	1400  	196.525		1.65643947241	0.944	0.65	7.81798e-13		1.57950541856	0.854	0.37	2.11765e-12
399   	1400  	196.776		1.65689235143	0.944	0.651	7.80167e-13		1.57995663233	0.854	0.371	2.1086e-12
399   	1400  	197.028		1.65734445493	0.944	0.651	7.78545e-13		1.58040762986	0.854	0.372	2.09962e-12
399   	1400  	197.28		1.65779578405	0.944	0.652	7.76933e-13		1.58085840956	0.854	0.373	2.0907e-12
399   	1400  	197.531		1.65824633992	0.944	0.653	7.75331e-13		1.58130896984	0.854	0.374	2.08184e-12
399   	1400  	197.783		1.65869612369	0.945	0.654	7.73737e-13		1.58175930911	0.854	0.375	2.07305e-12
399   	1400  	198.035		1.6591451365	0.945	0.655	7.72153e-13		1.58220942579	0.853	0.376	2.06432e-12
399   	1400  	198.286		1.65959337951	0.945	0.655	7.70577e-13		1.58265931829	0.853	0.377	2.05566e-12
399   	1400  	198.538		1.66004085387	0.945	0.656	7.69011e-13		1.58310898504	0.853	0.378	2.04706e-12
400   	300   	186.206		1.43454929009	0.951	0.0694	9.03952e-12		1.43973165633	0.95	0.0912	5.32019e-12
400   	300   	186.458		1.43476510189	0.951	0.0697	8.97519e-12		1.43996725796	0.95	0.0916	5.2797e-12
400   	300   	186.71		1.43498064051	0.951	0.0699	8.91123e-12		1.44020268692	0.95	0.092	5.23949e-12
400   	300   	186.961		1.43519591064	0.951	0.0702	8.84766e-12		1.44043794825	0.95	0.0923	5.19954e-12
400   	300   	187.213		1.4354109169	0.951	0.0705	8.78447e-12		1.44067304695	0.95	0.0927	5.15987e-12
400   	300   	187.465		1.43562566392	0.951	0.0707	8.72166e-12		1.44090798802	0.95	0.0931	5.12048e-12
400   	300   	187.716		1.43584015631	0.951	0.071	8.65923e-12		1.44114277642	0.95	0.0935	5.08135e-12
400   	300   	187.968		1.43605439865	0.951	0.0713	8.59718e-12		1.44137741711	0.95	0.0939	5.04249e-12
400   	300   	188.22		1.43626839551	0.951	0.0716	8.5355e-12		1.44161191501	0.949	0.0943	5.0039e-12
400   	300   	188.471		1.43648215144	0.951	0.0718	8.4742e-12		1.44184627502	0.949	0.0947	4.96558e-12
400   	300   	188.723		1.43669567097	0.951	0.0721	8.41327e-12		1.44208050205	0.949	0.0951	4.92752e-12
400   	300   	188.975		1.43690895862	0.95	0.0724	8.35271e-12		1.44231460094	0.949	0.0955	4.88973e-12
400   	300   	189.226		1.43712201888	0.95	0.0727	8.29253e-12		1.44254857656	0.949	0.0959	4.85219e-12
400   	300   	189.478		1.43733485623	0.95	0.073	8.23271e-12		1.44278243373	0.949	0.0963	4.81493e-12
400   	300   	189.73		1.43754747513	0.95	0.0732	8.17326e-12		1.44301617726	0.949	0.0967	4.77792e-12
400   	300   	189.981		1.43775988002	0.95	0.0735	8.11418e-12		1.44324981194	0.949	0.0971	4.74117e-12
400   	300   	190.233		1.43797207532	0.95	0.0738	8.05547e-12		1.44348334253	0.949	0.0975	4.70468e-12
400   	300   	190.485		1.43818406546	0.95	0.0741	7.99712e-12		1.44371677379	0.949	0.0979	4.66845e-12
400   	300   	190.736		1.43839585481	0.95	0.0744	7.93914e-12		1.44395011044	0.949	0.0983	4.63248e-12
400   	300   	190.988		1.43860744775	0.95	0.0747	7.88151e-12		1.4441833572	0.949	0.0987	4.59676e-12
400   	300   	191.24		1.43881884864	0.95	0.075	7.82425e-12		1.44441651875	0.949	0.0991	4.5613e-12
400   	300   	191.491		1.43903006182	0.95	0.0753	7.76735e-12		1.44464959977	0.949	0.0995	4.52608e-12
400   	300   	191.743		1.43924109161	0.95	0.0756	7.71081e-12		1.4448826049	0.948	0.1	4.49112e-12
400   	300   	191.995		1.43945194232	0.95	0.0759	7.65462e-12		1.44511553879	0.948	0.1	4.45641e-12
400   	300   	192.246		1.43966261824	0.95	0.0762	7.59879e-12		1.44534840603	0.948	0.101	4.42195e-12
400   	300   	192.498		1.43987312365	0.95	0.0765	7.54331e-12		1.44558121123	0.948	0.101	4.38774e-12
400   	300   	192.75		1.4400834628	0.95	0.0768	7.48819e-12		1.44581395896	0.948	0.102	4.35377e-12
400   	300   	193.001		1.44029363994	0.95	0.0771	7.43342e-12		1.44604665378	0.948	0.102	4.32005e-12
400   	300   	193.253		1.44050365929	0.95	0.0774	7.379e-12		1.44627930022	0.948	0.103	4.28658e-12
400   	300   	193.505		1.44071352506	0.95	0.0777	7.32493e-12		1.44651190279	0.948	0.103	4.25335e-12
400   	300   	193.756		1.44092324145	0.95	0.078	7.2712e-12		1.446744466 	0.948	0.103	4.22036e-12
400   	300   	194.008		1.44113281263	0.949	0.0783	7.21783e-12		1.44697699432	0.948	0.104	4.18761e-12
400   	300   	194.26		1.44134224278	0.949	0.0786	7.1648e-12		1.44720949221	0.948	0.104	4.1551e-12
400   	300   	194.511		1.44155153603	0.949	0.0789	7.11211e-12		1.44744196412	0.948	0.105	4.12283e-12
400   	300   	194.763		1.44176069652	0.949	0.0792	7.05976e-12		1.44767441446	0.947	0.105	4.0908e-12
400   	300   	195.015		1.44196972836	0.949	0.0796	7.00776e-12		1.44790684763	0.947	0.106	4.059e-12
400   	300   	195.266		1.44217863566	0.949	0.0799	6.9561e-12		1.44813926802	0.947	0.106	4.02744e-12
400   	300   	195.518		1.44238742251	0.949	0.0802	6.90477e-12		1.44837167998	0.947	0.107	3.99612e-12
400   	300   	195.77		1.44259609297	0.949	0.0805	6.85379e-12		1.44860408787	0.947	0.107	3.96502e-12
400   	300   	196.021		1.44280465109	0.949	0.0808	6.80313e-12		1.44883649601	0.947	0.107	3.93416e-12
400   	300   	196.273		1.44301310093	0.949	0.0812	6.75282e-12		1.4490689087	0.947	0.108	3.90353e-12
400   	300   	196.525		1.4432214465	0.949	0.0815	6.70283e-12		1.44930133023	0.947	0.108	3.87312e-12
400   	300   	196.776		1.44342969182	0.949	0.0818	6.65318e-12		1.44953376486	0.947	0.109	3.84295e-12
400   	300   	197.028		1.44363784089	0.949	0.0821	6.60386e-12		1.44976621685	0.947	0.109	3.813e-12
400   	300   	197.28		1.44384589768	0.949	0.0825	6.55487e-12		1.44999869042	0.947	0.11	3.78328e-12
400   	300   	197.531		1.44405386615	0.949	0.0828	6.5062e-12		1.45023118979	0.946	0.11	3.75378e-12
400   	300   	197.783		1.44426175027	0.948	0.0831	6.45787e-12		1.45046371913	0.946	0.111	3.7245e-12
400   	300   	198.035		1.44446955397	0.948	0.0835	6.40985e-12		1.45069628262	0.946	0.111	3.69545e-12
400   	300   	198.286		1.44467728117	0.948	0.0838	6.36216e-12		1.45092888442	0.946	0.112	3.66662e-12
400   	300   	198.538		1.44488493578	0.948	0.0841	6.3148e-12		1.45116152865	0.946	0.112	3.63801e-12
400   	500   	186.206		1.48431904726	0.917	0.221	1.83185e-12		1.47488334419	0.919	0.178	2.72431e-12
400   	500   	186.458		1.48469549285	0.917	0.222	1.81821e-12		1.47522342413	0.919	0.179	2.70326e-12
400   	500   	186.71		1.48507226164	0.917	0.223	1.80469e-12		1.47556376893	0.919	0.18	2.6824e-12
400   	500   	186.961		1.48544935565	0.917	0.224	1.79131e-12		1.47590438193	0.918	0.18	2.66174e-12
400   	500   	187.213		1.48582677684	0.916	0.225	1.77806e-12		1.47624526641	0.918	0.181	2.64126e-12
400   	500   	187.465		1.4862045271	0.916	0.226	1.76493e-12		1.47658642561	0.918	0.182	2.62098e-12
400   	500   	187.716		1.48658260825	0.916	0.227	1.75193e-12		1.4769278627	0.918	0.183	2.60088e-12
400   	500   	187.968		1.48696102205	0.916	0.228	1.73906e-12		1.4772695808	0.918	0.184	2.58097e-12
400   	500   	188.22		1.48733977019	0.916	0.229	1.72631e-12		1.47761158297	0.917	0.184	2.56124e-12
400   	500   	188.471		1.48771885431	0.915	0.23	1.71369e-12		1.47795387222	0.917	0.185	2.5417e-12
400   	500   	188.723		1.48809827596	0.915	0.231	1.70118e-12		1.4782964515	0.917	0.186	2.52233e-12
400   	500   	188.975		1.48847803664	0.915	0.232	1.6888e-12		1.47863932369	0.917	0.187	2.50315e-12
400   	500   	189.226		1.48885813777	0.915	0.233	1.67654e-12		1.47898249165	0.917	0.188	2.48414e-12
400   	500   	189.478		1.48923858073	0.915	0.234	1.6644e-12		1.47932595814	0.916	0.189	2.46531e-12
400   	500   	189.73		1.48961936682	0.914	0.235	1.65237e-12		1.47966972589	0.916	0.189	2.44666e-12
400   	500   	189.981		1.49000049728	0.914	0.236	1.64046e-12		1.48001379757	0.916	0.19	2.42818e-12
400   	500   	190.233		1.49038197326	0.914	0.237	1.62867e-12		1.48035817579	0.916	0.191	2.40987e-12
400   	500   	190.485		1.4907637959	0.914	0.238	1.61699e-12		1.48070286311	0.916	0.192	2.39174e-12
400   	500   	190.736		1.49114596623	0.914	0.239	1.60543e-12		1.48104786202	0.915	0.193	2.37377e-12
400   	500   	190.988		1.49152848524	0.913	0.24	1.59397e-12		1.48139317497	0.915	0.194	2.35597e-12
400   	500   	191.24		1.49191135384	0.913	0.241	1.58263e-12		1.48173880436	0.915	0.194	2.33834e-12
400   	500   	191.491		1.49229457289	0.913	0.242	1.5714e-12		1.4820847525	0.915	0.195	2.32087e-12
400   	500   	191.743		1.4926781432	0.913	0.243	1.56027e-12		1.48243102167	0.914	0.196	2.30356e-12
400   	500   	191.995		1.49306206549	0.913	0.244	1.54926e-12		1.4827776141	0.914	0.197	2.28642e-12
400   	500   	192.246		1.49344634043	0.912	0.245	1.53835e-12		1.48312453195	0.914	0.198	2.26944e-12
400   	500   	192.498		1.49383096865	0.912	0.246	1.52755e-12		1.48347177733	0.914	0.199	2.25261e-12
400   	500   	192.75		1.49421595067	0.912	0.247	1.51685e-12		1.48381935229	0.914	0.199	2.23595e-12
400   	500   	193.001		1.49460128701	0.912	0.248	1.50625e-12		1.48416725883	0.913	0.2	2.21944e-12
400   	500   	193.253		1.49498697808	0.912	0.249	1.49576e-12		1.48451549889	0.913	0.201	2.20308e-12
400   	500   	193.505		1.49537302426	0.911	0.25	1.48537e-12		1.48486407436	0.913	0.202	2.18688e-12
400   	500   	193.756		1.49575942586	0.911	0.251	1.47508e-12		1.48521298708	0.913	0.203	2.17083e-12
400   	500   	194.008		1.49614618313	0.911	0.252	1.46489e-12		1.48556223882	0.913	0.204	2.15494e-12
400   	500   	194.26		1.49653329626	0.911	0.253	1.4548e-12		1.4859118313	0.912	0.205	2.13919e-12
400   	500   	194.511		1.49692076538	0.911	0.254	1.44481e-12		1.48626176619	0.912	0.205	2.12359e-12
400   	500   	194.763		1.49730859059	0.91	0.255	1.43491e-12		1.4866120451	0.912	0.206	2.10813e-12
400   	500   	195.015		1.49769677189	0.91	0.257	1.42511e-12		1.4869626696	0.912	0.207	2.09282e-12
400   	500   	195.266		1.49808530924	0.91	0.258	1.4154e-12		1.48731364119	0.911	0.208	2.07766e-12
400   	500   	195.518		1.49847420257	0.91	0.259	1.40579e-12		1.48766496133	0.911	0.209	2.06264e-12
400   	500   	195.77		1.49886345171	0.91	0.26	1.39627e-12		1.4880166314	0.911	0.21	2.04776e-12
400   	500   	196.021		1.49925305646	0.909	0.261	1.38685e-12		1.48836865275	0.911	0.211	2.03302e-12
400   	500   	196.273		1.49964301656	0.909	0.262	1.37751e-12		1.48872102667	0.911	0.212	2.01841e-12
400   	500   	196.525		1.5000333317	0.909	0.263	1.36826e-12		1.48907375441	0.91	0.212	2.00395e-12
400   	500   	196.776		1.50042400151	0.909	0.264	1.35911e-12		1.48942683713	0.91	0.213	1.98962e-12
400   	500   	197.028		1.50081502556	0.909	0.265	1.35004e-12		1.48978027598	0.91	0.214	1.97543e-12
400   	500   	197.28		1.50120640339	0.909	0.266	1.34106e-12		1.49013407203	0.91	0.215	1.96137e-12
400   	500   	197.531		1.50159813445	0.908	0.267	1.33217e-12		1.49048822631	0.91	0.216	1.94744e-12
400   	500   	197.783		1.50199021818	0.908	0.268	1.32336e-12		1.49084273978	0.909	0.217	1.93365e-12
400   	500   	198.035		1.50238265393	0.908	0.269	1.31464e-12		1.49119761338	0.909	0.218	1.91998e-12
400   	500   	198.286		1.50277544103	0.908	0.27	1.306e-12		1.49155284796	0.909	0.219	1.90645e-12
400   	500   	198.538		1.50316857873	0.908	0.271	1.29744e-12		1.49190844435	0.909	0.22	1.89304e-12
400   	600   	186.206		1.51184383722	0.906	0.31	1.23737e-12		1.49070394974	0.906	0.215	2.37862e-12
400   	600   	186.458		1.51229331912	0.906	0.311	1.22959e-12		1.49108549373	0.905	0.215	2.36151e-12
400   	600   	186.71		1.51274304027	0.906	0.312	1.22189e-12		1.49146734117	0.905	0.216	2.34456e-12
400   	600   	186.961		1.51319299899	0.905	0.313	1.21426e-12		1.49184949344	0.905	0.217	2.32776e-12
400   	600   	187.213		1.51364319357	0.905	0.314	1.2067e-12		1.49223195185	0.905	0.218	2.31113e-12
400   	600   	187.465		1.51409362222	0.905	0.315	1.19922e-12		1.49261471766	0.904	0.219	2.29466e-12
400   	600   	187.716		1.51454428312	0.905	0.317	1.19181e-12		1.49299779208	0.904	0.22	2.27834e-12
400   	600   	187.968		1.5149951744	0.905	0.318	1.18447e-12		1.49338117622	0.904	0.221	2.26218e-12
400   	600   	188.22		1.51544629412	0.905	0.319	1.17721e-12		1.49376487118	0.904	0.222	2.24617e-12
400   	600   	188.471		1.51589764032	0.904	0.32	1.17001e-12		1.49414887797	0.904	0.223	2.23031e-12
400   	600   	188.723		1.51634921097	0.904	0.321	1.16289e-12		1.49453319754	0.903	0.224	2.2146e-12
400   	600   	188.975		1.516801004 	0.904	0.323	1.15583e-12		1.4949178308	0.903	0.225	2.19904e-12
400   	600   	189.226		1.5172530173	0.904	0.324	1.14884e-12		1.49530277859	0.903	0.225	2.18363e-12
400   	600   	189.478		1.51770524871	0.904	0.325	1.14193e-12		1.49568804168	0.903	0.226	2.16836e-12
400   	600   	189.73		1.51815769602	0.904	0.326	1.13507e-12		1.49607362082	0.902	0.227	2.15324e-12
400   	600   	189.981		1.51861035699	0.904	0.327	1.12829e-12		1.49645951665	0.902	0.228	2.13827e-12
400   	600   	190.233		1.51906322933	0.903	0.329	1.12157e-12		1.4968457298	0.902	0.229	2.12343e-12
400   	600   	190.485		1.5195163107	0.903	0.33	1.11491e-12		1.49723226081	0.902	0.23	2.10874e-12
400   	600   	190.736		1.51996959873	0.903	0.331	1.10832e-12		1.49761911019	0.902	0.231	2.09418e-12
400   	600   	190.988		1.52042309101	0.903	0.332	1.10179e-12		1.49800627838	0.901	0.232	2.07976e-12
400   	600   	191.24		1.52087678508	0.903	0.333	1.09532e-12		1.49839376576	0.901	0.233	2.06548e-12
400   	600   	191.491		1.52133067846	0.903	0.334	1.08892e-12		1.49878157267	0.901	0.234	2.05134e-12
400   	600   	191.743		1.52178476862	0.902	0.336	1.08258e-12		1.49916969938	0.901	0.235	2.03732e-12
400   	600   	191.995		1.52223905298	0.902	0.337	1.0763e-12		1.49955814611	0.9	0.236	2.02344e-12
400   	600   	192.246		1.52269352896	0.902	0.338	1.07008e-12		1.49994691304	0.9	0.237	2.0097e-12
400   	600   	192.498		1.5231481939	0.902	0.339	1.06391e-12		1.50033600028	0.9	0.238	1.99608e-12
400   	600   	192.75		1.52360304514	0.902	0.34	1.05781e-12		1.50072540789	0.9	0.239	1.98259e-12
400   	600   	193.001		1.52405807998	0.902	0.342	1.05177e-12		1.50111513588	0.899	0.239	1.96923e-12
400   	600   	193.253		1.52451329567	0.901	0.343	1.04578e-12		1.50150518421	0.899	0.24	1.95599e-12
400   	600   	193.505		1.52496868944	0.901	0.344	1.03985e-12		1.50189555279	0.899	0.241	1.94288e-12
400   	600   	193.756		1.5254242585	0.901	0.345	1.03397e-12		1.50228624146	0.899	0.242	1.92989e-12
400   	600   	194.008		1.52588000001	0.901	0.346	1.02815e-12		1.50267725004	0.898	0.243	1.91703e-12
400   	600   	194.26		1.52633591111	0.901	0.348	1.02239e-12		1.50306857828	0.898	0.244	1.90428e-12
400   	600   	194.511		1.5267919889	0.901	0.349	1.01668e-12		1.50346022589	0.898	0.245	1.89166e-12
400   	600   	194.763		1.52724823047	0.901	0.35	1.01103e-12		1.5038521925	0.898	0.246	1.87916e-12
400   	600   	195.015		1.52770463287	0.9	0.351	1.00542e-12		1.50424447774	0.898	0.247	1.86677e-12
400   	600   	195.266		1.52816119312	0.9	0.352	9.99873e-13		1.50463708116	0.897	0.248	1.8545e-12
400   	600   	195.518		1.52861790823	0.9	0.354	9.94376e-13		1.50503000227	0.897	0.249	1.84234e-12
400   	600   	195.77		1.52907477518	0.9	0.355	9.8893e-13		1.50542324053	0.897	0.25	1.8303e-12
400   	600   	196.021		1.52953179091	0.9	0.356	9.83535e-13		1.50581679535	0.897	0.251	1.81837e-12
400   	600   	196.273		1.52998895234	0.9	0.357	9.7819e-13		1.50621066611	0.896	0.252	1.80656e-12
400   	600   	196.525		1.5304462564	0.9	0.358	9.72895e-13		1.50660485212	0.896	0.253	1.79485e-12
400   	600   	196.776		1.53090369994	0.899	0.36	9.6765e-13		1.50699935266	0.896	0.254	1.78326e-12
400   	600   	197.028		1.53136127985	0.899	0.361	9.62453e-13		1.50739416696	0.896	0.255	1.77177e-12
400   	600   	197.28		1.53181899295	0.899	0.362	9.57305e-13		1.50778929421	0.895	0.256	1.76039e-12
400   	600   	197.531		1.53227683606	0.899	0.363	9.52204e-13		1.50818473355	0.895	0.257	1.74912e-12
400   	600   	197.783		1.532734806 	0.899	0.364	9.4715e-13		1.50858048407	0.895	0.258	1.73795e-12
400   	600   	198.035		1.53319289953	0.899	0.365	9.42143e-13		1.50897654485	0.895	0.259	1.72689e-12
400   	600   	198.286		1.53365111342	0.899	0.367	9.37183e-13		1.50937291488	0.895	0.26	1.71593e-12
400   	600   	198.538		1.53410944441	0.898	0.368	9.32268e-13		1.50976959313	0.894	0.261	1.70507e-12
400   	700   	186.206		1.53760669042	0.902	0.387	9.90814e-13		1.50472860863	0.895	0.244	2.22831e-12
400   	700   	186.458		1.5381020393	0.902	0.388	9.85655e-13		1.50514040054	0.894	0.245	2.21348e-12
400   	700   	186.71		1.5385973765	0.902	0.39	9.80543e-13		1.50555245532	0.894	0.246	2.19879e-12
400   	700   	186.961		1.53909269864	0.902	0.391	9.7548e-13		1.50596477279	0.894	0.247	2.18423e-12
400   	700   	187.213		1.53958800232	0.902	0.392	9.70464e-13		1.50637735272	0.894	0.248	2.16981e-12
400   	700   	187.465		1.54008328411	0.902	0.393	9.65494e-13		1.50679019479	0.894	0.249	2.15553e-12
400   	700   	187.716		1.54057854059	0.902	0.395	9.6057e-13		1.50720329868	0.893	0.25	2.14138e-12
400   	700   	187.968		1.54107376831	0.902	0.396	9.55692e-13		1.50761666398	0.893	0.251	2.12737e-12
400   	700   	188.22		1.5415689638	0.901	0.397	9.50859e-13		1.50803029024	0.893	0.252	2.11348e-12
400   	700   	188.471		1.54206412362	0.901	0.398	9.46071e-13		1.50844417697	0.893	0.253	2.09973e-12
400   	700   	188.723		1.54255924426	0.901	0.4	9.41327e-13		1.50885832362	0.892	0.254	2.08611e-12
400   	700   	188.975		1.54305432224	0.901	0.401	9.36626e-13		1.50927272959	0.892	0.255	2.07261e-12
400   	700   	189.226		1.54354935405	0.901	0.402	9.31968e-13		1.50968739424	0.892	0.256	2.05924e-12
400   	700   	189.478		1.5440443362	0.901	0.403	9.27353e-13		1.51010231687	0.892	0.257	2.04599e-12
400   	700   	189.73		1.54453926515	0.901	0.404	9.22781e-13		1.51051749675	0.891	0.258	2.03287e-12
400   	700   	189.981		1.54503413738	0.901	0.406	9.1825e-13		1.51093293308	0.891	0.259	2.01987e-12
400   	700   	190.233		1.54552894936	0.901	0.407	9.1376e-13		1.51134862503	0.891	0.26	2.00699e-12
400   	700   	190.485		1.54602369755	0.901	0.408	9.09311e-13		1.51176457172	0.891	0.261	1.99424e-12
400   	700   	190.736		1.5465183784	0.901	0.409	9.04902e-13		1.51218077223	0.89	0.262	1.9816e-12
400   	700   	190.988		1.54701298836	0.9	0.411	9.00534e-13		1.51259722558	0.89	0.263	1.96908e-12
400   	700   	191.24		1.54750752389	0.9	0.412	8.96204e-13		1.51301393077	0.89	0.263	1.95667e-12
400   	700   	191.491		1.54800198141	0.9	0.413	8.91914e-13		1.51343088673	0.89	0.264	1.94438e-12
400   	700   	191.743		1.54849635738	0.9	0.414	8.87662e-13		1.51384809237	0.89	0.265	1.93221e-12
400   	700   	191.995		1.54899064822	0.9	0.416	8.83449e-13		1.51426554654	0.889	0.266	1.92014e-12
400   	700   	192.246		1.54948485038	0.9	0.417	8.79273e-13		1.51468324806	0.889	0.267	1.90819e-12
400   	700   	192.498		1.54997896028	0.9	0.418	8.75135e-13		1.5151011957	0.889	0.268	1.89635e-12
400   	700   	192.75		1.55047297437	0.9	0.419	8.71033e-13		1.5155193882	0.889	0.269	1.88462e-12
400   	700   	193.001		1.55096688908	0.9	0.42	8.66968e-13		1.51593782426	0.888	0.27	1.873e-12
400   	700   	193.253		1.55146070084	0.9	0.422	8.62939e-13		1.51635650252	0.888	0.271	1.86149e-12
400   	700   	193.505		1.55195440609	0.9	0.423	8.58946e-13		1.5167754216	0.888	0.272	1.85008e-12
400   	700   	193.756		1.55244800126	0.9	0.424	8.54988e-13		1.51719458009	0.888	0.273	1.83877e-12
400   	700   	194.008		1.55294148281	0.899	0.425	8.51065e-13		1.51761397652	0.887	0.274	1.82757e-12
400   	700   	194.26		1.55343484717	0.899	0.426	8.47177e-13		1.5180336094	0.887	0.275	1.81648e-12
400   	700   	194.511		1.55392809079	0.899	0.428	8.43323e-13		1.51845347718	0.887	0.276	1.80548e-12
400   	700   	194.763		1.55442121012	0.899	0.429	8.39503e-13		1.51887357832	0.887	0.277	1.79459e-12
400   	700   	195.015		1.55491420161	0.899	0.43	8.35716e-13		1.51929391119	0.887	0.278	1.7838e-12
400   	700   	195.266		1.55540706174	0.899	0.431	8.31962e-13		1.51971447416	0.886	0.279	1.7731e-12
400   	700   	195.518		1.55589978697	0.899	0.432	8.28241e-13		1.52013526555	0.886	0.28	1.7625e-12
400   	700   	195.77		1.55639237376	0.899	0.434	8.24552e-13		1.52055628367	0.886	0.281	1.752e-12
400   	700   	196.021		1.5568848186	0.899	0.435	8.20895e-13		1.52097752677	0.886	0.282	1.7416e-12
400   	700   	196.273		1.55737711798	0.899	0.436	8.1727e-13		1.52139899308	0.885	0.283	1.73129e-12
400   	700   	196.525		1.55786926838	0.899	0.437	8.13676e-13		1.52182068079	0.885	0.284	1.72107e-12
400   	700   	196.776		1.55836126632	0.899	0.438	8.10113e-13		1.52224258807	0.885	0.285	1.71095e-12
400   	700   	197.028		1.55885310829	0.899	0.44	8.06581e-13		1.52266471305	0.885	0.286	1.70091e-12
400   	700   	197.28		1.55934479083	0.899	0.441	8.03079e-13		1.52308705385	0.885	0.287	1.69097e-12
400   	700   	197.531		1.55983631045	0.898	0.442	7.99607e-13		1.52350960852	0.884	0.288	1.68112e-12
400   	700   	197.783		1.56032766369	0.898	0.443	7.96165e-13		1.52393237512	0.884	0.289	1.67136e-12
400   	700   	198.035		1.56081884711	0.898	0.444	7.92752e-13		1.52435535167	0.884	0.29	1.66169e-12
400   	700   	198.286		1.56130985726	0.898	0.446	7.89368e-13		1.52477853615	0.884	0.291	1.6521e-12
400   	700   	198.538		1.56180069071	0.898	0.447	7.86013e-13		1.52520192653	0.883	0.292	1.6426e-12
400   	800   	186.206		1.56025767862	0.904	0.45	8.79109e-13		1.51691708294	0.886	0.268	2.17827e-12
400   	800   	186.458		1.56077520315	0.904	0.451	8.75258e-13		1.51734944288	0.886	0.268	2.16478e-12
400   	800   	186.71		1.56129245678	0.904	0.452	8.71441e-13		1.51778199137	0.886	0.269	2.15141e-12
400   	800   	186.961		1.56180943621	0.904	0.453	8.67656e-13		1.51821472728	0.885	0.27	2.13816e-12
400   	800   	187.213		1.56232613812	0.904	0.455	8.63905e-13		1.5186476494	0.885	0.271	2.12503e-12
400   	800   	187.465		1.56284255923	0.904	0.456	8.60187e-13		1.5190807565	0.885	0.272	2.11203e-12
400   	800   	187.716		1.56335869624	0.904	0.457	8.565e-13		1.51951404729	0.885	0.273	2.09914e-12
400   	800   	187.968		1.56387454589	0.904	0.458	8.52846e-13		1.51994752047	0.884	0.274	2.08637e-12
400   	800   	188.22		1.56439010491	0.904	0.459	8.49222e-13		1.52038117468	0.884	0.275	2.07372e-12
400   	800   	188.471		1.56490537005	0.904	0.461	8.4563e-13		1.52081500853	0.884	0.276	2.06118e-12
400   	800   	188.723		1.56542033807	0.904	0.462	8.42069e-13		1.52124902058	0.884	0.277	2.04876e-12
400   	800   	188.975		1.56593500574	0.904	0.463	8.38538e-13		1.52168320937	0.883	0.278	2.03646e-12
400   	800   	189.226		1.56644936984	0.904	0.464	8.35038e-13		1.52211757341	0.883	0.279	2.02426e-12
400   	800   	189.478		1.56696342719	0.904	0.466	8.31567e-13		1.52255211115	0.883	0.28	2.01217e-12
400   	800   	189.73		1.56747717458	0.904	0.467	8.28125e-13		1.52298682103	0.883	0.281	2.0002e-12
400   	800   	189.981		1.56799060885	0.904	0.468	8.24713e-13		1.52342170143	0.883	0.282	1.98833e-12
400   	800   	190.233		1.56850372683	0.904	0.469	8.2133e-13		1.52385675072	0.882	0.283	1.97657e-12
400   	800   	190.485		1.56901652538	0.904	0.47	8.17975e-13		1.52429196723	0.882	0.284	1.96492e-12
400   	800   	190.736		1.56952900137	0.904	0.471	8.14648e-13		1.52472734924	0.882	0.285	1.95337e-12
400   	800   	190.988		1.57004115169	0.904	0.473	8.11349e-13		1.52516289504	0.882	0.286	1.94193e-12
400   	800   	191.24		1.57055297323	0.903	0.474	8.08078e-13		1.52559860284	0.881	0.287	1.93059e-12
400   	800   	191.491		1.57106446291	0.903	0.475	8.04834e-13		1.52603447086	0.881	0.288	1.91935e-12
400   	800   	191.743		1.57157561767	0.903	0.476	8.01617e-13		1.52647049726	0.881	0.289	1.90822e-12
400   	800   	191.995		1.57208643445	0.903	0.477	7.98427e-13		1.52690668019	0.881	0.29	1.89718e-12
400   	800   	192.246		1.57259691021	0.903	0.479	7.95264e-13		1.52734301777	0.881	0.291	1.88624e-12
400   	800   	192.498		1.57310704195	0.903	0.48	7.92126e-13		1.52777950807	0.88	0.292	1.8754e-12
400   	800   	192.75		1.57361682667	0.903	0.481	7.89015e-13		1.52821614917	0.88	0.293	1.86466e-12
400   	800   	193.001		1.57412626137	0.903	0.482	7.85929e-13		1.52865293908	0.88	0.294	1.85402e-12
400   	800   	193.253		1.57463534309	0.903	0.483	7.82868e-13		1.52908987583	0.88	0.295	1.84346e-12
400   	800   	193.505		1.5751440689	0.903	0.484	7.79833e-13		1.52952695738	0.879	0.296	1.83301e-12
400   	800   	193.756		1.57565243585	0.903	0.486	7.76822e-13		1.52996418169	0.879	0.297	1.82264e-12
400   	800   	194.008		1.57616044104	0.903	0.487	7.73836e-13		1.5304015467	0.879	0.298	1.81237e-12
400   	800   	194.26		1.57666808159	0.903	0.488	7.70874e-13		1.53083905031	0.879	0.299	1.80219e-12
400   	800   	194.511		1.57717535461	0.903	0.489	7.67936e-13		1.5312766904	0.879	0.3	1.7921e-12
400   	800   	194.763		1.57768225726	0.903	0.49	7.65022e-13		1.53171446483	0.878	0.301	1.7821e-12
400   	800   	195.015		1.57818878669	0.903	0.491	7.62131e-13		1.53215237144	0.878	0.302	1.77218e-12
400   	800   	195.266		1.57869494011	0.903	0.492	7.59264e-13		1.53259040804	0.878	0.303	1.76236e-12
400   	800   	195.518		1.5792007147	0.903	0.494	7.5642e-13		1.53302857244	0.878	0.304	1.75262e-12
400   	800   	195.77		1.5797061077	0.903	0.495	7.53598e-13		1.53346686239	0.877	0.305	1.74296e-12
400   	800   	196.021		1.58021111636	0.903	0.496	7.50799e-13		1.53390527566	0.877	0.306	1.73339e-12
400   	800   	196.273		1.58071573793	0.903	0.497	7.48023e-13		1.53434380998	0.877	0.307	1.72391e-12
400   	800   	196.525		1.58121996971	0.903	0.498	7.45268e-13		1.53478246307	0.877	0.308	1.7145e-12
400   	800   	196.776		1.58172380899	0.903	0.499	7.42535e-13		1.53522123261	0.877	0.309	1.70518e-12
400   	800   	197.028		1.58222725312	0.903	0.5	7.39824e-13		1.53566011628	0.876	0.31	1.69595e-12
400   	800   	197.28		1.58273029943	0.903	0.502	7.37135e-13		1.53609911175	0.876	0.311	1.68679e-12
400   	800   	197.531		1.58323294529	0.903	0.503	7.34466e-13		1.53653821666	0.876	0.312	1.67771e-12
400   	800   	197.783		1.58373518809	0.903	0.504	7.31818e-13		1.53697742863	0.876	0.313	1.66871e-12
400   	800   	198.035		1.58423702524	0.903	0.505	7.29192e-13		1.53741674528	0.876	0.314	1.65979e-12
400   	800   	198.286		1.58473845418	0.903	0.506	7.26585e-13		1.53785616419	0.875	0.315	1.65094e-12
400   	800   	198.538		1.58523947236	0.903	0.507	7.23999e-13		1.53829568295	0.875	0.316	1.64217e-12
400   	1000  	186.206		1.5956489667	0.916	0.536	8.09486e-13		1.53639943258	0.874	0.3	2.22439e-12
400   	1000  	186.458		1.59617058708	0.916	0.537	8.06779e-13		1.53685303313	0.874	0.301	2.21209e-12
400   	1000  	186.71		1.59669159064	0.916	0.538	8.04094e-13		1.53730666765	0.873	0.302	2.1999e-12
400   	1000  	186.961		1.59721197588	0.916	0.539	8.01428e-13		1.53776033432	0.873	0.303	2.18782e-12
400   	1000  	187.213		1.59773174128	0.916	0.54	7.98784e-13		1.5382140313	0.873	0.304	2.17585e-12
400   	1000  	187.465		1.59825088537	0.916	0.541	7.96159e-13		1.53866775673	0.873	0.305	2.16397e-12
400   	1000  	187.716		1.59876940669	0.916	0.542	7.93554e-13		1.5391215087	0.872	0.306	2.1522e-12
400   	1000  	187.968		1.5992873038	0.916	0.543	7.90968e-13		1.53957528532	0.872	0.307	2.14053e-12
400   	1000  	188.22		1.59980457527	0.916	0.544	7.88402e-13		1.54002908465	0.872	0.308	2.12896e-12
400   	1000  	188.471		1.60032121972	0.916	0.545	7.85856e-13		1.54048290475	0.872	0.309	2.11749e-12
400   	1000  	188.723		1.60083723577	0.916	0.546	7.83328e-13		1.54093674367	0.872	0.31	2.10612e-12
400   	1000  	188.975		1.60135262206	0.916	0.548	7.80819e-13		1.5413905994	0.871	0.311	2.09484e-12
400   	1000  	189.226		1.60186737726	0.916	0.549	7.78329e-13		1.54184446996	0.871	0.312	2.08366e-12
400   	1000  	189.478		1.60238150004	0.916	0.55	7.75858e-13		1.54229835334	0.871	0.313	2.07258e-12
400   	1000  	189.73		1.60289498913	0.916	0.551	7.73405e-13		1.54275224749	0.871	0.314	2.06159e-12
400   	1000  	189.981		1.60340784325	0.916	0.552	7.7097e-13		1.54320615037	0.871	0.315	2.0507e-12
400   	1000  	190.233		1.60392006114	0.916	0.553	7.68552e-13		1.54366005991	0.87	0.316	2.03989e-12
400   	1000  	190.485		1.60443164157	0.916	0.554	7.66153e-13		1.54411397405	0.87	0.317	2.02918e-12
400   	1000  	190.736		1.60494258333	0.916	0.555	7.63771e-13		1.54456789068	0.87	0.318	2.01856e-12
400   	1000  	190.988		1.60545288524	0.916	0.556	7.61407e-13		1.5450218077	0.87	0.319	2.00803e-12
400   	1000  	191.24		1.60596254612	0.916	0.557	7.5906e-13		1.54547572299	0.87	0.32	1.99758e-12
400   	1000  	191.491		1.60647156482	0.917	0.558	7.5673e-13		1.54592963442	0.869	0.321	1.98723e-12
400   	1000  	191.743		1.60697994022	0.917	0.559	7.54416e-13		1.54638353984	0.869	0.322	1.97696e-12
400   	1000  	191.995		1.6074876712	0.917	0.56	7.5212e-13		1.5468374371	0.869	0.323	1.96678e-12
400   	1000  	192.246		1.60799475669	0.917	0.561	7.4984e-13		1.54729132403	0.869	0.324	1.95668e-12
400   	1000  	192.498		1.6085011956	0.917	0.562	7.47577e-13		1.54774519844	0.869	0.325	1.94667e-12
400   	1000  	192.75		1.6090069869	0.917	0.563	7.45329e-13		1.54819905815	0.868	0.326	1.93674e-12
400   	1000  	193.001		1.60951212955	0.917	0.564	7.43098e-13		1.54865290096	0.868	0.327	1.92689e-12
400   	1000  	193.253		1.61001662255	0.917	0.565	7.40883e-13		1.54910672465	0.868	0.328	1.91713e-12
400   	1000  	193.505		1.61052046491	0.917	0.566	7.38684e-13		1.54956052701	0.868	0.329	1.90745e-12
400   	1000  	193.756		1.61102365566	0.917	0.567	7.365e-13		1.55001430581	0.868	0.33	1.89784e-12
400   	1000  	194.008		1.61152619386	0.917	0.568	7.34332e-13		1.55046805881	0.867	0.331	1.88832e-12
400   	1000  	194.26		1.61202807858	0.917	0.569	7.32179e-13		1.55092178376	0.867	0.332	1.87887e-12
400   	1000  	194.511		1.6125293089	0.917	0.57	7.30041e-13		1.55137547841	0.867	0.333	1.86951e-12
400   	1000  	194.763		1.61302988395	0.917	0.571	7.27919e-13		1.5518291405	0.867	0.334	1.86022e-12
400   	1000  	195.015		1.61352980286	0.917	0.572	7.25811e-13		1.55228276776	0.867	0.334	1.851e-12
400   	1000  	195.266		1.61402906476	0.917	0.573	7.23718e-13		1.55273635791	0.866	0.335	1.84186e-12
400   	1000  	195.518		1.61452766884	0.917	0.574	7.21639e-13		1.55318990868	0.866	0.336	1.8328e-12
400   	1000  	195.77		1.61502561429	0.917	0.575	7.19576e-13		1.55364341778	0.866	0.337	1.82381e-12
400   	1000  	196.021		1.6155229003	0.918	0.576	7.17526e-13		1.55409688291	0.866	0.338	1.81489e-12
400   	1000  	196.273		1.61601952611	0.918	0.577	7.1549e-13		1.55455030178	0.866	0.339	1.80605e-12
400   	1000  	196.525		1.61651549097	0.918	0.578	7.13469e-13		1.55500367209	0.866	0.34	1.79728e-12
400   	1000  	196.776		1.61701079414	0.918	0.579	7.11462e-13		1.55545699152	0.865	0.341	1.78858e-12
400   	1000  	197.028		1.61750543491	0.918	0.58	7.09468e-13		1.55591025777	0.865	0.342	1.77995e-12
400   	1000  	197.28		1.61799941258	0.918	0.581	7.07488e-13		1.55636346853	0.865	0.343	1.77138e-12
400   	1000  	197.531		1.61849272646	0.918	0.582	7.05522e-13		1.55681662146	0.865	0.344	1.76289e-12
400   	1000  	197.783		1.61898537591	0.918	0.583	7.03569e-13		1.55726971427	0.865	0.345	1.75447e-12
400   	1000  	198.035		1.61947736027	0.918	0.584	7.01629e-13		1.5577227446	0.864	0.346	1.74611e-12
400   	1000  	198.286		1.61996867893	0.918	0.585	6.99702e-13		1.55817571016	0.864	0.347	1.73782e-12
400   	1000  	198.538		1.62045933129	0.918	0.586	6.97789e-13		1.55862860859	0.864	0.348	1.7296e-12
400   	1200  	186.206		1.62034521433	0.929	0.586	8.1829e-13		1.55074881446	0.866	0.32	2.36184e-12
400   	1200  	186.458		1.62085058355	0.929	0.587	8.16019e-13		1.55120882955	0.866	0.321	2.34978e-12
400   	1200  	186.71		1.6213551849	0.929	0.588	8.13764e-13		1.55166876357	0.866	0.322	2.33782e-12
400   	1200  	186.961		1.62185901838	0.929	0.589	8.11525e-13		1.55212861478	0.865	0.323	2.32596e-12
400   	1200  	187.213		1.62236208401	0.929	0.59	8.093e-13		1.55258838139	0.865	0.324	2.3142e-12
400   	1200  	187.465		1.62286438181	0.929	0.591	8.07091e-13		1.55304806166	0.865	0.325	2.30253e-12
400   	1200  	187.716		1.62336591183	0.929	0.592	8.04897e-13		1.55350765379	0.865	0.326	2.29096e-12
400   	1200  	187.968		1.62386667413	0.929	0.593	8.02718e-13		1.55396715598	0.865	0.327	2.27948e-12
400   	1200  	188.22		1.62436666877	0.93	0.594	8.00554e-13		1.55442656644	0.864	0.328	2.2681e-12
400   	1200  	188.471		1.62486589586	0.93	0.595	7.98404e-13		1.55488588335	0.864	0.329	2.2568e-12
400   	1200  	188.723		1.62536435548	0.93	0.596	7.96269e-13		1.55534510488	0.864	0.33	2.2456e-12
400   	1200  	188.975		1.62586204776	0.93	0.597	7.94148e-13		1.5558042292	0.864	0.331	2.23449e-12
400   	1200  	189.226		1.62635897282	0.93	0.598	7.92042e-13		1.55626325447	0.864	0.332	2.22347e-12
400   	1200  	189.478		1.6268551308	0.93	0.599	7.89949e-13		1.55672217885	0.863	0.333	2.21254e-12
400   	1200  	189.73		1.62735052187	0.93	0.6	7.87871e-13		1.55718100046	0.863	0.334	2.2017e-12
400   	1200  	189.981		1.62784514618	0.93	0.6	7.85806e-13		1.55763971745	0.863	0.335	2.19094e-12
400   	1200  	190.233		1.62833900393	0.93	0.601	7.83755e-13		1.55809832795	0.863	0.336	2.18027e-12
400   	1200  	190.485		1.62883209531	0.93	0.602	7.81718e-13		1.55855683007	0.863	0.337	2.16968e-12
400   	1200  	190.736		1.62932442052	0.93	0.603	7.79694e-13		1.55901522193	0.863	0.338	2.15918e-12
400   	1200  	190.988		1.6298159798	0.93	0.604	7.77683e-13		1.55947350163	0.862	0.339	2.14876e-12
400   	1200  	191.24		1.63030677338	0.93	0.605	7.75686e-13		1.55993166729	0.862	0.34	2.13843e-12
400   	1200  	191.491		1.6307968015	0.931	0.606	7.73702e-13		1.56038971699	0.862	0.341	2.12817e-12
400   	1200  	191.743		1.63128606444	0.931	0.607	7.71731e-13		1.56084764883	0.862	0.342	2.118e-12
400   	1200  	191.995		1.63177456245	0.931	0.608	7.69773e-13		1.5613054609	0.862	0.343	2.10791e-12
400   	1200  	192.246		1.63226229584	0.931	0.609	7.67827e-13		1.56176315127	0.861	0.344	2.0979e-12
400   	1200  	192.498		1.6327492649	0.931	0.61	7.65894e-13		1.56222071802	0.861	0.344	2.08797e-12
400   	1200  	192.75		1.63323546994	0.931	0.611	7.63974e-13		1.56267815923	0.861	0.345	2.07811e-12
400   	1200  	193.001		1.63372091129	0.931	0.612	7.62066e-13		1.56313547297	0.861	0.346	2.06834e-12
400   	1200  	193.253		1.63420558929	0.931	0.612	7.6017e-13		1.56359265731	0.861	0.347	2.05864e-12
400   	1200  	193.505		1.63468950428	0.931	0.613	7.58287e-13		1.56404971031	0.861	0.348	2.04901e-12
400   	1200  	193.756		1.63517265663	0.931	0.614	7.56415e-13		1.56450663003	0.86	0.349	2.03946e-12
400   	1200  	194.008		1.6356550467	0.931	0.615	7.54556e-13		1.56496341452	0.86	0.35	2.02999e-12
400   	1200  	194.26		1.6361366749	0.931	0.616	7.52709e-13		1.56542006186	0.86	0.351	2.02059e-12
400   	1200  	194.511		1.6366175416	0.931	0.617	7.50873e-13		1.56587657008	0.86	0.352	2.01126e-12
400   	1200  	194.763		1.63709764722	0.932	0.618	7.49049e-13		1.56633293725	0.86	0.353	2.002e-12
400   	1200  	195.015		1.63757699218	0.932	0.619	7.47236e-13		1.56678916142	0.86	0.354	1.99282e-12
400   	1200  	195.266		1.63805557692	0.932	0.62	7.45435e-13		1.56724524064	0.859	0.355	1.98371e-12
400   	1200  	195.518		1.63853340186	0.932	0.621	7.43646e-13		1.56770117295	0.859	0.356	1.97466e-12
400   	1200  	195.77		1.63901046748	0.932	0.621	7.41867e-13		1.56815695641	0.859	0.357	1.96569e-12
400   	1200  	196.021		1.63948677423	0.932	0.622	7.401e-13		1.56861258907	0.859	0.358	1.95678e-12
400   	1200  	196.273		1.6399623226	0.932	0.623	7.38344e-13		1.56906806898	0.859	0.359	1.94795e-12
400   	1200  	196.525		1.64043711306	0.932	0.624	7.36599e-13		1.56952339418	0.859	0.36	1.93918e-12
400   	1200  	196.776		1.64091114612	0.932	0.625	7.34864e-13		1.56997856273	0.858	0.361	1.93048e-12
400   	1200  	197.028		1.64138442228	0.932	0.626	7.33141e-13		1.57043357267	0.858	0.362	1.92184e-12
400   	1200  	197.28		1.64185694206	0.932	0.627	7.31428e-13		1.57088842206	0.858	0.363	1.91327e-12
400   	1200  	197.531		1.64232870601	0.932	0.627	7.29725e-13		1.57134310895	0.858	0.364	1.90477e-12
400   	1200  	197.783		1.64279971464	0.933	0.628	7.28034e-13		1.5717976314	0.858	0.365	1.89633e-12
400   	1200  	198.035		1.64326996852	0.933	0.629	7.26352e-13		1.57225198745	0.858	0.365	1.88795e-12
400   	1200  	198.286		1.64373946821	0.933	0.63	7.24681e-13		1.57270617517	0.857	0.366	1.87964e-12
400   	1200  	198.538		1.64420821428	0.933	0.631	7.2302e-13		1.57316019262	0.857	0.367	1.87139e-12
400   	1400  	186.206		1.63773560691	0.941	0.617	8.57551e-13		1.561442319 	0.861	0.334	2.54084e-12
400   	1400  	186.458		1.63822133898	0.941	0.617	8.55462e-13		1.56190204711	0.861	0.334	2.52857e-12
400   	1400  	186.71		1.63870625099	0.941	0.618	8.53387e-13		1.56236161938	0.86	0.335	2.51639e-12
400   	1400  	186.961		1.63919034384	0.941	0.619	8.51324e-13		1.56282103434	0.86	0.336	2.50431e-12
400   	1400  	187.213		1.63967361844	0.941	0.62	8.49275e-13		1.56328029047	0.86	0.337	2.49233e-12
400   	1400  	187.465		1.64015607569	0.941	0.621	8.47239e-13		1.56373938626	0.86	0.338	2.48044e-12
400   	1400  	187.716		1.64063771653	0.941	0.622	8.45216e-13		1.56419832019	0.86	0.339	2.46864e-12
400   	1400  	187.968		1.64111854187	0.941	0.623	8.43206e-13		1.56465709075	0.86	0.34	2.45693e-12
400   	1400  	188.22		1.64159855265	0.941	0.624	8.41208e-13		1.56511569639	0.859	0.341	2.44531e-12
400   	1400  	188.471		1.64207774982	0.941	0.624	8.39223e-13		1.56557413558	0.859	0.342	2.43379e-12
400   	1400  	188.723		1.64255613432	0.942	0.625	8.3725e-13		1.56603240678	0.859	0.343	2.42235e-12
400   	1400  	188.975		1.64303370711	0.942	0.626	8.3529e-13		1.56649050844	0.859	0.344	2.411e-12
400   	1400  	189.226		1.64351046916	0.942	0.627	8.33341e-13		1.566948439 	0.859	0.345	2.39974e-12
400   	1400  	189.478		1.64398642143	0.942	0.628	8.31405e-13		1.56740619691	0.859	0.346	2.38856e-12
400   	1400  	189.73		1.6444615649	0.942	0.629	8.29481e-13		1.56786378059	0.858	0.347	2.37747e-12
400   	1400  	189.981		1.64493590056	0.942	0.63	8.27569e-13		1.56832118849	0.858	0.348	2.36647e-12
400   	1400  	190.233		1.6454094294	0.942	0.63	8.25668e-13		1.56877841902	0.858	0.349	2.35555e-12
400   	1400  	190.485		1.64588215242	0.942	0.631	8.2378e-13		1.56923547061	0.858	0.35	2.34471e-12
400   	1400  	190.736		1.64635407061	0.942	0.632	8.21903e-13		1.56969234167	0.858	0.35	2.33396e-12
400   	1400  	190.988		1.64682518499	0.942	0.633	8.20037e-13		1.57014903063	0.858	0.351	2.32329e-12
400   	1400  	191.24		1.64729549657	0.942	0.634	8.18183e-13		1.57060553589	0.857	0.352	2.3127e-12
400   	1400  	191.491		1.64776500639	0.942	0.635	8.1634e-13		1.57106185587	0.857	0.353	2.30219e-12
400   	1400  	191.743		1.64823371546	0.943	0.636	8.14508e-13		1.57151798897	0.857	0.354	2.29176e-12
400   	1400  	191.995		1.64870162482	0.943	0.636	8.12688e-13		1.57197393359	0.857	0.355	2.28141e-12
400   	1400  	192.246		1.64916873552	0.943	0.637	8.10878e-13		1.57242968814	0.857	0.356	2.27113e-12
400   	1400  	192.498		1.6496350486	0.943	0.638	8.09079e-13		1.57288525101	0.857	0.357	2.26094e-12
400   	1400  	192.75		1.65010056512	0.943	0.639	8.07292e-13		1.57334062061	0.856	0.358	2.25082e-12
400   	1400  	193.001		1.65056528613	0.943	0.64	8.05515e-13		1.57379579533	0.856	0.359	2.24077e-12
400   	1400  	193.253		1.6510292127	0.943	0.641	8.03748e-13		1.57425077356	0.856	0.36	2.23081e-12
400   	1400  	193.505		1.6514923459	0.943	0.641	8.01992e-13		1.57470555371	0.856	0.361	2.22091e-12
400   	1400  	193.756		1.6519546868	0.943	0.642	8.00247e-13		1.57516013415	0.856	0.362	2.21109e-12
400   	1400  	194.008		1.65241623649	0.943	0.643	7.98512e-13		1.5756145133	0.856	0.363	2.20135e-12
400   	1400  	194.26		1.65287699606	0.943	0.644	7.96788e-13		1.57606868953	0.855	0.364	2.19167e-12
400   	1400  	194.511		1.6533369666	0.943	0.645	7.95073e-13		1.57652266124	0.855	0.365	2.18207e-12
400   	1400  	194.763		1.6537961492	0.944	0.645	7.93369e-13		1.57697642683	0.855	0.365	2.17254e-12
400   	1400  	195.015		1.65425454497	0.944	0.646	7.91675e-13		1.57742998469	0.855	0.366	2.16308e-12
400   	1400  	195.266		1.65471215502	0.944	0.647	7.8999e-13		1.5778833332	0.855	0.367	2.15369e-12
400   	1400  	195.518		1.65516898046	0.944	0.648	7.88316e-13		1.57833647077	0.855	0.368	2.14437e-12
400   	1400  	195.77		1.65562502241	0.944	0.649	7.86651e-13		1.57878939578	0.855	0.369	2.13512e-12
400   	1400  	196.021		1.65608028199	0.944	0.649	7.84997e-13		1.57924210664	0.854	0.37	2.12593e-12
400   	1400  	196.273		1.65653476034	0.944	0.65	7.83351e-13		1.57969460173	0.854	0.371	2.11682e-12
400   	1400  	196.525		1.65698845858	0.944	0.651	7.81716e-13		1.58014687947	0.854	0.372	2.10777e-12
400   	1400  	196.776		1.65744137785	0.944	0.652	7.8009e-13		1.58059893825	0.854	0.373	2.09878e-12
400   	1400  	197.028		1.6578935193	0.944	0.653	7.78473e-13		1.58105077646	0.854	0.374	2.08987e-12
400   	1400  	197.28		1.65834488407	0.944	0.653	7.76866e-13		1.58150239252	0.854	0.375	2.08101e-12
400   	1400  	197.531		1.65879547332	0.944	0.654	7.75268e-13		1.58195378482	0.854	0.376	2.07222e-12
400   	1400  	197.783		1.6592452882	0.945	0.655	7.73679e-13		1.58240495179	0.853	0.377	2.0635e-12
400   	1400  	198.035		1.65969432987	0.945	0.656	7.72099e-13		1.58285589182	0.853	0.378	2.05484e-12
400   	1400  	198.286		1.6601425995	0.945	0.656	7.70528e-13		1.58330660333	0.853	0.378	2.04624e-12
400   	1400  	198.538		1.66059009826	0.945	0.657	7.68966e-13		1.58375708474	0.853	0.379	2.0377e-12
401   	300   	186.206		1.43465708054	0.951	0.0696	9.01278e-12		1.43990527324	0.95	0.0917	5.27941e-12
401   	300   	186.458		1.4348731187	0.951	0.0699	8.94858e-12		1.44014137426	0.95	0.0921	5.23918e-12
401   	300   	186.71		1.43508888527	0.951	0.0701	8.88476e-12		1.44037730548	0.95	0.0925	5.19923e-12
401   	300   	186.961		1.43530438491	0.951	0.0704	8.82133e-12		1.44061307193	0.95	0.0928	5.15956e-12
401   	300   	187.213		1.43551962227	0.951	0.0707	8.75828e-12		1.44084867864	0.95	0.0932	5.12015e-12
401   	300   	187.465		1.43573460197	0.951	0.071	8.6956e-12		1.4410841306	0.95	0.0936	5.08102e-12
401   	300   	187.716		1.43594932863	0.951	0.0712	8.63331e-12		1.44131943277	0.949	0.094	5.04215e-12
401   	300   	187.968		1.43616380683	0.951	0.0715	8.57139e-12		1.44155459011	0.949	0.0944	5.00355e-12
401   	300   	188.22		1.43637804114	0.951	0.0718	8.50985e-12		1.44178960756	0.949	0.0948	4.96522e-12
401   	300   	188.471		1.43659203611	0.95	0.0721	8.44868e-12		1.44202449003	0.949	0.0952	4.92716e-12
401   	300   	188.723		1.43680579629	0.95	0.0723	8.38789e-12		1.4422592424	0.949	0.0956	4.88935e-12
401   	300   	188.975		1.43701932618	0.95	0.0726	8.32747e-12		1.44249386956	0.949	0.096	4.85182e-12
401   	300   	189.226		1.43723263029	0.95	0.0729	8.26742e-12		1.44272837635	0.949	0.0964	4.81454e-12
401   	300   	189.478		1.43744571309	0.95	0.0732	8.20774e-12		1.4429627676	0.949	0.0968	4.77753e-12
401   	300   	189.73		1.43765857905	0.95	0.0735	8.14843e-12		1.44319704813	0.949	0.0972	4.74078e-12
401   	300   	189.981		1.43787123261	0.95	0.0738	8.08948e-12		1.44343122273	0.949	0.0976	4.70428e-12
401   	300   	190.233		1.4380836782	0.95	0.074	8.0309e-12		1.44366529617	0.949	0.098	4.66804e-12
401   	300   	190.485		1.43829592023	0.95	0.0743	7.97269e-12		1.4438992732	0.949	0.0984	4.63206e-12
401   	300   	190.736		1.4385079631	0.95	0.0746	7.91484e-12		1.44413315856	0.949	0.0988	4.59634e-12
401   	300   	190.988		1.43871981119	0.95	0.0749	7.85735e-12		1.44436695696	0.949	0.0993	4.56087e-12
401   	300   	191.24		1.43893146884	0.95	0.0752	7.80023e-12		1.4446006731	0.948	0.0997	4.52565e-12
401   	300   	191.491		1.43914294041	0.95	0.0755	7.74346e-12		1.44483431164	0.948	0.1	4.49068e-12
401   	300   	191.743		1.43935423022	0.95	0.0758	7.68705e-12		1.44506787724	0.948	0.101	4.45596e-12
401   	300   	191.995		1.43956534258	0.95	0.0761	7.631e-12		1.44530137453	0.948	0.101	4.4215e-12
401   	300   	192.246		1.43977628179	0.95	0.0764	7.5753e-12		1.44553480814	0.948	0.101	4.38728e-12
401   	300   	192.498		1.43998705212	0.95	0.0767	7.51996e-12		1.44576818266	0.948	0.102	4.35331e-12
401   	300   	192.75		1.44019765782	0.95	0.077	7.46497e-12		1.44600150266	0.948	0.102	4.31958e-12
401   	300   	193.001		1.44040810316	0.95	0.0773	7.41033e-12		1.44623477271	0.948	0.103	4.2861e-12
401   	300   	193.253		1.44061839235	0.95	0.0776	7.35604e-12		1.44646799733	0.948	0.103	4.25287e-12
401   	300   	193.505		1.44082852961	0.949	0.0779	7.3021e-12		1.44670118105	0.948	0.104	4.21987e-12
401   	300   	193.756		1.44103851913	0.949	0.0782	7.24851e-12		1.44693432837	0.948	0.104	4.18712e-12
401   	300   	194.008		1.44124836509	0.949	0.0785	7.19527e-12		1.44716744376	0.948	0.104	4.15461e-12
401   	300   	194.26		1.44145807167	0.949	0.0789	7.14237e-12		1.4474005317	0.947	0.105	4.12233e-12
401   	300   	194.511		1.44166764301	0.949	0.0792	7.08982e-12		1.44763359661	0.947	0.105	4.09029e-12
401   	300   	194.763		1.44187708324	0.949	0.0795	7.0376e-12		1.44786664292	0.947	0.106	4.05849e-12
401   	300   	195.015		1.44208639648	0.949	0.0798	6.98573e-12		1.44809967504	0.947	0.106	4.02693e-12
401   	300   	195.266		1.44229558684	0.949	0.0801	6.9342e-12		1.44833269734	0.947	0.107	3.9956e-12
401   	300   	195.518		1.4425046584	0.949	0.0804	6.88301e-12		1.44856571419	0.947	0.107	3.9645e-12
401   	300   	195.77		1.44271361524	0.949	0.0808	6.83215e-12		1.44879872994	0.947	0.108	3.93363e-12
401   	300   	196.021		1.44292246142	0.949	0.0811	6.78163e-12		1.4490317489	0.947	0.108	3.90299e-12
401   	300   	196.273		1.44313120097	0.949	0.0814	6.73144e-12		1.44926477539	0.947	0.109	3.87259e-12
401   	300   	196.525		1.44333983792	0.949	0.0817	6.68159e-12		1.44949781369	0.947	0.109	3.84241e-12
401   	300   	196.776		1.4435483763	0.949	0.0821	6.63206e-12		1.44973086807	0.947	0.109	3.81246e-12
401   	300   	197.028		1.44375682008	0.949	0.0824	6.58287e-12		1.44996394278	0.946	0.11	3.78273e-12
401   	300   	197.28		1.44396517327	0.949	0.0827	6.53401e-12		1.45019704204	0.946	0.11	3.75323e-12
401   	300   	197.531		1.44417343982	0.948	0.0831	6.48547e-12		1.45043017006	0.946	0.111	3.72395e-12
401   	300   	197.783		1.44438162368	0.948	0.0834	6.43726e-12		1.45066333103	0.946	0.111	3.69489e-12
401   	300   	198.035		1.44458972881	0.948	0.0837	6.38938e-12		1.45089652912	0.946	0.112	3.66606e-12
401   	300   	198.286		1.44479775911	0.948	0.0841	6.34182e-12		1.45112976848	0.946	0.112	3.63744e-12
401   	300   	198.538		1.44500571851	0.948	0.0844	6.29458e-12		1.45136305325	0.946	0.113	3.60904e-12
401   	500   	186.206		1.48457964831	0.917	0.222	1.82663e-12		1.47521242189	0.919	0.179	2.70357e-12
401   	500   	186.458		1.48495688733	0.917	0.223	1.81304e-12		1.47555361515	0.919	0.18	2.6827e-12
401   	500   	186.71		1.48533445043	0.917	0.224	1.79958e-12		1.47589507585	0.918	0.181	2.66202e-12
401   	500   	186.961		1.4857123396	0.916	0.225	1.78625e-12		1.47623680729	0.918	0.182	2.64153e-12
401   	500   	187.213		1.48609055676	0.916	0.226	1.77305e-12		1.47657881271	0.918	0.182	2.62123e-12
401   	500   	187.465		1.48646910377	0.916	0.227	1.75997e-12		1.47692109532	0.918	0.183	2.60112e-12
401   	500   	187.716		1.48684798241	0.916	0.228	1.74703e-12		1.47726365825	0.918	0.184	2.58119e-12
401   	500   	187.968		1.48722719441	0.916	0.229	1.7342e-12		1.47760650457	0.917	0.185	2.56145e-12
401   	500   	188.22		1.48760674142	0.915	0.23	1.72151e-12		1.47794963732	0.917	0.186	2.54189e-12
401   	500   	188.471		1.48798662503	0.915	0.231	1.70893e-12		1.47829305945	0.917	0.186	2.52252e-12
401   	500   	188.723		1.48836684678	0.915	0.232	1.69648e-12		1.47863677388	0.917	0.187	2.50332e-12
401   	500   	188.975		1.48874740811	0.915	0.233	1.68415e-12		1.47898078346	0.917	0.188	2.4843e-12
401   	500   	189.226		1.48912831043	0.915	0.234	1.67193e-12		1.47932509098	0.916	0.189	2.46546e-12
401   	500   	189.478		1.48950955505	0.914	0.235	1.65984e-12		1.47966969919	0.916	0.19	2.4468e-12
401   	500   	189.73		1.48989114326	0.914	0.236	1.64786e-12		1.48001461077	0.916	0.19	2.4283e-12
401   	500   	189.981		1.49027307624	0.914	0.237	1.636e-12		1.48035982835	0.916	0.191	2.40998e-12
401   	500   	190.233		1.49065535514	0.914	0.238	1.62426e-12		1.48070535449	0.915	0.192	2.39184e-12
401   	500   	190.485		1.49103798103	0.914	0.239	1.61262e-12		1.48105119171	0.915	0.193	2.37386e-12
401   	500   	190.736		1.49142095491	0.913	0.24	1.6011e-12		1.48139734246	0.915	0.194	2.35605e-12
401   	500   	190.988		1.49180427774	0.913	0.241	1.5897e-12		1.48174380915	0.915	0.195	2.3384e-12
401   	500   	191.24		1.49218795039	0.913	0.242	1.5784e-12		1.48209059413	0.915	0.195	2.32092e-12
401   	500   	191.491		1.49257197369	0.913	0.243	1.56721e-12		1.48243769968	0.914	0.196	2.30361e-12
401   	500   	191.743		1.4929563484	0.913	0.244	1.55613e-12		1.48278512803	0.914	0.197	2.28646e-12
401   	500   	191.995		1.49334107522	0.912	0.245	1.54516e-12		1.48313288136	0.914	0.198	2.26946e-12
401   	500   	192.246		1.49372615477	0.912	0.246	1.5343e-12		1.48348096179	0.914	0.199	2.25263e-12
401   	500   	192.498		1.49411158764	0.912	0.247	1.52354e-12		1.48382937139	0.914	0.2	2.23595e-12
401   	500   	192.75		1.49449737434	0.912	0.248	1.51288e-12		1.48417811216	0.913	0.201	2.21944e-12
401   	500   	193.001		1.49488351532	0.912	0.249	1.50233e-12		1.48452718606	0.913	0.201	2.20307e-12
401   	500   	193.253		1.49527001098	0.911	0.25	1.49188e-12		1.48487659499	0.913	0.202	2.18686e-12
401   	500   	193.505		1.49565686164	0.911	0.251	1.48153e-12		1.48522634079	0.913	0.203	2.1708e-12
401   	500   	193.756		1.49604406758	0.911	0.252	1.47129e-12		1.48557642525	0.913	0.204	2.1549e-12
401   	500   	194.008		1.49643162903	0.911	0.253	1.46114e-12		1.4859268501	0.912	0.205	2.13914e-12
401   	500   	194.26		1.49681954613	0.911	0.254	1.45109e-12		1.48627761701	0.912	0.206	2.12353e-12
401   	500   	194.511		1.49720781898	0.91	0.255	1.44113e-12		1.48662872762	0.912	0.207	2.10807e-12
401   	500   	194.763		1.49759644763	0.91	0.256	1.43128e-12		1.48698018348	0.912	0.207	2.09275e-12
401   	500   	195.015		1.49798543206	0.91	0.257	1.42152e-12		1.48733198612	0.911	0.208	2.07758e-12
401   	500   	195.266		1.4983747722	0.91	0.258	1.41185e-12		1.48768413698	0.911	0.209	2.06255e-12
401   	500   	195.518		1.49876446792	0.91	0.259	1.40228e-12		1.48803663749	0.911	0.21	2.04766e-12
401   	500   	195.77		1.49915451903	0.909	0.26	1.3928e-12		1.48838948898	0.911	0.211	2.03292e-12
401   	500   	196.021		1.49954492529	0.909	0.261	1.38341e-12		1.48874269275	0.911	0.212	2.01831e-12
401   	500   	196.273		1.49993568641	0.909	0.263	1.37411e-12		1.48909625006	0.91	0.213	2.00384e-12
401   	500   	196.525		1.50032680203	0.909	0.264	1.3649e-12		1.48945016208	0.91	0.214	1.9895e-12
401   	500   	196.776		1.50071827177	0.909	0.265	1.35579e-12		1.48980442995	0.91	0.215	1.9753e-12
401   	500   	197.028		1.50111009514	0.908	0.266	1.34675e-12		1.49015905477	0.91	0.215	1.96124e-12
401   	500   	197.28		1.50150227165	0.908	0.267	1.33781e-12		1.49051403755	0.909	0.216	1.9473e-12
401   	500   	197.531		1.50189480074	0.908	0.268	1.32895e-12		1.49086937928	0.909	0.217	1.9335e-12
401   	500   	197.783		1.50228768178	0.908	0.269	1.32018e-12		1.49122508089	0.909	0.218	1.91983e-12
401   	500   	198.035		1.50268091411	0.908	0.27	1.31149e-12		1.49158114324	0.909	0.219	1.90629e-12
401   	500   	198.286		1.503074497 	0.907	0.271	1.30289e-12		1.49193756716	0.909	0.22	1.89288e-12
401   	500   	198.538		1.5034684297	0.907	0.272	1.29437e-12		1.49229435343	0.908	0.221	1.87959e-12
401   	600   	186.206		1.51218266184	0.906	0.31	1.23462e-12		1.49109878698	0.905	0.216	2.36164e-12
401   	600   	186.458		1.51263299764	0.906	0.312	1.22687e-12		1.49148157668	0.905	0.217	2.34468e-12
401   	600   	186.71		1.51308357101	0.905	0.313	1.21919e-12		1.4918646707	0.905	0.218	2.32787e-12
401   	600   	186.961		1.51353438025	0.905	0.314	1.21159e-12		1.49224807036	0.905	0.218	2.31123e-12
401   	600   	187.213		1.51398542359	0.905	0.315	1.20407e-12		1.49263177693	0.904	0.219	2.29474e-12
401   	600   	187.465		1.51443669923	0.905	0.316	1.19661e-12		1.49301579161	0.904	0.22	2.27841e-12
401   	600   	187.716		1.51488820529	0.905	0.318	1.18924e-12		1.49340011555	0.904	0.221	2.26224e-12
401   	600   	187.968		1.51533993988	0.905	0.319	1.18193e-12		1.49378474984	0.904	0.222	2.24622e-12
401   	600   	188.22		1.51579190101	0.904	0.32	1.17469e-12		1.49416969549	0.904	0.223	2.23035e-12
401   	600   	188.471		1.5162440867	0.904	0.321	1.16753e-12		1.49455495348	0.903	0.224	2.21463e-12
401   	600   	188.723		1.51669649487	0.904	0.322	1.16043e-12		1.49494052471	0.903	0.225	2.19906e-12
401   	600   	188.975		1.51714912343	0.904	0.324	1.15341e-12		1.49532641003	0.903	0.226	2.18364e-12
401   	600   	189.226		1.51760197022	0.904	0.325	1.14645e-12		1.49571261022	0.903	0.227	2.16836e-12
401   	600   	189.478		1.51805503306	0.904	0.326	1.13956e-12		1.49609912603	0.902	0.228	2.15323e-12
401   	600   	189.73		1.51850830971	0.903	0.327	1.13273e-12		1.49648595811	0.902	0.229	2.13824e-12
401   	600   	189.981		1.51896179788	0.903	0.328	1.12597e-12		1.49687310709	0.902	0.23	2.1234e-12
401   	600   	190.233		1.51941549525	0.903	0.329	1.11928e-12		1.49726057353	0.902	0.23	2.10869e-12
401   	600   	190.485		1.51986939946	0.903	0.331	1.11265e-12		1.49764835793	0.901	0.231	2.09413e-12
401   	600   	190.736		1.5203235081	0.903	0.332	1.10608e-12		1.49803646073	0.901	0.232	2.0797e-12
401   	600   	190.988		1.52077781874	0.903	0.333	1.09958e-12		1.49842488233	0.901	0.233	2.06541e-12
401   	600   	191.24		1.52123232888	0.903	0.334	1.09314e-12		1.49881362306	0.901	0.234	2.05126e-12
401   	600   	191.491		1.521687036 	0.902	0.335	1.08677e-12		1.4992026832	0.901	0.235	2.03724e-12
401   	600   	191.743		1.52214193755	0.902	0.337	1.08045e-12		1.49959206297	0.9	0.236	2.02335e-12
401   	600   	191.995		1.52259703092	0.902	0.338	1.07419e-12		1.49998176256	0.9	0.237	2.0096e-12
401   	600   	192.246		1.5230523135	0.902	0.339	1.068e-12		1.50037178206	0.9	0.238	1.99597e-12
401   	600   	192.498		1.5235077826	0.902	0.34	1.06186e-12		1.50076212156	0.9	0.239	1.98247e-12
401   	600   	192.75		1.52396343554	0.902	0.341	1.05578e-12		1.50115278106	0.899	0.24	1.9691e-12
401   	600   	193.001		1.52441926957	0.901	0.343	1.04976e-12		1.50154376051	0.899	0.241	1.95586e-12
401   	600   	193.253		1.52487528194	0.901	0.344	1.0438e-12		1.50193505983	0.899	0.242	1.94274e-12
401   	600   	193.505		1.52533146983	0.901	0.345	1.03789e-12		1.50232667888	0.899	0.243	1.92975e-12
401   	600   	193.756		1.52578783044	0.901	0.346	1.03204e-12		1.50271861745	0.898	0.244	1.91688e-12
401   	600   	194.008		1.52624436089	0.901	0.347	1.02624e-12		1.5031108753	0.898	0.245	1.90413e-12
401   	600   	194.26		1.52670105829	0.901	0.349	1.0205e-12		1.50350345213	0.898	0.246	1.8915e-12
401   	600   	194.511		1.52715791974	0.901	0.35	1.01482e-12		1.5038963476	0.898	0.247	1.87899e-12
401   	600   	194.763		1.52761494228	0.9	0.351	1.00918e-12		1.50428956132	0.898	0.247	1.86659e-12
401   	600   	195.015		1.52807212294	0.9	0.352	1.0036e-12		1.50468309283	0.897	0.248	1.85432e-12
401   	600   	195.266		1.52852945874	0.9	0.353	9.98076e-13		1.50507694164	0.897	0.249	1.84216e-12
401   	600   	195.518		1.52898694663	0.9	0.355	9.926e-13		1.50547110722	0.897	0.25	1.83011e-12
401   	600   	195.77		1.52944458358	0.9	0.356	9.87176e-13		1.50586558898	0.897	0.251	1.81818e-12
401   	600   	196.021		1.52990236651	0.9	0.357	9.81802e-13		1.50626038628	0.896	0.252	1.80635e-12
401   	600   	196.273		1.53036029232	0.9	0.358	9.76479e-13		1.50665549845	0.896	0.253	1.79464e-12
401   	600   	196.525		1.53081835791	0.899	0.359	9.71205e-13		1.50705092475	0.896	0.254	1.78304e-12
401   	600   	196.776		1.53127656012	0.899	0.361	9.6598e-13		1.50744666441	0.896	0.255	1.77155e-12
401   	600   	197.028		1.5317348958	0.899	0.362	9.60804e-13		1.50784271662	0.895	0.256	1.76017e-12
401   	600   	197.28		1.53219336177	0.899	0.363	9.55676e-13		1.50823908051	0.895	0.257	1.74889e-12
401   	600   	197.531		1.53265195482	0.899	0.364	9.50595e-13		1.50863575518	0.895	0.258	1.73772e-12
401   	600   	197.783		1.53311067173	0.899	0.365	9.45562e-13		1.50903273969	0.895	0.259	1.72665e-12
401   	600   	198.035		1.53356950928	0.899	0.366	9.40574e-13		1.50943003303	0.895	0.26	1.71569e-12
401   	600   	198.286		1.53402846419	0.898	0.368	9.35633e-13		1.50982763418	0.894	0.261	1.70483e-12
401   	600   	198.538		1.5344875332	0.898	0.369	9.30737e-13		1.51022554206	0.894	0.262	1.69406e-12
401   	700   	186.206		1.53800779334	0.902	0.388	9.89155e-13		1.50517660675	0.894	0.245	2.21345e-12
401   	700   	186.458		1.53850391311	0.902	0.389	9.84016e-13		1.50558968196	0.894	0.246	2.19874e-12
401   	700   	186.71		1.53900001775	0.902	0.391	9.78925e-13		1.50600301927	0.894	0.247	2.18418e-12
401   	700   	186.961		1.53949610385	0.902	0.392	9.73881e-13		1.50641661845	0.894	0.248	2.16975e-12
401   	700   	187.213		1.53999216799	0.902	0.393	9.68884e-13		1.5068304792	0.893	0.249	2.15546e-12
401   	700   	187.465		1.54048820673	0.902	0.394	9.63934e-13		1.50724460117	0.893	0.25	2.1413e-12
401   	700   	187.716		1.54098421663	0.901	0.396	9.5903e-13		1.50765898397	0.893	0.251	2.12728e-12
401   	700   	187.968		1.54148019422	0.901	0.397	9.54171e-13		1.50807362715	0.893	0.252	2.11338e-12
401   	700   	188.22		1.54197613602	0.901	0.398	9.49357e-13		1.50848853021	0.893	0.253	2.09962e-12
401   	700   	188.471		1.54247203856	0.901	0.399	9.44587e-13		1.50890369261	0.892	0.254	2.08599e-12
401   	700   	188.723		1.54296789833	0.901	0.401	9.39862e-13		1.50931911374	0.892	0.255	2.07248e-12
401   	700   	188.975		1.54346371182	0.901	0.402	9.35179e-13		1.50973479296	0.892	0.256	2.0591e-12
401   	700   	189.226		1.54395947553	0.901	0.403	9.3054e-13		1.51015072957	0.892	0.257	2.04585e-12
401   	700   	189.478		1.54445518592	0.901	0.404	9.25943e-13		1.51056692283	0.891	0.258	2.03272e-12
401   	700   	189.73		1.54495083946	0.901	0.406	9.21388e-13		1.51098337195	0.891	0.259	2.01971e-12
401   	700   	189.981		1.54544643261	0.901	0.407	9.16874e-13		1.51140007609	0.891	0.26	2.00683e-12
401   	700   	190.233		1.54594196182	0.901	0.408	9.12402e-13		1.51181703437	0.891	0.261	1.99406e-12
401   	700   	190.485		1.54643742355	0.9	0.409	9.0797e-13		1.51223424587	0.89	0.262	1.98142e-12
401   	700   	190.736		1.54693281423	0.9	0.41	9.03579e-13		1.51265170959	0.89	0.263	1.96889e-12
401   	700   	190.988		1.54742813031	0.9	0.412	8.99227e-13		1.51306942454	0.89	0.264	1.95648e-12
401   	700   	191.24		1.54792336821	0.9	0.413	8.94914e-13		1.51348738965	0.89	0.265	1.94418e-12
401   	700   	191.491		1.54841852437	0.9	0.414	8.9064e-13		1.51390560381	0.89	0.266	1.932e-12
401   	700   	191.743		1.54891359522	0.9	0.415	8.86405e-13		1.51432406587	0.889	0.267	1.91993e-12
401   	700   	191.995		1.54940857719	0.9	0.417	8.82207e-13		1.51474277466	0.889	0.268	1.90797e-12
401   	700   	192.246		1.54990346669	0.9	0.418	8.78048e-13		1.51516172893	0.889	0.269	1.89613e-12
401   	700   	192.498		1.55039826017	0.9	0.419	8.73925e-13		1.51558092741	0.889	0.27	1.88439e-12
401   	700   	192.75		1.55089295403	0.9	0.42	8.69839e-13		1.5160003688	0.888	0.271	1.87276e-12
401   	700   	193.001		1.55138754472	0.9	0.421	8.65789e-13		1.51642005174	0.888	0.272	1.86124e-12
401   	700   	193.253		1.55188202865	0.9	0.423	8.61776e-13		1.51683997484	0.888	0.273	1.84983e-12
401   	700   	193.505		1.55237640226	0.899	0.424	8.57798e-13		1.51726013668	0.888	0.274	1.83852e-12
401   	700   	193.756		1.55287066197	0.899	0.425	8.53855e-13		1.51768053579	0.887	0.275	1.82732e-12
401   	700   	194.008		1.55336480422	0.899	0.426	8.49947e-13		1.51810117066	0.887	0.276	1.81621e-12
401   	700   	194.26		1.55385882546	0.899	0.428	8.46073e-13		1.51852203975	0.887	0.277	1.80521e-12
401   	700   	194.511		1.55435272211	0.899	0.429	8.42233e-13		1.51894314149	0.887	0.278	1.79432e-12
401   	700   	194.763		1.55484649062	0.899	0.43	8.38427e-13		1.51936447427	0.887	0.279	1.78352e-12
401   	700   	195.015		1.55534012746	0.899	0.431	8.34654e-13		1.51978603644	0.886	0.28	1.77282e-12
401   	700   	195.266		1.55583362906	0.899	0.432	8.30914e-13		1.52020782631	0.886	0.281	1.76222e-12
401   	700   	195.518		1.55632699191	0.899	0.434	8.27207e-13		1.52062984218	0.886	0.282	1.75171e-12
401   	700   	195.77		1.55682021245	0.899	0.435	8.23532e-13		1.52105208229	0.886	0.283	1.7413e-12
401   	700   	196.021		1.55731328718	0.899	0.436	8.19889e-13		1.52147454486	0.885	0.284	1.73099e-12
401   	700   	196.273		1.55780621257	0.899	0.437	8.16277e-13		1.52189722808	0.885	0.285	1.72077e-12
401   	700   	196.525		1.55829898511	0.899	0.438	8.12696e-13		1.52232013012	0.885	0.286	1.71064e-12
401   	700   	196.776		1.5587916013	0.898	0.44	8.09147e-13		1.52274324908	0.885	0.287	1.70061e-12
401   	700   	197.028		1.55928405766	0.898	0.441	8.05627e-13		1.52316658307	0.884	0.288	1.69066e-12
401   	700   	197.28		1.55977635069	0.898	0.442	8.02138e-13		1.52359013015	0.884	0.289	1.68081e-12
401   	700   	197.531		1.56026847692	0.898	0.443	7.98679e-13		1.52401388836	0.884	0.29	1.67104e-12
401   	700   	197.783		1.5607604329	0.898	0.444	7.95249e-13		1.5244378557	0.884	0.291	1.66137e-12
401   	700   	198.035		1.56125221516	0.898	0.445	7.91849e-13		1.52486203016	0.884	0.292	1.65178e-12
401   	700   	198.286		1.56174382026	0.898	0.447	7.88477e-13		1.52528640968	0.883	0.293	1.64227e-12
401   	700   	198.538		1.56223524477	0.898	0.448	7.85134e-13		1.5257109922	0.883	0.294	1.63286e-12
401   	800   	186.206		1.56070430404	0.904	0.451	8.77999e-13		1.51740672342	0.886	0.269	2.1646e-12
401   	800   	186.458		1.56122246651	0.904	0.452	8.74162e-13		1.51784035065	0.886	0.27	2.15122e-12
401   	800   	186.71		1.56174035392	0.904	0.453	8.70359e-13		1.51827416445	0.885	0.271	2.13797e-12
401   	800   	186.961		1.56225796295	0.904	0.455	8.66589e-13		1.5187081636	0.885	0.272	2.12483e-12
401   	800   	187.213		1.5627752903	0.904	0.456	8.62852e-13		1.51914234687	0.885	0.273	2.11182e-12
401   	800   	187.465		1.56329233268	0.904	0.457	8.59147e-13		1.51957671297	0.885	0.274	2.09893e-12
401   	800   	187.716		1.56380908679	0.904	0.458	8.55475e-13		1.52001126059	0.884	0.275	2.08615e-12
401   	800   	187.968		1.56432554936	0.904	0.459	8.51834e-13		1.52044598835	0.884	0.276	2.07349e-12
401   	800   	188.22		1.56484171714	0.904	0.461	8.48224e-13		1.52088089487	0.884	0.277	2.06095e-12
401   	800   	188.471		1.56535758686	0.904	0.462	8.44645e-13		1.52131597871	0.884	0.278	2.04852e-12
401   	800   	188.723		1.56587315529	0.904	0.463	8.41097e-13		1.52175123839	0.883	0.279	2.0362e-12
401   	800   	188.975		1.56638841921	0.904	0.464	8.37579e-13		1.52218667241	0.883	0.28	2.024e-12
401   	800   	189.226		1.5669033754	0.904	0.465	8.34091e-13		1.52262227923	0.883	0.281	2.01191e-12
401   	800   	189.478		1.56741802066	0.904	0.467	8.30633e-13		1.52305805726	0.883	0.282	1.99993e-12
401   	800   	189.73		1.5679323518	0.904	0.468	8.27204e-13		1.52349400489	0.883	0.283	1.98806e-12
401   	800   	189.981		1.56844636565	0.903	0.469	8.23804e-13		1.52393012047	0.882	0.284	1.97629e-12
401   	800   	190.233		1.56896005906	0.903	0.47	8.20433e-13		1.52436640233	0.882	0.285	1.96463e-12
401   	800   	190.485		1.56947342889	0.903	0.471	8.1709e-13		1.52480284875	0.882	0.286	1.95308e-12
401   	800   	190.736		1.56998647199	0.903	0.473	8.13776e-13		1.52523945798	0.882	0.287	1.94163e-12
401   	800   	190.988		1.57049918528	0.903	0.474	8.10489e-13		1.52567622826	0.881	0.288	1.93029e-12
401   	800   	191.24		1.57101156564	0.903	0.475	8.0723e-13		1.52611315778	0.881	0.289	1.91904e-12
401   	800   	191.491		1.57152361  	0.903	0.476	8.03997e-13		1.52655024469	0.881	0.29	1.9079e-12
401   	800   	191.743		1.5720353153	0.903	0.477	8.00792e-13		1.52698748714	0.881	0.291	1.89686e-12
401   	800   	191.995		1.57254667849	0.903	0.479	7.97614e-13		1.52742488323	0.88	0.292	1.88592e-12
401   	800   	192.246		1.57305769654	0.903	0.48	7.94461e-13		1.52786243103	0.88	0.293	1.87507e-12
401   	800   	192.498		1.57356836644	0.903	0.481	7.91335e-13		1.5283001286	0.88	0.294	1.86433e-12
401   	800   	192.75		1.5740786852	0.903	0.482	7.88234e-13		1.52873797395	0.88	0.295	1.85368e-12
401   	800   	193.001		1.57458864983	0.903	0.483	7.85159e-13		1.5291759651	0.88	0.296	1.84312e-12
401   	800   	193.253		1.57509825738	0.903	0.484	7.8211e-13		1.52961409999	0.879	0.297	1.83266e-12
401   	800   	193.505		1.57560750491	0.903	0.486	7.79085e-13		1.53005237659	0.879	0.298	1.82229e-12
401   	800   	193.756		1.5761163895	0.903	0.487	7.76085e-13		1.5304907928	0.879	0.299	1.81202e-12
401   	800   	194.008		1.57662490824	0.903	0.488	7.73109e-13		1.53092934653	0.879	0.3	1.80183e-12
401   	800   	194.26		1.57713305825	0.903	0.489	7.70157e-13		1.53136803564	0.879	0.301	1.79174e-12
401   	800   	194.511		1.57764083667	0.903	0.49	7.6723e-13		1.53180685799	0.878	0.302	1.78173e-12
401   	800   	194.763		1.57814824065	0.903	0.491	7.64326e-13		1.5322458114	0.878	0.303	1.77181e-12
401   	800   	195.015		1.57865526736	0.903	0.492	7.61445e-13		1.53268489368	0.878	0.304	1.76198e-12
401   	800   	195.266		1.579161914 	0.903	0.494	7.58588e-13		1.53312410261	0.878	0.305	1.75224e-12
401   	800   	195.518		1.57966817778	0.903	0.495	7.55754e-13		1.53356343595	0.877	0.306	1.74258e-12
401   	800   	195.77		1.58017405593	0.903	0.496	7.52942e-13		1.53400289144	0.877	0.307	1.73301e-12
401   	800   	196.021		1.58067954572	0.903	0.497	7.50153e-13		1.5344424668	0.877	0.308	1.72352e-12
401   	800   	196.273		1.58118464441	0.903	0.498	7.47385e-13		1.53488215974	0.877	0.309	1.71412e-12
401   	800   	196.525		1.58168934929	0.903	0.499	7.4464e-13		1.53532196795	0.877	0.31	1.7048e-12
401   	800   	196.776		1.58219365769	0.903	0.5	7.41917e-13		1.53576188908	0.876	0.311	1.69556e-12
401   	800   	197.028		1.58269756694	0.903	0.502	7.39215e-13		1.53620192078	0.876	0.312	1.68639e-12
401   	800   	197.28		1.58320107439	0.903	0.503	7.36535e-13		1.53664206069	0.876	0.313	1.67731e-12
401   	800   	197.531		1.58370417743	0.903	0.504	7.33875e-13		1.53708230642	0.876	0.314	1.66831e-12
401   	800   	197.783		1.58420687345	0.903	0.505	7.31237e-13		1.53752265556	0.876	0.315	1.65939e-12
401   	800   	198.035		1.58470915987	0.903	0.506	7.28619e-13		1.53796310571	0.875	0.316	1.65054e-12
401   	800   	198.286		1.58521103414	0.903	0.507	7.26021e-13		1.53840365442	0.875	0.317	1.64177e-12
401   	800   	198.538		1.58571249372	0.903	0.508	7.23444e-13		1.53884429925	0.875	0.318	1.63308e-12
401   	1000  	186.206		1.59615047588	0.915	0.537	8.08868e-13		1.53694627666	0.873	0.302	2.21169e-12
401   	1000  	186.458		1.59667249323	0.916	0.538	8.0617e-13		1.53740105527	0.873	0.303	2.1995e-12
401   	1000  	186.71		1.59719388976	0.916	0.539	8.03494e-13		1.53785586452	0.873	0.304	2.18741e-12
401   	1000  	186.961		1.59771466397	0.916	0.54	8.00838e-13		1.53831070255	0.873	0.305	2.17543e-12
401   	1000  	187.213		1.59823481437	0.916	0.541	7.98202e-13		1.53876556749	0.873	0.306	2.16355e-12
401   	1000  	187.465		1.59875433948	0.916	0.542	7.95586e-13		1.53922045744	0.872	0.307	2.15177e-12
401   	1000  	187.716		1.59927323787	0.916	0.543	7.9299e-13		1.53967537047	0.872	0.308	2.1401e-12
401   	1000  	187.968		1.59979150811	0.916	0.544	7.90413e-13		1.54013030466	0.872	0.309	2.12852e-12
401   	1000  	188.22		1.60030914879	0.916	0.545	7.87856e-13		1.54058525805	0.872	0.31	2.11705e-12
401   	1000  	188.471		1.60082615854	0.916	0.547	7.85318e-13		1.54104022866	0.872	0.31	2.10567e-12
401   	1000  	188.723		1.60134253599	0.916	0.548	7.82798e-13		1.5414952145	0.871	0.311	2.09439e-12
401   	1000  	188.975		1.6018582798	0.916	0.549	7.80298e-13		1.54195021356	0.871	0.312	2.08321e-12
401   	1000  	189.226		1.60237338865	0.916	0.55	7.77816e-13		1.54240522381	0.871	0.313	2.07212e-12
401   	1000  	189.478		1.60288786125	0.916	0.551	7.75353e-13		1.54286024322	0.871	0.314	2.06113e-12
401   	1000  	189.73		1.60340169631	0.916	0.552	7.72908e-13		1.54331526971	0.871	0.315	2.05023e-12
401   	1000  	189.981		1.60391489257	0.916	0.553	7.70481e-13		1.54377030123	0.87	0.316	2.03942e-12
401   	1000  	190.233		1.60442744881	0.916	0.554	7.68072e-13		1.54422533567	0.87	0.317	2.0287e-12
401   	1000  	190.485		1.60493936379	0.916	0.555	7.6568e-13		1.54468037094	0.87	0.318	2.01808e-12
401   	1000  	190.736		1.60545063633	0.916	0.556	7.63306e-13		1.54513540491	0.87	0.319	2.00754e-12
401   	1000  	190.988		1.60596126526	0.916	0.557	7.60949e-13		1.54559043547	0.87	0.32	1.9971e-12
401   	1000  	191.24		1.60647124941	0.916	0.558	7.5861e-13		1.54604546045	0.869	0.321	1.98674e-12
401   	1000  	191.491		1.60698058766	0.916	0.559	7.56287e-13		1.54650047772	0.869	0.322	1.97647e-12
401   	1000  	191.743		1.60748927889	0.917	0.56	7.53982e-13		1.54695548509	0.869	0.323	1.96628e-12
401   	1000  	191.995		1.607997322 	0.917	0.561	7.51693e-13		1.5474104804	0.869	0.324	1.95618e-12
401   	1000  	192.246		1.60850471594	0.917	0.562	7.4942e-13		1.54786546144	0.869	0.325	1.94617e-12
401   	1000  	192.498		1.60901145963	0.917	0.563	7.47164e-13		1.54832042602	0.868	0.326	1.93624e-12
401   	1000  	192.75		1.60951755206	0.917	0.564	7.44924e-13		1.54877537192	0.868	0.327	1.92639e-12
401   	1000  	193.001		1.61002299221	0.917	0.565	7.427e-13		1.54923029693	0.868	0.328	1.91662e-12
401   	1000  	193.253		1.61052777908	0.917	0.566	7.40492e-13		1.5496851988	0.868	0.329	1.90693e-12
401   	1000  	193.505		1.61103191172	0.917	0.568	7.383e-13		1.55014007531	0.868	0.33	1.89733e-12
401   	1000  	193.756		1.61153538915	0.917	0.569	7.36123e-13		1.55059492419	0.867	0.331	1.8878e-12
401   	1000  	194.008		1.61203821047	0.917	0.57	7.33962e-13		1.5510497432	0.867	0.332	1.87836e-12
401   	1000  	194.26		1.61254037474	0.917	0.571	7.31816e-13		1.55150453007	0.867	0.333	1.86899e-12
401   	1000  	194.511		1.61304188109	0.917	0.572	7.29685e-13		1.55195928253	0.867	0.334	1.8597e-12
401   	1000  	194.763		1.61354272863	0.917	0.573	7.27569e-13		1.55241399828	0.867	0.335	1.85048e-12
401   	1000  	195.015		1.61404291652	0.917	0.574	7.25468e-13		1.55286867506	0.866	0.336	1.84134e-12
401   	1000  	195.266		1.61454244392	0.917	0.575	7.23381e-13		1.55332331057	0.866	0.337	1.83227e-12
401   	1000  	195.518		1.61504131001	0.917	0.576	7.21309e-13		1.55377790251	0.866	0.338	1.82328e-12
401   	1000  	195.77		1.61553951401	0.917	0.577	7.19252e-13		1.55423244856	0.866	0.339	1.81436e-12
401   	1000  	196.021		1.61603705514	0.917	0.578	7.17209e-13		1.55468694644	0.866	0.34	1.80552e-12
401   	1000  	196.273		1.61653393264	0.918	0.579	7.15179e-13		1.55514139381	0.865	0.341	1.79675e-12
401   	1000  	196.525		1.61703014577	0.918	0.58	7.13164e-13		1.55559578837	0.865	0.342	1.78804e-12
401   	1000  	196.776		1.61752569382	0.918	0.581	7.11163e-13		1.55605012779	0.865	0.343	1.77941e-12
401   	1000  	197.028		1.61802057609	0.918	0.582	7.09176e-13		1.55650440974	0.865	0.344	1.77085e-12
401   	1000  	197.28		1.61851479189	0.918	0.583	7.07202e-13		1.5569586319	0.865	0.345	1.76236e-12
401   	1000  	197.531		1.61900834057	0.918	0.583	7.05241e-13		1.55741279193	0.865	0.346	1.75393e-12
401   	1000  	197.783		1.61950122147	0.918	0.584	7.03294e-13		1.55786688749	0.864	0.347	1.74558e-12
401   	1000  	198.035		1.61999343398	0.918	0.585	7.01361e-13		1.55832091626	0.864	0.348	1.73729e-12
401   	1000  	198.286		1.62048497749	0.918	0.586	6.9944e-13		1.55877487588	0.864	0.349	1.72906e-12
401   	1000  	198.538		1.62097585141	0.918	0.587	6.97532e-13		1.55922876401	0.864	0.35	1.72091e-12
401   	1200  	186.206		1.62087437525	0.929	0.587	8.17879e-13		1.55133030458	0.866	0.322	2.3492e-12
401   	1200  	186.458		1.62137998386	0.929	0.588	8.15615e-13		1.55179140381	0.866	0.323	2.33723e-12
401   	1200  	186.71		1.6218848212	0.929	0.589	8.13367e-13		1.55225241817	0.865	0.324	2.32537e-12
401   	1200  	186.961		1.62238888728	0.929	0.59	8.11135e-13		1.55271334586	0.865	0.325	2.3136e-12
401   	1200  	187.213		1.62289218214	0.929	0.591	8.08918e-13		1.55317418513	0.865	0.326	2.30193e-12
401   	1200  	187.465		1.62339470583	0.929	0.592	8.06716e-13		1.55363493416	0.865	0.327	2.29036e-12
401   	1200  	187.716		1.62389645839	0.929	0.593	8.04529e-13		1.55409559117	0.865	0.328	2.27887e-12
401   	1200  	187.968		1.62439743992	0.929	0.594	8.02356e-13		1.55455615432	0.864	0.329	2.26749e-12
401   	1200  	188.22		1.6248976505	0.929	0.595	8.00199e-13		1.5550166218	0.864	0.33	2.25619e-12
401   	1200  	188.471		1.62539709023	0.93	0.596	7.98056e-13		1.55547699178	0.864	0.331	2.24499e-12
401   	1200  	188.723		1.62589575923	0.93	0.597	7.95928e-13		1.55593726241	0.864	0.332	2.23387e-12
401   	1200  	188.975		1.62639365763	0.93	0.598	7.93813e-13		1.55639743184	0.864	0.333	2.22285e-12
401   	1200  	189.226		1.62689078558	0.93	0.599	7.91714e-13		1.55685749821	0.863	0.334	2.21191e-12
401   	1200  	189.478		1.62738714323	0.93	0.6	7.89628e-13		1.55731745966	0.863	0.335	2.20107e-12
401   	1200  	189.73		1.62788273075	0.93	0.601	7.87556e-13		1.55777731431	0.863	0.335	2.19031e-12
401   	1200  	189.981		1.62837754834	0.93	0.602	7.85498e-13		1.55823706027	0.863	0.336	2.17963e-12
401   	1200  	190.233		1.62887159619	0.93	0.603	7.83453e-13		1.55869669566	0.863	0.337	2.16904e-12
401   	1200  	190.485		1.62936487452	0.93	0.604	7.81422e-13		1.55915621858	0.863	0.338	2.15854e-12
401   	1200  	190.736		1.62985738355	0.93	0.604	7.79404e-13		1.55961562712	0.862	0.339	2.14812e-12
401   	1200  	190.988		1.63034912351	0.93	0.605	7.774e-13		1.5600749194	0.862	0.34	2.13778e-12
401   	1200  	191.24		1.63084009467	0.93	0.606	7.75409e-13		1.56053409348	0.862	0.341	2.12753e-12
401   	1200  	191.491		1.63133029729	0.93	0.607	7.73431e-13		1.56099314745	0.862	0.342	2.11736e-12
401   	1200  	191.743		1.63181973164	0.931	0.608	7.71466e-13		1.56145207939	0.862	0.343	2.10726e-12
401   	1200  	191.995		1.63230839802	0.931	0.609	7.69514e-13		1.56191088737	0.861	0.344	2.09725e-12
401   	1200  	192.246		1.63279629673	0.931	0.61	7.67574e-13		1.56236956946	0.861	0.345	2.08732e-12
401   	1200  	192.498		1.63328342808	0.931	0.611	7.65647e-13		1.56282812372	0.861	0.346	2.07746e-12
401   	1200  	192.75		1.63376979241	0.931	0.612	7.63733e-13		1.56328654821	0.861	0.347	2.06768e-12
401   	1200  	193.001		1.63425539006	0.931	0.613	7.61831e-13		1.56374484099	0.861	0.348	2.05798e-12
401   	1200  	193.253		1.63474022137	0.931	0.614	7.59941e-13		1.56420300012	0.861	0.349	2.04836e-12
401   	1200  	193.505		1.63522428671	0.931	0.615	7.58063e-13		1.56466102365	0.86	0.35	2.03881e-12
401   	1200  	193.756		1.63570758647	0.931	0.615	7.56197e-13		1.56511890962	0.86	0.351	2.02933e-12
401   	1200  	194.008		1.63619012102	0.931	0.616	7.54344e-13		1.56557665609	0.86	0.352	2.01993e-12
401   	1200  	194.26		1.63667189078	0.931	0.617	7.52502e-13		1.56603426109	0.86	0.353	2.0106e-12
401   	1200  	194.511		1.63715289615	0.931	0.618	7.50671e-13		1.56649172268	0.86	0.354	2.00134e-12
401   	1200  	194.763		1.63763313756	0.932	0.619	7.48853e-13		1.5669490389	0.86	0.355	1.99216e-12
401   	1200  	195.015		1.63811261544	0.932	0.62	7.47046e-13		1.56740620778	0.859	0.356	1.98304e-12
401   	1200  	195.266		1.63859133025	0.932	0.621	7.4525e-13		1.56786322737	0.859	0.357	1.974e-12
401   	1200  	195.518		1.63906928243	0.932	0.622	7.43466e-13		1.5683200957	0.859	0.358	1.96503e-12
401   	1200  	195.77		1.63954647247	0.932	0.623	7.41693e-13		1.56877681083	0.859	0.358	1.95612e-12
401   	1200  	196.021		1.64002290084	0.932	0.623	7.39931e-13		1.56923337078	0.859	0.359	1.94729e-12
401   	1200  	196.273		1.64049856803	0.932	0.624	7.3818e-13		1.56968977361	0.859	0.36	1.93852e-12
401   	1200  	196.525		1.64097347454	0.932	0.625	7.3644e-13		1.57014601734	0.858	0.361	1.92982e-12
401   	1200  	196.776		1.6414476209	0.932	0.626	7.3471e-13		1.57060210002	0.858	0.362	1.92118e-12
401   	1200  	197.028		1.64192100762	0.932	0.627	7.32992e-13		1.5710580197	0.858	0.363	1.91261e-12
401   	1200  	197.28		1.64239363523	0.932	0.628	7.31284e-13		1.57151377442	0.858	0.364	1.90411e-12
401   	1200  	197.531		1.6428655043	0.932	0.629	7.29587e-13		1.57196936221	0.858	0.365	1.89567e-12
401   	1200  	197.783		1.64333661536	0.933	0.629	7.279e-13		1.57242478114	0.858	0.366	1.88729e-12
401   	1200  	198.035		1.64380696899	0.933	0.63	7.26223e-13		1.57288002925	0.857	0.367	1.87898e-12
401   	1200  	198.286		1.64427656576	0.933	0.631	7.24557e-13		1.57333510458	0.857	0.368	1.87073e-12
401   	1200  	198.538		1.64474540625	0.933	0.632	7.22901e-13		1.57379000519	0.857	0.369	1.86254e-12
401   	1400  	186.206		1.63827944013	0.941	0.618	8.57246e-13		1.56204548564	0.861	0.335	2.52783e-12
401   	1400  	186.458		1.63876531528	0.941	0.619	8.55164e-13		1.56250622208	0.86	0.336	2.51565e-12
401   	1400  	186.71		1.63925036748	0.941	0.62	8.53096e-13		1.56296679876	0.86	0.337	2.50356e-12
401   	1400  	186.961		1.63973459765	0.941	0.62	8.5104e-13		1.56342721417	0.86	0.338	2.49158e-12
401   	1400  	187.213		1.6402180067	0.941	0.621	8.48997e-13		1.56388746679	0.86	0.339	2.47968e-12
401   	1400  	187.465		1.64070059558	0.941	0.622	8.46968e-13		1.56434755509	0.86	0.34	2.46788e-12
401   	1400  	187.716		1.6411823652	0.941	0.623	8.44951e-13		1.56480747754	0.859	0.341	2.45617e-12
401   	1400  	187.968		1.64166331652	0.941	0.624	8.42947e-13		1.56526723261	0.859	0.342	2.44455e-12
401   	1400  	188.22		1.64214345049	0.941	0.625	8.40955e-13		1.56572681874	0.859	0.343	2.43302e-12
401   	1400  	188.471		1.64262276806	0.941	0.626	8.38976e-13		1.56618623439	0.859	0.344	2.42158e-12
401   	1400  	188.723		1.6431012702	0.941	0.627	8.37009e-13		1.56664547799	0.859	0.345	2.41023e-12
401   	1400  	188.975		1.64357895788	0.942	0.627	8.35055e-13		1.567104548 	0.859	0.345	2.39896e-12
401   	1400  	189.226		1.64405583208	0.942	0.628	8.33113e-13		1.56756344283	0.858	0.346	2.38779e-12
401   	1400  	189.478		1.64453189379	0.942	0.629	8.31182e-13		1.56802216091	0.858	0.347	2.3767e-12
401   	1400  	189.73		1.64500714399	0.942	0.63	8.29264e-13		1.56848070068	0.858	0.348	2.36569e-12
401   	1400  	189.981		1.64548158369	0.942	0.631	8.27358e-13		1.56893906054	0.858	0.349	2.35477e-12
401   	1400  	190.233		1.64595521389	0.942	0.632	8.25463e-13		1.56939723891	0.858	0.35	2.34393e-12
401   	1400  	190.485		1.64642803561	0.942	0.633	8.2358e-13		1.56985523421	0.858	0.351	2.33318e-12
401   	1400  	190.736		1.64690004985	0.942	0.633	8.21709e-13		1.57031304484	0.857	0.352	2.3225e-12
401   	1400  	190.988		1.64737125766	0.942	0.634	8.19849e-13		1.5707706692	0.857	0.353	2.31191e-12
401   	1400  	191.24		1.64784166005	0.942	0.635	8.18e-13		1.5712281057	0.857	0.354	2.3014e-12
401   	1400  	191.491		1.64831125807	0.942	0.636	8.16163e-13		1.57168535274	0.857	0.355	2.29097e-12
401   	1400  	191.743		1.64878005276	0.942	0.637	8.14337e-13		1.57214240871	0.857	0.356	2.28062e-12
401   	1400  	191.995		1.64924804517	0.943	0.638	8.12522e-13		1.572599272 	0.857	0.357	2.27034e-12
401   	1400  	192.246		1.64971523636	0.943	0.638	8.10718e-13		1.57305594101	0.856	0.358	2.26015e-12
401   	1400  	192.498		1.65018162739	0.943	0.639	8.08924e-13		1.57351241413	0.856	0.359	2.25003e-12
401   	1400  	192.75		1.65064721932	0.943	0.64	8.07142e-13		1.57396868975	0.856	0.36	2.23998e-12
401   	1400  	193.001		1.65111201323	0.943	0.641	8.0537e-13		1.57442476625	0.856	0.36	2.23002e-12
401   	1400  	193.253		1.6515760102	0.943	0.642	8.03609e-13		1.57488064203	0.856	0.361	2.22012e-12
401   	1400  	193.505		1.65203921132	0.943	0.642	8.01859e-13		1.57533631547	0.856	0.362	2.2103e-12
401   	1400  	193.756		1.65250161767	0.943	0.643	8.00118e-13		1.57579178495	0.856	0.363	2.20056e-12
401   	1400  	194.008		1.65296323035	0.943	0.644	7.98389e-13		1.57624704886	0.855	0.364	2.19088e-12
401   	1400  	194.26		1.65342405046	0.943	0.645	7.96669e-13		1.57670210559	0.855	0.365	2.18128e-12
401   	1400  	194.511		1.65388407911	0.943	0.646	7.9496e-13		1.57715695351	0.855	0.366	2.17175e-12
401   	1400  	194.763		1.65434331741	0.944	0.647	7.9326e-13		1.57761159102	0.855	0.367	2.16229e-12
401   	1400  	195.015		1.65480176648	0.944	0.647	7.91571e-13		1.57806601651	0.855	0.368	2.1529e-12
401   	1400  	195.266		1.65525942744	0.944	0.648	7.89892e-13		1.57852022835	0.855	0.369	2.14358e-12
401   	1400  	195.518		1.65571630142	0.944	0.649	7.88222e-13		1.57897422494	0.854	0.37	2.13433e-12
401   	1400  	195.77		1.65617238955	0.944	0.65	7.86563e-13		1.57942800467	0.854	0.371	2.12515e-12
401   	1400  	196.021		1.65662769296	0.944	0.651	7.84913e-13		1.57988156592	0.854	0.372	2.11603e-12
401   	1400  	196.273		1.65708221281	0.944	0.651	7.83272e-13		1.58033490708	0.854	0.373	2.10698e-12
401   	1400  	196.525		1.65753595023	0.944	0.652	7.81642e-13		1.58078802656	0.854	0.374	2.098e-12
401   	1400  	196.776		1.65798890639	0.944	0.653	7.8002e-13		1.58124092274	0.854	0.375	2.08908e-12
401   	1400  	197.028		1.65844108242	0.944	0.654	7.78408e-13		1.58169359403	0.854	0.375	2.08023e-12
401   	1400  	197.28		1.65889247951	0.944	0.654	7.76805e-13		1.58214603881	0.853	0.376	2.07144e-12
401   	1400  	197.531		1.6593430988	0.944	0.655	7.75212e-13		1.5825982555	0.853	0.377	2.06271e-12
401   	1400  	197.783		1.65979294148	0.945	0.656	7.73627e-13		1.5830502425	0.853	0.378	2.05405e-12
401   	1400  	198.035		1.66024200871	0.945	0.657	7.72052e-13		1.58350199821	0.853	0.379	2.04546e-12
401   	1400  	198.286		1.66069030168	0.945	0.658	7.70486e-13		1.58395352104	0.853	0.38	2.03692e-12
401   	1400  	198.538		1.66113782156	0.945	0.658	7.68929e-13		1.58440480941	0.853	0.381	2.02844e-12
