Effective Refractive Indices:
rel_box_size:     0.001
rel_grid_spacing: 20
rel_tolerance:    0
eigenvectors:     4
boundary cond:    0000
Wavelengths from 1.55 um to 1.55 um in 1 steps
Heights from 0.399 um to 0.401 um in 3 steps
Widths from 0.3 um to 1.4 um in 9 steps
height	width	frequency	Ex_n_eff		Ex_frac	Ex_core	Ex_A_eff		Ey_n_eff		Ey_frac	Ey_core	Ey_A_eff
399   	300   	186.206		1.43819781303	0.947	0.0724	7.89912e-12		1.44451362905	0.945	0.0972	4.4712e-12
399   	300   	186.458		1.43842837423	0.947	0.0727	7.83938e-12		1.4447699676	0.945	0.0976	4.43524e-12
399   	300   	186.71		1.43865874051	0.947	0.073	7.78005e-12		1.44502624317	0.945	0.0981	4.39954e-12
399   	300   	186.961		1.43888891691	0.947	0.0733	7.7211e-12		1.4452824612	0.945	0.0985	4.36411e-12
399   	300   	187.213		1.43911890842	0.947	0.0736	7.66254e-12		1.4455386271	0.944	0.0989	4.32895e-12
399   	300   	187.465		1.43934872003	0.947	0.0739	7.60437e-12		1.44579474628	0.944	0.0994	4.29406e-12
399   	300   	187.716		1.43957835672	0.946	0.0742	7.54658e-12		1.44605082411	0.944	0.0998	4.25942e-12
399   	300   	187.968		1.43980782343	0.946	0.0745	7.48918e-12		1.44630686595	0.944	0.1	4.22505e-12
399   	300   	188.22		1.44003712511	0.946	0.0748	7.43216e-12		1.44656287711	0.944	0.101	4.19095e-12
399   	300   	188.471		1.44026626665	0.946	0.0751	7.37552e-12		1.4468188629	0.944	0.101	4.1571e-12
399   	300   	188.723		1.44049525296	0.946	0.0754	7.31927e-12		1.44707482861	0.944	0.102	4.12351e-12
399   	300   	188.975		1.44072408891	0.946	0.0757	7.26339e-12		1.4473307795	0.944	0.102	4.09018e-12
399   	300   	189.226		1.44095277937	0.946	0.076	7.20789e-12		1.44758672081	0.944	0.103	4.0571e-12
399   	300   	189.478		1.44118132918	0.946	0.0763	7.15276e-12		1.44784265774	0.944	0.103	4.02428e-12
399   	300   	189.73		1.44140974315	0.946	0.0767	7.09801e-12		1.44809859548	0.943	0.103	3.99171e-12
399   	300   	189.981		1.44163802609	0.946	0.077	7.04362e-12		1.44835453922	0.943	0.104	3.95939e-12
399   	300   	190.233		1.44186618279	0.946	0.0773	6.98961e-12		1.44861049409	0.943	0.104	3.92733e-12
399   	300   	190.485		1.44209421802	0.946	0.0776	6.93597e-12		1.44886646521	0.943	0.105	3.89551e-12
399   	300   	190.736		1.44232213653	0.946	0.078	6.8827e-12		1.44912245768	0.943	0.105	3.86394e-12
399   	300   	190.988		1.44254994305	0.946	0.0783	6.82979e-12		1.44937847658	0.943	0.106	3.83262e-12
399   	300   	191.24		1.44277764231	0.945	0.0786	6.77725e-12		1.44963452696	0.943	0.106	3.80154e-12
399   	300   	191.491		1.44300523899	0.945	0.0789	6.72507e-12		1.44989061385	0.943	0.107	3.77071e-12
399   	300   	191.743		1.44323273779	0.945	0.0793	6.67325e-12		1.45014674225	0.943	0.107	3.74012e-12
399   	300   	191.995		1.44346014336	0.945	0.0796	6.62179e-12		1.45040291716	0.942	0.108	3.70977e-12
399   	300   	192.246		1.44368746036	0.945	0.0799	6.57069e-12		1.45065914353	0.942	0.108	3.67966e-12
399   	300   	192.498		1.44391469342	0.945	0.0803	6.51995e-12		1.45091542629	0.942	0.109	3.64979e-12
399   	300   	192.75		1.44414184714	0.945	0.0806	6.46956e-12		1.45117177036	0.942	0.109	3.62015e-12
399   	300   	193.001		1.44436892613	0.945	0.0809	6.41952e-12		1.45142818064	0.942	0.11	3.59076e-12
399   	300   	193.253		1.44459593496	0.945	0.0813	6.36984e-12		1.45168466197	0.942	0.11	3.56159e-12
399   	300   	193.505		1.44482287819	0.945	0.0816	6.32051e-12		1.45194121921	0.942	0.111	3.53266e-12
399   	300   	193.756		1.44504976038	0.945	0.082	6.27152e-12		1.45219785718	0.942	0.111	3.50396e-12
399   	300   	194.008		1.44527658605	0.945	0.0823	6.22289e-12		1.45245458068	0.942	0.112	3.47549e-12
399   	300   	194.26		1.4455033597	0.944	0.0827	6.17459e-12		1.45271139446	0.941	0.112	3.44725e-12
399   	300   	194.511		1.44573008584	0.944	0.083	6.12665e-12		1.45296830328	0.941	0.113	3.41924e-12
399   	300   	194.763		1.44595676895	0.944	0.0834	6.07904e-12		1.45322531187	0.941	0.113	3.39145e-12
399   	300   	195.015		1.44618341348	0.944	0.0837	6.03178e-12		1.45348242491	0.941	0.114	3.36389e-12
399   	300   	195.266		1.44641002388	0.944	0.0841	5.98485e-12		1.4537396471	0.941	0.114	3.33655e-12
399   	300   	195.518		1.44663660458	0.944	0.0844	5.93826e-12		1.45399698307	0.941	0.115	3.30944e-12
399   	300   	195.77		1.44686315998	0.944	0.0848	5.89201e-12		1.45425443745	0.941	0.115	3.28254e-12
399   	300   	196.021		1.44708969449	0.944	0.0852	5.84609e-12		1.45451201485	0.941	0.116	3.25587e-12
399   	300   	196.273		1.44731621249	0.944	0.0855	5.80051e-12		1.45476971984	0.94	0.116	3.22941e-12
399   	300   	196.525		1.44754271832	0.944	0.0859	5.75525e-12		1.45502755698	0.94	0.117	3.20317e-12
399   	300   	196.776		1.44776921634	0.944	0.0863	5.71033e-12		1.45528553079	0.94	0.117	3.17715e-12
399   	300   	197.028		1.44799571088	0.943	0.0866	5.66573e-12		1.45554364577	0.94	0.118	3.15134e-12
399   	300   	197.28		1.44822220625	0.943	0.087	5.62146e-12		1.4558019064	0.94	0.118	3.12574e-12
399   	300   	197.531		1.44844870674	0.943	0.0874	5.57752e-12		1.45606031714	0.94	0.119	3.10035e-12
399   	300   	197.783		1.44867521663	0.943	0.0877	5.53389e-12		1.45631888241	0.94	0.119	3.07518e-12
399   	300   	198.035		1.44890174018	0.943	0.0881	5.49059e-12		1.45657760662	0.94	0.12	3.05021e-12
399   	300   	198.286		1.44912828164	0.943	0.0885	5.44761e-12		1.45683649413	0.939	0.121	3.02545e-12
399   	300   	198.538		1.44935484524	0.943	0.0889	5.40495e-12		1.4570955493	0.939	0.121	3.0009e-12
399   	400   	186.206		1.46488326345	0.926	0.146	2.93152e-12		1.46478958096	0.926	0.145	2.94629e-12
399   	400   	186.458		1.46520586423	0.926	0.146	2.90737e-12		1.46511177808	0.926	0.146	2.92201e-12
399   	400   	186.71		1.46552871417	0.926	0.147	2.88344e-12		1.46543422295	0.926	0.147	2.89796e-12
399   	400   	186.961		1.46585181809	0.926	0.148	2.85973e-12		1.46575692039	0.926	0.147	2.87413e-12
399   	400   	187.213		1.46617518074	0.925	0.148	2.83623e-12		1.46607987516	0.925	0.148	2.85051e-12
399   	400   	187.465		1.46649880685	0.925	0.149	2.81295e-12		1.466403092 	0.925	0.149	2.82711e-12
399   	400   	187.716		1.46682270107	0.925	0.15	2.78988e-12		1.46672657557	0.925	0.149	2.80392e-12
399   	400   	187.968		1.46714686804	0.925	0.151	2.76702e-12		1.46705033051	0.925	0.15	2.78094e-12
399   	400   	188.22		1.46747131231	0.925	0.151	2.74436e-12		1.46737436138	0.925	0.151	2.75817e-12
399   	400   	188.471		1.4677960384	0.925	0.152	2.72192e-12		1.46769867272	0.925	0.152	2.73561e-12
399   	400   	188.723		1.46812105079	0.924	0.153	2.69968e-12		1.46802326899	0.924	0.152	2.71326e-12
399   	400   	188.975		1.46844635389	0.924	0.153	2.67765e-12		1.46834815464	0.924	0.153	2.69111e-12
399   	400   	189.226		1.46877195206	0.924	0.154	2.65582e-12		1.46867333403	0.924	0.154	2.66917e-12
399   	400   	189.478		1.46909784964	0.924	0.155	2.63419e-12		1.4689988115	0.924	0.154	2.64743e-12
399   	400   	189.73		1.46942405089	0.924	0.155	2.61276e-12		1.46932459131	0.924	0.155	2.62589e-12
399   	400   	189.981		1.46975056002	0.923	0.156	2.59153e-12		1.46965067771	0.923	0.156	2.60455e-12
399   	400   	190.233		1.4700773812	0.923	0.157	2.57049e-12		1.46997707486	0.923	0.157	2.5834e-12
399   	400   	190.485		1.47040451856	0.923	0.158	2.54965e-12		1.47030378689	0.923	0.157	2.56245e-12
399   	400   	190.736		1.47073197615	0.923	0.158	2.52901e-12		1.47063081788	0.923	0.158	2.5417e-12
399   	400   	190.988		1.47105975799	0.923	0.159	2.50855e-12		1.47095817185	0.923	0.159	2.52114e-12
399   	400   	191.24		1.47138786804	0.922	0.16	2.48829e-12		1.47128585277	0.922	0.159	2.50077e-12
399   	400   	191.491		1.47171631021	0.922	0.161	2.46821e-12		1.47161386457	0.922	0.16	2.48059e-12
399   	400   	191.743		1.47204508837	0.922	0.161	2.44832e-12		1.47194221112	0.922	0.161	2.46059e-12
399   	400   	191.995		1.47237420632	0.922	0.162	2.42862e-12		1.47227089623	0.922	0.162	2.44079e-12
399   	400   	192.246		1.47270366782	0.922	0.163	2.4091e-12		1.47259992367	0.922	0.162	2.42117e-12
399   	400   	192.498		1.47303347657	0.921	0.164	2.38976e-12		1.47292929716	0.921	0.163	2.40173e-12
399   	400   	192.75		1.47336363623	0.921	0.164	2.37061e-12		1.47325902036	0.921	0.164	2.38247e-12
399   	400   	193.001		1.47369415038	0.921	0.165	2.35163e-12		1.47358909688	0.921	0.165	2.3634e-12
399   	400   	193.253		1.47402502259	0.921	0.166	2.33283e-12		1.47391953027	0.921	0.165	2.3445e-12
399   	400   	193.505		1.47435625634	0.921	0.167	2.31421e-12		1.47425032406	0.921	0.166	2.32578e-12
399   	400   	193.756		1.47468785507	0.92	0.167	2.29577e-12		1.47458148168	0.92	0.167	2.30724e-12
399   	400   	194.008		1.47501982218	0.92	0.168	2.2775e-12		1.47491300654	0.92	0.168	2.28887e-12
399   	400   	194.26		1.47535216099	0.92	0.169	2.2594e-12		1.47524490198	0.92	0.168	2.27068e-12
399   	400   	194.511		1.4756848748	0.92	0.17	2.24147e-12		1.47557717131	0.92	0.169	2.25265e-12
399   	400   	194.763		1.47601796683	0.92	0.17	2.22371e-12		1.47590981776	0.92	0.17	2.2348e-12
399   	400   	195.015		1.47635144026	0.919	0.171	2.20612e-12		1.47624284453	0.919	0.171	2.21711e-12
399   	400   	195.266		1.4766852982	0.919	0.172	2.18869e-12		1.47657625474	0.919	0.172	2.1996e-12
399   	400   	195.518		1.47701954373	0.919	0.173	2.17143e-12		1.47691005147	0.919	0.172	2.18224e-12
399   	400   	195.77		1.47735417987	0.919	0.174	2.15434e-12		1.47724423777	0.919	0.173	2.16506e-12
399   	400   	196.021		1.47768920957	0.918	0.174	2.1374e-12		1.4775788166	0.919	0.174	2.14803e-12
399   	400   	196.273		1.47802463574	0.918	0.175	2.12063e-12		1.47791379088	0.918	0.175	2.13117e-12
399   	400   	196.525		1.47836046123	0.918	0.176	2.10401e-12		1.47824916348	0.918	0.176	2.11447e-12
399   	400   	196.776		1.47869668886	0.918	0.177	2.08756e-12		1.47858493722	0.918	0.176	2.09792e-12
399   	400   	197.028		1.47903332135	0.918	0.178	2.07126e-12		1.47892111485	0.918	0.177	2.08154e-12
399   	400   	197.28		1.4793703614	0.917	0.178	2.05512e-12		1.47925769908	0.917	0.178	2.06531e-12
399   	400   	197.531		1.47970781165	0.917	0.179	2.03913e-12		1.47959469256	0.917	0.179	2.04923e-12
399   	400   	197.783		1.48004567469	0.917	0.18	2.02329e-12		1.47993209789	0.917	0.18	2.03331e-12
399   	400   	198.035		1.48038395304	0.917	0.181	2.0076e-12		1.48026991761	0.917	0.18	2.01754e-12
399   	400   	198.286		1.48072264917	0.917	0.182	1.99207e-12		1.48060815421	0.917	0.181	2.00192e-12
399   	400   	198.538		1.48106176551	0.916	0.182	1.97668e-12		1.48094681014	0.916	0.182	1.98645e-12
399   	500   	186.206		1.49610919102	0.906	0.24	1.53572e-12		1.48428323978	0.909	0.19	2.33149e-12
399   	500   	186.458		1.49653681486	0.906	0.241	1.52448e-12		1.48466579412	0.908	0.191	2.3134e-12
399   	500   	186.71		1.49696486874	0.906	0.242	1.51335e-12		1.48504874409	0.908	0.192	2.29549e-12
399   	500   	186.961		1.49739335322	0.906	0.243	1.50234e-12		1.48543209224	0.908	0.193	2.27776e-12
399   	500   	187.213		1.49782226879	0.905	0.244	1.49144e-12		1.48581584101	0.908	0.193	2.2602e-12
399   	500   	187.465		1.49825161584	0.905	0.245	1.48065e-12		1.48619999281	0.907	0.194	2.24281e-12
399   	500   	187.716		1.49868139472	0.905	0.246	1.46996e-12		1.48658454996	0.907	0.195	2.22559e-12
399   	500   	187.968		1.49911160569	0.905	0.247	1.45939e-12		1.48696951471	0.907	0.196	2.20854e-12
399   	500   	188.22		1.49954224892	0.904	0.248	1.44892e-12		1.48735488926	0.907	0.197	2.19166e-12
399   	500   	188.471		1.49997332452	0.904	0.249	1.43856e-12		1.48774067572	0.906	0.198	2.17494e-12
399   	500   	188.723		1.50040483254	0.904	0.25	1.4283e-12		1.48812687614	0.906	0.199	2.15839e-12
399   	500   	188.975		1.50083677294	0.904	0.251	1.41815e-12		1.48851349252	0.906	0.2	2.14199e-12
399   	500   	189.226		1.5012691456	0.904	0.253	1.40809e-12		1.48890052675	0.906	0.201	2.12576e-12
399   	500   	189.478		1.50170195035	0.903	0.254	1.39814e-12		1.4892879807	0.906	0.201	2.10968e-12
399   	500   	189.73		1.50213518693	0.903	0.255	1.38829e-12		1.48967585615	0.905	0.202	2.09377e-12
399   	500   	189.981		1.50256885503	0.903	0.256	1.37854e-12		1.4900641548	0.905	0.203	2.07801e-12
399   	500   	190.233		1.50300295426	0.903	0.257	1.36889e-12		1.49045287831	0.905	0.204	2.0624e-12
399   	500   	190.485		1.50343748414	0.902	0.258	1.35933e-12		1.49084202826	0.905	0.205	2.04695e-12
399   	500   	190.736		1.50387244416	0.902	0.259	1.34987e-12		1.49123160615	0.904	0.206	2.03164e-12
399   	500   	190.988		1.50430783371	0.902	0.26	1.34051e-12		1.49162161344	0.904	0.207	2.01649e-12
399   	500   	191.24		1.50474365213	0.902	0.261	1.33124e-12		1.4920120515	0.904	0.208	2.00149e-12
399   	500   	191.491		1.50517989868	0.901	0.262	1.32206e-12		1.49240292165	0.904	0.209	1.98663e-12
399   	500   	191.743		1.50561657257	0.901	0.263	1.31298e-12		1.49279422515	0.903	0.209	1.97192e-12
399   	500   	191.995		1.50605367294	0.901	0.264	1.30399e-12		1.49318596317	0.903	0.21	1.95735e-12
399   	500   	192.246		1.50649119884	0.901	0.266	1.29508e-12		1.49357813683	0.903	0.211	1.94293e-12
399   	500   	192.498		1.5069291493	0.901	0.267	1.28627e-12		1.49397074719	0.903	0.212	1.92865e-12
399   	500   	192.75		1.50736752324	0.9	0.268	1.27754e-12		1.49436379524	0.902	0.213	1.9145e-12
399   	500   	193.001		1.50780631956	0.9	0.269	1.2689e-12		1.49475728189	0.902	0.214	1.9005e-12
399   	500   	193.253		1.50824553707	0.9	0.27	1.26035e-12		1.49515120802	0.902	0.215	1.88663e-12
399   	500   	193.505		1.50868517451	0.9	0.271	1.25189e-12		1.49554557441	0.902	0.216	1.8729e-12
399   	500   	193.756		1.5091252306	0.9	0.272	1.2435e-12		1.49594038181	0.901	0.217	1.85931e-12
399   	500   	194.008		1.50956570396	0.899	0.273	1.23521e-12		1.49633563088	0.901	0.218	1.84585e-12
399   	500   	194.26		1.51000659316	0.899	0.274	1.22699e-12		1.49673132222	0.901	0.219	1.83251e-12
399   	500   	194.511		1.51044789672	0.899	0.275	1.21886e-12		1.4971274564	0.901	0.22	1.81931e-12
399   	500   	194.763		1.5108896131	0.899	0.277	1.21081e-12		1.49752403388	0.9	0.221	1.80624e-12
399   	500   	195.015		1.51133174069	0.898	0.278	1.20283e-12		1.49792105509	0.9	0.222	1.7933e-12
399   	500   	195.266		1.51177427785	0.898	0.279	1.19494e-12		1.49831852039	0.9	0.222	1.78049e-12
399   	500   	195.518		1.51221722284	0.898	0.28	1.18713e-12		1.49871643007	0.9	0.223	1.7678e-12
399   	500   	195.77		1.51266057392	0.898	0.281	1.17939e-12		1.49911478439	0.899	0.224	1.75523e-12
399   	500   	196.021		1.51310432925	0.898	0.282	1.17173e-12		1.49951358351	0.899	0.225	1.74279e-12
399   	500   	196.273		1.51354848695	0.897	0.283	1.16415e-12		1.49991282755	0.899	0.226	1.73047e-12
399   	500   	196.525		1.5139930451	0.897	0.284	1.15664e-12		1.50031251657	0.899	0.227	1.71827e-12
399   	500   	196.776		1.51443800171	0.897	0.286	1.1492e-12		1.50071265058	0.898	0.228	1.70618e-12
399   	500   	197.028		1.51488335475	0.897	0.287	1.14184e-12		1.50111322951	0.898	0.229	1.69422e-12
399   	500   	197.28		1.51532910212	0.896	0.288	1.13455e-12		1.50151425324	0.898	0.23	1.68238e-12
399   	500   	197.531		1.5157752417	0.896	0.289	1.12734e-12		1.5019157216	0.898	0.231	1.67065e-12
399   	500   	197.783		1.5162217713	0.896	0.29	1.12019e-12		1.50231763436	0.897	0.232	1.65903e-12
399   	500   	198.035		1.51666868868	0.896	0.291	1.11311e-12		1.50271999123	0.897	0.233	1.64753e-12
399   	500   	198.286		1.51711599156	0.896	0.292	1.10611e-12		1.50312279185	0.897	0.234	1.63614e-12
399   	500   	198.538		1.51756367761	0.895	0.293	1.09917e-12		1.50352603584	0.897	0.235	1.62486e-12
399   	600   	186.206		1.52802819812	0.895	0.334	1.05731e-12		1.50199775985	0.894	0.227	2.07108e-12
399   	600   	186.458		1.52853633387	0.894	0.335	1.051e-12		1.50242695719	0.894	0.228	2.05635e-12
399   	600   	186.71		1.52904469847	0.894	0.336	1.04475e-12		1.502856548 	0.893	0.229	2.04176e-12
399   	600   	186.961		1.52955328844	0.894	0.338	1.03856e-12		1.5032865324	0.893	0.23	2.02732e-12
399   	600   	187.213		1.53006210029	0.894	0.339	1.03243e-12		1.50371691047	0.893	0.231	2.01302e-12
399   	600   	187.465		1.53057113046	0.894	0.34	1.02637e-12		1.5041476822	0.893	0.232	1.99886e-12
399   	600   	187.716		1.53108037538	0.894	0.341	1.02036e-12		1.50457884753	0.892	0.233	1.98484e-12
399   	600   	187.968		1.53158983142	0.893	0.343	1.01441e-12		1.50501040633	0.892	0.234	1.97096e-12
399   	600   	188.22		1.53209949491	0.893	0.344	1.00852e-12		1.50544235841	0.892	0.235	1.95722e-12
399   	600   	188.471		1.53260936218	0.893	0.345	1.00269e-12		1.50587470351	0.892	0.236	1.9436e-12
399   	600   	188.723		1.53311942948	0.893	0.346	9.96915e-13		1.50630744132	0.891	0.237	1.93013e-12
399   	600   	188.975		1.53362969306	0.893	0.348	9.91197e-13		1.50674057143	0.891	0.238	1.91678e-12
399   	600   	189.226		1.53414014911	0.893	0.349	9.85535e-13		1.50717409342	0.891	0.239	1.90357e-12
399   	600   	189.478		1.53465079381	0.892	0.35	9.79929e-13		1.50760800677	0.891	0.24	1.89048e-12
399   	600   	189.73		1.53516162329	0.892	0.351	9.74377e-13		1.50804231092	0.89	0.241	1.87752e-12
399   	600   	189.981		1.53567263368	0.892	0.352	9.68879e-13		1.50847700524	0.89	0.242	1.86469e-12
399   	600   	190.233		1.53618382104	0.892	0.354	9.63434e-13		1.50891208904	0.89	0.243	1.85199e-12
399   	600   	190.485		1.53669518144	0.892	0.355	9.58042e-13		1.50934756157	0.889	0.244	1.83941e-12
399   	600   	190.736		1.5372067109	0.892	0.356	9.52703e-13		1.50978342203	0.889	0.245	1.82695e-12
399   	600   	190.988		1.53771840542	0.892	0.357	9.47415e-13		1.51021966955	0.889	0.246	1.81461e-12
399   	600   	191.24		1.53823026098	0.891	0.359	9.42178e-13		1.51065630322	0.889	0.247	1.80239e-12
399   	600   	191.491		1.53874227352	0.891	0.36	9.36991e-13		1.51109332205	0.888	0.248	1.7903e-12
399   	600   	191.743		1.53925443898	0.891	0.361	9.31855e-13		1.51153072502	0.888	0.249	1.77832e-12
399   	600   	191.995		1.53976675327	0.891	0.362	9.26768e-13		1.51196851103	0.888	0.25	1.76645e-12
399   	600   	192.246		1.54027921226	0.891	0.364	9.21729e-13		1.51240667895	0.888	0.251	1.7547e-12
399   	600   	192.498		1.54079181182	0.891	0.365	9.16739e-13		1.51284522757	0.887	0.252	1.74307e-12
399   	600   	192.75		1.5413045478	0.89	0.366	9.11796e-13		1.51328415564	0.887	0.253	1.73155e-12
399   	600   	193.001		1.54181741602	0.89	0.367	9.069e-13		1.51372346185	0.887	0.254	1.72014e-12
399   	600   	193.253		1.5423304123	0.89	0.369	9.02051e-13		1.51416314487	0.887	0.255	1.70884e-12
399   	600   	193.505		1.54284353241	0.89	0.37	8.97248e-13		1.51460320326	0.886	0.256	1.69765e-12
399   	600   	193.756		1.54335677215	0.89	0.371	8.92491e-13		1.51504363558	0.886	0.257	1.68657e-12
399   	600   	194.008		1.54387012726	0.89	0.372	8.87778e-13		1.51548444032	0.886	0.258	1.67559e-12
399   	600   	194.26		1.5443835935	0.89	0.373	8.8311e-13		1.51592561592	0.886	0.259	1.66472e-12
399   	600   	194.511		1.5448971666	0.889	0.375	8.78486e-13		1.51636716078	0.885	0.26	1.65396e-12
399   	600   	194.763		1.54541084228	0.889	0.376	8.73905e-13		1.51680907323	0.885	0.261	1.6433e-12
399   	600   	195.015		1.54592461624	0.889	0.377	8.69368e-13		1.51725135157	0.885	0.262	1.63274e-12
399   	600   	195.266		1.54643848419	0.889	0.378	8.64872e-13		1.51769399406	0.885	0.263	1.62229e-12
399   	600   	195.518		1.54695244181	0.889	0.38	8.60419e-13		1.51813699889	0.884	0.264	1.61193e-12
399   	600   	195.77		1.54746648477	0.889	0.381	8.56008e-13		1.51858036423	0.884	0.265	1.60167e-12
399   	600   	196.021		1.54798060876	0.889	0.382	8.51637e-13		1.5190240882	0.884	0.266	1.59151e-12
399   	600   	196.273		1.54849480942	0.888	0.383	8.47307e-13		1.51946816885	0.884	0.267	1.58145e-12
399   	600   	196.525		1.54900908242	0.888	0.385	8.43018e-13		1.51991260421	0.883	0.268	1.57149e-12
399   	600   	196.776		1.5495234234	0.888	0.386	8.38767e-13		1.52035739227	0.883	0.269	1.56162e-12
399   	600   	197.028		1.550037828 	0.888	0.387	8.34557e-13		1.52080253097	0.883	0.27	1.55184e-12
399   	600   	197.28		1.55055229186	0.888	0.388	8.30385e-13		1.52124801821	0.883	0.271	1.54216e-12
399   	600   	197.531		1.55106681062	0.888	0.389	8.26251e-13		1.52169385184	0.882	0.272	1.53257e-12
399   	600   	197.783		1.5515813799	0.888	0.391	8.22155e-13		1.52214002968	0.882	0.273	1.52307e-12
399   	600   	198.035		1.55209599532	0.888	0.392	8.18097e-13		1.52258654952	0.882	0.274	1.51366e-12
399   	600   	198.286		1.55261065252	0.887	0.393	8.14076e-13		1.52303340909	0.882	0.275	1.50434e-12
399   	600   	198.538		1.55312534712	0.887	0.394	8.10091e-13		1.52348060609	0.881	0.276	1.49511e-12
399   	700   	186.206		1.55735946163	0.892	0.414	8.64476e-13		1.51752850198	0.882	0.257	1.97008e-12
399   	700   	186.458		1.55791252299	0.892	0.415	8.60279e-13		1.51799014826	0.882	0.258	1.95722e-12
399   	700   	186.71		1.55846547036	0.892	0.417	8.56121e-13		1.51845210675	0.882	0.259	1.94448e-12
399   	700   	186.961		1.55901829921	0.892	0.418	8.52002e-13		1.51891437594	0.881	0.26	1.93186e-12
399   	700   	187.213		1.55957100507	0.892	0.419	8.4792e-13		1.51937695429	0.881	0.261	1.91937e-12
399   	700   	187.465		1.56012358342	0.892	0.42	8.43877e-13		1.5198398402	0.881	0.262	1.907e-12
399   	700   	187.716		1.56067602978	0.892	0.422	8.3987e-13		1.52030303201	0.881	0.263	1.89474e-12
399   	700   	187.968		1.56122833965	0.892	0.423	8.359e-13		1.52076652801	0.88	0.264	1.8826e-12
399   	700   	188.22		1.56178050857	0.892	0.424	8.31966e-13		1.52123032647	0.88	0.265	1.87058e-12
399   	700   	188.471		1.56233253205	0.892	0.425	8.28068e-13		1.52169442557	0.88	0.266	1.85867e-12
399   	700   	188.723		1.56288440563	0.891	0.427	8.24205e-13		1.52215882347	0.88	0.267	1.84688e-12
399   	700   	188.975		1.56343612485	0.891	0.428	8.20378e-13		1.52262351828	0.879	0.268	1.8352e-12
399   	700   	189.226		1.56398768526	0.891	0.429	8.16585e-13		1.52308850807	0.879	0.269	1.82363e-12
399   	700   	189.478		1.56453908241	0.891	0.43	8.12827e-13		1.52355379085	0.879	0.27	1.81217e-12
399   	700   	189.73		1.56509031188	0.891	0.432	8.09102e-13		1.52401936459	0.879	0.271	1.80082e-12
399   	700   	189.981		1.56564136925	0.891	0.433	8.05411e-13		1.52448522722	0.878	0.272	1.78958e-12
399   	700   	190.233		1.5661922501	0.891	0.434	8.01753e-13		1.52495137664	0.878	0.273	1.77844e-12
399   	700   	190.485		1.56674295004	0.891	0.435	7.98128e-13		1.52541781068	0.878	0.274	1.76741e-12
399   	700   	190.736		1.56729346468	0.891	0.437	7.94535e-13		1.52588452716	0.878	0.275	1.75649e-12
399   	700   	190.988		1.56784378965	0.891	0.438	7.90974e-13		1.52635152383	0.877	0.276	1.74567e-12
399   	700   	191.24		1.56839392059	0.891	0.439	7.87445e-13		1.52681879841	0.877	0.277	1.73495e-12
399   	700   	191.491		1.56894385315	0.891	0.44	7.83947e-13		1.52728634861	0.877	0.278	1.72433e-12
399   	700   	191.743		1.56949358301	0.891	0.442	7.8048e-13		1.52775417205	0.877	0.279	1.71381e-12
399   	700   	191.995		1.57004310584	0.891	0.443	7.77043e-13		1.52822226636	0.876	0.28	1.70339e-12
399   	700   	192.246		1.57059241734	0.89	0.444	7.73637e-13		1.52869062911	0.876	0.281	1.69307e-12
399   	700   	192.498		1.57114151324	0.89	0.445	7.70261e-13		1.52915925782	0.876	0.282	1.68285e-12
399   	700   	192.75		1.57169038926	0.89	0.447	7.66914e-13		1.52962815002	0.876	0.283	1.67272e-12
399   	700   	193.001		1.57223904114	0.89	0.448	7.63597e-13		1.53009730315	0.875	0.284	1.66268e-12
399   	700   	193.253		1.57278746466	0.89	0.449	7.60308e-13		1.53056671466	0.875	0.286	1.65274e-12
399   	700   	193.505		1.57333565559	0.89	0.45	7.57048e-13		1.53103638194	0.875	0.287	1.6429e-12
399   	700   	193.756		1.57388360974	0.89	0.451	7.53816e-13		1.53150630237	0.875	0.288	1.63314e-12
399   	700   	194.008		1.57443132293	0.89	0.453	7.50613e-13		1.53197647328	0.874	0.289	1.62348e-12
399   	700   	194.26		1.57497879099	0.89	0.454	7.47437e-13		1.53244689197	0.874	0.29	1.6139e-12
399   	700   	194.511		1.57552600979	0.89	0.455	7.44288e-13		1.53291755572	0.874	0.291	1.60442e-12
399   	700   	194.763		1.57607297519	0.89	0.456	7.41166e-13		1.53338846178	0.874	0.292	1.59502e-12
399   	700   	195.015		1.5766196831	0.89	0.458	7.38071e-13		1.53385960736	0.873	0.293	1.58571e-12
399   	700   	195.266		1.57716612944	0.89	0.459	7.35003e-13		1.53433098965	0.873	0.294	1.57648e-12
399   	700   	195.518		1.57771231014	0.89	0.46	7.31961e-13		1.53480260581	0.873	0.295	1.56734e-12
399   	700   	195.77		1.57825822116	0.89	0.461	7.28944e-13		1.53527445297	0.873	0.296	1.55828e-12
399   	700   	196.021		1.57880385848	0.89	0.462	7.25953e-13		1.53574652825	0.872	0.297	1.54931e-12
399   	700   	196.273		1.57934921811	0.89	0.464	7.22988e-13		1.53621882872	0.872	0.298	1.54042e-12
399   	700   	196.525		1.57989429607	0.89	0.465	7.20047e-13		1.53669135144	0.872	0.299	1.53161e-12
399   	700   	196.776		1.58043908841	0.889	0.466	7.17132e-13		1.53716409345	0.872	0.3	1.52288e-12
399   	700   	197.028		1.5809835912	0.889	0.467	7.1424e-13		1.53763705175	0.871	0.301	1.51423e-12
399   	700   	197.28		1.58152780052	0.889	0.468	7.11373e-13		1.53811022333	0.871	0.302	1.50566e-12
399   	700   	197.531		1.5820717125	0.889	0.47	7.0853e-13		1.53858360516	0.871	0.303	1.49717e-12
399   	700   	197.783		1.58261532327	0.889	0.471	7.05711e-13		1.53905719417	0.871	0.304	1.48876e-12
399   	700   	198.035		1.583158629 	0.889	0.472	7.02915e-13		1.5395309873	0.87	0.305	1.48042e-12
399   	700   	198.286		1.58370162587	0.889	0.473	7.00142e-13		1.54000498143	0.87	0.306	1.47216e-12
399   	700   	198.538		1.58424431009	0.889	0.474	6.97392e-13		1.54047917346	0.87	0.307	1.46397e-12
399   	800   	186.206		1.58265964905	0.896	0.477	7.80075e-13		1.53088161125	0.873	0.28	1.94969e-12
399   	800   	186.458		1.58323034114	0.896	0.478	7.76914e-13		1.53136431616	0.873	0.281	1.93788e-12
399   	800   	186.71		1.58380061624	0.896	0.48	7.7378e-13		1.53184722798	0.873	0.282	1.92617e-12
399   	800   	186.961		1.58437047066	0.896	0.481	7.70673e-13		1.53233034436	0.872	0.283	1.91458e-12
399   	800   	187.213		1.5849399007	0.896	0.482	7.67592e-13		1.53281366291	0.872	0.284	1.90309e-12
399   	800   	187.465		1.58550890271	0.896	0.483	7.64537e-13		1.53329718121	0.872	0.285	1.89171e-12
399   	800   	187.716		1.58607747306	0.896	0.484	7.61508e-13		1.53378089678	0.872	0.286	1.88044e-12
399   	800   	187.968		1.58664560814	0.896	0.486	7.58504e-13		1.53426480715	0.871	0.287	1.86927e-12
399   	800   	188.22		1.58721330436	0.896	0.487	7.55526e-13		1.53474890977	0.871	0.288	1.8582e-12
399   	800   	188.471		1.58778055818	0.896	0.488	7.52573e-13		1.5352332021	0.871	0.289	1.84724e-12
399   	800   	188.723		1.58834736605	0.896	0.489	7.49644e-13		1.53571768154	0.871	0.29	1.83637e-12
399   	800   	188.975		1.58891372449	0.896	0.49	7.4674e-13		1.53620234547	0.87	0.291	1.82561e-12
399   	800   	189.226		1.58947963002	0.896	0.492	7.4386e-13		1.53668719124	0.87	0.292	1.81495e-12
399   	800   	189.478		1.59004507918	0.896	0.493	7.41004e-13		1.53717221619	0.87	0.293	1.80438e-12
399   	800   	189.73		1.59061006855	0.896	0.494	7.38172e-13		1.53765741759	0.87	0.294	1.79391e-12
399   	800   	189.981		1.59117459475	0.896	0.495	7.35363e-13		1.53814279272	0.869	0.295	1.78354e-12
399   	800   	190.233		1.59173865439	0.896	0.496	7.32577e-13		1.53862833882	0.869	0.296	1.77326e-12
399   	800   	190.485		1.59230224415	0.896	0.498	7.29814e-13		1.53911405309	0.869	0.297	1.76308e-12
399   	800   	190.736		1.59286536071	0.896	0.499	7.27074e-13		1.53959993274	0.869	0.298	1.75299e-12
399   	800   	190.988		1.59342800079	0.896	0.5	7.24356e-13		1.54008597491	0.868	0.299	1.74299e-12
399   	800   	191.24		1.59399016113	0.896	0.501	7.2166e-13		1.54057217676	0.868	0.3	1.73308e-12
399   	800   	191.491		1.5945518385	0.896	0.502	7.18986e-13		1.54105853539	0.868	0.301	1.72326e-12
399   	800   	191.743		1.59511302971	0.896	0.504	7.16334e-13		1.54154504791	0.868	0.303	1.71353e-12
399   	800   	191.995		1.59567373158	0.896	0.505	7.13704e-13		1.54203171138	0.867	0.304	1.70389e-12
399   	800   	192.246		1.59623394098	0.896	0.506	7.11094e-13		1.54251852285	0.867	0.305	1.69433e-12
399   	800   	192.498		1.59679365479	0.896	0.507	7.08506e-13		1.54300547935	0.867	0.306	1.68486e-12
399   	800   	192.75		1.59735286992	0.896	0.508	7.05938e-13		1.5434925779	0.867	0.307	1.67548e-12
399   	800   	193.001		1.59791158332	0.896	0.509	7.03391e-13		1.54397981548	0.866	0.308	1.66618e-12
399   	800   	193.253		1.59846979196	0.896	0.51	7.00864e-13		1.54446718906	0.866	0.309	1.65697e-12
399   	800   	193.505		1.59902749285	0.896	0.512	6.98358e-13		1.5449546956	0.866	0.31	1.64783e-12
399   	800   	193.756		1.59958468301	0.896	0.513	6.95871e-13		1.54544233204	0.866	0.311	1.63878e-12
399   	800   	194.008		1.6001413595	0.896	0.514	6.93404e-13		1.54593009528	0.866	0.312	1.62981e-12
399   	800   	194.26		1.60069751942	0.896	0.515	6.90956e-13		1.54641798224	0.865	0.313	1.62092e-12
399   	800   	194.511		1.60125315988	0.896	0.516	6.88528e-13		1.5469059898	0.865	0.314	1.61211e-12
399   	800   	194.763		1.60180827804	0.896	0.517	6.86119e-13		1.54739411483	0.865	0.315	1.60337e-12
399   	800   	195.015		1.60236287105	0.896	0.518	6.83728e-13		1.5478823542	0.865	0.316	1.59472e-12
399   	800   	195.266		1.60291693615	0.896	0.52	6.81357e-13		1.54837070474	0.864	0.317	1.58614e-12
399   	800   	195.518		1.60347047055	0.896	0.521	6.79003e-13		1.54885916328	0.864	0.318	1.57763e-12
399   	800   	195.77		1.60402347152	0.896	0.522	6.76668e-13		1.54934772664	0.864	0.319	1.5692e-12
399   	800   	196.021		1.60457593636	0.896	0.523	6.74352e-13		1.54983639163	0.864	0.32	1.56085e-12
399   	800   	196.273		1.60512786239	0.896	0.524	6.72053e-13		1.55032515504	0.864	0.321	1.55256e-12
399   	800   	196.525		1.60567924696	0.896	0.525	6.69772e-13		1.55081401365	0.863	0.322	1.54435e-12
399   	800   	196.776		1.60623008746	0.896	0.526	6.67508e-13		1.55130296423	0.863	0.323	1.53622e-12
399   	800   	197.028		1.60678038128	0.896	0.527	6.65262e-13		1.55179200355	0.863	0.324	1.52815e-12
399   	800   	197.28		1.60733012589	0.896	0.529	6.63033e-13		1.55228112836	0.863	0.325	1.52015e-12
399   	800   	197.531		1.60787931873	0.896	0.53	6.6082e-13		1.5527703354	0.862	0.326	1.51223e-12
399   	800   	197.783		1.60842795732	0.896	0.531	6.58625e-13		1.55325962141	0.862	0.327	1.50437e-12
399   	800   	198.035		1.60897603918	0.896	0.532	6.56447e-13		1.55374898311	0.862	0.328	1.49658e-12
399   	800   	198.286		1.60952356186	0.896	0.533	6.54284e-13		1.55423841722	0.862	0.329	1.48885e-12
399   	800   	198.538		1.61007052295	0.896	0.534	6.52139e-13		1.55472792046	0.862	0.33	1.4812e-12
399   	1000  	186.206		1.62130311593	0.911	0.561	7.34341e-13		1.55194230628	0.86	0.311	2.02529e-12
399   	1000  	186.458		1.62186803244	0.911	0.562	7.32075e-13		1.55244517725	0.86	0.312	2.01433e-12
399   	1000  	186.71		1.62243217657	0.911	0.564	7.29826e-13		1.55294806592	0.86	0.313	2.00346e-12
399   	1000  	186.961		1.6229955471	0.911	0.565	7.27594e-13		1.55345096956	0.86	0.314	1.99269e-12
399   	1000  	187.213		1.62355814288	0.911	0.566	7.25378e-13		1.55395388543	0.86	0.315	1.98202e-12
399   	1000  	187.465		1.62411996275	0.911	0.567	7.23179e-13		1.55445681079	0.859	0.316	1.97143e-12
399   	1000  	187.716		1.62468100558	0.911	0.568	7.20995e-13		1.55495974286	0.859	0.318	1.96094e-12
399   	1000  	187.968		1.62524127029	0.911	0.569	7.18828e-13		1.55546267886	0.859	0.319	1.95053e-12
399   	1000  	188.22		1.6258007558	0.911	0.57	7.16676e-13		1.55596561601	0.859	0.32	1.94022e-12
399   	1000  	188.471		1.62635946107	0.911	0.571	7.1454e-13		1.55646855151	0.858	0.321	1.93e-12
399   	1000  	188.723		1.62691738507	0.911	0.572	7.1242e-13		1.55697148253	0.858	0.322	1.91986e-12
399   	1000  	188.975		1.62747452683	0.911	0.573	7.10315e-13		1.55747440626	0.858	0.323	1.90981e-12
399   	1000  	189.226		1.62803088536	0.911	0.574	7.08225e-13		1.55797731986	0.858	0.324	1.89985e-12
399   	1000  	189.478		1.62858645972	0.912	0.575	7.0615e-13		1.55848022049	0.858	0.325	1.88997e-12
399   	1000  	189.73		1.629141249 	0.912	0.576	7.0409e-13		1.5589831053	0.857	0.326	1.88018e-12
399   	1000  	189.981		1.6296952523	0.912	0.577	7.02045e-13		1.55948597142	0.857	0.327	1.87047e-12
399   	1000  	190.233		1.63024846876	0.912	0.578	7.00014e-13		1.55998881599	0.857	0.328	1.86084e-12
399   	1000  	190.485		1.63080089752	0.912	0.579	6.97998e-13		1.56049163613	0.857	0.329	1.85129e-12
399   	1000  	190.736		1.63135253778	0.912	0.58	6.95996e-13		1.56099442896	0.857	0.33	1.84183e-12
399   	1000  	190.988		1.63190338873	0.912	0.581	6.94008e-13		1.56149719158	0.856	0.331	1.83244e-12
399   	1000  	191.24		1.63245344961	0.912	0.582	6.92035e-13		1.56199992111	0.856	0.332	1.82314e-12
399   	1000  	191.491		1.63300271966	0.912	0.583	6.90075e-13		1.56250261463	0.856	0.333	1.81391e-12
399   	1000  	191.743		1.63355119817	0.912	0.584	6.88129e-13		1.56300526925	0.856	0.334	1.80476e-12
399   	1000  	191.995		1.63409888442	0.912	0.585	6.86196e-13		1.56350788204	0.855	0.335	1.79569e-12
399   	1000  	192.246		1.63464577776	0.912	0.586	6.84278e-13		1.5640104501	0.855	0.336	1.78669e-12
399   	1000  	192.498		1.63519187752	0.912	0.587	6.82372e-13		1.56451297051	0.855	0.337	1.77777e-12
399   	1000  	192.75		1.63573718307	0.912	0.588	6.8048e-13		1.56501544034	0.855	0.338	1.76892e-12
399   	1000  	193.001		1.63628169381	0.913	0.589	6.78601e-13		1.56551785666	0.855	0.339	1.76015e-12
399   	1000  	193.253		1.63682540916	0.913	0.59	6.76735e-13		1.56602021655	0.854	0.34	1.75145e-12
399   	1000  	193.505		1.63736832855	0.913	0.591	6.74881e-13		1.56652251707	0.854	0.341	1.74282e-12
399   	1000  	193.756		1.63791045144	0.913	0.592	6.73041e-13		1.5670247553	0.854	0.342	1.73426e-12
399   	1000  	194.008		1.63845177732	0.913	0.593	6.71213e-13		1.56752692829	0.854	0.343	1.72577e-12
399   	1000  	194.26		1.63899230569	0.913	0.594	6.69397e-13		1.56802903312	0.854	0.344	1.71736e-12
399   	1000  	194.511		1.63953203608	0.913	0.595	6.67594e-13		1.56853106685	0.853	0.345	1.70901e-12
399   	1000  	194.763		1.64007096805	0.913	0.596	6.65804e-13		1.56903302653	0.853	0.346	1.70073e-12
399   	1000  	195.015		1.64060910115	0.913	0.597	6.64025e-13		1.56953490924	0.853	0.347	1.69252e-12
399   	1000  	195.266		1.641146435 	0.913	0.598	6.62258e-13		1.57003671204	0.853	0.348	1.68437e-12
399   	1000  	195.518		1.64168296919	0.913	0.599	6.60504e-13		1.57053843199	0.853	0.349	1.6763e-12
399   	1000  	195.77		1.64221870337	0.913	0.6	6.58761e-13		1.57104006616	0.853	0.35	1.66829e-12
399   	1000  	196.021		1.64275363719	0.913	0.601	6.5703e-13		1.57154161161	0.852	0.351	1.66034e-12
399   	1000  	196.273		1.64328777033	0.914	0.602	6.5531e-13		1.57204306543	0.852	0.352	1.65246e-12
399   	1000  	196.525		1.64382110248	0.914	0.603	6.53602e-13		1.57254442467	0.852	0.353	1.64464e-12
399   	1000  	196.776		1.64435363337	0.914	0.604	6.51905e-13		1.57304568642	0.852	0.354	1.63688e-12
399   	1000  	197.028		1.64488536274	0.914	0.605	6.5022e-13		1.57354684775	0.852	0.355	1.62919e-12
399   	1000  	197.28		1.64541629034	0.914	0.606	6.48546e-13		1.57404790574	0.851	0.356	1.62156e-12
399   	1000  	197.531		1.64594641596	0.914	0.607	6.46882e-13		1.57454885747	0.851	0.357	1.61399e-12
399   	1000  	197.783		1.64647573939	0.914	0.608	6.4523e-13		1.57504970004	0.851	0.358	1.60648e-12
399   	1000  	198.035		1.64700426044	0.914	0.609	6.43589e-13		1.57555043052	0.851	0.359	1.59903e-12
399   	1000  	198.286		1.64753197897	0.914	0.61	6.41958e-13		1.57605104603	0.851	0.36	1.59164e-12
399   	1000  	198.538		1.64805889482	0.914	0.611	6.40338e-13		1.57655154366	0.85	0.361	1.58431e-12
399   	1200  	186.206		1.64767320843	0.926	0.61	7.51686e-13		1.5672347573	0.853	0.331	2.1732e-12
399   	1200  	186.458		1.64821488661	0.926	0.611	7.49757e-13		1.56774238654	0.852	0.332	2.16229e-12
399   	1200  	186.71		1.64875566017	0.926	0.612	7.4784e-13		1.56824990475	0.852	0.333	2.15148e-12
399   	1200  	186.961		1.64929552959	0.926	0.613	7.45937e-13		1.56875730946	0.852	0.334	2.14075e-12
399   	1200  	187.213		1.64983449535	0.926	0.613	7.44046e-13		1.56926459825	0.852	0.335	2.13011e-12
399   	1200  	187.465		1.65037255797	0.926	0.614	7.42167e-13		1.56977176864	0.852	0.336	2.11956e-12
399   	1200  	187.716		1.65090971796	0.927	0.615	7.40301e-13		1.57027881818	0.851	0.337	2.1091e-12
399   	1200  	187.968		1.65144597587	0.927	0.616	7.38447e-13		1.57078574442	0.851	0.338	2.09872e-12
399   	1200  	188.22		1.65198133225	0.927	0.617	7.36606e-13		1.57129254488	0.851	0.339	2.08842e-12
399   	1200  	188.471		1.65251578766	0.927	0.618	7.34776e-13		1.57179921708	0.851	0.34	2.07821e-12
399   	1200  	188.723		1.65304934269	0.927	0.619	7.32958e-13		1.57230575857	0.851	0.341	2.06808e-12
399   	1200  	188.975		1.65358199794	0.927	0.62	7.31153e-13		1.57281216685	0.85	0.342	2.05804e-12
399   	1200  	189.226		1.65411375401	0.927	0.621	7.29359e-13		1.57331843946	0.85	0.342	2.04807e-12
399   	1200  	189.478		1.65464461153	0.927	0.622	7.27577e-13		1.57382457391	0.85	0.343	2.03819e-12
399   	1200  	189.73		1.65517457114	0.927	0.623	7.25806e-13		1.57433056771	0.85	0.344	2.02838e-12
399   	1200  	189.981		1.6557036335	0.927	0.624	7.24047e-13		1.57483641839	0.85	0.345	2.01865e-12
399   	1200  	190.233		1.65623179926	0.927	0.625	7.22299e-13		1.57534212345	0.849	0.346	2.00901e-12
399   	1200  	190.485		1.65675906912	0.928	0.625	7.20562e-13		1.57584768041	0.849	0.347	1.99944e-12
399   	1200  	190.736		1.65728544377	0.928	0.626	7.18836e-13		1.57635308678	0.849	0.348	1.98994e-12
399   	1200  	190.988		1.65781092391	0.928	0.627	7.17122e-13		1.57685834008	0.849	0.349	1.98052e-12
399   	1200  	191.24		1.65833551026	0.928	0.628	7.15418e-13		1.57736343782	0.849	0.35	1.97118e-12
399   	1200  	191.491		1.65885920356	0.928	0.629	7.13725e-13		1.57786837752	0.849	0.351	1.96191e-12
399   	1200  	191.743		1.65938200455	0.928	0.63	7.12044e-13		1.57837315668	0.848	0.352	1.95271e-12
399   	1200  	191.995		1.659903914 	0.928	0.631	7.10372e-13		1.57887777283	0.848	0.353	1.94359e-12
399   	1200  	192.246		1.66042493268	0.928	0.632	7.08711e-13		1.57938222347	0.848	0.354	1.93454e-12
399   	1200  	192.498		1.66094506137	0.928	0.633	7.07061e-13		1.57988650614	0.848	0.355	1.92556e-12
399   	1200  	192.75		1.66146430086	0.928	0.633	7.05421e-13		1.58039061835	0.848	0.356	1.91665e-12
399   	1200  	193.001		1.66198265197	0.929	0.634	7.03791e-13		1.58089455763	0.847	0.357	1.90781e-12
399   	1200  	193.253		1.66250011552	0.929	0.635	7.02172e-13		1.58139832149	0.847	0.358	1.89904e-12
399   	1200  	193.505		1.66301669234	0.929	0.636	7.00563e-13		1.58190190748	0.847	0.359	1.89034e-12
399   	1200  	193.756		1.66353238327	0.929	0.637	6.98963e-13		1.58240531312	0.847	0.36	1.8817e-12
399   	1200  	194.008		1.66404718917	0.929	0.638	6.97374e-13		1.58290853595	0.847	0.361	1.87314e-12
399   	1200  	194.26		1.66456111091	0.929	0.639	6.95794e-13		1.5834115735	0.847	0.362	1.86464e-12
399   	1200  	194.511		1.66507414937	0.929	0.64	6.94224e-13		1.58391442332	0.846	0.363	1.85621e-12
399   	1200  	194.763		1.66558630544	0.929	0.64	6.92664e-13		1.58441708297	0.846	0.364	1.84784e-12
399   	1200  	195.015		1.66609758001	0.929	0.641	6.91113e-13		1.58491954998	0.846	0.365	1.83953e-12
399   	1200  	195.266		1.66660797401	0.929	0.642	6.89572e-13		1.58542182191	0.846	0.366	1.83129e-12
399   	1200  	195.518		1.66711748835	0.929	0.643	6.88041e-13		1.58592389634	0.846	0.367	1.82312e-12
399   	1200  	195.77		1.66762612396	0.93	0.644	6.86518e-13		1.58642577081	0.846	0.368	1.81501e-12
399   	1200  	196.021		1.6681338818	0.93	0.645	6.85005e-13		1.58692744291	0.845	0.369	1.80695e-12
399   	1200  	196.273		1.66864076281	0.93	0.646	6.83501e-13		1.58742891022	0.845	0.37	1.79897e-12
399   	1200  	196.525		1.66914676796	0.93	0.646	6.82006e-13		1.5879301703	0.845	0.371	1.79104e-12
399   	1200  	196.776		1.66965189822	0.93	0.647	6.80521e-13		1.58843122076	0.845	0.372	1.78317e-12
399   	1200  	197.028		1.67015615458	0.93	0.648	6.79044e-13		1.58893205919	0.845	0.373	1.77536e-12
399   	1200  	197.28		1.67065953803	0.93	0.649	6.77576e-13		1.58943268319	0.845	0.374	1.76761e-12
399   	1200  	197.531		1.67116204958	0.93	0.65	6.76117e-13		1.58993309037	0.844	0.375	1.75992e-12
399   	1200  	197.783		1.67166369024	0.93	0.651	6.74666e-13		1.59043327834	0.844	0.376	1.75229e-12
399   	1200  	198.035		1.67216446103	0.93	0.651	6.73225e-13		1.59093324473	0.844	0.377	1.74472e-12
399   	1200  	198.286		1.67266436298	0.931	0.652	6.71791e-13		1.59143298716	0.844	0.378	1.7372e-12
399   	1200  	198.538		1.67316339714	0.931	0.653	6.70367e-13		1.59193250327	0.844	0.379	1.72974e-12
399   	1400  	186.206		1.66596830839	0.939	0.638	7.938e-13		1.57851235209	0.847	0.343	2.35391e-12
399   	1400  	186.458		1.66648592593	0.939	0.639	7.92007e-13		1.57901823621	0.847	0.344	2.3427e-12
399   	1400  	186.71		1.66700260525	0.939	0.64	7.90225e-13		1.5795239297	0.847	0.345	2.33157e-12
399   	1400  	186.961		1.66751834772	0.939	0.641	7.88454e-13		1.5800294305	0.847	0.346	2.32053e-12
399   	1400  	187.213		1.6680331547	0.939	0.642	7.86695e-13		1.58053473651	0.847	0.347	2.30957e-12
399   	1400  	187.465		1.66854702757	0.939	0.643	7.84946e-13		1.58103984568	0.846	0.348	2.29871e-12
399   	1400  	187.716		1.66905996772	0.94	0.643	7.83208e-13		1.58154475592	0.846	0.349	2.28792e-12
399   	1400  	187.968		1.66957197654	0.94	0.644	7.8148e-13		1.58204946516	0.846	0.35	2.27722e-12
399   	1400  	188.22		1.67008305541	0.94	0.645	7.79763e-13		1.5825539713	0.846	0.351	2.26661e-12
399   	1400  	188.471		1.67059320576	0.94	0.646	7.78057e-13		1.58305827226	0.846	0.352	2.25607e-12
399   	1400  	188.723		1.67110242898	0.94	0.647	7.76361e-13		1.58356236597	0.846	0.353	2.24562e-12
399   	1400  	188.975		1.67161072649	0.94	0.648	7.74675e-13		1.58406625034	0.845	0.353	2.23525e-12
399   	1400  	189.226		1.67211809971	0.94	0.648	7.72999e-13		1.58456992328	0.845	0.354	2.22496e-12
399   	1400  	189.478		1.67262455008	0.94	0.649	7.71334e-13		1.58507338271	0.845	0.355	2.21475e-12
399   	1400  	189.73		1.67313007903	0.94	0.65	7.69679e-13		1.58557662654	0.845	0.356	2.20462e-12
399   	1400  	189.981		1.67363468799	0.94	0.651	7.68033e-13		1.5860796527	0.845	0.357	2.19457e-12
399   	1400  	190.233		1.67413837842	0.94	0.652	7.66398e-13		1.5865824591	0.845	0.358	2.18459e-12
399   	1400  	190.485		1.67464115176	0.941	0.653	7.64772e-13		1.58708504365	0.844	0.359	2.17469e-12
399   	1400  	190.736		1.67514300948	0.941	0.653	7.63156e-13		1.58758740429	0.844	0.36	2.16487e-12
399   	1400  	190.988		1.67564395303	0.941	0.654	7.6155e-13		1.58808953892	0.844	0.361	2.15512e-12
399   	1400  	191.24		1.67614398389	0.941	0.655	7.59953e-13		1.58859144548	0.844	0.362	2.14545e-12
399   	1400  	191.491		1.67664310353	0.941	0.656	7.58366e-13		1.58909312188	0.844	0.363	2.13584e-12
399   	1400  	191.743		1.67714131342	0.941	0.657	7.56788e-13		1.58959456606	0.844	0.364	2.12632e-12
399   	1400  	191.995		1.67763861506	0.941	0.657	7.55219e-13		1.59009577595	0.843	0.365	2.11686e-12
399   	1400  	192.246		1.67813500992	0.941	0.658	7.5366e-13		1.59059674947	0.843	0.366	2.10748e-12
399   	1400  	192.498		1.67863049951	0.941	0.659	7.5211e-13		1.59109748457	0.843	0.367	2.09816e-12
399   	1400  	192.75		1.67912508533	0.941	0.66	7.50568e-13		1.59159797919	0.843	0.368	2.08892e-12
399   	1400  	193.001		1.67961876887	0.942	0.661	7.49036e-13		1.59209823126	0.843	0.369	2.07975e-12
399   	1400  	193.253		1.68011155165	0.942	0.661	7.47513e-13		1.59259823874	0.843	0.37	2.07064e-12
399   	1400  	193.505		1.68060343518	0.942	0.662	7.45999e-13		1.59309799958	0.842	0.371	2.06161e-12
399   	1400  	193.756		1.68109442097	0.942	0.663	7.44493e-13		1.59359751172	0.842	0.372	2.05264e-12
399   	1400  	194.008		1.68158451055	0.942	0.664	7.42997e-13		1.59409677313	0.842	0.373	2.04374e-12
399   	1400  	194.26		1.68207370544	0.942	0.665	7.41508e-13		1.59459578178	0.842	0.374	2.0349e-12
399   	1400  	194.511		1.68256200718	0.942	0.665	7.40029e-13		1.59509453562	0.842	0.375	2.02613e-12
399   	1400  	194.763		1.68304941729	0.942	0.666	7.38558e-13		1.59559303263	0.842	0.376	2.01743e-12
399   	1400  	195.015		1.68353593733	0.942	0.667	7.37095e-13		1.59609127079	0.842	0.377	2.00879e-12
399   	1400  	195.266		1.68402156882	0.942	0.668	7.35641e-13		1.59658924809	0.841	0.378	2.00021e-12
399   	1400  	195.518		1.68450631331	0.942	0.669	7.34195e-13		1.5970869625	0.841	0.378	1.9917e-12
399   	1400  	195.77		1.68499017236	0.943	0.669	7.32757e-13		1.59758441203	0.841	0.379	1.98325e-12
399   	1400  	196.021		1.68547314752	0.943	0.67	7.31328e-13		1.59808159467	0.841	0.38	1.97486e-12
399   	1400  	196.273		1.68595524034	0.943	0.671	7.29907e-13		1.59857850843	0.841	0.381	1.96654e-12
399   	1400  	196.525		1.68643645239	0.943	0.672	7.28493e-13		1.59907515132	0.841	0.382	1.95827e-12
399   	1400  	196.776		1.68691678523	0.943	0.672	7.27088e-13		1.59957152136	0.841	0.383	1.95007e-12
399   	1400  	197.028		1.68739624043	0.943	0.673	7.2569e-13		1.60006761657	0.84	0.384	1.94192e-12
399   	1400  	197.28		1.68787481956	0.943	0.674	7.24301e-13		1.60056343498	0.84	0.385	1.93384e-12
399   	1400  	197.531		1.68835252418	0.943	0.675	7.22919e-13		1.60105897464	0.84	0.386	1.92581e-12
399   	1400  	197.783		1.68882935589	0.943	0.675	7.21545e-13		1.60155423357	0.84	0.387	1.91784e-12
399   	1400  	198.035		1.68930531626	0.943	0.676	7.20178e-13		1.60204920984	0.84	0.388	1.90993e-12
399   	1400  	198.286		1.68978040687	0.944	0.677	7.18819e-13		1.6025439015	0.84	0.389	1.90208e-12
399   	1400  	198.538		1.6902546293	0.944	0.678	7.17468e-13		1.60303830662	0.84	0.39	1.89428e-12
400   	300   	186.206		1.43831703651	0.947	0.0726	7.87538e-12		1.44471463696	0.945	0.0978	4.43516e-12
400   	300   	186.458		1.43854788386	0.947	0.0729	7.81578e-12		1.44497161911	0.945	0.0982	4.39945e-12
400   	300   	186.71		1.43877853815	0.947	0.0732	7.75658e-12		1.44522854178	0.944	0.0986	4.36401e-12
400   	300   	186.961		1.43900900442	0.947	0.0735	7.69777e-12		1.44548541042	0.944	0.0991	4.32884e-12
400   	300   	187.213		1.43923928769	0.946	0.0738	7.63935e-12		1.44574223045	0.944	0.0995	4.29394e-12
400   	300   	187.465		1.43946939294	0.946	0.0741	7.58131e-12		1.44599900727	0.944	0.1	4.2593e-12
400   	300   	187.716		1.43969932514	0.946	0.0744	7.52366e-12		1.44625574626	0.944	0.1	4.22492e-12
400   	300   	187.968		1.43992908925	0.946	0.0747	7.4664e-12		1.44651245277	0.944	0.101	4.1908e-12
400   	300   	188.22		1.44015869021	0.946	0.075	7.40952e-12		1.44676913213	0.944	0.101	4.15695e-12
400   	300   	188.471		1.44038813292	0.946	0.0753	7.35302e-12		1.44702578966	0.944	0.102	4.12335e-12
400   	300   	188.723		1.4406174223	0.946	0.0756	7.29689e-12		1.44728243064	0.944	0.102	4.09001e-12
400   	300   	188.975		1.44084656321	0.946	0.0759	7.24115e-12		1.44753906032	0.944	0.103	4.05693e-12
400   	300   	189.226		1.44107556052	0.946	0.0763	7.18578e-12		1.44779568395	0.944	0.103	4.0241e-12
400   	300   	189.478		1.44130441908	0.946	0.0766	7.13079e-12		1.44805230674	0.943	0.104	3.99152e-12
400   	300   	189.73		1.44153314371	0.946	0.0769	7.07617e-12		1.44830893389	0.943	0.104	3.9592e-12
400   	300   	189.981		1.44176173921	0.946	0.0772	7.02193e-12		1.44856557056	0.943	0.105	3.92712e-12
400   	300   	190.233		1.44199021039	0.946	0.0775	6.96805e-12		1.4488222219	0.943	0.105	3.8953e-12
400   	300   	190.485		1.44221856199	0.946	0.0779	6.91455e-12		1.44907889303	0.943	0.105	3.86372e-12
400   	300   	190.736		1.4424467988	0.946	0.0782	6.86141e-12		1.44933558905	0.943	0.106	3.8324e-12
400   	300   	190.988		1.44267492553	0.945	0.0785	6.80863e-12		1.44959231505	0.943	0.106	3.80131e-12
400   	300   	191.24		1.4429029469	0.945	0.0788	6.75622e-12		1.44984907606	0.943	0.107	3.77047e-12
400   	300   	191.491		1.44313086763	0.945	0.0792	6.70417e-12		1.45010587713	0.943	0.107	3.73987e-12
400   	300   	191.743		1.44335869239	0.945	0.0795	6.65249e-12		1.45036272325	0.942	0.108	3.70952e-12
400   	300   	191.995		1.44358642585	0.945	0.0798	6.60116e-12		1.45061961941	0.942	0.108	3.6794e-12
400   	300   	192.246		1.44381407266	0.945	0.0802	6.55019e-12		1.45087657057	0.942	0.109	3.64952e-12
400   	300   	192.498		1.44404163746	0.945	0.0805	6.49958e-12		1.45113358166	0.942	0.109	3.61988e-12
400   	300   	192.75		1.44426912485	0.945	0.0809	6.44932e-12		1.4513906576	0.942	0.11	3.59048e-12
400   	300   	193.001		1.44449653943	0.945	0.0812	6.39942e-12		1.45164780328	0.942	0.11	3.56131e-12
400   	300   	193.253		1.44472388579	0.945	0.0815	6.34987e-12		1.45190502355	0.942	0.111	3.53237e-12
400   	300   	193.505		1.44495116849	0.945	0.0819	6.30066e-12		1.45216232326	0.942	0.111	3.50366e-12
400   	300   	193.756		1.44517839208	0.945	0.0822	6.25181e-12		1.45241970723	0.942	0.112	3.47519e-12
400   	300   	194.008		1.44540556108	0.944	0.0826	6.2033e-12		1.45267718025	0.941	0.112	3.44694e-12
400   	300   	194.26		1.44563268001	0.944	0.0829	6.15514e-12		1.45293474708	0.941	0.113	3.41893e-12
400   	300   	194.511		1.44585975337	0.944	0.0833	6.10732e-12		1.45319241247	0.941	0.113	3.39113e-12
400   	300   	194.763		1.44608678564	0.944	0.0836	6.05984e-12		1.45345018114	0.941	0.114	3.36357e-12
400   	300   	195.015		1.44631378127	0.944	0.084	6.01271e-12		1.45370805779	0.941	0.114	3.33622e-12
400   	300   	195.266		1.44654074471	0.944	0.0843	5.96591e-12		1.45396604709	0.941	0.115	3.3091e-12
400   	300   	195.518		1.4467676804	0.944	0.0847	5.91945e-12		1.45422415368	0.941	0.115	3.2822e-12
400   	300   	195.77		1.44699459274	0.944	0.0851	5.87332e-12		1.45448238219	0.941	0.116	3.25552e-12
400   	300   	196.021		1.44722148613	0.944	0.0854	5.82753e-12		1.4547407372	0.94	0.116	3.22906e-12
400   	300   	196.273		1.44744836496	0.944	0.0858	5.78207e-12		1.45499922331	0.94	0.117	3.20282e-12
400   	300   	196.525		1.44767523357	0.944	0.0862	5.73695e-12		1.45525784504	0.94	0.117	3.17679e-12
400   	300   	196.776		1.44790209632	0.943	0.0865	5.69215e-12		1.45551660693	0.94	0.118	3.15097e-12
400   	300   	197.028		1.44812895754	0.943	0.0869	5.64768e-12		1.45577551347	0.94	0.119	3.12537e-12
400   	300   	197.28		1.44835582153	0.943	0.0873	5.60353e-12		1.45603456913	0.94	0.119	3.09998e-12
400   	300   	197.531		1.4485826926	0.943	0.0876	5.55971e-12		1.45629377836	0.94	0.12	3.0748e-12
400   	300   	197.783		1.44880957501	0.943	0.088	5.51621e-12		1.45655314558	0.939	0.12	3.04983e-12
400   	300   	198.035		1.44903647305	0.943	0.0884	5.47303e-12		1.45681267518	0.939	0.121	3.02507e-12
400   	300   	198.286		1.44926339094	0.943	0.0888	5.43018e-12		1.45707237154	0.939	0.121	3.00051e-12
400   	300   	198.538		1.44949033292	0.943	0.0892	5.38764e-12		1.45733223899	0.939	0.122	2.97616e-12
400   	400   	186.206		1.46508526732	0.294	0.146	4.96432e-12		1.46508526732	0.0511	0.146	3.1967e-12
400   	400   	186.458		1.46540852501	0.86	0.147	3.32528e-12		1.46540852501	0.84	0.147	3.45685e-12
400   	400   	186.71		1.46573203423	0.849	0.148	3.37191e-12		1.46573203423	0.82	0.148	3.56914e-12
400   	400   	186.961		1.4660557998	0.0377	0.148	3.0327e-12		1.4660557998	0.00816	0.148	2.85147e-12
400   	400   	187.213		1.46637982644	0.376	0.149	5.2392e-12		1.46637982644	0.337	0.149	5.05619e-12
400   	400   	187.465		nan         	nan	nan	nan   		1.46670411888	0.551	0.15	5.22035e-12
400   	400   	187.716		1.46702868174	0.537	0.15	5.22948e-12		1.35470297255	0.451	0.0213	1.3504e-10
400   	400   	187.968		1.46735351963	0.86	0.151	3.15215e-12		1.3549921761	0.452	0.0212	1.35277e-10
400   	400   	188.22		1.35528020298	0.452	0.0212	1.35513e-10		1.4676786371	0.871	0.152	3.05909e-12
400   	400   	188.471		1.35556706008	0.452	0.0212	1.35747e-10		1.46800403865	0.829	0.152	3.30685e-12
400   	400   	188.723		1.46832972873	0.848	0.153	3.14958e-12		1.46832972873	0.87	0.153	3.01533e-12
400   	400   	188.975		1.46865571174	0.581	0.154	4.84404e-12		1.46865571174	0.638	0.154	4.53623e-12
400   	400   	189.226		1.46898199202	0.638	0.155	4.50148e-12		nan         	nan	nan	nan   
400   	400   	189.478		1.46930857388	0.669	0.155	4.26758e-12		1.46930857388	0.866	0.155	2.9578e-12
400   	400   	189.73		1.347517566 	0.498	0.00413	2.71871e-09		1.46963546157	0.554	0.156	4.83606e-12
400   	400   	189.981		1.46996265927	0.0514	0.157	2.8272e-12		1.46996265927	0.0358	0.157	2.73693e-12
400   	400   	190.233		1.47029017115	0.375	0.157	4.74937e-12		1.47029017115	0.297	0.157	4.37346e-12
400   	400   	190.485		1.47061800129	0.124	0.158	3.2228e-12		1.47061800129	0.0426	0.158	2.73059e-12
400   	400   	190.736		1.47094615374	0.168	0.159	3.48081e-12		1.47094615374	0.374	0.159	4.66922e-12
400   	400   	190.988		1.47127463249	0.00945	0.16	2.50678e-12		1.47127463249	0.00836	0.16	2.50108e-12
400   	400   	191.24		1.47160344148	0.747	0.16	3.52647e-12		1.47160344148	0.892	0.16	2.64285e-12
400   	400   	191.491		1.4719325846	0.279	0.161	4.09643e-12		1.4719325846	0.121	0.161	3.10235e-12
400   	400   	191.743		1.47226206569	0.262	0.162	3.9628e-12		1.47226206569	0.303	0.162	4.20166e-12
400   	400   	191.995		1.47259188854	0.406	0.163	4.57824e-12		1.47259188854	0.0764	0.163	2.78978e-12
400   	400   	192.246		1.47292205687	0.203	0.163	3.54048e-12		1.47292205687	0.322	0.163	4.22915e-12
400   	400   	192.498		1.47325257437	0.753	0.164	3.34583e-12		1.47325257437	0.681	0.164	3.79237e-12
400   	400   	192.75		1.47358344466	0.883	0.165	2.56154e-12		1.47358344466	0.908	0.165	2.42698e-12
400   	400   	193.001		1.47391467132	0.245	0.166	3.70846e-12		1.47391467132	0.192	0.166	3.38988e-12
400   	400   	193.253		1.47424625788	0.545	0.166	4.34165e-12		1.36080388508	0.454	0.021	1.39802e-10
400   	400   	193.505		1.4745782078	0.467	0.167	4.43096e-12		nan         	nan	nan	nan   
400   	400   	193.756		1.47491052451	0.127	0.168	2.92017e-12		1.47491052451	0.0669	0.168	2.5862e-12
400   	400   	194.008		1.47524321135	0.92	0.169	2.27268e-12		1.47524321135	0.858	0.169	2.58575e-12
400   	400   	194.26		1.47557627166	0.143	0.169	2.97007e-12		1.47557627166	0.42	0.169	4.28907e-12
400   	400   	194.511		1.47590970867	0.906	0.17	2.29957e-12		1.35299492747	0.498	0.00428	2.53358e-09
400   	400   	194.763		1.35327180996	0.498	0.00429	2.52397e-09		1.4762435256	0.888	0.171	2.36542e-12
400   	400   	195.015		1.4765777256	0.143	0.172	2.89664e-12		1.4765777256	0.0107	0.172	2.20952e-12
400   	400   	195.266		1.47691231175	0.362	0.173	4.00623e-12		1.47691231175	0.039	0.173	2.32615e-12
400   	400   	195.518		1.47724728712	0.0367	0.173	2.29644e-12		1.47724728712	0.0187	0.173	2.21155e-12
400   	400   	195.77		1.47758265467	0.0309	0.174	2.25107e-12		1.47758265467	0.0128	0.174	2.16666e-12
400   	400   	196.021		1.47791841735	0.751	0.175	2.99276e-12		nan         	nan	nan	nan   
400   	400   	196.273		1.47825457805	0.0216	0.176	2.17289e-12		1.47825457805	0.119	0.176	2.65679e-12
400   	400   	196.525		1.47859113957	0.282	0.177	3.51266e-12		1.47859113957	0.115	0.177	2.61449e-12
400   	400   	196.776		1.47892810471	0.874	0.177	2.28059e-12		1.47892810471	0.803	0.177	2.64059e-12
400   	400   	197.028		1.47926547617	0.833	0.178	2.46336e-12		1.36467021955	0.456	0.0209	1.4245e-10
400   	400   	197.28		1.47960325662	0.889	0.179	2.17644e-12		1.47960325662	0.889	0.179	2.17395e-12
400   	400   	197.531		1.47994144866	0.0243	0.18	2.1007e-12		1.47994144866	0.0848	0.18	2.38361e-12
400   	400   	197.783		1.3654170466	0.457	0.0209	1.42917e-10		1.48028005487	0.886	0.181	2.15458e-12
400   	400   	198.035		1.48061907772	0.276	0.181	3.32756e-12		1.48061907772	0.121	0.181	2.52823e-12
400   	400   	198.286		1.48095851968	0.169	0.182	2.75252e-12		1.48095851968	0.0188	0.182	2.02856e-12
400   	400   	198.538		1.48129838313	0.0143	0.183	1.99372e-12		1.48129838313	0.0204	0.183	2.01989e-12
400   	500   	186.206		1.49640809079	0.906	0.241	1.53176e-12		1.48466781746	0.908	0.191	2.31361e-12
400   	500   	186.458		1.49683662077	0.906	0.242	1.52056e-12		1.48505170184	0.908	0.192	2.29569e-12
400   	500   	186.71		1.49726558086	0.905	0.243	1.50948e-12		1.48543598396	0.908	0.193	2.27795e-12
400   	500   	186.961		1.49769497157	0.905	0.244	1.49851e-12		1.4858206663	0.908	0.194	2.26037e-12
400   	500   	187.213		1.49812479334	0.905	0.245	1.48765e-12		1.48620575125	0.907	0.195	2.24297e-12
400   	500   	187.465		1.49855504653	0.905	0.246	1.47691e-12		1.48659124118	0.907	0.195	2.22574e-12
400   	500   	187.716		1.49898573144	0.905	0.247	1.46627e-12		1.48697713833	0.907	0.196	2.20868e-12
400   	500   	187.968		1.49941684828	0.904	0.248	1.45573e-12		1.48736344492	0.907	0.197	2.19179e-12
400   	500   	188.22		1.49984839717	0.904	0.249	1.44531e-12		1.48775016307	0.906	0.198	2.17506e-12
400   	500   	188.471		1.5002803782	0.904	0.25	1.43499e-12		1.48813729486	0.906	0.199	2.15849e-12
400   	500   	188.723		1.50071279135	0.904	0.251	1.42477e-12		1.48852484227	0.906	0.2	2.14208e-12
400   	500   	188.975		1.50114563654	0.903	0.252	1.41466e-12		1.48891280724	0.906	0.201	2.12584e-12
400   	500   	189.226		1.50157891363	0.903	0.253	1.40464e-12		1.48930119162	0.905	0.202	2.10976e-12
400   	500   	189.478		1.50201262237	0.903	0.254	1.39473e-12		1.48968999721	0.905	0.203	2.09383e-12
400   	500   	189.73		1.50244676249	0.903	0.255	1.38492e-12		1.49007922573	0.905	0.203	2.07806e-12
400   	500   	189.981		1.50288133361	0.903	0.257	1.37521e-12		1.49046887884	0.905	0.204	2.06244e-12
400   	500   	190.233		1.50331633529	0.902	0.258	1.3656e-12		1.49085895812	0.905	0.205	2.04698e-12
400   	500   	190.485		1.50375176705	0.902	0.259	1.35608e-12		1.49124946511	0.904	0.206	2.03167e-12
400   	500   	190.736		1.50418762829	0.902	0.26	1.34666e-12		1.49164040125	0.904	0.207	2.01651e-12
400   	500   	190.988		1.50462391839	0.902	0.261	1.33733e-12		1.49203176793	0.904	0.208	2.00149e-12
400   	500   	191.24		1.50506063662	0.901	0.262	1.3281e-12		1.49242356649	0.904	0.209	1.98663e-12
400   	500   	191.491		1.50549778222	0.901	0.263	1.31896e-12		1.49281579816	0.903	0.21	1.97191e-12
400   	500   	191.743		1.50593535435	0.901	0.264	1.30991e-12		1.49320846416	0.903	0.211	1.95733e-12
400   	500   	191.995		1.50637335209	0.901	0.265	1.30095e-12		1.49360156559	0.903	0.212	1.9429e-12
400   	500   	192.246		1.50681177448	0.901	0.266	1.29209e-12		1.49399510353	0.903	0.213	1.92861e-12
400   	500   	192.498		1.50725062049	0.9	0.267	1.28331e-12		1.49438907897	0.902	0.213	1.91446e-12
400   	500   	192.75		1.507689889 	0.9	0.269	1.27462e-12		1.49478349283	0.902	0.214	1.90045e-12
400   	500   	193.001		1.50812957886	0.9	0.27	1.26601e-12		1.49517834599	0.902	0.215	1.88658e-12
400   	500   	193.253		1.50856968885	0.9	0.271	1.2575e-12		1.49557363924	0.902	0.216	1.87284e-12
400   	500   	193.505		1.50901021767	0.899	0.272	1.24906e-12		1.49596937332	0.901	0.217	1.85924e-12
400   	500   	193.756		1.50945116399	0.899	0.273	1.24071e-12		1.49636554892	0.901	0.218	1.84577e-12
400   	500   	194.008		1.50989252639	0.899	0.274	1.23245e-12		1.49676216663	0.901	0.219	1.83243e-12
400   	500   	194.26		1.51033430341	0.899	0.275	1.22427e-12		1.49715922702	0.901	0.22	1.81922e-12
400   	500   	194.511		1.51077649353	0.899	0.276	1.21617e-12		1.49755673056	0.9	0.221	1.80615e-12
400   	500   	194.763		1.51121909515	0.898	0.277	1.20815e-12		1.49795467768	0.9	0.222	1.7932e-12
400   	500   	195.015		1.51166210665	0.898	0.279	1.20021e-12		1.49835306874	0.9	0.223	1.78038e-12
400   	500   	195.266		1.51210552633	0.898	0.28	1.19235e-12		1.49875190405	0.9	0.224	1.76768e-12
400   	500   	195.518		1.51254935242	0.898	0.281	1.18456e-12		1.49915118384	0.899	0.225	1.75511e-12
400   	500   	195.77		1.51299358313	0.898	0.282	1.17686e-12		1.49955090829	0.899	0.226	1.74266e-12
400   	500   	196.021		1.5134382166	0.897	0.283	1.16923e-12		1.49995107753	0.899	0.227	1.73033e-12
400   	500   	196.273		1.5138832509	0.897	0.284	1.16167e-12		1.50035169161	0.899	0.228	1.71813e-12
400   	500   	196.525		1.51432868407	0.897	0.285	1.1542e-12		1.50075275053	0.898	0.228	1.70604e-12
400   	500   	196.776		1.51477451409	0.897	0.286	1.14679e-12		1.50115425423	0.898	0.229	1.69407e-12
400   	500   	197.028		1.51522073888	0.896	0.287	1.13946e-12		1.5015562026	0.898	0.23	1.68222e-12
400   	500   	197.28		1.51566735633	0.896	0.289	1.1322e-12		1.50195859546	0.898	0.231	1.67049e-12
400   	500   	197.531		1.51611436425	0.896	0.29	1.12501e-12		1.50236143258	0.897	0.232	1.65887e-12
400   	500   	197.783		1.51656176044	0.896	0.291	1.11789e-12		1.50276471366	0.897	0.233	1.64736e-12
400   	500   	198.035		1.51700954261	0.896	0.292	1.11085e-12		1.50316843836	0.897	0.234	1.63597e-12
400   	500   	198.286		1.51745770846	0.895	0.293	1.10387e-12		1.50357260628	0.897	0.235	1.62468e-12
400   	500   	198.538		1.51790625561	0.895	0.294	1.09696e-12		1.50397721694	0.896	0.236	1.61351e-12
400   	600   	186.206		1.52841386495	0.894	0.335	1.05533e-12		1.50245667092	0.894	0.229	2.05638e-12
400   	600   	186.458		1.52892290723	0.894	0.336	1.04904e-12		1.50288730763	0.893	0.23	2.04179e-12
400   	600   	186.71		1.52943217541	0.894	0.337	1.04281e-12		1.5033183376	0.893	0.231	2.02734e-12
400   	600   	186.961		1.529941666 	0.894	0.339	1.03665e-12		1.50374976091	0.893	0.232	2.01303e-12
400   	600   	187.213		1.53045137547	0.894	0.34	1.03055e-12		1.50418157756	0.893	0.233	1.99886e-12
400   	600   	187.465		1.53096130022	0.894	0.341	1.0245e-12		1.50461378749	0.892	0.234	1.98483e-12
400   	600   	187.716		1.53147143666	0.893	0.342	1.01852e-12		1.50504639057	0.892	0.235	1.97094e-12
400   	600   	187.968		1.53198178111	0.893	0.344	1.01259e-12		1.50547938661	0.892	0.236	1.95718e-12
400   	600   	188.22		1.53249232989	0.893	0.345	1.00673e-12		1.50591277536	0.891	0.236	1.94356e-12
400   	600   	188.471		1.53300307928	0.893	0.346	1.00092e-12		1.50634655648	0.891	0.237	1.93008e-12
400   	600   	188.723		1.53351402551	0.893	0.347	9.95168e-13		1.5067807296	0.891	0.238	1.91672e-12
400   	600   	188.975		1.53402516478	0.893	0.348	9.89472e-13		1.50721529427	0.891	0.239	1.9035e-12
400   	600   	189.226		1.53453649328	0.892	0.35	9.83832e-13		1.50765024999	0.89	0.24	1.89041e-12
400   	600   	189.478		1.53504800715	0.892	0.351	9.78248e-13		1.50808559619	0.89	0.241	1.87744e-12
400   	600   	189.73		1.53555970248	0.892	0.352	9.72717e-13		1.50852133223	0.89	0.242	1.8646e-12
400   	600   	189.981		1.53607157538	0.892	0.353	9.67241e-13		1.50895745743	0.89	0.243	1.85189e-12
400   	600   	190.233		1.53658362189	0.892	0.355	9.61818e-13		1.50939397104	0.889	0.244	1.8393e-12
400   	600   	190.485		1.53709583803	0.892	0.356	9.56447e-13		1.50983087224	0.889	0.245	1.82684e-12
400   	600   	190.736		1.53760821982	0.891	0.357	9.51128e-13		1.51026816018	0.889	0.246	1.81449e-12
400   	600   	190.988		1.53812076322	0.891	0.358	9.45861e-13		1.51070583393	0.889	0.247	1.80227e-12
400   	600   	191.24		1.53863346418	0.891	0.36	9.40644e-13		1.51114389251	0.888	0.248	1.79016e-12
400   	600   	191.491		1.53914631863	0.891	0.361	9.35477e-13		1.51158233487	0.888	0.249	1.77818e-12
400   	600   	191.743		1.53965932248	0.891	0.362	9.30361e-13		1.51202115994	0.888	0.25	1.76631e-12
400   	600   	191.995		1.5401724716	0.891	0.363	9.25293e-13		1.51246036655	0.888	0.251	1.75455e-12
400   	600   	192.246		1.54068576186	0.891	0.365	9.20274e-13		1.51289995352	0.887	0.252	1.74291e-12
400   	600   	192.498		1.5411991891	0.89	0.366	9.15303e-13		1.51333991957	0.887	0.253	1.73139e-12
400   	600   	192.75		1.54171274914	0.89	0.367	9.10379e-13		1.5137802634	0.887	0.254	1.71997e-12
400   	600   	193.001		1.54222643779	0.89	0.368	9.05502e-13		1.51422098365	0.887	0.255	1.70867e-12
400   	600   	193.253		1.54274025083	0.89	0.37	9.00671e-13		1.51466207891	0.886	0.256	1.69747e-12
400   	600   	193.505		1.54325418404	0.89	0.371	8.95887e-13		1.51510354771	0.886	0.257	1.68639e-12
400   	600   	193.756		1.54376823316	0.89	0.372	8.91147e-13		1.51554538853	0.886	0.258	1.67541e-12
400   	600   	194.008		1.54428239395	0.89	0.373	8.86453e-13		1.51598759981	0.886	0.259	1.66453e-12
400   	600   	194.26		1.54479666213	0.889	0.374	8.81802e-13		1.51643017994	0.885	0.26	1.65376e-12
400   	600   	194.511		1.54531103341	0.889	0.376	8.77196e-13		1.51687312724	0.885	0.261	1.6431e-12
400   	600   	194.763		1.54582550349	0.889	0.377	8.72632e-13		1.51731644002	0.885	0.262	1.63254e-12
400   	600   	195.015		1.54634006807	0.889	0.378	8.68112e-13		1.51776011651	0.885	0.263	1.62207e-12
400   	600   	195.266		1.54685472282	0.889	0.379	8.63634e-13		1.51820415491	0.884	0.264	1.61171e-12
400   	600   	195.518		1.54736946342	0.889	0.381	8.59197e-13		1.51864855336	0.884	0.265	1.60145e-12
400   	600   	195.77		1.54788428553	0.889	0.382	8.54802e-13		1.51909330998	0.884	0.266	1.59129e-12
400   	600   	196.021		1.54839918479	0.888	0.383	8.50448e-13		1.51953842282	0.884	0.267	1.58123e-12
400   	600   	196.273		1.54891415687	0.888	0.384	8.46134e-13		1.51998388989	0.883	0.268	1.57126e-12
400   	600   	196.525		1.54942919739	0.888	0.385	8.4186e-13		1.52042970917	0.883	0.269	1.56138e-12
400   	600   	196.776		1.54994430199	0.888	0.387	8.37626e-13		1.5208758786	0.883	0.27	1.5516e-12
400   	600   	197.028		1.5504594663	0.888	0.388	8.33431e-13		1.52132239605	0.883	0.271	1.54192e-12
400   	600   	197.28		1.55097468595	0.888	0.389	8.29274e-13		1.52176925939	0.882	0.272	1.53232e-12
400   	600   	197.531		1.55148995654	0.888	0.39	8.25156e-13		1.5222164664	0.882	0.274	1.52282e-12
400   	600   	197.783		1.55200527371	0.888	0.392	8.21075e-13		1.52266401487	0.882	0.275	1.51341e-12
400   	600   	198.035		1.55252063306	0.887	0.393	8.17032e-13		1.52311190252	0.881	0.276	1.50408e-12
400   	600   	198.286		1.55303603021	0.887	0.394	8.13026e-13		1.52356012704	0.881	0.277	1.49485e-12
400   	600   	198.538		1.55355146077	0.887	0.395	8.09056e-13		1.52400868608	0.881	0.278	1.4857e-12
400   	700   	186.206		1.55781071703	0.892	0.415	8.63332e-13		1.51804584216	0.882	0.258	1.9571e-12
400   	700   	186.458		1.55836454281	0.892	0.416	8.59151e-13		1.51850893367	0.882	0.259	1.94436e-12
400   	700   	186.71		1.55891825006	0.892	0.418	8.55008e-13		1.51897233529	0.881	0.26	1.93173e-12
400   	700   	186.961		1.55947183428	0.892	0.419	8.50904e-13		1.51943604547	0.881	0.261	1.91923e-12
400   	700   	187.213		1.56002529096	0.892	0.42	8.46838e-13		1.51990006259	0.881	0.263	1.90685e-12
400   	700   	187.465		1.5605786156	0.892	0.421	8.42809e-13		1.520364385 	0.881	0.264	1.89458e-12
400   	700   	187.716		1.56113180369	0.892	0.423	8.38817e-13		1.52082901098	0.88	0.265	1.88244e-12
400   	700   	187.968		1.56168485073	0.891	0.424	8.34862e-13		1.52129393878	0.88	0.266	1.87041e-12
400   	700   	188.22		1.56223775225	0.891	0.425	8.30942e-13		1.52175916659	0.88	0.267	1.8585e-12
400   	700   	188.471		1.56279050377	0.891	0.427	8.27059e-13		1.52222469255	0.88	0.268	1.8467e-12
400   	700   	188.723		1.56334310079	0.891	0.428	8.2321e-13		1.52269051477	0.879	0.269	1.83501e-12
400   	700   	188.975		1.56389553888	0.891	0.429	8.19397e-13		1.52315663129	0.879	0.27	1.82343e-12
400   	700   	189.226		1.56444781356	0.891	0.43	8.15618e-13		1.52362304013	0.879	0.271	1.81197e-12
400   	700   	189.478		1.56499992039	0.891	0.432	8.11873e-13		1.52408973925	0.878	0.272	1.80061e-12
400   	700   	189.73		1.56555185494	0.891	0.433	8.08162e-13		1.52455672657	0.878	0.273	1.78937e-12
400   	700   	189.981		1.56610361278	0.891	0.434	8.04484e-13		1.52502399996	0.878	0.274	1.77822e-12
400   	700   	190.233		1.5666551895	0.891	0.435	8.00839e-13		1.52549155727	0.878	0.275	1.76719e-12
400   	700   	190.485		1.5672065807	0.891	0.437	7.97227e-13		1.52595939628	0.877	0.276	1.75626e-12
400   	700   	190.736		1.567757782 	0.891	0.438	7.93647e-13		1.52642751475	0.877	0.277	1.74543e-12
400   	700   	190.988		1.568308789 	0.891	0.439	7.90099e-13		1.52689591039	0.877	0.278	1.73471e-12
400   	700   	191.24		1.56885959737	0.891	0.44	7.86582e-13		1.52736458087	0.877	0.279	1.72409e-12
400   	700   	191.491		1.56941020274	0.89	0.441	7.83097e-13		1.52783352384	0.876	0.28	1.71356e-12
400   	700   	191.743		1.56996060078	0.89	0.443	7.79642e-13		1.52830273689	0.876	0.281	1.70314e-12
400   	700   	191.995		1.57051078719	0.89	0.444	7.76218e-13		1.52877221757	0.876	0.282	1.69281e-12
400   	700   	192.246		1.57106075765	0.89	0.445	7.72824e-13		1.52924196342	0.876	0.283	1.68258e-12
400   	700   	192.498		1.57161050789	0.89	0.446	7.6946e-13		1.52971197193	0.875	0.284	1.67245e-12
400   	700   	192.75		1.57216003364	0.89	0.448	7.66125e-13		1.53018224054	0.875	0.285	1.66241e-12
400   	700   	193.001		1.57270933064	0.89	0.449	7.62819e-13		1.53065276669	0.875	0.286	1.65247e-12
400   	700   	193.253		1.57325839466	0.89	0.45	7.59542e-13		1.53112354775	0.875	0.287	1.64262e-12
400   	700   	193.505		1.57380722149	0.89	0.451	7.56293e-13		1.53159458108	0.874	0.288	1.63286e-12
400   	700   	193.756		1.57435580692	0.89	0.453	7.53073e-13		1.53206586401	0.874	0.289	1.62319e-12
400   	700   	194.008		1.5749041468	0.89	0.454	7.49881e-13		1.53253739383	0.874	0.29	1.61361e-12
400   	700   	194.26		1.57545223694	0.89	0.455	7.46716e-13		1.53300916779	0.874	0.291	1.60412e-12
400   	700   	194.511		1.57600007322	0.89	0.456	7.43578e-13		1.53348118313	0.873	0.292	1.59472e-12
400   	700   	194.763		1.57654765152	0.89	0.457	7.40467e-13		1.53395343705	0.873	0.293	1.58541e-12
400   	700   	195.015		1.57709496773	0.89	0.459	7.37383e-13		1.53442592673	0.873	0.294	1.57618e-12
400   	700   	195.266		1.57764201778	0.89	0.46	7.34325e-13		1.5348986493	0.873	0.295	1.56704e-12
400   	700   	195.518		1.57818879762	0.89	0.461	7.31293e-13		1.5353716019	0.873	0.296	1.55798e-12
400   	700   	195.77		1.5787353032	0.889	0.462	7.28287e-13		1.53584478162	0.872	0.297	1.549e-12
400   	700   	196.021		1.57928153052	0.889	0.463	7.25306e-13		1.53631818551	0.872	0.298	1.54011e-12
400   	700   	196.273		1.57982747558	0.889	0.465	7.22351e-13		1.53679181063	0.872	0.299	1.5313e-12
400   	700   	196.525		1.58037313442	0.889	0.466	7.1942e-13		1.53726565399	0.872	0.3	1.52257e-12
400   	700   	196.776		1.58091850308	0.889	0.467	7.16514e-13		1.53773971258	0.871	0.301	1.51391e-12
400   	700   	197.028		1.58146357764	0.889	0.468	7.13633e-13		1.53821398339	0.871	0.303	1.50534e-12
400   	700   	197.28		1.58200835421	0.889	0.469	7.10775e-13		1.53868846335	0.871	0.304	1.49685e-12
400   	700   	197.531		1.5825528289	0.889	0.471	7.07942e-13		1.53916314939	0.871	0.305	1.48843e-12
400   	700   	197.783		1.58309699786	0.889	0.472	7.05132e-13		1.53963803843	0.87	0.306	1.48009e-12
400   	700   	198.035		1.58364085727	0.889	0.473	7.02345e-13		1.54011312734	0.87	0.307	1.47183e-12
400   	700   	198.286		1.58418440331	0.889	0.474	6.99582e-13		1.540588413 	0.87	0.308	1.46364e-12
400   	700   	198.538		1.5847276322	0.889	0.475	6.96841e-13		1.54106389225	0.87	0.309	1.45552e-12
400   	800   	186.206		1.58315677723	0.896	0.478	7.79344e-13		1.53144367411	0.873	0.281	1.93764e-12
400   	800   	186.458		1.58372806329	0.896	0.479	7.76193e-13		1.53192777987	0.872	0.283	1.92592e-12
400   	800   	186.71		1.58429892749	0.896	0.481	7.7307e-13		1.53241208916	0.872	0.284	1.91432e-12
400   	800   	186.961		1.58486936613	0.896	0.482	7.69974e-13		1.53289659958	0.872	0.285	1.90283e-12
400   	800   	187.213		1.58543937555	0.896	0.483	7.66903e-13		1.53338130871	0.872	0.286	1.89144e-12
400   	800   	187.465		1.58600895207	0.896	0.484	7.63859e-13		1.53386621405	0.871	0.287	1.88016e-12
400   	800   	187.716		1.5865780921	0.896	0.486	7.6084e-13		1.53435131311	0.871	0.288	1.86899e-12
400   	800   	187.968		1.58714679202	0.896	0.487	7.57847e-13		1.53483660334	0.871	0.289	1.85792e-12
400   	800   	188.22		1.58771504826	0.896	0.488	7.54879e-13		1.53532208218	0.871	0.29	1.84695e-12
400   	800   	188.471		1.58828285728	0.896	0.489	7.51936e-13		1.53580774702	0.871	0.291	1.83608e-12
400   	800   	188.723		1.58885021557	0.896	0.49	7.49017e-13		1.53629359522	0.87	0.292	1.82531e-12
400   	800   	188.975		1.58941711962	0.896	0.492	7.46123e-13		1.53677962414	0.87	0.293	1.81464e-12
400   	800   	189.226		1.58998356598	0.896	0.493	7.43253e-13		1.53726583106	0.87	0.294	1.80407e-12
400   	800   	189.478		1.5905495512	0.896	0.494	7.40407e-13		1.53775221328	0.87	0.295	1.7936e-12
400   	800   	189.73		1.59111507187	0.896	0.495	7.37584e-13		1.53823876805	0.869	0.296	1.78322e-12
400   	800   	189.981		1.59168012462	0.896	0.496	7.34784e-13		1.53872549258	0.869	0.297	1.77294e-12
400   	800   	190.233		1.59224470608	0.896	0.498	7.32008e-13		1.53921238409	0.869	0.298	1.76275e-12
400   	800   	190.485		1.59280881294	0.896	0.499	7.29254e-13		1.53969943974	0.869	0.299	1.75266e-12
400   	800   	190.736		1.59337244188	0.896	0.5	7.26523e-13		1.54018665668	0.868	0.3	1.74265e-12
400   	800   	190.988		1.59393558964	0.896	0.501	7.23814e-13		1.54067403204	0.868	0.301	1.73274e-12
400   	800   	191.24		1.59449825298	0.896	0.502	7.21127e-13		1.54116156292	0.868	0.302	1.72292e-12
400   	800   	191.491		1.59506042868	0.896	0.503	7.18463e-13		1.5416492464	0.868	0.303	1.71318e-12
400   	800   	191.743		1.59562211355	0.896	0.505	7.15819e-13		1.54213707952	0.867	0.304	1.70354e-12
400   	800   	191.995		1.59618330444	0.896	0.506	7.13197e-13		1.54262505934	0.867	0.305	1.69398e-12
400   	800   	192.246		1.59674399822	0.896	0.507	7.10596e-13		1.54311318286	0.867	0.306	1.68451e-12
400   	800   	192.498		1.59730419179	0.896	0.508	7.08016e-13		1.54360144708	0.867	0.307	1.67512e-12
400   	800   	192.75		1.59786388208	0.896	0.509	7.05457e-13		1.54408984897	0.866	0.308	1.66582e-12
400   	800   	193.001		1.59842306605	0.896	0.51	7.02918e-13		1.54457838548	0.866	0.309	1.6566e-12
400   	800   	193.253		1.59898174068	0.896	0.512	7.004e-13		1.54506705357	0.866	0.31	1.64747e-12
400   	800   	193.505		1.59953990299	0.896	0.513	6.97901e-13		1.54555585013	0.866	0.311	1.63841e-12
400   	800   	193.756		1.60009755003	0.896	0.514	6.95422e-13		1.54604477208	0.866	0.312	1.62944e-12
400   	800   	194.008		1.60065467887	0.896	0.515	6.92963e-13		1.54653381631	0.865	0.313	1.62054e-12
400   	800   	194.26		1.60121128661	0.896	0.516	6.90524e-13		1.54702297968	0.865	0.314	1.61173e-12
400   	800   	194.511		1.6017673704	0.896	0.517	6.88103e-13		1.54751225906	0.865	0.315	1.60299e-12
400   	800   	194.763		1.60232292739	0.896	0.518	6.85701e-13		1.54800165128	0.865	0.316	1.59434e-12
400   	800   	195.015		1.60287795477	0.896	0.52	6.83319e-13		1.54849115316	0.864	0.317	1.58575e-12
400   	800   	195.266		1.60343244977	0.896	0.521	6.80955e-13		1.54898076153	0.864	0.318	1.57725e-12
400   	800   	195.518		1.60398640963	0.896	0.522	6.78609e-13		1.54947047319	0.864	0.32	1.56882e-12
400   	800   	195.77		1.60453983164	0.896	0.523	6.76281e-13		1.54996028491	0.864	0.321	1.56046e-12
400   	800   	196.021		1.60509271311	0.896	0.524	6.73972e-13		1.55045019349	0.863	0.322	1.55218e-12
400   	800   	196.273		1.60564505138	0.896	0.525	6.7168e-13		1.55094019569	0.863	0.323	1.54396e-12
400   	800   	196.525		1.60619684381	0.896	0.526	6.69406e-13		1.55143028826	0.863	0.324	1.53583e-12
400   	800   	196.776		1.6067480878	0.896	0.527	6.6715e-13		1.55192046794	0.863	0.325	1.52776e-12
400   	800   	197.028		1.60729878078	0.896	0.529	6.6491e-13		1.55241073148	0.863	0.326	1.51976e-12
400   	800   	197.28		1.60784892021	0.896	0.53	6.62688e-13		1.5529010756	0.862	0.327	1.51183e-12
400   	800   	197.531		1.60839850357	0.896	0.531	6.60483e-13		1.55339149702	0.862	0.328	1.50397e-12
400   	800   	197.783		1.60894752837	0.896	0.532	6.58294e-13		1.55388199246	0.862	0.329	1.49618e-12
400   	800   	198.035		1.60949599217	0.896	0.533	6.56122e-13		1.5543725586	0.862	0.33	1.48846e-12
400   	800   	198.286		1.61004389253	0.896	0.534	6.53967e-13		1.55486319216	0.862	0.331	1.4808e-12
400   	800   	198.538		1.61059122706	0.896	0.535	6.51828e-13		1.55535388981	0.861	0.332	1.47321e-12
400   	1000  	186.206		1.62185299591	0.911	0.563	7.33979e-13		1.55256429339	0.86	0.313	2.01388e-12
400   	1000  	186.458		1.62241823663	0.911	0.564	7.3172e-13		1.55306843744	0.86	0.314	2.00301e-12
400   	1000  	186.71		1.62298270071	0.911	0.565	7.29478e-13		1.55357259458	0.86	0.315	1.99224e-12
400   	1000  	186.961		1.62354638696	0.911	0.566	7.27253e-13		1.55407676205	0.859	0.316	1.98156e-12
400   	1000  	187.213		1.62410929424	0.911	0.567	7.25044e-13		1.55458093709	0.859	0.317	1.97097e-12
400   	1000  	187.465		1.62467142141	0.911	0.568	7.22852e-13		1.55508511691	0.859	0.318	1.96047e-12
400   	1000  	187.716		1.62523276738	0.911	0.569	7.20675e-13		1.55558929872	0.859	0.319	1.95007e-12
400   	1000  	187.968		1.62579333107	0.911	0.57	7.18514e-13		1.55609347972	0.859	0.32	1.93975e-12
400   	1000  	188.22		1.62635311143	0.911	0.571	7.16369e-13		1.55659765708	0.858	0.321	1.92952e-12
400   	1000  	188.471		1.62691210743	0.911	0.572	7.1424e-13		1.55710182798	0.858	0.322	1.91938e-12
400   	1000  	188.723		1.62747031807	0.911	0.573	7.12126e-13		1.55760598959	0.858	0.323	1.90933e-12
400   	1000  	188.975		1.62802774239	0.911	0.574	7.10028e-13		1.55811013904	0.858	0.324	1.89936e-12
400   	1000  	189.226		1.62858437943	0.911	0.575	7.07944e-13		1.55861427349	0.858	0.325	1.88948e-12
400   	1000  	189.478		1.62914022827	0.911	0.576	7.05875e-13		1.55911839007	0.857	0.326	1.87969e-12
400   	1000  	189.73		1.62969528802	0.911	0.577	7.03822e-13		1.55962248589	0.857	0.327	1.86998e-12
400   	1000  	189.981		1.6302495578	0.912	0.578	7.01783e-13		1.56012655808	0.857	0.328	1.86035e-12
400   	1000  	190.233		1.63080303676	0.912	0.579	6.99758e-13		1.56063060374	0.857	0.329	1.8508e-12
400   	1000  	190.485		1.63135572407	0.912	0.58	6.97748e-13		1.56113461998	0.856	0.33	1.84133e-12
400   	1000  	190.736		1.63190761895	0.912	0.581	6.95752e-13		1.56163860389	0.856	0.331	1.83194e-12
400   	1000  	190.988		1.63245872061	0.912	0.582	6.93771e-13		1.56214255255	0.856	0.332	1.82263e-12
400   	1000  	191.24		1.6330090283	0.912	0.583	6.91803e-13		1.56264646306	0.856	0.333	1.81341e-12
400   	1000  	191.491		1.6335585413	0.912	0.584	6.89849e-13		1.56315033249	0.856	0.334	1.80425e-12
400   	1000  	191.743		1.63410725891	0.912	0.585	6.87909e-13		1.56365415792	0.855	0.335	1.79518e-12
400   	1000  	191.995		1.63465518043	0.912	0.586	6.85982e-13		1.5641579364	0.855	0.336	1.78618e-12
400   	1000  	192.246		1.63520230523	0.912	0.588	6.84069e-13		1.56466166502	0.855	0.337	1.77726e-12
400   	1000  	192.498		1.63574863266	0.912	0.589	6.82169e-13		1.56516534082	0.855	0.338	1.76841e-12
400   	1000  	192.75		1.63629416211	0.912	0.59	6.80282e-13		1.56566896087	0.855	0.339	1.75963e-12
400   	1000  	193.001		1.63683889301	0.912	0.591	6.78409e-13		1.56617252223	0.854	0.34	1.75093e-12
400   	1000  	193.253		1.63738282478	0.913	0.592	6.76548e-13		1.56667602195	0.854	0.341	1.7423e-12
400   	1000  	193.505		1.63792595688	0.913	0.593	6.747e-13		1.56717945707	0.854	0.342	1.73374e-12
400   	1000  	193.756		1.6384682888	0.913	0.593	6.72865e-13		1.56768282466	0.854	0.343	1.72526e-12
400   	1000  	194.008		1.63900982004	0.913	0.594	6.71042e-13		1.56818612176	0.854	0.344	1.71684e-12
400   	1000  	194.26		1.63955055012	0.913	0.595	6.69232e-13		1.56868934543	0.853	0.345	1.70849e-12
400   	1000  	194.511		1.6400904786	0.913	0.596	6.67434e-13		1.5691924927	0.853	0.346	1.70021e-12
400   	1000  	194.763		1.64062960504	0.913	0.597	6.65649e-13		1.56969556064	0.853	0.347	1.692e-12
400   	1000  	195.015		1.64116792904	0.913	0.598	6.63875e-13		1.57019854628	0.853	0.348	1.68385e-12
400   	1000  	195.266		1.6417054502	0.913	0.599	6.62114e-13		1.57070144669	0.853	0.349	1.67578e-12
400   	1000  	195.518		1.64224216816	0.913	0.6	6.60364e-13		1.5712042589	0.852	0.35	1.66776e-12
400   	1000  	195.77		1.64277808259	0.913	0.601	6.58626e-13		1.57170697999	0.852	0.351	1.65982e-12
400   	1000  	196.021		1.64331319314	0.913	0.602	6.569e-13		1.572209607 	0.852	0.352	1.65193e-12
400   	1000  	196.273		1.64384749953	0.913	0.603	6.55185e-13		1.57271213698	0.852	0.353	1.64412e-12
400   	1000  	196.525		1.64438100147	0.914	0.604	6.53482e-13		1.57321456701	0.852	0.354	1.63636e-12
400   	1000  	196.776		1.64491369869	0.914	0.605	6.5179e-13		1.57371689414	0.852	0.355	1.62867e-12
400   	1000  	197.028		1.64544559096	0.914	0.606	6.5011e-13		1.57421911544	0.851	0.356	1.62104e-12
400   	1000  	197.28		1.64597667805	0.914	0.607	6.4844e-13		1.57472122798	0.851	0.357	1.61347e-12
400   	1000  	197.531		1.64650695977	0.914	0.608	6.46782e-13		1.57522322883	0.851	0.358	1.60596e-12
400   	1000  	197.783		1.64703643593	0.914	0.609	6.45134e-13		1.57572511508	0.851	0.359	1.59851e-12
400   	1000  	198.035		1.64756510636	0.914	0.61	6.43497e-13		1.5762268838	0.851	0.36	1.59112e-12
400   	1000  	198.286		1.64809297094	0.914	0.611	6.41871e-13		1.57672853208	0.85	0.361	1.58379e-12
400   	1000  	198.538		1.64862002953	0.914	0.612	6.40256e-13		1.57723005702	0.85	0.362	1.57652e-12
400   	1200  	186.206		1.64824836808	0.926	0.611	7.51485e-13		1.56789214665	0.852	0.332	2.16168e-12
400   	1200  	186.458		1.64879020884	0.926	0.612	7.49562e-13		1.56840093426	0.852	0.333	2.15086e-12
400   	1200  	186.71		1.64933114151	0.926	0.613	7.47651e-13		1.56890960588	0.852	0.334	2.14013e-12
400   	1200  	186.961		1.6498711666	0.926	0.614	7.45753e-13		1.56941815902	0.852	0.335	2.12949e-12
400   	1200  	187.213		1.65041028461	0.926	0.615	7.43867e-13		1.56992659124	0.851	0.336	2.11894e-12
400   	1200  	187.465		1.65094849608	0.926	0.616	7.41994e-13		1.57043490006	0.851	0.337	2.10847e-12
400   	1200  	187.716		1.65148580153	0.927	0.616	7.40134e-13		1.57094308299	0.851	0.338	2.09809e-12
400   	1200  	187.968		1.65202220154	0.927	0.617	7.38285e-13		1.57145113757	0.851	0.339	2.08779e-12
400   	1200  	188.22		1.65255769668	0.927	0.618	7.36449e-13		1.5719590613	0.851	0.34	2.07758e-12
400   	1200  	188.471		1.65309228753	0.927	0.619	7.34625e-13		1.57246685171	0.851	0.341	2.06745e-12
400   	1200  	188.723		1.65362597469	0.927	0.62	7.32813e-13		1.57297450629	0.85	0.342	2.0574e-12
400   	1200  	188.975		1.65415875878	0.927	0.621	7.31013e-13		1.57348202257	0.85	0.343	2.04743e-12
400   	1200  	189.226		1.65469064043	0.927	0.622	7.29224e-13		1.57398939804	0.85	0.344	2.03755e-12
400   	1200  	189.478		1.65522162029	0.927	0.623	7.27447e-13		1.57449663021	0.85	0.345	2.02774e-12
400   	1200  	189.73		1.65575169901	0.927	0.624	7.25681e-13		1.57500371658	0.85	0.346	2.01801e-12
400   	1200  	189.981		1.65628087727	0.927	0.625	7.23927e-13		1.57551065465	0.849	0.347	2.00836e-12
400   	1200  	190.233		1.65680915575	0.927	0.626	7.22184e-13		1.57601744193	0.849	0.348	1.99879e-12
400   	1200  	190.485		1.65733653516	0.928	0.627	7.20452e-13		1.57652407591	0.849	0.349	1.98929e-12
400   	1200  	190.736		1.6578630162	0.928	0.627	7.18732e-13		1.5770305541	0.849	0.35	1.97988e-12
400   	1200  	190.988		1.6583885996	0.928	0.628	7.17022e-13		1.577536874 	0.849	0.351	1.97053e-12
400   	1200  	191.24		1.65891328611	0.928	0.629	7.15324e-13		1.5780430331	0.848	0.352	1.96126e-12
400   	1200  	191.491		1.65943707647	0.928	0.63	7.13636e-13		1.57854902892	0.848	0.353	1.95206e-12
400   	1200  	191.743		1.65995997146	0.928	0.631	7.11959e-13		1.57905485896	0.848	0.354	1.94294e-12
400   	1200  	191.995		1.66048197184	0.928	0.632	7.10292e-13		1.57956052071	0.848	0.355	1.93389e-12
400   	1200  	192.246		1.66100307841	0.928	0.633	7.08636e-13		1.58006601169	0.848	0.356	1.92491e-12
400   	1200  	192.498		1.66152329198	0.928	0.634	7.0699e-13		1.58057132941	0.848	0.357	1.916e-12
400   	1200  	192.75		1.66204261335	0.928	0.635	7.05355e-13		1.58107647138	0.847	0.358	1.90716e-12
400   	1200  	193.001		1.66256104336	0.928	0.635	7.0373e-13		1.58158143512	0.847	0.359	1.89839e-12
400   	1200  	193.253		1.66307858284	0.929	0.636	7.02115e-13		1.58208621813	0.847	0.36	1.88969e-12
400   	1200  	193.505		1.66359523265	0.929	0.637	7.0051e-13		1.58259081795	0.847	0.361	1.88105e-12
400   	1200  	193.756		1.66411099364	0.929	0.638	6.98915e-13		1.58309523209	0.847	0.362	1.87249e-12
400   	1200  	194.008		1.6646258667	0.929	0.639	6.9733e-13		1.58359945808	0.847	0.363	1.86399e-12
400   	1200  	194.26		1.66513985271	0.929	0.64	6.95755e-13		1.58410349346	0.846	0.364	1.85556e-12
400   	1200  	194.511		1.66565295257	0.929	0.641	6.94189e-13		1.58460733576	0.846	0.365	1.84719e-12
400   	1200  	194.763		1.66616516718	0.929	0.642	6.92634e-13		1.58511098253	0.846	0.366	1.83888e-12
400   	1200  	195.015		1.66667649746	0.929	0.642	6.91087e-13		1.5856144313	0.846	0.367	1.83065e-12
400   	1200  	195.266		1.66718694434	0.929	0.643	6.8955e-13		1.58611767963	0.846	0.368	1.82247e-12
400   	1200  	195.518		1.66769650877	0.929	0.644	6.88023e-13		1.58662072507	0.846	0.369	1.81436e-12
400   	1200  	195.77		1.66820519169	0.93	0.645	6.86505e-13		1.58712356519	0.845	0.37	1.80631e-12
400   	1200  	196.021		1.66871299406	0.93	0.646	6.84996e-13		1.58762619755	0.845	0.371	1.79832e-12
400   	1200  	196.273		1.66921991687	0.93	0.647	6.83496e-13		1.58812861972	0.845	0.372	1.79039e-12
400   	1200  	196.525		1.66972596108	0.93	0.647	6.82005e-13		1.58863082928	0.845	0.373	1.78252e-12
400   	1200  	196.776		1.67023112769	0.93	0.648	6.80524e-13		1.58913282382	0.845	0.374	1.77472e-12
400   	1200  	197.028		1.67073541771	0.93	0.649	6.79051e-13		1.58963460093	0.845	0.375	1.76697e-12
400   	1200  	197.28		1.67123883213	0.93	0.65	6.77587e-13		1.59013615821	0.844	0.376	1.75928e-12
400   	1200  	197.531		1.671741372 	0.93	0.651	6.76132e-13		1.59063749326	0.844	0.377	1.75165e-12
400   	1200  	197.783		1.67224303833	0.93	0.652	6.74685e-13		1.59113860369	0.844	0.377	1.74408e-12
400   	1200  	198.035		1.67274383216	0.93	0.652	6.73247e-13		1.59163948713	0.844	0.378	1.73656e-12
400   	1200  	198.286		1.67324375454	0.931	0.653	6.71818e-13		1.59214014119	0.844	0.379	1.7291e-12
400   	1200  	198.538		1.67374280654	0.931	0.654	6.70397e-13		1.59264056352	0.844	0.38	1.7217e-12
400   	1400  	186.206		1.66655636521	0.939	0.639	7.93689e-13		1.57919150321	0.847	0.344	2.34193e-12
400   	1400  	186.458		1.66707405113	0.939	0.64	7.91901e-13		1.57969845855	0.847	0.345	2.3308e-12
400   	1400  	186.71		1.66759079595	0.939	0.641	7.90124e-13		1.58020521827	0.847	0.346	2.31976e-12
400   	1400  	186.961		1.66810660105	0.939	0.642	7.88359e-13		1.58071178029	0.847	0.347	2.3088e-12
400   	1400  	187.213		1.66862146781	0.939	0.643	7.86604e-13		1.58121814252	0.846	0.348	2.29793e-12
400   	1400  	187.465		1.66913539764	0.939	0.644	7.8486e-13		1.58172430287	0.846	0.349	2.28715e-12
400   	1400  	187.716		1.66964839192	0.939	0.645	7.83127e-13		1.58223025925	0.846	0.35	2.27645e-12
400   	1400  	187.968		1.67016045208	0.94	0.645	7.81405e-13		1.58273600957	0.846	0.351	2.26583e-12
400   	1400  	188.22		1.67067157952	0.94	0.646	7.79693e-13		1.58324155173	0.846	0.352	2.2553e-12
400   	1400  	188.471		1.67118177566	0.94	0.647	7.77991e-13		1.58374688365	0.846	0.353	2.24485e-12
400   	1400  	188.723		1.67169104194	0.94	0.648	7.763e-13		1.58425200322	0.845	0.354	2.23448e-12
400   	1400  	188.975		1.67219937978	0.94	0.649	7.74619e-13		1.58475690836	0.845	0.355	2.22418e-12
400   	1400  	189.226		1.67270679062	0.94	0.65	7.72949e-13		1.58526159696	0.845	0.356	2.21397e-12
400   	1400  	189.478		1.67321327591	0.94	0.65	7.71288e-13		1.58576606694	0.845	0.357	2.20384e-12
400   	1400  	189.73		1.67371883711	0.94	0.651	7.69638e-13		1.5862703162	0.845	0.358	2.19379e-12
400   	1400  	189.981		1.67422347566	0.94	0.652	7.67997e-13		1.58677434265	0.845	0.359	2.18381e-12
400   	1400  	190.233		1.67472719303	0.94	0.653	7.66366e-13		1.5872781442	0.844	0.36	2.17391e-12
400   	1400  	190.485		1.67522999069	0.941	0.654	7.64745e-13		1.58778171876	0.844	0.361	2.16409e-12
400   	1400  	190.736		1.67573187012	0.941	0.655	7.63134e-13		1.58828506423	0.844	0.362	2.15434e-12
400   	1400  	190.988		1.67623283278	0.941	0.655	7.61532e-13		1.58878817855	0.844	0.363	2.14466e-12
400   	1400  	191.24		1.67673288018	0.941	0.656	7.5994e-13		1.58929105961	0.844	0.364	2.13506e-12
400   	1400  	191.491		1.67723201379	0.941	0.657	7.58357e-13		1.58979370534	0.844	0.365	2.12554e-12
400   	1400  	191.743		1.67773023512	0.941	0.658	7.56783e-13		1.59029611367	0.843	0.366	2.11608e-12
400   	1400  	191.995		1.67822754566	0.941	0.659	7.55219e-13		1.5907982825	0.843	0.367	2.1067e-12
400   	1400  	192.246		1.67872394692	0.941	0.659	7.53664e-13		1.59130020978	0.843	0.368	2.09738e-12
400   	1400  	192.498		1.6792194404	0.941	0.66	7.52119e-13		1.59180189344	0.843	0.369	2.08814e-12
400   	1400  	192.75		1.67971402763	0.941	0.661	7.50582e-13		1.59230333139	0.843	0.37	2.07897e-12
400   	1400  	193.001		1.68020771013	0.942	0.662	7.49054e-13		1.5928045216	0.843	0.371	2.06986e-12
400   	1400  	193.253		1.68070048941	0.942	0.663	7.47535e-13		1.59330546199	0.842	0.371	2.06083e-12
400   	1400  	193.505		1.68119236701	0.942	0.663	7.46025e-13		1.59380615051	0.842	0.372	2.05186e-12
400   	1400  	193.756		1.68168334445	0.942	0.664	7.44524e-13		1.59430658511	0.842	0.373	2.04296e-12
400   	1400  	194.008		1.68217342328	0.942	0.665	7.43031e-13		1.59480676375	0.842	0.374	2.03413e-12
400   	1400  	194.26		1.68266260504	0.942	0.666	7.41547e-13		1.59530668438	0.842	0.375	2.02536e-12
400   	1400  	194.511		1.68315089128	0.942	0.667	7.40072e-13		1.59580634498	0.842	0.376	2.01665e-12
400   	1400  	194.763		1.68363828353	0.942	0.667	7.38605e-13		1.59630574351	0.842	0.377	2.00802e-12
400   	1400  	195.015		1.68412478337	0.942	0.668	7.37146e-13		1.59680487794	0.841	0.378	1.99944e-12
400   	1400  	195.266		1.68461039234	0.942	0.669	7.35696e-13		1.59730374626	0.841	0.379	1.99093e-12
400   	1400  	195.518		1.685095112 	0.942	0.67	7.34254e-13		1.59780234645	0.841	0.38	1.98248e-12
400   	1400  	195.77		1.68557894392	0.943	0.67	7.3282e-13		1.5983006765	0.841	0.381	1.97409e-12
400   	1400  	196.021		1.68606188968	0.943	0.671	7.31394e-13		1.59879873441	0.841	0.382	1.96577e-12
400   	1400  	196.273		1.68654395083	0.943	0.672	7.29977e-13		1.59929651819	0.841	0.383	1.95751e-12
400   	1400  	196.525		1.68702512896	0.943	0.673	7.28567e-13		1.59979402585	0.84	0.384	1.9493e-12
400   	1400  	196.776		1.68750542565	0.943	0.673	7.27166e-13		1.60029125539	0.84	0.385	1.94116e-12
400   	1400  	197.028		1.68798484248	0.943	0.674	7.25772e-13		1.60078820485	0.84	0.386	1.93308e-12
400   	1400  	197.28		1.68846338102	0.943	0.675	7.24386e-13		1.60128487226	0.84	0.387	1.92505e-12
400   	1400  	197.531		1.68894104288	0.943	0.676	7.23008e-13		1.60178125565	0.84	0.388	1.91708e-12
400   	1400  	197.783		1.68941782965	0.943	0.676	7.21637e-13		1.60227735307	0.84	0.389	1.90918e-12
400   	1400  	198.035		1.68989374291	0.943	0.677	7.20275e-13		1.60277316256	0.84	0.39	1.90132e-12
400   	1400  	198.286		1.69036878426	0.944	0.678	7.18919e-13		1.60326868219	0.84	0.391	1.89353e-12
400   	1400  	198.538		1.69084295531	0.944	0.679	7.17572e-13		1.60376391002	0.839	0.392	1.88579e-12
401   	300   	186.206		1.43843619971	0.947	0.0728	7.85181e-12		1.4449159243	0.945	0.0983	4.39952e-12
401   	300   	186.458		1.43866733336	0.947	0.0731	7.79235e-12		1.44517355186	0.944	0.0988	4.36407e-12
401   	300   	186.71		1.43889827582	0.947	0.0734	7.73329e-12		1.44543112345	0.944	0.0992	4.32889e-12
401   	300   	186.961		1.43912903214	0.946	0.0737	7.67461e-12		1.44568864452	0.944	0.0996	4.29398e-12
401   	300   	187.213		1.43935960731	0.946	0.074	7.61632e-12		1.44594612049	0.944	0.1	4.25933e-12
401   	300   	187.465		1.43959000635	0.946	0.0743	7.55843e-12		1.44620355676	0.944	0.101	4.22494e-12
401   	300   	187.716		1.43982023422	0.946	0.0746	7.50091e-12		1.44646095872	0.944	0.101	4.19081e-12
401   	300   	187.968		1.44005029587	0.946	0.0749	7.44378e-12		1.44671833172	0.944	0.101	4.15695e-12
401   	300   	188.22		1.44028019626	0.946	0.0752	7.38704e-12		1.44697568109	0.944	0.102	4.12334e-12
401   	300   	188.471		1.44050994029	0.946	0.0756	7.33067e-12		1.44723301215	0.944	0.102	4.08999e-12
401   	300   	188.723		1.44073953287	0.946	0.0759	7.27468e-12		1.44749033018	0.944	0.103	4.0569e-12
401   	300   	188.975		1.44096897888	0.946	0.0762	7.21907e-12		1.44774764045	0.943	0.103	4.02406e-12
401   	300   	189.226		1.44119828318	0.946	0.0765	7.16384e-12		1.4480049482	0.943	0.104	3.99148e-12
401   	300   	189.478		1.44142745063	0.946	0.0768	7.10899e-12		1.44826225863	0.943	0.104	3.95914e-12
401   	300   	189.73		1.44165648604	0.946	0.0771	7.0545e-12		1.44851957696	0.943	0.105	3.92706e-12
401   	300   	189.981		1.44188539423	0.946	0.0775	7.00039e-12		1.44877690834	0.943	0.105	3.89523e-12
401   	300   	190.233		1.44211417999	0.946	0.0778	6.94665e-12		1.44903425792	0.943	0.106	3.86365e-12
401   	300   	190.485		1.4423428481	0.945	0.0781	6.89327e-12		1.44929163083	0.943	0.106	3.83231e-12
401   	300   	190.736		1.44257140331	0.945	0.0784	6.84027e-12		1.44954903217	0.943	0.107	3.80122e-12
401   	300   	190.988		1.44279985036	0.945	0.0788	6.78762e-12		1.44980646701	0.943	0.107	3.77037e-12
401   	300   	191.24		1.44302819397	0.945	0.0791	6.73535e-12		1.45006394041	0.943	0.107	3.73976e-12
401   	300   	191.491		1.44325643884	0.945	0.0794	6.68343e-12		1.45032145739	0.942	0.108	3.7094e-12
401   	300   	191.743		1.44348458967	0.945	0.0798	6.63188e-12		1.45057902296	0.942	0.108	3.67928e-12
401   	300   	191.995		1.44371265112	0.945	0.0801	6.58068e-12		1.4508366421	0.942	0.109	3.64939e-12
401   	300   	192.246		1.44394062783	0.945	0.0804	6.52985e-12		1.45109431978	0.942	0.109	3.61974e-12
401   	300   	192.498		1.44416852446	0.945	0.0808	6.47937e-12		1.45135206092	0.942	0.11	3.59033e-12
401   	300   	192.75		1.4443963456	0.945	0.0811	6.42924e-12		1.45160987043	0.942	0.11	3.56115e-12
401   	300   	193.001		1.44462409587	0.945	0.0815	6.37946e-12		1.45186775321	0.942	0.111	3.53221e-12
401   	300   	193.253		1.44485177984	0.945	0.0818	6.33004e-12		1.45212571411	0.942	0.111	3.5035e-12
401   	300   	193.505		1.44507940208	0.945	0.0821	6.28097e-12		1.45238375797	0.941	0.112	3.47502e-12
401   	300   	193.756		1.44530696714	0.944	0.0825	6.23224e-12		1.45264188961	0.941	0.112	3.44676e-12
401   	300   	194.008		1.44553447954	0.944	0.0828	6.18386e-12		1.45290011381	0.941	0.113	3.41874e-12
401   	300   	194.26		1.44576194382	0.944	0.0832	6.13583e-12		1.45315843535	0.941	0.113	3.39094e-12
401   	300   	194.511		1.44598936445	0.944	0.0835	6.08814e-12		1.45341685895	0.941	0.114	3.36337e-12
401   	300   	194.763		1.44621674593	0.944	0.0839	6.04079e-12		1.45367538935	0.941	0.114	3.33602e-12
401   	300   	195.015		1.44644409271	0.944	0.0843	5.99378e-12		1.45393403123	0.941	0.115	3.30889e-12
401   	300   	195.266		1.44667140924	0.944	0.0846	5.94711e-12		1.45419278925	0.941	0.116	3.28199e-12
401   	300   	195.518		1.44689869996	0.944	0.085	5.90078e-12		1.45445166806	0.94	0.116	3.2553e-12
401   	300   	195.77		1.44712596928	0.944	0.0853	5.85478e-12		1.45471067228	0.94	0.117	3.22883e-12
401   	300   	196.021		1.44735322158	0.944	0.0857	5.80912e-12		1.4549698065	0.94	0.117	3.20258e-12
401   	300   	196.273		1.44758046126	0.943	0.0861	5.76378e-12		1.45522907528	0.94	0.118	3.17655e-12
401   	300   	196.525		1.44780769267	0.943	0.0864	5.71878e-12		1.45548848317	0.94	0.118	3.15073e-12
401   	300   	196.776		1.44803492017	0.943	0.0868	5.67411e-12		1.45574803469	0.94	0.119	3.12512e-12
401   	300   	197.028		1.44826214807	0.943	0.0872	5.62976e-12		1.45600773431	0.94	0.119	3.09973e-12
401   	300   	197.28		1.4484893807	0.943	0.0875	5.58574e-12		1.45626758652	0.94	0.12	3.07454e-12
401   	300   	197.531		1.44871662234	0.943	0.0879	5.54204e-12		1.45652759575	0.939	0.12	3.04957e-12
401   	300   	197.783		1.44894387729	0.943	0.0883	5.49867e-12		1.4567877664	0.939	0.121	3.0248e-12
401   	300   	198.035		1.44917114979	0.943	0.0887	5.45561e-12		1.45704810288	0.939	0.121	3.00024e-12
401   	300   	198.286		1.44939844409	0.943	0.0891	5.41288e-12		1.45730860954	0.939	0.122	2.97588e-12
401   	300   	198.538		1.44962576443	0.943	0.0894	5.37046e-12		1.45756929071	0.939	0.123	2.95173e-12
401   	400   	186.206		1.46528718778	0.926	0.147	2.91325e-12		1.46538143066	0.926	0.147	2.8987e-12
401   	400   	186.458		1.46561110171	0.926	0.147	2.88927e-12		1.46570575029	0.926	0.148	2.87484e-12
401   	400   	186.71		1.46593526956	0.925	0.148	2.8655e-12		1.46603032522	0.925	0.148	2.8512e-12
401   	400   	186.961		1.46625969608	0.925	0.149	2.84195e-12		1.46635516023	0.925	0.149	2.82777e-12
401   	400   	187.213		1.46658438602	0.925	0.149	2.81862e-12		1.46668026004	0.925	0.15	2.80455e-12
401   	400   	187.465		1.46690934406	0.925	0.15	2.79549e-12		1.46700562932	0.925	0.15	2.78154e-12
401   	400   	187.716		1.46723457481	0.925	0.151	2.77258e-12		1.46733127269	0.925	0.151	2.75875e-12
401   	400   	187.968		1.46756008287	0.925	0.151	2.74988e-12		1.46765719473	0.924	0.152	2.73617e-12
401   	400   	188.22		1.46788587276	0.924	0.152	2.72739e-12		1.46798339996	0.924	0.153	2.71379e-12
401   	400   	188.471		1.46821194897	0.924	0.153	2.70511e-12		1.46830989285	0.924	0.153	2.69162e-12
401   	400   	188.723		1.46853831592	0.924	0.154	2.68302e-12		1.46863667782	0.924	0.154	2.66965e-12
401   	400   	188.975		1.468864978 	0.924	0.154	2.66115e-12		1.46896375924	0.924	0.155	2.64788e-12
401   	400   	189.226		1.46919193953	0.924	0.155	2.63947e-12		1.46929114144	0.924	0.155	2.62632e-12
401   	400   	189.478		1.4695192048	0.923	0.156	2.618e-12		1.46961882868	0.923	0.156	2.60495e-12
401   	400   	189.73		1.46984677803	0.923	0.157	2.59672e-12		1.46994682518	0.923	0.157	2.58379e-12
401   	400   	189.981		1.4701746634	0.923	0.157	2.57564e-12		1.47027513511	0.923	0.158	2.56281e-12
401   	400   	190.233		1.47050286503	0.923	0.158	2.55476e-12		1.47060376259	0.923	0.158	2.54204e-12
401   	400   	190.485		1.47083138699	0.923	0.159	2.53407e-12		1.47093271167	0.923	0.159	2.52145e-12
401   	400   	190.736		1.47116023332	0.922	0.159	2.51357e-12		1.47126198638	0.922	0.16	2.50106e-12
401   	400   	190.988		1.47148940798	0.922	0.16	2.49326e-12		1.47159159067	0.922	0.161	2.48086e-12
401   	400   	191.24		1.47181891489	0.922	0.161	2.47314e-12		1.47192152845	0.922	0.161	2.46085e-12
401   	400   	191.491		1.47214875792	0.922	0.162	2.45321e-12		1.47225180357	0.922	0.162	2.44102e-12
401   	400   	191.743		1.47247894087	0.922	0.162	2.43347e-12		1.47258241984	0.922	0.163	2.42138e-12
401   	400   	191.995		1.47280946752	0.921	0.163	2.41391e-12		1.47291338102	0.921	0.164	2.40192e-12
401   	400   	192.246		1.47314034158	0.921	0.164	2.39453e-12		1.4732446908	0.921	0.164	2.38265e-12
401   	400   	192.498		1.4734715667	0.921	0.165	2.37534e-12		1.47357635282	0.921	0.165	2.36355e-12
401   	400   	192.75		1.47380314648	0.921	0.165	2.35632e-12		1.47390837068	0.921	0.166	2.34464e-12
401   	400   	193.001		1.47413508448	0.921	0.166	2.33749e-12		1.47424074792	0.921	0.167	2.3259e-12
401   	400   	193.253		1.47446738419	0.92	0.167	2.31883e-12		1.47457348803	0.92	0.167	2.30734e-12
401   	400   	193.505		1.47480004907	0.92	0.168	2.30035e-12		1.47490659443	0.92	0.168	2.28895e-12
401   	400   	193.756		1.4751330825	0.92	0.168	2.28204e-12		1.47524007052	0.92	0.169	2.27074e-12
401   	400   	194.008		1.47546648783	0.92	0.169	2.2639e-12		1.47557391961	0.92	0.17	2.2527e-12
401   	400   	194.26		1.47580026833	0.92	0.17	2.24594e-12		1.47590814497	0.919	0.17	2.23483e-12
401   	400   	194.511		1.47613442724	0.919	0.171	2.22814e-12		1.47624274984	0.919	0.171	2.21713e-12
401   	400   	194.763		1.47646896773	0.919	0.172	2.21052e-12		1.47657773737	0.919	0.172	2.19959e-12
401   	400   	195.015		1.47680389294	0.919	0.172	2.19306e-12		1.47691311067	0.919	0.173	2.18223e-12
401   	400   	195.266		1.47713920593	0.919	0.173	2.17576e-12		1.4772488728	0.919	0.174	2.16502e-12
401   	400   	195.518		1.47747490972	0.918	0.174	2.15863e-12		1.47758502676	0.918	0.174	2.14798e-12
401   	400   	195.77		1.47781100727	0.918	0.175	2.14167e-12		1.47792157551	0.918	0.175	2.13111e-12
401   	400   	196.021		1.47814750149	0.918	0.176	2.12486e-12		1.47825852193	0.918	0.176	2.11439e-12
401   	400   	196.273		1.47848439523	0.918	0.176	2.10821e-12		1.47859586886	0.918	0.177	2.09783e-12
401   	400   	196.525		1.47882169129	0.918	0.177	2.09173e-12		1.4789336191	0.918	0.178	2.08143e-12
401   	400   	196.776		1.47915939242	0.917	0.178	2.0754e-12		1.47927177537	0.917	0.178	2.06519e-12
401   	400   	197.028		1.4794975013	0.917	0.179	2.05922e-12		1.47961034034	0.917	0.179	2.0491e-12
401   	400   	197.28		1.47983602057	0.917	0.18	2.0432e-12		1.47994931665	0.917	0.18	2.03316e-12
401   	400   	197.531		1.48017495282	0.917	0.18	2.02733e-12		1.48028870685	0.917	0.181	2.01738e-12
401   	400   	197.783		1.48051430057	0.917	0.181	2.01162e-12		1.48062851346	0.916	0.182	2.00175e-12
401   	400   	198.035		1.48085406629	0.916	0.182	1.99605e-12		1.48096873893	0.916	0.182	1.98627e-12
401   	400   	198.286		1.48119425241	0.916	0.183	1.98063e-12		1.48130938567	0.916	0.183	1.97093e-12
401   	400   	198.538		1.48153486127	0.916	0.184	1.96536e-12		1.48165045603	0.916	0.184	1.95574e-12
401   	500   	186.206		1.49670677298	0.906	0.241	1.52784e-12		1.48505295829	0.908	0.192	2.29597e-12
401   	500   	186.458		1.49713620623	0.905	0.242	1.51669e-12		1.48543817207	0.908	0.193	2.27821e-12
401   	500   	186.71		1.49756606962	0.905	0.243	1.50565e-12		1.48582378563	0.908	0.194	2.26062e-12
401   	500   	186.961		1.49799636362	0.905	0.244	1.49473e-12		1.4862098014	0.907	0.195	2.24321e-12
401   	500   	187.213		1.49842708863	0.905	0.246	1.48391e-12		1.48659622172	0.907	0.196	2.22597e-12
401   	500   	187.465		1.49885824497	0.905	0.247	1.47321e-12		1.48698304888	0.907	0.197	2.20889e-12
401   	500   	187.716		1.49928983287	0.904	0.248	1.46261e-12		1.4873702851	0.907	0.198	2.19199e-12
401   	500   	187.968		1.49972185251	0.904	0.249	1.45212e-12		1.48775793252	0.906	0.198	2.17524e-12
401   	500   	188.22		1.50015430398	0.904	0.25	1.44173e-12		1.48814599321	0.906	0.199	2.15867e-12
401   	500   	188.471		1.50058718731	0.904	0.251	1.43145e-12		1.4885344692	0.906	0.2	2.14225e-12
401   	500   	188.723		1.50102050243	0.903	0.252	1.42128e-12		1.48892336241	0.906	0.201	2.126e-12
401   	500   	188.975		1.50145424923	0.903	0.253	1.4112e-12		1.48931267472	0.905	0.202	2.1099e-12
401   	500   	189.226		1.50188842751	0.903	0.254	1.40123e-12		1.48970240792	0.905	0.203	2.09396e-12
401   	500   	189.478		1.502323037 	0.903	0.255	1.39136e-12		1.49009256377	0.905	0.204	2.07818e-12
401   	500   	189.73		1.50275807736	0.903	0.256	1.38159e-12		1.49048314392	0.905	0.205	2.06256e-12
401   	500   	189.981		1.50319354819	0.902	0.257	1.37192e-12		1.49087414997	0.904	0.206	2.04708e-12
401   	500   	190.233		1.503629449 	0.902	0.258	1.36234e-12		1.49126558345	0.904	0.206	2.03176e-12
401   	500   	190.485		1.50406577925	0.902	0.26	1.35286e-12		1.49165744584	0.904	0.207	2.01659e-12
401   	500   	190.736		1.50450253831	0.902	0.261	1.34348e-12		1.49204973852	0.904	0.208	2.00157e-12
401   	500   	190.988		1.50493972552	0.901	0.262	1.33419e-12		1.49244246284	0.903	0.209	1.98669e-12
401   	500   	191.24		1.50537734011	0.901	0.263	1.32499e-12		1.49283562004	0.903	0.21	1.97197e-12
401   	500   	191.491		1.50581538126	0.901	0.264	1.31589e-12		1.49322921134	0.903	0.211	1.95738e-12
401   	500   	191.743		1.5062538481	0.901	0.265	1.30688e-12		1.49362323787	0.903	0.212	1.94294e-12
401   	500   	191.995		1.50669273967	0.901	0.266	1.29796e-12		1.49401770069	0.902	0.213	1.92864e-12
401   	500   	192.246		1.50713205496	0.9	0.267	1.28912e-12		1.4944126008	0.902	0.214	1.91448e-12
401   	500   	192.498		1.5075717929	0.9	0.268	1.28038e-12		1.49480793915	0.902	0.215	1.90046e-12
401   	500   	192.75		1.50801195234	0.9	0.269	1.27172e-12		1.4952037166	0.902	0.216	1.88658e-12
401   	500   	193.001		1.50845253207	0.9	0.27	1.26315e-12		1.49559993395	0.901	0.217	1.87284e-12
401   	500   	193.253		1.50889353084	0.899	0.272	1.25467e-12		1.49599659197	0.901	0.217	1.85923e-12
401   	500   	193.505		1.50933494731	0.899	0.273	1.24627e-12		1.49639369131	0.901	0.218	1.84575e-12
401   	500   	193.756		1.50977678011	0.899	0.274	1.23796e-12		1.49679123261	0.901	0.219	1.83241e-12
401   	500   	194.008		1.51021902777	0.899	0.275	1.22973e-12		1.4971892164	0.9	0.22	1.81919e-12
401   	500   	194.26		1.51066168881	0.899	0.276	1.22158e-12		1.49758764319	0.9	0.221	1.80611e-12
401   	500   	194.511		1.51110476164	0.898	0.277	1.21351e-12		1.4979865134	0.9	0.222	1.79315e-12
401   	500   	194.763		1.51154824465	0.898	0.278	1.20552e-12		1.49838582739	0.9	0.223	1.78033e-12
401   	500   	195.015		1.51199213616	0.898	0.279	1.19761e-12		1.49878558547	0.899	0.224	1.76762e-12
401   	500   	195.266		1.51243643444	0.898	0.28	1.18978e-12		1.49918578788	0.899	0.225	1.75504e-12
401   	500   	195.518		1.51288113769	0.898	0.282	1.18203e-12		1.4995864348	0.899	0.226	1.74259e-12
401   	500   	195.77		1.51332624406	0.897	0.283	1.17435e-12		1.49998752635	0.899	0.227	1.73026e-12
401   	500   	196.021		1.51377175166	0.897	0.284	1.16676e-12		1.5003890626	0.898	0.228	1.71805e-12
401   	500   	196.273		1.51421765854	0.897	0.285	1.15923e-12		1.50079104354	0.898	0.229	1.70595e-12
401   	500   	196.525		1.51466396269	0.897	0.286	1.15178e-12		1.50119346911	0.898	0.23	1.69398e-12
401   	500   	196.776		1.51511066204	0.896	0.287	1.14441e-12		1.50159633921	0.898	0.231	1.68212e-12
401   	500   	197.028		1.5155577545	0.896	0.288	1.13711e-12		1.50199965364	0.897	0.232	1.67038e-12
401   	500   	197.28		1.51600523789	0.896	0.289	1.12987e-12		1.50240341218	0.897	0.233	1.65876e-12
401   	500   	197.531		1.51645311002	0.896	0.291	1.12272e-12		1.50280761454	0.897	0.234	1.64725e-12
401   	500   	197.783		1.51690136863	0.896	0.292	1.11563e-12		1.50321226036	0.897	0.235	1.63585e-12
401   	500   	198.035		1.51735001141	0.895	0.293	1.10861e-12		1.50361734925	0.896	0.236	1.62456e-12
401   	500   	198.286		1.517799036 	0.895	0.294	1.10166e-12		1.50402288074	0.896	0.236	1.61338e-12
401   	500   	198.538		1.51824844001	0.895	0.295	1.09478e-12		1.50442885431	0.896	0.237	1.60231e-12
401   	600   	186.206		1.52879906867	0.894	0.336	1.05337e-12		1.50291612137	0.893	0.23	2.04188e-12
401   	600   	186.458		1.52930901253	0.894	0.337	1.0471e-12		1.5033481944	0.893	0.231	2.02742e-12
401   	600   	186.71		1.52981917934	0.894	0.338	1.0409e-12		1.50378066043	0.893	0.232	2.0131e-12
401   	600   	186.961		1.53032956558	0.894	0.34	1.03476e-12		1.50421351947	0.892	0.233	1.99892e-12
401   	600   	187.213		1.53084016767	0.894	0.341	1.02868e-12		1.50464677145	0.892	0.234	1.98488e-12
401   	600   	187.465		1.53135098199	0.893	0.342	1.02266e-12		1.50508041625	0.892	0.235	1.97098e-12
401   	600   	187.716		1.5318620049	0.893	0.343	1.0167e-12		1.50551445369	0.892	0.236	1.95721e-12
401   	600   	187.968		1.53237323271	0.893	0.344	1.0108e-12		1.50594888349	0.891	0.237	1.94358e-12
401   	600   	188.22		1.5328846617	0.893	0.346	1.00496e-12		1.50638370535	0.891	0.238	1.93009e-12
401   	600   	188.471		1.53339628811	0.893	0.347	9.99172e-13		1.50681891889	0.891	0.239	1.91673e-12
401   	600   	188.723		1.53390810816	0.893	0.348	9.93443e-13		1.50725452365	0.891	0.24	1.90349e-12
401   	600   	188.975		1.534420118 	0.892	0.349	9.87769e-13		1.50769051913	0.89	0.241	1.89039e-12
401   	600   	189.226		1.5349323138	0.892	0.351	9.82152e-13		1.50812690475	0.89	0.242	1.87742e-12
401   	600   	189.478		1.53544469166	0.892	0.352	9.76589e-13		1.5085636799	0.89	0.243	1.86457e-12
401   	600   	189.73		1.53595724766	0.892	0.353	9.7108e-13		1.50900084386	0.89	0.244	1.85185e-12
401   	600   	189.981		1.53646997787	0.892	0.354	9.65624e-13		1.50943839591	0.889	0.245	1.83926e-12
401   	600   	190.233		1.5369828783	0.892	0.356	9.60222e-13		1.50987633522	0.889	0.246	1.82678e-12
401   	600   	190.485		1.53749594496	0.891	0.357	9.54872e-13		1.51031466092	0.889	0.247	1.81443e-12
401   	600   	190.736		1.53800917382	0.891	0.358	9.49574e-13		1.51075337209	0.889	0.248	1.8022e-12
401   	600   	190.988		1.53852256083	0.891	0.359	9.44327e-13		1.51119246774	0.888	0.249	1.79009e-12
401   	600   	191.24		1.53903610192	0.891	0.361	9.3913e-13		1.51163194684	0.888	0.25	1.7781e-12
401   	600   	191.491		1.53954979299	0.891	0.362	9.33984e-13		1.51207180828	0.888	0.251	1.76622e-12
401   	600   	191.743		1.54006362991	0.891	0.363	9.28886e-13		1.51251205092	0.888	0.252	1.75446e-12
401   	600   	191.995		1.54057760855	0.89	0.364	9.23838e-13		1.51295267354	0.887	0.253	1.74281e-12
401   	600   	192.246		1.54109172475	0.89	0.366	9.18838e-13		1.51339367488	0.887	0.254	1.73128e-12
401   	600   	192.498		1.54160597432	0.89	0.367	9.13886e-13		1.51383505363	0.887	0.255	1.71986e-12
401   	600   	192.75		1.54212035306	0.89	0.368	9.08981e-13		1.51427680843	0.887	0.256	1.70855e-12
401   	600   	193.001		1.54263485676	0.89	0.369	9.04123e-13		1.51471893784	0.886	0.257	1.69735e-12
401   	600   	193.253		1.54314948119	0.89	0.37	8.9931e-13		1.51516144041	0.886	0.258	1.68625e-12
401   	600   	193.505		1.54366422209	0.89	0.372	8.94544e-13		1.5156043146	0.886	0.259	1.67527e-12
401   	600   	193.756		1.54417907521	0.889	0.373	8.89822e-13		1.51604755885	0.886	0.26	1.66439e-12
401   	600   	194.008		1.54469403625	0.889	0.374	8.85145e-13		1.51649117153	0.885	0.261	1.65362e-12
401   	600   	194.26		1.54520910094	0.889	0.375	8.80513e-13		1.51693515098	0.885	0.262	1.64295e-12
401   	600   	194.511		1.54572426497	0.889	0.377	8.75923e-13		1.51737949547	0.885	0.263	1.63238e-12
401   	600   	194.763		1.54623952401	0.889	0.378	8.71377e-13		1.51782420323	0.884	0.264	1.62191e-12
401   	600   	195.015		1.54675487376	0.889	0.379	8.66874e-13		1.51826927246	0.884	0.265	1.61155e-12
401   	600   	195.266		1.54727030986	0.889	0.38	8.62412e-13		1.5187147013	0.884	0.266	1.60128e-12
401   	600   	195.518		1.54778582797	0.888	0.382	8.57992e-13		1.51916048784	0.884	0.267	1.59112e-12
401   	600   	195.77		1.54830142374	0.888	0.383	8.53614e-13		1.51960663012	0.883	0.268	1.58105e-12
401   	600   	196.021		1.54881709281	0.888	0.384	8.49276e-13		1.52005312617	0.883	0.269	1.57107e-12
401   	600   	196.273		1.54933283081	0.888	0.385	8.44978e-13		1.52049997394	0.883	0.27	1.5612e-12
401   	600   	196.525		1.54984863336	0.888	0.386	8.4072e-13		1.52094717135	0.883	0.271	1.55141e-12
401   	600   	196.776		1.55036449608	0.888	0.388	8.36501e-13		1.52139471629	0.882	0.272	1.54172e-12
401   	600   	197.028		1.55088041459	0.888	0.389	8.32322e-13		1.52184260658	0.882	0.273	1.53212e-12
401   	600   	197.28		1.5513963845	0.888	0.39	8.2818e-13		1.52229084003	0.882	0.274	1.52262e-12
401   	600   	197.531		1.55191240142	0.887	0.391	8.24077e-13		1.52273941439	0.882	0.275	1.5132e-12
401   	600   	197.783		1.55242846095	0.887	0.393	8.20011e-13		1.52318832738	0.881	0.276	1.50388e-12
401   	600   	198.035		1.5529445587	0.887	0.394	8.15983e-13		1.52363757668	0.881	0.277	1.49464e-12
401   	600   	198.286		1.55346069026	0.887	0.395	8.11991e-13		1.52408715993	0.881	0.278	1.48549e-12
401   	600   	198.538		1.55397685124	0.887	0.396	8.08036e-13		1.52453707473	0.881	0.279	1.47642e-12
401   	700   	186.206		1.55826124006	0.892	0.416	8.62204e-13		1.51856363579	0.882	0.26	1.94429e-12
401   	700   	186.458		1.55881582441	0.892	0.417	8.58039e-13		1.51902816754	0.881	0.261	1.93166e-12
401   	700   	186.71		1.55937028572	0.892	0.419	8.53912e-13		1.51949300723	0.881	0.262	1.91915e-12
401   	700   	186.961		1.55992461946	0.892	0.42	8.49823e-13		1.51995815325	0.881	0.263	1.90676e-12
401   	700   	187.213		1.56047882112	0.892	0.421	8.45771e-13		1.52042360395	0.88	0.264	1.89448e-12
401   	700   	187.465		1.56103288619	0.891	0.423	8.41757e-13		1.52088935759	0.88	0.265	1.88233e-12
401   	700   	187.716		1.56158681016	0.891	0.424	8.3778e-13		1.52135541241	0.88	0.266	1.87029e-12
401   	700   	187.968		1.56214058853	0.891	0.425	8.33839e-13		1.5218217666	0.88	0.267	1.85837e-12
401   	700   	188.22		1.5626942168	0.891	0.426	8.29934e-13		1.52228841829	0.879	0.268	1.84657e-12
401   	700   	188.471		1.56324769049	0.891	0.428	8.26064e-13		1.52275536558	0.879	0.269	1.83487e-12
401   	700   	188.723		1.56380100511	0.891	0.429	8.2223e-13		1.52322260651	0.879	0.27	1.82329e-12
401   	700   	188.975		1.5643541562	0.891	0.43	8.1843e-13		1.52369013908	0.879	0.271	1.81182e-12
401   	700   	189.226		1.5649071393	0.891	0.431	8.14665e-13		1.52415796124	0.878	0.272	1.80046e-12
401   	700   	189.478		1.56545994996	0.891	0.433	8.10934e-13		1.5246260709	0.878	0.273	1.7892e-12
401   	700   	189.73		1.56601258374	0.891	0.434	8.07236e-13		1.52509446593	0.878	0.274	1.77806e-12
401   	700   	189.981		1.5665650362	0.891	0.435	8.03572e-13		1.52556314415	0.878	0.275	1.76702e-12
401   	700   	190.233		1.56711730295	0.891	0.436	7.9994e-13		1.52603210336	0.877	0.276	1.75608e-12
401   	700   	190.485		1.56766937956	0.891	0.438	7.96341e-13		1.52650134128	0.877	0.277	1.74525e-12
401   	700   	190.736		1.56822126166	0.89	0.439	7.92774e-13		1.52697085563	0.877	0.278	1.73452e-12
401   	700   	190.988		1.56877294486	0.89	0.44	7.89238e-13		1.52744064406	0.877	0.279	1.72389e-12
401   	700   	191.24		1.56932442481	0.89	0.441	7.85734e-13		1.5279107042	0.876	0.28	1.71336e-12
401   	700   	191.491		1.56987569715	0.89	0.443	7.82261e-13		1.52838103363	0.876	0.281	1.70293e-12
401   	700   	191.743		1.57042675755	0.89	0.444	7.78818e-13		1.52885162992	0.876	0.282	1.6926e-12
401   	700   	191.995		1.5709776017	0.89	0.445	7.75406e-13		1.52932249055	0.876	0.283	1.68237e-12
401   	700   	192.246		1.5715282253	0.89	0.446	7.72024e-13		1.52979361303	0.875	0.284	1.67223e-12
401   	700   	192.498		1.57207862406	0.89	0.447	7.68672e-13		1.53026499478	0.875	0.285	1.66219e-12
401   	700   	192.75		1.57262879372	0.89	0.449	7.65348e-13		1.53073663321	0.875	0.286	1.65224e-12
401   	700   	193.001		1.57317873002	0.89	0.45	7.62054e-13		1.53120852571	0.875	0.287	1.64239e-12
401   	700   	193.253		1.57372842874	0.89	0.451	7.58789e-13		1.5316806696	0.874	0.289	1.63262e-12
401   	700   	193.505		1.57427788566	0.89	0.452	7.55552e-13		1.5321530622	0.874	0.29	1.62295e-12
401   	700   	193.756		1.5748270966	0.89	0.454	7.52342e-13		1.5326257008	0.874	0.291	1.61337e-12
401   	700   	194.008		1.57537605736	0.89	0.455	7.49161e-13		1.53309858262	0.874	0.292	1.60388e-12
401   	700   	194.26		1.57592476381	0.89	0.456	7.46007e-13		1.53357170491	0.873	0.293	1.59447e-12
401   	700   	194.511		1.5764732118	0.89	0.457	7.4288e-13		1.53404506483	0.873	0.294	1.58515e-12
401   	700   	194.763		1.57702139722	0.89	0.458	7.3978e-13		1.53451865955	0.873	0.295	1.57592e-12
401   	700   	195.015		1.57756931597	0.889	0.46	7.36706e-13		1.53499248621	0.873	0.296	1.56678e-12
401   	700   	195.266		1.57811696399	0.889	0.461	7.33658e-13		1.53546654191	0.872	0.297	1.55771e-12
401   	700   	195.518		1.57866433722	0.889	0.462	7.30637e-13		1.53594082373	0.872	0.298	1.54873e-12
401   	700   	195.77		1.57921143163	0.889	0.463	7.27641e-13		1.53641532871	0.872	0.299	1.53984e-12
401   	700   	196.021		1.57975824322	0.889	0.464	7.24671e-13		1.5368900539	0.872	0.3	1.53102e-12
401   	700   	196.273		1.58030476799	0.889	0.466	7.21725e-13		1.53736499628	0.872	0.301	1.52229e-12
401   	700   	196.525		1.58085100199	0.889	0.467	7.18804e-13		1.53784015285	0.871	0.302	1.51364e-12
401   	700   	196.776		1.58139694127	0.889	0.468	7.15908e-13		1.53831552055	0.871	0.303	1.50506e-12
401   	700   	197.028		1.58194258192	0.889	0.469	7.13037e-13		1.53879109633	0.871	0.304	1.49657e-12
401   	700   	197.28		1.58248792005	0.889	0.47	7.10189e-13		1.53926687708	0.871	0.305	1.48815e-12
401   	700   	197.531		1.58303295178	0.889	0.472	7.07365e-13		1.53974285972	0.87	0.306	1.47981e-12
401   	700   	197.783		1.58357767327	0.889	0.473	7.04564e-13		1.54021904109	0.87	0.307	1.47154e-12
401   	700   	198.035		1.5841220807	0.889	0.474	7.01787e-13		1.54069541807	0.87	0.308	1.46335e-12
401   	700   	198.286		1.58466617026	0.889	0.475	6.99032e-13		1.54117198747	0.87	0.309	1.45523e-12
401   	700   	198.538		1.5852099382	0.889	0.476	6.96301e-13		1.54164874611	0.869	0.31	1.44718e-12
401   	800   	186.206		1.58365293964	0.896	0.479	7.78624e-13		1.53200608284	0.872	0.283	1.92573e-12
401   	800   	186.458		1.58422481377	0.896	0.481	7.75485e-13		1.53249158309	0.872	0.284	1.91412e-12
401   	800   	186.71		1.58479626118	0.896	0.482	7.72373e-13		1.53297728345	0.872	0.285	1.90262e-12
401   	800   	186.961		1.58536727817	0.896	0.483	7.69287e-13		1.53346318145	0.872	0.286	1.89123e-12
401   	800   	187.213		1.58593786108	0.896	0.484	7.66227e-13		1.53394927461	0.871	0.287	1.87994e-12
401   	800   	187.465		1.58650800626	0.896	0.485	7.63193e-13		1.53443556042	0.871	0.288	1.86876e-12
401   	800   	187.716		1.58707771011	0.896	0.487	7.60185e-13		1.53492203631	0.871	0.289	1.85768e-12
401   	800   	187.968		1.58764696903	0.896	0.488	7.57202e-13		1.53540869972	0.871	0.29	1.84671e-12
401   	800   	188.22		1.58821577947	0.896	0.489	7.54244e-13		1.53589554801	0.87	0.291	1.83584e-12
401   	800   	188.471		1.58878413788	0.896	0.49	7.51311e-13		1.53638257854	0.87	0.292	1.82506e-12
401   	800   	188.723		1.58935204077	0.896	0.492	7.48402e-13		1.53686978864	0.87	0.293	1.81439e-12
401   	800   	188.975		1.58991948463	0.896	0.493	7.45518e-13		1.53735717561	0.87	0.294	1.80381e-12
401   	800   	189.226		1.59048646604	0.896	0.494	7.42657e-13		1.5378447367	0.869	0.295	1.79333e-12
401   	800   	189.478		1.59105298155	0.896	0.495	7.3982e-13		1.53833246915	0.869	0.296	1.78295e-12
401   	800   	189.73		1.59161902776	0.896	0.496	7.37007e-13		1.53882037018	0.869	0.297	1.77267e-12
401   	800   	189.981		1.59218460132	0.896	0.497	7.34217e-13		1.53930843698	0.869	0.298	1.76247e-12
401   	800   	190.233		1.59274969887	0.896	0.499	7.3145e-13		1.53979666669	0.869	0.299	1.75237e-12
401   	800   	190.485		1.59331431709	0.896	0.5	7.28705e-13		1.54028505646	0.868	0.3	1.74237e-12
401   	800   	190.736		1.59387845271	0.896	0.501	7.25983e-13		1.54077360339	0.868	0.301	1.73245e-12
401   	800   	190.988		1.59444210246	0.896	0.502	7.23283e-13		1.54126230457	0.868	0.302	1.72262e-12
401   	800   	191.24		1.59500526311	0.896	0.503	7.20605e-13		1.54175115707	0.868	0.304	1.71289e-12
401   	800   	191.491		1.59556793146	0.896	0.505	7.17949e-13		1.54224015792	0.867	0.305	1.70324e-12
401   	800   	191.743		1.59613010434	0.896	0.506	7.15314e-13		1.54272930415	0.867	0.306	1.69368e-12
401   	800   	191.995		1.5966917786	0.896	0.507	7.12701e-13		1.54321859275	0.867	0.307	1.6842e-12
401   	800   	192.246		1.59725295114	0.896	0.508	7.10109e-13		1.54370802071	0.867	0.308	1.67481e-12
401   	800   	192.498		1.59781361886	0.896	0.509	7.07537e-13		1.54419758497	0.866	0.309	1.6655e-12
401   	800   	192.75		1.59837377871	0.896	0.51	7.04986e-13		1.54468728249	0.866	0.31	1.65628e-12
401   	800   	193.001		1.59893342765	0.896	0.512	7.02455e-13		1.54517711019	0.866	0.311	1.64714e-12
401   	800   	193.253		1.5994925627	0.896	0.513	6.99945e-13		1.54566706496	0.866	0.312	1.63809e-12
401   	800   	193.505		1.60005118089	0.896	0.514	6.97454e-13		1.5461571437	0.865	0.313	1.62911e-12
401   	800   	193.756		1.60060927926	0.896	0.515	6.94984e-13		1.54664734328	0.865	0.314	1.62021e-12
401   	800   	194.008		1.60116685492	0.896	0.516	6.92532e-13		1.54713766054	0.865	0.315	1.6114e-12
401   	800   	194.26		1.60172390498	0.896	0.517	6.901e-13		1.54762809234	0.865	0.316	1.60266e-12
401   	800   	194.511		1.6022804266	0.896	0.518	6.87688e-13		1.5481186355	0.865	0.317	1.594e-12
401   	800   	194.763		1.60283641694	0.896	0.52	6.85294e-13		1.54860928682	0.864	0.318	1.58541e-12
401   	800   	195.015		1.60339187322	0.896	0.521	6.82918e-13		1.54910004311	0.864	0.319	1.57691e-12
401   	800   	195.266		1.60394679267	0.896	0.522	6.80562e-13		1.54959090115	0.864	0.32	1.56847e-12
401   	800   	195.518		1.60450117257	0.896	0.523	6.78223e-13		1.55008185771	0.864	0.321	1.56011e-12
401   	800   	195.77		1.6050550102	0.896	0.524	6.75903e-13		1.55057290956	0.863	0.322	1.55183e-12
401   	800   	196.021		1.6056083029	0.896	0.525	6.73601e-13		1.55106405344	0.863	0.323	1.54362e-12
401   	800   	196.273		1.60616104802	0.896	0.526	6.71316e-13		1.55155528609	0.863	0.324	1.53547e-12
401   	800   	196.525		1.60671324294	0.896	0.527	6.69049e-13		1.55204660425	0.863	0.325	1.5274e-12
401   	800   	196.776		1.60726488507	0.896	0.529	6.668e-13		1.55253800463	0.863	0.326	1.51941e-12
401   	800   	197.028		1.60781597187	0.896	0.53	6.64567e-13		1.55302948395	0.862	0.327	1.51148e-12
401   	800   	197.28		1.60836650081	0.896	0.531	6.62352e-13		1.5535210389	0.862	0.328	1.50362e-12
401   	800   	197.531		1.60891646938	0.896	0.532	6.60154e-13		1.55401266618	0.862	0.329	1.49582e-12
401   	800   	197.783		1.60946587512	0.896	0.533	6.57972e-13		1.55450436247	0.862	0.33	1.4881e-12
401   	800   	198.035		1.6100147156	0.896	0.534	6.55807e-13		1.55499612447	0.861	0.331	1.48044e-12
401   	800   	198.286		1.61056298839	0.896	0.535	6.53658e-13		1.55548794884	0.861	0.332	1.47285e-12
401   	800   	198.538		1.61111069112	0.896	0.536	6.51525e-13		1.55597983224	0.861	0.333	1.46532e-12
401   	1000  	186.206		1.62240158908	0.91	0.564	7.33626e-13		1.55318642219	0.86	0.315	2.00261e-12
401   	1000  	186.458		1.62296714881	0.911	0.565	7.31374e-13		1.55369183159	0.86	0.316	1.99184e-12
401   	1000  	186.71		1.62353192766	0.911	0.566	7.2914e-13		1.55419724941	0.859	0.317	1.98115e-12
401   	1000  	186.961		1.62409592447	0.911	0.567	7.26921e-13		1.55470267289	0.859	0.318	1.97056e-12
401   	1000  	187.213		1.62465913811	0.911	0.568	7.24719e-13		1.55520809922	0.859	0.319	1.96006e-12
401   	1000  	187.465		1.62522156747	0.911	0.569	7.22533e-13		1.5557135256	0.859	0.32	1.94965e-12
401   	1000  	187.716		1.62578321147	0.911	0.57	7.20364e-13		1.5562189492	0.859	0.321	1.93933e-12
401   	1000  	187.968		1.62634406905	0.911	0.571	7.1821e-13		1.55672436719	0.858	0.322	1.92909e-12
401   	1000  	188.22		1.62690413919	0.911	0.572	7.16071e-13		1.55722977673	0.858	0.323	1.91895e-12
401   	1000  	188.471		1.62746342087	0.911	0.573	7.13948e-13		1.55773517496	0.858	0.324	1.9089e-12
401   	1000  	188.723		1.62802191313	0.911	0.574	7.11841e-13		1.55824055903	0.858	0.325	1.89893e-12
401   	1000  	188.975		1.628579615 	0.911	0.575	7.09749e-13		1.55874592605	0.857	0.326	1.88904e-12
401   	1000  	189.226		1.62913652556	0.911	0.576	7.07672e-13		1.55925127315	0.857	0.327	1.87924e-12
401   	1000  	189.478		1.62969264392	0.911	0.577	7.05609e-13		1.55975659743	0.857	0.328	1.86953e-12
401   	1000  	189.73		1.63024796918	0.911	0.578	7.03562e-13		1.56026189599	0.857	0.329	1.8599e-12
401   	1000  	189.981		1.63080250049	0.911	0.579	7.01529e-13		1.56076716593	0.857	0.33	1.85035e-12
401   	1000  	190.233		1.63135623704	0.912	0.581	6.99511e-13		1.56127240434	0.856	0.331	1.84088e-12
401   	1000  	190.485		1.63190917802	0.912	0.582	6.97507e-13		1.56177760829	0.856	0.332	1.83149e-12
401   	1000  	190.736		1.63246132264	0.912	0.583	6.95517e-13		1.56228277485	0.856	0.333	1.82218e-12
401   	1000  	190.988		1.63301267015	0.912	0.584	6.93541e-13		1.5627879011	0.856	0.334	1.81295e-12
401   	1000  	191.24		1.63356321983	0.912	0.585	6.91579e-13		1.56329298411	0.856	0.335	1.80379e-12
401   	1000  	191.491		1.63411297096	0.912	0.586	6.89631e-13		1.56379802091	0.855	0.336	1.79471e-12
401   	1000  	191.743		1.63466192286	0.912	0.587	6.87696e-13		1.56430300858	0.855	0.337	1.78571e-12
401   	1000  	191.995		1.63521007488	0.912	0.588	6.85775e-13		1.56480794416	0.855	0.338	1.77679e-12
401   	1000  	192.246		1.63575742638	0.912	0.589	6.83868e-13		1.5653128247	0.855	0.339	1.76794e-12
401   	1000  	192.498		1.63630397674	0.912	0.59	6.81974e-13		1.56581764724	0.855	0.34	1.75916e-12
401   	1000  	192.75		1.63684972537	0.912	0.591	6.80092e-13		1.56632240883	0.854	0.341	1.75046e-12
401   	1000  	193.001		1.63739467172	0.912	0.592	6.78224e-13		1.56682710649	0.854	0.342	1.74183e-12
401   	1000  	193.253		1.63793881523	0.912	0.593	6.76369e-13		1.56733173728	0.854	0.343	1.73327e-12
401   	1000  	193.505		1.63848215539	0.913	0.594	6.74527e-13		1.56783629823	0.854	0.344	1.72478e-12
401   	1000  	193.756		1.6390246917	0.913	0.595	6.72697e-13		1.56834078636	0.854	0.345	1.71636e-12
401   	1000  	194.008		1.63956642367	0.913	0.596	6.70879e-13		1.56884519873	0.853	0.346	1.70801e-12
401   	1000  	194.26		1.64010735087	0.913	0.597	6.69074e-13		1.56934953235	0.853	0.347	1.69973e-12
401   	1000  	194.511		1.64064747285	0.913	0.598	6.67282e-13		1.56985378427	0.853	0.348	1.69152e-12
401   	1000  	194.763		1.6411867892	0.913	0.599	6.65501e-13		1.57035795153	0.853	0.349	1.68337e-12
401   	1000  	195.015		1.64172529954	0.913	0.6	6.63733e-13		1.57086203115	0.853	0.35	1.67529e-12
401   	1000  	195.266		1.6422630035	0.913	0.6	6.61976e-13		1.57136602018	0.852	0.351	1.66728e-12
401   	1000  	195.518		1.64279990074	0.913	0.601	6.60232e-13		1.57186991566	0.852	0.352	1.65933e-12
401   	1000  	195.77		1.64333599092	0.913	0.602	6.58499e-13		1.57237371462	0.852	0.353	1.65145e-12
401   	1000  	196.021		1.64387127375	0.913	0.603	6.56777e-13		1.57287741411	0.852	0.354	1.64363e-12
401   	1000  	196.273		1.64440574894	0.913	0.604	6.55068e-13		1.57338101118	0.852	0.355	1.63588e-12
401   	1000  	196.525		1.64493941623	0.913	0.605	6.53369e-13		1.57388450288	0.851	0.356	1.62818e-12
401   	1000  	196.776		1.64547227538	0.914	0.606	6.51682e-13		1.57438788626	0.851	0.357	1.62055e-12
401   	1000  	197.028		1.64600432616	0.914	0.607	6.50006e-13		1.57489115838	0.851	0.358	1.61298e-12
401   	1000  	197.28		1.64653556838	0.914	0.608	6.48341e-13		1.57539431629	0.851	0.359	1.60547e-12
401   	1000  	197.531		1.64706600185	0.914	0.609	6.46687e-13		1.57589735706	0.851	0.36	1.59803e-12
401   	1000  	197.783		1.64759562642	0.914	0.61	6.45044e-13		1.57640027776	0.851	0.361	1.59064e-12
401   	1000  	198.035		1.64812444193	0.914	0.611	6.43412e-13		1.57690307547	0.85	0.362	1.58331e-12
401   	1000  	198.286		1.64865244826	0.914	0.612	6.4179e-13		1.57740574726	0.85	0.363	1.57604e-12
401   	1000  	198.538		1.64917964532	0.914	0.613	6.40179e-13		1.57790829022	0.85	0.364	1.56882e-12
401   	1200  	186.206		1.64882206044	0.926	0.612	7.51292e-13		1.56854952145	0.852	0.334	2.1503e-12
401   	1200  	186.458		1.6493640593	0.926	0.613	7.49374e-13		1.5690594592	0.852	0.335	2.13956e-12
401   	1200  	186.71		1.64990514663	0.926	0.614	7.47469e-13		1.56956927596	0.852	0.336	2.12892e-12
401   	1200  	186.961		1.65044532296	0.926	0.615	7.45577e-13		1.57007896924	0.851	0.337	2.11836e-12
401   	1200  	187.213		1.6509845888	0.926	0.616	7.43697e-13		1.57058853656	0.851	0.338	2.10789e-12
401   	1200  	187.465		1.65152294472	0.926	0.617	7.4183e-13		1.57109797543	0.851	0.339	2.09751e-12
401   	1200  	187.716		1.65206039127	0.926	0.618	7.39974e-13		1.57160728335	0.851	0.34	2.08721e-12
401   	1200  	187.968		1.65259692902	0.927	0.619	7.38132e-13		1.57211645784	0.851	0.341	2.07699e-12
401   	1200  	188.22		1.65313255858	0.927	0.619	7.36301e-13		1.57262549639	0.85	0.342	2.06686e-12
401   	1200  	188.471		1.65366728054	0.927	0.62	7.34482e-13		1.57313439649	0.85	0.343	2.05681e-12
401   	1200  	188.723		1.65420109554	0.927	0.621	7.32675e-13		1.57364315566	0.85	0.344	2.04684e-12
401   	1200  	188.975		1.65473400419	0.927	0.622	7.3088e-13		1.57415177136	0.85	0.345	2.03696e-12
401   	1200  	189.226		1.65526600717	0.927	0.623	7.29096e-13		1.57466024111	0.85	0.346	2.02715e-12
401   	1200  	189.478		1.65579710512	0.927	0.624	7.27325e-13		1.57516856239	0.85	0.347	2.01742e-12
401   	1200  	189.73		1.65632729873	0.927	0.625	7.25564e-13		1.57567673268	0.849	0.348	2.00777e-12
401   	1200  	189.981		1.65685658869	0.927	0.626	7.23815e-13		1.57618474949	0.849	0.349	1.99819e-12
401   	1200  	190.233		1.6573849757	0.927	0.627	7.22077e-13		1.57669261028	0.849	0.35	1.9887e-12
401   	1200  	190.485		1.65791246048	0.928	0.628	7.2035e-13		1.57720031256	0.849	0.351	1.97928e-12
401   	1200  	190.736		1.65843904377	0.928	0.629	7.18635e-13		1.57770785382	0.849	0.352	1.96993e-12
401   	1200  	190.988		1.65896472632	0.928	0.629	7.1693e-13		1.57821523154	0.848	0.353	1.96066e-12
401   	1200  	191.24		1.65948950887	0.928	0.63	7.15236e-13		1.57872244321	0.848	0.354	1.95146e-12
401   	1200  	191.491		1.6600133922	0.928	0.631	7.13553e-13		1.57922948632	0.848	0.355	1.94234e-12
401   	1200  	191.743		1.6605363771	0.928	0.632	7.11881e-13		1.57973635837	0.848	0.356	1.93328e-12
401   	1200  	191.995		1.66105846436	0.928	0.633	7.10219e-13		1.58024305686	0.848	0.357	1.9243e-12
401   	1200  	192.246		1.6615796548	0.928	0.634	7.08567e-13		1.58074957928	0.848	0.358	1.91539e-12
401   	1200  	192.498		1.66209994923	0.928	0.635	7.06926e-13		1.58125592312	0.847	0.359	1.90655e-12
401   	1200  	192.75		1.66261934848	0.928	0.636	7.05296e-13		1.58176208591	0.847	0.36	1.89778e-12
401   	1200  	193.001		1.66313785341	0.928	0.637	7.03675e-13		1.58226806513	0.847	0.361	1.88908e-12
401   	1200  	193.253		1.66365546487	0.929	0.637	7.02065e-13		1.5827738583	0.847	0.362	1.88045e-12
401   	1200  	193.505		1.66417218372	0.929	0.638	7.00464e-13		1.58327946293	0.847	0.362	1.87188e-12
401   	1200  	193.756		1.66468801086	0.929	0.639	6.98874e-13		1.58378487654	0.846	0.363	1.86338e-12
401   	1200  	194.008		1.66520294718	0.929	0.64	6.97293e-13		1.58429009664	0.846	0.364	1.85495e-12
401   	1200  	194.26		1.66571699357	0.929	0.641	6.95723e-13		1.58479512077	0.846	0.365	1.84658e-12
401   	1200  	194.511		1.66623015095	0.929	0.642	6.94161e-13		1.58529994646	0.846	0.366	1.83828e-12
401   	1200  	194.763		1.66674242025	0.929	0.643	6.9261e-13		1.58580457123	0.846	0.367	1.83004e-12
401   	1200  	195.015		1.66725380241	0.929	0.643	6.91068e-13		1.58630899263	0.846	0.368	1.82186e-12
401   	1200  	195.266		1.66776429837	0.929	0.644	6.89535e-13		1.5868132082	0.845	0.369	1.81375e-12
401   	1200  	195.518		1.66827390909	0.929	0.645	6.88012e-13		1.58731721549	0.845	0.37	1.8057e-12
401   	1200  	195.77		1.66878263555	0.93	0.646	6.86498e-13		1.58782101206	0.845	0.371	1.79771e-12
401   	1200  	196.021		1.66929047871	0.93	0.647	6.84993e-13		1.58832459547	0.845	0.372	1.78979e-12
401   	1200  	196.273		1.66979743956	0.93	0.648	6.83497e-13		1.58882796329	0.845	0.373	1.78192e-12
401   	1200  	196.525		1.67030351912	0.93	0.649	6.82011e-13		1.5893311131	0.845	0.374	1.77411e-12
401   	1200  	196.776		1.67080871838	0.93	0.649	6.80533e-13		1.58983404246	0.844	0.375	1.76637e-12
401   	1200  	197.028		1.67131303837	0.93	0.65	6.79064e-13		1.59033674898	0.844	0.376	1.75868e-12
401   	1200  	197.28		1.67181648011	0.93	0.651	6.77604e-13		1.59083923025	0.844	0.377	1.75105e-12
401   	1200  	197.531		1.67231904464	0.93	0.652	6.76153e-13		1.59134148387	0.844	0.378	1.74348e-12
401   	1200  	197.783		1.67282073301	0.93	0.653	6.7471e-13		1.59184350745	0.844	0.379	1.73596e-12
401   	1200  	198.035		1.67332154627	0.93	0.654	6.73276e-13		1.59234529861	0.844	0.38	1.7285e-12
401   	1200  	198.286		1.6738214855	0.93	0.654	6.7185e-13		1.59284685496	0.844	0.381	1.7211e-12
401   	1200  	198.538		1.67432055177	0.931	0.655	6.70433e-13		1.59334817416	0.843	0.382	1.71375e-12
401   	1400  	186.206		1.66714285157	0.939	0.641	7.93585e-13		1.579870528 	0.847	0.346	2.33009e-12
401   	1400  	186.458		1.66766060192	0.939	0.642	7.91803e-13		1.58037854618	0.847	0.347	2.31904e-12
401   	1400  	186.71		1.6681774083	0.939	0.642	7.90032e-13		1.58088636372	0.846	0.348	2.30809e-12
401   	1400  	186.961		1.66869327211	0.939	0.643	7.88271e-13		1.58139397854	0.846	0.349	2.29722e-12
401   	1400  	187.213		1.66920819476	0.939	0.644	7.86522e-13		1.58190138851	0.846	0.35	2.28643e-12
401   	1400  	187.465		1.66972217765	0.939	0.645	7.84783e-13		1.58240859156	0.846	0.351	2.27573e-12
401   	1400  	187.716		1.67023522221	0.939	0.646	7.83055e-13		1.58291558556	0.846	0.352	2.26511e-12
401   	1400  	187.968		1.67074732987	0.94	0.647	7.81337e-13		1.58342236843	0.846	0.353	2.25457e-12
401   	1400  	188.22		1.67125850204	0.94	0.647	7.7963e-13		1.58392893805	0.845	0.354	2.24412e-12
401   	1400  	188.471		1.67176874017	0.94	0.648	7.77934e-13		1.58443529232	0.845	0.355	2.23375e-12
401   	1400  	188.723		1.67227804571	0.94	0.649	7.76248e-13		1.58494142914	0.845	0.356	2.22346e-12
401   	1400  	188.975		1.67278642011	0.94	0.65	7.74572e-13		1.5854473464	0.845	0.357	2.21325e-12
401   	1400  	189.226		1.67329386481	0.94	0.651	7.72906e-13		1.585953042 	0.845	0.358	2.20311e-12
401   	1400  	189.478		1.67380038129	0.94	0.652	7.7125e-13		1.58645851384	0.845	0.359	2.19306e-12
401   	1400  	189.73		1.67430597101	0.94	0.652	7.69604e-13		1.58696375982	0.844	0.36	2.18308e-12
401   	1400  	189.981		1.67481063544	0.94	0.653	7.67968e-13		1.58746877782	0.844	0.361	2.17318e-12
401   	1400  	190.233		1.67531437607	0.94	0.654	7.66342e-13		1.58797356577	0.844	0.362	2.16336e-12
401   	1400  	190.485		1.67581719438	0.941	0.655	7.64725e-13		1.58847812155	0.844	0.363	2.15361e-12
401   	1400  	190.736		1.67631909186	0.941	0.656	7.63119e-13		1.58898244307	0.844	0.363	2.14393e-12
401   	1400  	190.988		1.67682007001	0.941	0.657	7.61521e-13		1.58948652824	0.844	0.364	2.13433e-12
401   	1400  	191.24		1.67732013032	0.941	0.657	7.59934e-13		1.58999037497	0.843	0.365	2.1248e-12
401   	1400  	191.491		1.67781927431	0.941	0.658	7.58355e-13		1.59049398117	0.843	0.366	2.11535e-12
401   	1400  	191.743		1.67831750349	0.941	0.659	7.56786e-13		1.59099734475	0.843	0.367	2.10596e-12
401   	1400  	191.995		1.67881481936	0.941	0.66	7.55227e-13		1.59150046364	0.843	0.368	2.09665e-12
401   	1400  	192.246		1.67931122346	0.941	0.661	7.53676e-13		1.59200333576	0.843	0.369	2.08741e-12
401   	1400  	192.498		1.67980671732	0.941	0.661	7.52134e-13		1.59250595902	0.843	0.37	2.07824e-12
401   	1400  	192.75		1.68030130245	0.941	0.662	7.50602e-13		1.59300833136	0.843	0.371	2.06913e-12
401   	1400  	193.001		1.68079498039	0.941	0.663	7.49078e-13		1.59351045072	0.842	0.372	2.0601e-12
401   	1400  	193.253		1.6812877527	0.942	0.664	7.47564e-13		1.59401231503	0.842	0.373	2.05113e-12
401   	1400  	193.505		1.6817796209	0.942	0.665	7.46058e-13		1.59451392222	0.842	0.374	2.04223e-12
401   	1400  	193.756		1.68227058655	0.942	0.665	7.44561e-13		1.59501527026	0.842	0.375	2.0334e-12
401   	1400  	194.008		1.68276065121	0.942	0.666	7.43072e-13		1.59551635709	0.842	0.376	2.02463e-12
401   	1400  	194.26		1.68324981642	0.942	0.667	7.41592e-13		1.59601718066	0.842	0.377	2.01593e-12
401   	1400  	194.511		1.68373808376	0.942	0.668	7.40121e-13		1.59651773894	0.841	0.378	2.00729e-12
401   	1400  	194.763		1.68422545478	0.942	0.668	7.38658e-13		1.59701802989	0.841	0.379	1.99871e-12
401   	1400  	195.015		1.68471193105	0.942	0.669	7.37203e-13		1.59751805149	0.841	0.38	1.9902e-12
401   	1400  	195.266		1.68519751415	0.942	0.67	7.35757e-13		1.59801780172	0.841	0.381	1.98176e-12
401   	1400  	195.518		1.68568220565	0.942	0.671	7.34319e-13		1.59851727855	0.841	0.382	1.97337e-12
401   	1400  	195.77		1.68616600714	0.943	0.672	7.32889e-13		1.59901647998	0.841	0.383	1.96505e-12
401   	1400  	196.021		1.68664892019	0.943	0.672	7.31467e-13		1.59951540401	0.841	0.384	1.95679e-12
401   	1400  	196.273		1.68713094639	0.943	0.673	7.30053e-13		1.60001404864	0.84	0.385	1.94858e-12
401   	1400  	196.525		1.68761208734	0.943	0.674	7.28648e-13		1.60051241188	0.84	0.386	1.94044e-12
401   	1400  	196.776		1.68809234463	0.943	0.675	7.2725e-13		1.60101049174	0.84	0.387	1.93236e-12
401   	1400  	197.028		1.68857171985	0.943	0.675	7.2586e-13		1.60150828625	0.84	0.388	1.92434e-12
401   	1400  	197.28		1.68905021461	0.943	0.676	7.24478e-13		1.60200579344	0.84	0.389	1.91637e-12
401   	1400  	197.531		1.6895278305	0.943	0.677	7.23103e-13		1.60250301134	0.84	0.389	1.90846e-12
401   	1400  	197.783		1.69000456914	0.943	0.678	7.21736e-13		1.602999938 	0.84	0.39	1.90061e-12
401   	1400  	198.035		1.69048043213	0.943	0.678	7.20377e-13		1.60349657147	0.839	0.391	1.89282e-12
401   	1400  	198.286		1.69095542108	0.943	0.679	7.19026e-13		1.60399290981	0.839	0.392	1.88508e-12
401   	1400  	198.538		1.69142953761	0.944	0.68	7.17682e-13		1.60448895109	0.839	0.393	1.8774e-12
