Effective Refractive Indices:
rel_box_size:     0.001
rel_grid_spacing: 20
rel_tolerance:    0
eigenvectors:     4
boundary cond:    0000
Wavelengths from 1.55 um to 1.55 um in 1 steps
Heights from 0.699 um to 0.701 um in 3 steps
Widths from 0.3 um to 1.4 um in 8 steps
height	width	frequency	Ex_n_eff		Ex_frac	Ex_core	Ex_A_eff		Ey_n_eff		Ey_frac	Ey_core	Ey_A_eff
699   	300   	186.206		1.46339067366	0.926	0.125	5.4156e-12		1.49526642064	0.925	0.267	1.33431e-12
699   	300   	186.458		1.46367042411	0.926	0.125	5.37564e-12		1.49565886935	0.925	0.268	1.32559e-12
699   	300   	186.71		1.46395022787	0.926	0.126	5.336e-12		1.49605152162	0.925	0.269	1.31695e-12
699   	300   	186.961		1.46423008881	0.926	0.126	5.29668e-12		1.49644437784	0.925	0.27	1.30839e-12
699   	300   	187.213		1.46451001079	0.926	0.127	5.25767e-12		1.49683743835	0.925	0.271	1.29991e-12
699   	300   	187.465		1.46478999763	0.926	0.128	5.21898e-12		1.49723070341	0.924	0.272	1.29151e-12
699   	300   	187.716		1.46507005309	0.925	0.128	5.1806e-12		1.49762417326	0.924	0.274	1.28319e-12
699   	300   	187.968		1.46535018093	0.925	0.129	5.14252e-12		1.49801784805	0.924	0.275	1.27494e-12
699   	300   	188.22		1.46563038486	0.925	0.129	5.10475e-12		1.49841172791	0.924	0.276	1.26678e-12
699   	300   	188.471		1.46591066854	0.925	0.13	5.06729e-12		1.4988058129	0.924	0.277	1.25869e-12
699   	300   	188.723		1.46619103561	0.925	0.13	5.03013e-12		1.49920010303	0.924	0.278	1.25067e-12
699   	300   	188.975		1.46647148968	0.925	0.131	4.99327e-12		1.49959459825	0.924	0.279	1.24273e-12
699   	300   	189.226		1.46675203431	0.925	0.131	4.95671e-12		1.49998929847	0.924	0.28	1.23487e-12
699   	300   	189.478		1.46703267302	0.924	0.132	4.92044e-12		1.50038420354	0.923	0.281	1.22708e-12
699   	300   	189.73		1.46731340933	0.924	0.132	4.88447e-12		1.50077931327	0.923	0.282	1.21936e-12
699   	300   	189.981		1.46759424667	0.924	0.133	4.84879e-12		1.50117462742	0.923	0.283	1.21171e-12
699   	300   	190.233		1.46787518848	0.924	0.133	4.8134e-12		1.50157014569	0.923	0.284	1.20414e-12
699   	300   	190.485		1.46815623815	0.924	0.134	4.7783e-12		1.50196586773	0.923	0.285	1.19663e-12
699   	300   	190.736		1.46843739903	0.924	0.134	4.74349e-12		1.50236179316	0.923	0.286	1.1892e-12
699   	300   	190.988		1.46871867443	0.923	0.135	4.70896e-12		1.50275792154	0.923	0.287	1.18184e-12
699   	300   	191.24		1.46900006763	0.923	0.136	4.67471e-12		1.50315425237	0.923	0.288	1.17454e-12
699   	300   	191.491		1.46928158189	0.923	0.136	4.64074e-12		1.50355078513	0.922	0.289	1.16731e-12
699   	300   	191.743		1.46956322041	0.923	0.137	4.60705e-12		1.50394751923	0.922	0.29	1.16015e-12
699   	300   	191.995		1.46984498636	0.923	0.137	4.57364e-12		1.50434445406	0.922	0.291	1.15305e-12
699   	300   	192.246		1.47012688289	0.923	0.138	4.5405e-12		1.50474158893	0.922	0.293	1.14603e-12
699   	300   	192.498		1.47040891311	0.922	0.138	4.50763e-12		1.50513892315	0.922	0.294	1.13906e-12
699   	300   	192.75		1.47069108007	0.922	0.139	4.47504e-12		1.50553645594	0.922	0.295	1.13216e-12
699   	300   	193.001		1.47097338682	0.922	0.139	4.44271e-12		1.50593418651	0.922	0.296	1.12533e-12
699   	300   	193.253		1.47125583634	0.922	0.14	4.41065e-12		1.50633211401	0.922	0.297	1.11856e-12
699   	300   	193.505		1.47153843161	0.922	0.141	4.37885e-12		1.50673023756	0.922	0.298	1.11185e-12
699   	300   	193.756		1.47182117556	0.922	0.141	4.34732e-12		1.50712855622	0.921	0.299	1.1052e-12
699   	300   	194.008		1.47210407106	0.921	0.142	4.31605e-12		1.50752706903	0.921	0.3	1.09862e-12
699   	300   	194.26		1.47238712099	0.921	0.142	4.28503e-12		1.50792577498	0.921	0.301	1.09209e-12
699   	300   	194.511		1.47267032816	0.921	0.143	4.25427e-12		1.50832467302	0.921	0.302	1.08563e-12
699   	300   	194.763		1.47295369535	0.921	0.143	4.22377e-12		1.50872376205	0.921	0.303	1.07923e-12
699   	300   	195.015		1.47323722533	0.921	0.144	4.19352e-12		1.50912304096	0.921	0.304	1.07288e-12
699   	300   	195.266		1.4735209208	0.921	0.145	4.16353e-12		1.50952250857	0.921	0.305	1.06659e-12
699   	300   	195.518		1.47380478444	0.92	0.145	4.13378e-12		1.50992216368	0.921	0.306	1.06036e-12
699   	300   	195.77		1.47408881891	0.92	0.146	4.10428e-12		1.51032200505	0.92	0.308	1.05419e-12
699   	300   	196.021		1.47437302681	0.92	0.146	4.07502e-12		1.5107220314	0.92	0.309	1.04808e-12
699   	300   	196.273		1.47465741071	0.92	0.147	4.04601e-12		1.51112224142	0.92	0.31	1.04202e-12
699   	300   	196.525		1.47494197316	0.92	0.147	4.01724e-12		1.51152263375	0.92	0.311	1.03601e-12
699   	300   	196.776		1.47522671666	0.919	0.148	3.98872e-12		1.51192320702	0.92	0.312	1.03007e-12
699   	300   	197.028		1.47551164369	0.919	0.149	3.96043e-12		1.5123239598	0.92	0.313	1.02417e-12
699   	300   	197.28		1.47579675668	0.919	0.149	3.93237e-12		1.51272489064	0.92	0.314	1.01833e-12
699   	300   	197.531		1.47608205802	0.919	0.15	3.90455e-12		1.51312599806	0.92	0.315	1.01254e-12
699   	300   	197.783		1.47636755009	0.919	0.15	3.87697e-12		1.51352728055	0.92	0.316	1.00681e-12
699   	300   	198.035		1.47665323521	0.919	0.151	3.84961e-12		1.51392873654	0.919	0.317	1.00113e-12
699   	300   	198.286		1.47693911569	0.918	0.152	3.82249e-12		1.51433036446	0.919	0.318	9.95499e-13
699   	300   	198.538		1.47722519378	0.918	0.152	3.79559e-12		1.51473216269	0.919	0.319	9.89919e-13
699   	400   	186.206		1.50459757512	0.895	0.244	2.22922e-12		1.53736328248	0.902	0.386	9.92425e-13
699   	400   	186.458		1.50500911622	0.895	0.245	2.21437e-12		1.53785830279	0.902	0.388	9.87248e-13
699   	400   	186.71		1.50542092083	0.894	0.246	2.19966e-12		1.53835331416	0.902	0.389	9.82119e-13
699   	400   	186.961		1.50583298879	0.894	0.247	2.18508e-12		1.5388483132	0.902	0.39	9.77038e-13
699   	400   	187.213		1.50624531984	0.894	0.248	2.17065e-12		1.53934329652	0.902	0.391	9.72004e-13
699   	400   	187.465		1.50665791373	0.894	0.249	2.15635e-12		1.53983826072	0.902	0.393	9.67017e-13
699   	400   	187.716		1.50707077011	0.893	0.25	2.14219e-12		1.54033320235	0.902	0.394	9.62076e-13
699   	400   	187.968		1.50748388859	0.893	0.251	2.12816e-12		1.54082811798	0.902	0.395	9.57182e-13
699   	400   	188.22		1.50789726875	0.893	0.252	2.11426e-12		1.54132300417	0.901	0.396	9.52332e-13
699   	400   	188.471		1.5083109101	0.893	0.253	2.10049e-12		1.54181785743	0.901	0.398	9.47527e-13
699   	400   	188.723		1.5087248121	0.892	0.253	2.08685e-12		1.54231267431	0.901	0.399	9.42767e-13
699   	400   	188.975		1.50913897416	0.892	0.254	2.07333e-12		1.5428074513	0.901	0.4	9.3805e-13
699   	400   	189.226		1.50955339566	0.892	0.255	2.05995e-12		1.54330218491	0.901	0.401	9.33377e-13
699   	400   	189.478		1.50996807591	0.892	0.256	2.04669e-12		1.54379687163	0.901	0.403	9.28746e-13
699   	400   	189.73		1.51038301418	0.892	0.257	2.03355e-12		1.54429150796	0.901	0.404	9.24158e-13
699   	400   	189.981		1.51079820969	0.891	0.258	2.02054e-12		1.54478609035	0.901	0.405	9.19612e-13
699   	400   	190.233		1.51121366163	0.891	0.259	2.00764e-12		1.54528061529	0.901	0.406	9.15107e-13
699   	400   	190.485		1.51162936911	0.891	0.26	1.99487e-12		1.54577507923	0.901	0.407	9.10643e-13
699   	400   	190.736		1.51204533124	0.891	0.261	1.98222e-12		1.54626947863	0.901	0.409	9.06219e-13
699   	400   	190.988		1.51246154704	0.89	0.262	1.96968e-12		1.54676380995	0.9	0.41	9.01836e-13
699   	400   	191.24		1.51287801552	0.89	0.263	1.95726e-12		1.54725806962	0.9	0.411	8.97492e-13
699   	400   	191.491		1.51329473563	0.89	0.264	1.94496e-12		1.5477522541	0.9	0.412	8.93188e-13
699   	400   	191.743		1.51371170628	0.89	0.265	1.93277e-12		1.54824635982	0.9	0.414	8.88922e-13
699   	400   	191.995		1.51412892634	0.889	0.266	1.9207e-12		1.54874038323	0.9	0.415	8.84694e-13
699   	400   	192.246		1.51454639463	0.889	0.267	1.90873e-12		1.54923432075	0.9	0.416	8.80505e-13
699   	400   	192.498		1.51496410994	0.889	0.268	1.89688e-12		1.54972816882	0.9	0.417	8.76352e-13
699   	400   	192.75		1.51538207101	0.889	0.269	1.88514e-12		1.55022192388	0.9	0.418	8.72237e-13
699   	400   	193.001		1.51580027654	0.888	0.27	1.8735e-12		1.55071558235	0.9	0.42	8.68159e-13
699   	400   	193.253		1.51621872521	0.888	0.271	1.86197e-12		1.55120914068	0.9	0.421	8.64117e-13
699   	400   	193.505		1.51663741563	0.888	0.272	1.85055e-12		1.5517025953	0.9	0.422	8.6011e-13
699   	400   	193.756		1.5170563464	0.888	0.273	1.83924e-12		1.55219594265	0.9	0.423	8.5614e-13
699   	400   	194.008		1.51747551605	0.888	0.274	1.82802e-12		1.55268917916	0.899	0.425	8.52204e-13
699   	400   	194.26		1.51789492312	0.887	0.275	1.81692e-12		1.55318230128	0.899	0.426	8.48303e-13
699   	400   	194.511		1.51831456606	0.887	0.276	1.80591e-12		1.55367530545	0.899	0.427	8.44436e-13
699   	400   	194.763		1.51873444332	0.887	0.277	1.795e-12		1.55416818812	0.899	0.428	8.40603e-13
699   	400   	195.015		1.51915455331	0.887	0.278	1.7842e-12		1.55466094574	0.899	0.429	8.36804e-13
699   	400   	195.266		1.51957489439	0.886	0.279	1.77349e-12		1.55515357478	0.899	0.431	8.33038e-13
699   	400   	195.518		1.5199954649	0.886	0.28	1.76288e-12		1.5556460717	0.899	0.432	8.29305e-13
699   	400   	195.77		1.52041626314	0.886	0.281	1.75237e-12		1.55613843296	0.899	0.433	8.25604e-13
699   	400   	196.021		1.52083728738	0.886	0.282	1.74195e-12		1.55663065505	0.899	0.434	8.21936e-13
699   	400   	196.273		1.52125853585	0.886	0.283	1.73163e-12		1.55712273444	0.899	0.435	8.18299e-13
699   	400   	196.525		1.52168000676	0.885	0.284	1.7214e-12		1.55761466762	0.899	0.437	8.14693e-13
699   	400   	196.776		1.52210169828	0.885	0.285	1.71127e-12		1.5581064511	0.899	0.438	8.11119e-13
699   	400   	197.028		1.52252360855	0.885	0.286	1.70123e-12		1.55859808137	0.899	0.439	8.07576e-13
699   	400   	197.28		1.52294573568	0.885	0.287	1.69128e-12		1.55908955496	0.899	0.44	8.04063e-13
699   	400   	197.531		1.52336807776	0.884	0.288	1.68142e-12		1.55958086838	0.898	0.441	8.0058e-13
699   	400   	197.783		1.52379063283	0.884	0.289	1.67164e-12		1.56007201817	0.898	0.443	7.97126e-13
699   	400   	198.035		1.52421339892	0.884	0.29	1.66196e-12		1.56056300087	0.898	0.444	7.93703e-13
699   	400   	198.286		1.52463637403	0.884	0.291	1.65236e-12		1.56105381303	0.898	0.445	7.90308e-13
699   	400   	198.538		1.52505955613	0.883	0.292	1.64285e-12		1.56154445122	0.898	0.446	7.86942e-13
699   	500   	186.206		1.55018562956	0.873	0.376	1.35046e-12		1.57440066864	0.887	0.476	9.01425e-13
699   	500   	186.458		1.55070251121	0.873	0.377	1.34343e-12		1.57495092773	0.887	0.477	8.97603e-13
699   	500   	186.71		1.55121934934	0.873	0.379	1.33646e-12		1.57550081718	0.887	0.479	8.93814e-13
699   	500   	186.961		1.5517361401	0.873	0.38	1.32955e-12		1.5760503331	0.887	0.48	8.90059e-13
699   	500   	187.213		1.55225287965	0.873	0.381	1.32271e-12		1.57659947163	0.887	0.481	8.86336e-13
699   	500   	187.465		1.55276956415	0.872	0.382	1.31593e-12		1.57714822895	0.887	0.482	8.82645e-13
699   	500   	187.716		1.55328618973	0.872	0.383	1.30921e-12		1.57769660123	0.887	0.484	8.78986e-13
699   	500   	187.968		1.55380275253	0.872	0.385	1.30255e-12		1.57824458469	0.887	0.485	8.75358e-13
699   	500   	188.22		1.55431924869	0.872	0.386	1.29595e-12		1.57879217556	0.887	0.486	8.71762e-13
699   	500   	188.471		1.55483567433	0.872	0.387	1.28942e-12		1.5793393701	0.887	0.487	8.68196e-13
699   	500   	188.723		1.5553520256	0.872	0.388	1.28294e-12		1.57988616459	0.887	0.489	8.6466e-13
699   	500   	188.975		1.5558682986	0.871	0.389	1.27651e-12		1.58043255533	0.887	0.49	8.61155e-13
699   	500   	189.226		1.55638448947	0.871	0.391	1.27015e-12		1.58097853865	0.887	0.491	8.5768e-13
699   	500   	189.478		1.55690059432	0.871	0.392	1.26384e-12		1.58152411091	0.887	0.492	8.54233e-13
699   	500   	189.73		1.55741660928	0.871	0.393	1.25759e-12		1.58206926849	0.887	0.494	8.50816e-13
699   	500   	189.981		1.55793253047	0.871	0.394	1.2514e-12		1.58261400778	0.887	0.495	8.47428e-13
699   	500   	190.233		1.55844835402	0.871	0.395	1.24526e-12		1.58315832522	0.887	0.496	8.44068e-13
699   	500   	190.485		1.55896407605	0.87	0.397	1.23917e-12		1.58370221726	0.886	0.497	8.40736e-13
699   	500   	190.736		1.55947969268	0.87	0.398	1.23314e-12		1.58424568039	0.886	0.499	8.37432e-13
699   	500   	190.988		1.55999520004	0.87	0.399	1.22716e-12		1.58478871111	0.886	0.5	8.34156e-13
699   	500   	191.24		1.56051059427	0.87	0.4	1.22124e-12		1.58533130595	0.886	0.501	8.30907e-13
699   	500   	191.491		1.56102587151	0.87	0.401	1.21536e-12		1.58587346147	0.886	0.502	8.27685e-13
699   	500   	191.743		1.56154102788	0.87	0.402	1.20954e-12		1.58641517427	0.886	0.503	8.24489e-13
699   	500   	191.995		1.56205605955	0.87	0.404	1.20377e-12		1.58695644095	0.886	0.505	8.2132e-13
699   	500   	192.246		1.56257096265	0.869	0.405	1.19805e-12		1.58749725815	0.886	0.506	8.18177e-13
699   	500   	192.498		1.56308573334	0.869	0.406	1.19238e-12		1.58803762254	0.886	0.507	8.15059e-13
699   	500   	192.75		1.5636003678	0.869	0.407	1.18676e-12		1.58857753082	0.886	0.508	8.11967e-13
699   	500   	193.001		1.56411486217	0.869	0.408	1.18118e-12		1.58911697971	0.886	0.509	8.08901e-13
699   	500   	193.253		1.56462921265	0.869	0.409	1.17566e-12		1.58965596596	0.886	0.511	8.05859e-13
699   	500   	193.505		1.56514341541	0.869	0.411	1.17018e-12		1.59019448634	0.886	0.512	8.02842e-13
699   	500   	193.756		1.56565746666	0.869	0.412	1.16475e-12		1.59073253767	0.886	0.513	7.9985e-13
699   	500   	194.008		1.56617136258	0.868	0.413	1.15937e-12		1.59127011678	0.886	0.514	7.96881e-13
699   	500   	194.26		1.56668509939	0.868	0.414	1.15403e-12		1.59180722052	0.886	0.515	7.93937e-13
699   	500   	194.511		1.56719867331	0.868	0.415	1.14874e-12		1.59234384579	0.886	0.516	7.91016e-13
699   	500   	194.763		1.56771208058	0.868	0.416	1.14349e-12		1.59287998952	0.886	0.518	7.88118e-13
699   	500   	195.015		1.56822531742	0.868	0.418	1.13829e-12		1.59341564863	0.886	0.519	7.85244e-13
699   	500   	195.266		1.56873838009	0.868	0.419	1.13314e-12		1.59395082012	0.886	0.52	7.82393e-13
699   	500   	195.518		1.56925126486	0.868	0.42	1.12802e-12		1.59448550097	0.886	0.521	7.79564e-13
699   	500   	195.77		1.569763968 	0.867	0.421	1.12295e-12		1.59501968824	0.886	0.522	7.76758e-13
699   	500   	196.021		1.57027648578	0.867	0.422	1.11792e-12		1.59555337897	0.886	0.524	7.73973e-13
699   	500   	196.273		1.57078881452	0.867	0.423	1.11294e-12		1.59608657025	0.886	0.525	7.71211e-13
699   	500   	196.525		1.57130095053	0.867	0.425	1.108e-12		1.59661925921	0.886	0.526	7.68471e-13
699   	500   	196.776		1.57181289012	0.867	0.426	1.10309e-12		1.59715144299	0.886	0.527	7.65752e-13
699   	500   	197.028		1.57232462964	0.867	0.427	1.09823e-12		1.59768311877	0.886	0.528	7.63054e-13
699   	500   	197.28		1.57283616543	0.867	0.428	1.09341e-12		1.59821428375	0.886	0.529	7.60377e-13
699   	500   	197.531		1.57334749386	0.866	0.429	1.08863e-12		1.59874493517	0.886	0.53	7.57721e-13
699   	500   	197.783		1.57385861132	0.866	0.43	1.08389e-12		1.59927507028	0.886	0.532	7.55086e-13
699   	500   	198.035		1.57436951419	0.866	0.431	1.07919e-12		1.59980468638	0.886	0.533	7.52471e-13
699   	500   	198.286		1.57488019888	0.866	0.433	1.07453e-12		1.60033378079	0.886	0.534	7.49877e-13
699   	500   	198.538		1.57539066183	0.866	0.434	1.0699e-12		1.60086235085	0.886	0.535	7.47302e-13
699   	600   	186.206		1.59308083019	0.867	0.493	1.04186e-12		1.60496503298	0.878	0.54	8.92782e-13
699   	600   	186.458		1.59364834212	0.867	0.495	1.03767e-12		1.60553775878	0.878	0.541	8.89553e-13
699   	600   	186.71		1.59421533712	0.867	0.496	1.03351e-12		1.60610981394	0.878	0.542	8.8635e-13
699   	600   	186.961		1.59478181165	0.867	0.497	1.02939e-12		1.60668119562	0.878	0.544	8.83172e-13
699   	600   	187.213		1.5953477622	0.867	0.498	1.0253e-12		1.60725190103	0.878	0.545	8.8002e-13
699   	600   	187.465		1.59591318529	0.867	0.499	1.02124e-12		1.60782192739	0.878	0.546	8.76893e-13
699   	600   	187.716		1.59647807746	0.867	0.501	1.01722e-12		1.60839127199	0.878	0.547	8.73791e-13
699   	600   	187.968		1.5970424353	0.867	0.502	1.01323e-12		1.60895993213	0.878	0.548	8.70713e-13
699   	600   	188.22		1.59760625542	0.867	0.503	1.00927e-12		1.60952790516	0.878	0.549	8.6766e-13
699   	600   	188.471		1.59816953444	0.867	0.504	1.00535e-12		1.61009518846	0.878	0.551	8.64631e-13
699   	600   	188.723		1.59873226906	0.867	0.505	1.00145e-12		1.61066177944	0.878	0.552	8.61626e-13
699   	600   	188.975		1.59929445597	0.867	0.507	9.97592e-13		1.61122767555	0.878	0.553	8.58644e-13
699   	600   	189.226		1.5998560919	0.867	0.508	9.93762e-13		1.61179287428	0.878	0.554	8.55686e-13
699   	600   	189.478		1.60041717363	0.867	0.509	9.89963e-13		1.61235737315	0.878	0.555	8.52751e-13
699   	600   	189.73		1.60097769794	0.867	0.51	9.86195e-13		1.61292116971	0.878	0.557	8.49839e-13
699   	600   	189.981		1.60153766168	0.866	0.511	9.82457e-13		1.61348426155	0.878	0.558	8.46949e-13
699   	600   	190.233		1.60209706169	0.866	0.513	9.78748e-13		1.6140466463	0.878	0.559	8.44082e-13
699   	600   	190.485		1.60265589488	0.866	0.514	9.7507e-13		1.61460832161	0.878	0.56	8.41237e-13
699   	600   	190.736		1.60321415817	0.866	0.515	9.71421e-13		1.61516928519	0.878	0.561	8.38414e-13
699   	600   	190.988		1.60377184851	0.866	0.516	9.678e-13		1.61572953475	0.878	0.562	8.35612e-13
699   	600   	191.24		1.60432896289	0.866	0.517	9.64209e-13		1.61628906806	0.878	0.563	8.32832e-13
699   	600   	191.491		1.60488549834	0.866	0.519	9.60646e-13		1.61684788293	0.878	0.565	8.30073e-13
699   	600   	191.743		1.6054414519	0.866	0.52	9.57111e-13		1.61740597717	0.878	0.566	8.27335e-13
699   	600   	191.995		1.60599682065	0.866	0.521	9.53604e-13		1.61796334865	0.878	0.567	8.24618e-13
699   	600   	192.246		1.60655160172	0.866	0.522	9.50124e-13		1.61851999528	0.878	0.568	8.21922e-13
699   	600   	192.498		1.60710579224	0.866	0.523	9.46671e-13		1.61907591499	0.878	0.569	8.19246e-13
699   	600   	192.75		1.60765938941	0.866	0.524	9.43246e-13		1.61963110573	0.878	0.57	8.1659e-13
699   	600   	193.001		1.60821239042	0.866	0.525	9.39847e-13		1.62018556552	0.878	0.571	8.13954e-13
699   	600   	193.253		1.60876479253	0.866	0.527	9.36475e-13		1.62073929239	0.878	0.573	8.11338e-13
699   	600   	193.505		1.609316593 	0.866	0.528	9.33128e-13		1.62129228439	0.878	0.574	8.08741e-13
699   	600   	193.756		1.60986778915	0.866	0.529	9.29808e-13		1.62184453963	0.878	0.575	8.06164e-13
699   	600   	194.008		1.6104183783	0.866	0.53	9.26513e-13		1.62239605625	0.878	0.576	8.03605e-13
699   	600   	194.26		1.61096835784	0.866	0.531	9.23243e-13		1.6229468324	0.878	0.577	8.01066e-13
699   	600   	194.511		1.61151772516	0.866	0.532	9.19999e-13		1.62349686628	0.878	0.578	7.98546e-13
699   	600   	194.763		1.61206647769	0.866	0.534	9.16779e-13		1.62404615613	0.878	0.579	7.96044e-13
699   	600   	195.015		1.6126146129	0.866	0.535	9.13584e-13		1.6245947002	0.878	0.58	7.9356e-13
699   	600   	195.266		1.61316212829	0.866	0.536	9.10413e-13		1.62514249679	0.878	0.581	7.91095e-13
699   	600   	195.518		1.61370902138	0.866	0.537	9.07266e-13		1.62568954423	0.878	0.583	7.88647e-13
699   	600   	195.77		1.61425528973	0.866	0.538	9.04143e-13		1.62623584086	0.878	0.584	7.86218e-13
699   	600   	196.021		1.61480093093	0.866	0.539	9.01043e-13		1.62678138508	0.878	0.585	7.83806e-13
699   	600   	196.273		1.6153459426	0.866	0.54	8.97967e-13		1.62732617532	0.878	0.586	7.81412e-13
699   	600   	196.525		1.61589032239	0.866	0.541	8.94914e-13		1.62787021001	0.878	0.587	7.79035e-13
699   	600   	196.776		1.61643406799	0.866	0.543	8.91883e-13		1.62841348765	0.878	0.588	7.76675e-13
699   	600   	197.028		1.61697717711	0.866	0.544	8.88875e-13		1.62895600674	0.878	0.589	7.74332e-13
699   	600   	197.28		1.6175196475	0.866	0.545	8.8589e-13		1.62949776583	0.878	0.59	7.72006e-13
699   	600   	197.531		1.61806147692	0.866	0.546	8.82927e-13		1.6300387635	0.878	0.591	7.69696e-13
699   	600   	197.783		1.61860266319	0.865	0.547	8.79985e-13		1.63057899834	0.878	0.592	7.67403e-13
699   	600   	198.035		1.61914320414	0.865	0.548	8.77066e-13		1.63111846899	0.878	0.593	7.65126e-13
699   	600   	198.286		1.61968309764	0.865	0.549	8.74168e-13		1.63165717412	0.878	0.594	7.62865e-13
699   	600   	198.538		1.62022234159	0.865	0.55	8.71291e-13		1.63219511241	0.878	0.595	7.60621e-13
699   	800   	186.206		1.65969181767	0.882	0.654	8.67401e-13		1.64945621265	0.868	0.617	9.60911e-13
699   	800   	186.458		1.6602570471	0.882	0.655	8.65092e-13		1.65002869431	0.868	0.618	9.5808e-13
699   	800   	186.71		1.66082118034	0.882	0.656	8.62799e-13		1.65060016109	0.868	0.619	9.55269e-13
699   	800   	186.961		1.66138421785	0.882	0.657	8.60521e-13		1.6511706126	0.868	0.62	9.52477e-13
699   	800   	187.213		1.66194616012	0.882	0.658	8.58259e-13		1.65174004848	0.868	0.621	9.49706e-13
699   	800   	187.465		1.66250700767	0.882	0.659	8.56013e-13		1.6523084684	0.868	0.623	9.46954e-13
699   	800   	187.716		1.66306676103	0.882	0.66	8.53782e-13		1.65287587207	0.868	0.624	9.44222e-13
699   	800   	187.968		1.66362542077	0.882	0.661	8.51566e-13		1.65344225923	0.868	0.625	9.41509e-13
699   	800   	188.22		1.66418298749	0.882	0.662	8.49365e-13		1.65400762963	0.868	0.626	9.38814e-13
699   	800   	188.471		1.6647394618	0.882	0.663	8.47179e-13		1.65457198308	0.868	0.627	9.36139e-13
699   	800   	188.723		1.66529484434	0.882	0.664	8.45007e-13		1.65513531939	0.868	0.628	9.33482e-13
699   	800   	188.975		1.66584913577	0.882	0.665	8.4285e-13		1.65569763842	0.868	0.629	9.30844e-13
699   	800   	189.226		1.6664023368	0.883	0.666	8.40708e-13		1.65625894004	0.868	0.63	9.28224e-13
699   	800   	189.478		1.66695444813	0.883	0.667	8.3858e-13		1.65681922418	0.869	0.631	9.25622e-13
699   	800   	189.73		1.6675054705	0.883	0.668	8.36466e-13		1.65737849076	0.869	0.632	9.23039e-13
699   	800   	189.981		1.66805540468	0.883	0.669	8.34366e-13		1.65793673976	0.869	0.633	9.20473e-13
699   	800   	190.233		1.66860425144	0.883	0.67	8.3228e-13		1.65849397117	0.869	0.634	9.17924e-13
699   	800   	190.485		1.6691520116	0.883	0.671	8.30208e-13		1.65905018501	0.869	0.635	9.15393e-13
699   	800   	190.736		1.66969868597	0.883	0.672	8.28149e-13		1.65960538133	0.869	0.636	9.12879e-13
699   	800   	190.988		1.67024427543	0.883	0.673	8.26104e-13		1.66015956021	0.869	0.637	9.10383e-13
699   	800   	191.24		1.67078878083	0.883	0.674	8.24072e-13		1.66071272174	0.869	0.638	9.07903e-13
699   	800   	191.491		1.67133220307	0.883	0.675	8.22054e-13		1.66126486606	0.869	0.639	9.0544e-13
699   	800   	191.743		1.67187454308	0.883	0.676	8.20049e-13		1.66181599332	0.869	0.64	9.02994e-13
699   	800   	191.995		1.67241580178	0.884	0.677	8.18056e-13		1.66236610371	0.869	0.641	9.00564e-13
699   	800   	192.246		1.67295598013	0.884	0.678	8.16077e-13		1.66291519743	0.869	0.642	8.9815e-13
699   	800   	192.498		1.67349507911	0.884	0.679	8.14111e-13		1.6634632747	0.869	0.643	8.95753e-13
699   	800   	192.75		1.67403309973	0.884	0.68	8.12157e-13		1.6640103358	0.869	0.644	8.93371e-13
699   	800   	193.001		1.67457004299	0.884	0.681	8.10215e-13		1.66455638099	0.869	0.645	8.91006e-13
699   	800   	193.253		1.67510590994	0.884	0.682	8.08287e-13		1.66510141058	0.87	0.646	8.88656e-13
699   	800   	193.505		1.67564070163	0.884	0.683	8.0637e-13		1.66564542491	0.87	0.647	8.86322e-13
699   	800   	193.756		1.67617441915	0.884	0.683	8.04466e-13		1.66618842433	0.87	0.648	8.84003e-13
699   	800   	194.008		1.67670706357	0.884	0.684	8.02574e-13		1.66673040922	0.87	0.649	8.81699e-13
699   	800   	194.26		1.67723863603	0.884	0.685	8.00693e-13		1.66727137996	0.87	0.65	8.79411e-13
699   	800   	194.511		1.67776913764	0.885	0.686	7.98825e-13		1.667811337 	0.87	0.651	8.77137e-13
699   	800   	194.763		1.67829856957	0.885	0.687	7.96968e-13		1.66835028078	0.87	0.652	8.74879e-13
699   	800   	195.015		1.67882693297	0.885	0.688	7.95123e-13		1.66888821176	0.87	0.653	8.72635e-13
699   	800   	195.266		1.67935422903	0.885	0.689	7.9329e-13		1.66942513043	0.87	0.654	8.70405e-13
699   	800   	195.518		1.67988045895	0.885	0.69	7.91468e-13		1.66996103731	0.87	0.655	8.6819e-13
699   	800   	195.77		1.68040562396	0.885	0.691	7.89658e-13		1.67049593294	0.87	0.656	8.6599e-13
699   	800   	196.021		1.68092972529	0.885	0.692	7.87859e-13		1.67102981787	0.87	0.657	8.63803e-13
699   	800   	196.273		1.68145276419	0.885	0.693	7.8607e-13		1.67156269268	0.87	0.658	8.61631e-13
699   	800   	196.525		1.68197474192	0.885	0.693	7.84293e-13		1.67209455797	0.871	0.659	8.59473e-13
699   	800   	196.776		1.68249565978	0.885	0.694	7.82527e-13		1.67262541435	0.871	0.66	8.57328e-13
699   	800   	197.028		1.68301551907	0.886	0.695	7.80772e-13		1.67315526247	0.871	0.661	8.55197e-13
699   	800   	197.28		1.68353432109	0.886	0.696	7.79028e-13		1.67368410299	0.871	0.662	8.5308e-13
699   	800   	197.531		1.68405206719	0.886	0.697	7.77294e-13		1.67421193659	0.871	0.663	8.50976e-13
699   	800   	197.783		1.6845687587	0.886	0.698	7.75571e-13		1.67473876397	0.871	0.664	8.48885e-13
699   	800   	198.035		1.68508439698	0.886	0.699	7.73858e-13		1.67526458584	0.871	0.664	8.46808e-13
699   	800   	198.286		1.68559898343	0.886	0.7	7.72156e-13		1.67578940295	0.871	0.665	8.44744e-13
699   	800   	198.538		1.68611251941	0.886	0.7	7.70464e-13		1.67631321606	0.871	0.666	8.42692e-13
699   	1000  	186.206		1.70315255783	0.904	0.742	8.59184e-13		1.67854047756	0.863	0.658	1.06999e-12
699   	1000  	186.458		1.70367422262	0.904	0.743	8.57464e-13		1.67909385102	0.863	0.659	1.06719e-12
699   	1000  	186.71		1.7041946413	0.904	0.744	8.55754e-13		1.67964607424	0.863	0.66	1.06441e-12
699   	1000  	186.961		1.70471381674	0.904	0.745	8.54054e-13		1.68019714838	0.863	0.661	1.06165e-12
699   	1000  	187.213		1.70523175179	0.904	0.746	8.52365e-13		1.68074707464	0.864	0.662	1.0589e-12
699   	1000  	187.465		1.70574844933	0.904	0.746	8.50686e-13		1.68129585421	0.864	0.663	1.05617e-12
699   	1000  	187.716		1.70626391223	0.904	0.747	8.49016e-13		1.68184348834	0.864	0.664	1.05346e-12
699   	1000  	187.968		1.70677814337	0.905	0.748	8.47357e-13		1.68238997828	0.864	0.665	1.05077e-12
699   	1000  	188.22		1.70729114563	0.905	0.749	8.45707e-13		1.68293532528	0.864	0.666	1.04809e-12
699   	1000  	188.471		1.70780292191	0.905	0.75	8.44068e-13		1.68347953064	0.864	0.667	1.04543e-12
699   	1000  	188.723		1.70831347508	0.905	0.75	8.42437e-13		1.68402259568	0.864	0.668	1.04279e-12
699   	1000  	188.975		1.70882280805	0.905	0.751	8.40817e-13		1.6845645217	0.864	0.669	1.04017e-12
699   	1000  	189.226		1.70933092372	0.905	0.752	8.39205e-13		1.68510531006	0.864	0.67	1.03756e-12
699   	1000  	189.478		1.70983782499	0.905	0.753	8.37604e-13		1.68564496212	0.864	0.671	1.03497e-12
699   	1000  	189.73		1.71034351477	0.906	0.753	8.36011e-13		1.68618347925	0.864	0.672	1.0324e-12
699   	1000  	189.981		1.71084799597	0.906	0.754	8.34428e-13		1.68672086286	0.865	0.673	1.02984e-12
699   	1000  	190.233		1.7113512715	0.906	0.755	8.32854e-13		1.68725711435	0.865	0.674	1.0273e-12
699   	1000  	190.485		1.71185334429	0.906	0.756	8.31289e-13		1.68779223515	0.865	0.675	1.02477e-12
699   	1000  	190.736		1.71235421725	0.906	0.757	8.29733e-13		1.68832622672	0.865	0.675	1.02226e-12
699   	1000  	190.988		1.7128538933	0.906	0.757	8.28186e-13		1.68885909052	0.865	0.676	1.01977e-12
699   	1000  	191.24		1.71335237537	0.906	0.758	8.26648e-13		1.68939082802	0.865	0.677	1.01729e-12
699   	1000  	191.491		1.7138496664	0.906	0.759	8.25118e-13		1.68992144072	0.865	0.678	1.01483e-12
699   	1000  	191.743		1.7143457693	0.907	0.76	8.23598e-13		1.69045093014	0.865	0.679	1.01238e-12
699   	1000  	191.995		1.71484068701	0.907	0.76	8.22086e-13		1.69097929779	0.865	0.68	1.00995e-12
699   	1000  	192.246		1.71533442246	0.907	0.761	8.20582e-13		1.69150654522	0.865	0.681	1.00753e-12
699   	1000  	192.498		1.71582697859	0.907	0.762	8.19087e-13		1.69203267399	0.865	0.682	1.00513e-12
699   	1000  	192.75		1.71631835834	0.907	0.762	8.17601e-13		1.69255768566	0.866	0.683	1.00275e-12
699   	1000  	193.001		1.71680856465	0.907	0.763	8.16122e-13		1.69308158182	0.866	0.684	1.00038e-12
699   	1000  	193.253		1.71729760045	0.907	0.764	8.14653e-13		1.69360436408	0.866	0.685	9.98019e-13
699   	1000  	193.505		1.71778546869	0.908	0.765	8.13191e-13		1.69412603404	0.866	0.686	9.95676e-13
699   	1000  	193.756		1.7182721723	0.908	0.765	8.11737e-13		1.69464659333	0.866	0.686	9.93348e-13
699   	1000  	194.008		1.71875771424	0.908	0.766	8.10292e-13		1.6951660436	0.866	0.687	9.91034e-13
699   	1000  	194.26		1.71924209744	0.908	0.767	8.08855e-13		1.69568438649	0.866	0.688	9.88734e-13
699   	1000  	194.511		1.71972532485	0.908	0.768	8.07425e-13		1.69620162367	0.866	0.689	9.86448e-13
699   	1000  	194.763		1.72020739941	0.908	0.768	8.06004e-13		1.69671775683	0.866	0.69	9.84176e-13
699   	1000  	195.015		1.72068832407	0.908	0.769	8.0459e-13		1.69723278765	0.866	0.691	9.81918e-13
699   	1000  	195.266		1.72116810177	0.908	0.77	8.03184e-13		1.69774671785	0.867	0.692	9.79674e-13
699   	1000  	195.518		1.72164673545	0.909	0.77	8.01786e-13		1.69825954913	0.867	0.693	9.77443e-13
699   	1000  	195.77		1.72212422807	0.909	0.771	8.00395e-13		1.69877128322	0.867	0.693	9.75225e-13
699   	1000  	196.021		1.72260058257	0.909	0.772	7.99012e-13		1.69928192187	0.867	0.694	9.73021e-13
699   	1000  	196.273		1.72307580189	0.909	0.772	7.97637e-13		1.69979146684	0.867	0.695	9.70829e-13
699   	1000  	196.525		1.72354988897	0.909	0.773	7.96269e-13		1.70029991987	0.867	0.696	9.68651e-13
699   	1000  	196.776		1.72402284675	0.909	0.774	7.94908e-13		1.70080728275	0.867	0.697	9.66486e-13
699   	1000  	197.028		1.72449467819	0.909	0.774	7.93555e-13		1.70131355726	0.867	0.698	9.64334e-13
699   	1000  	197.28		1.72496538621	0.91	0.775	7.92209e-13		1.7018187452	0.867	0.699	9.62194e-13
699   	1000  	197.531		1.72543497377	0.91	0.776	7.9087e-13		1.70232284838	0.868	0.699	9.60068e-13
699   	1000  	197.783		1.72590344379	0.91	0.777	7.89538e-13		1.7028258686	0.868	0.7	9.57953e-13
699   	1000  	198.035		1.72637079923	0.91	0.777	7.88214e-13		1.70332780771	0.868	0.701	9.55851e-13
699   	1000  	198.286		1.72683704301	0.91	0.778	7.86897e-13		1.70382866753	0.868	0.702	9.53762e-13
699   	1000  	198.538		1.72730217806	0.91	0.779	7.85586e-13		1.70432844992	0.868	0.703	9.51684e-13
699   	1200  	186.206		1.73155176085	0.923	0.791	9.01638e-13		1.6982082031	0.861	0.682	1.19409e-12
699   	1200  	186.458		1.73203069982	0.923	0.792	9.00161e-13		1.69874070495	0.861	0.683	1.19118e-12
699   	1200  	186.71		1.73250840152	0.923	0.793	8.98692e-13		1.69927201256	0.861	0.684	1.1883e-12
699   	1200  	186.961		1.73298486974	0.923	0.793	8.97232e-13		1.69980212798	0.861	0.684	1.18543e-12
699   	1200  	187.213		1.73346010826	0.923	0.794	8.95779e-13		1.70033105324	0.861	0.685	1.18258e-12
699   	1200  	187.465		1.73393412085	0.924	0.795	8.94334e-13		1.70085879039	0.861	0.686	1.17975e-12
699   	1200  	187.716		1.73440691129	0.924	0.795	8.92897e-13		1.70138534152	0.861	0.687	1.17694e-12
699   	1200  	187.968		1.73487848333	0.924	0.796	8.91468e-13		1.70191070868	0.861	0.688	1.17414e-12
699   	1200  	188.22		1.73534884072	0.924	0.797	8.90047e-13		1.70243489397	0.862	0.689	1.17136e-12
699   	1200  	188.471		1.73581798722	0.924	0.797	8.88633e-13		1.70295789949	0.862	0.69	1.1686e-12
699   	1200  	188.723		1.73628592655	0.924	0.798	8.87226e-13		1.70347972736	0.862	0.691	1.16585e-12
699   	1200  	188.975		1.73675266245	0.924	0.799	8.85827e-13		1.70400037969	0.862	0.692	1.16313e-12
699   	1200  	189.226		1.73721819865	0.925	0.799	8.84436e-13		1.70451985861	0.862	0.693	1.16041e-12
699   	1200  	189.478		1.73768253886	0.925	0.8	8.83052e-13		1.70503816627	0.862	0.693	1.15772e-12
699   	1200  	189.73		1.73814568679	0.925	0.8	8.81675e-13		1.70555530482	0.862	0.694	1.15504e-12
699   	1200  	189.981		1.73860764614	0.925	0.801	8.80306e-13		1.70607127642	0.862	0.695	1.15238e-12
699   	1200  	190.233		1.7390684206	0.925	0.802	8.78944e-13		1.70658608324	0.862	0.696	1.14973e-12
699   	1200  	190.485		1.73952801387	0.925	0.802	8.77589e-13		1.70709972747	0.863	0.697	1.1471e-12
699   	1200  	190.736		1.73998642961	0.925	0.803	8.76241e-13		1.70761221129	0.863	0.698	1.14449e-12
699   	1200  	190.988		1.7404436715	0.925	0.804	8.749e-13		1.7081235369	0.863	0.699	1.14189e-12
699   	1200  	191.24		1.74089974321	0.926	0.804	8.73566e-13		1.70863370652	0.863	0.7	1.13931e-12
699   	1200  	191.491		1.74135464838	0.926	0.805	8.72239e-13		1.70914272234	0.863	0.7	1.13674e-12
699   	1200  	191.743		1.74180839067	0.926	0.805	8.70919e-13		1.70965058661	0.863	0.701	1.13419e-12
699   	1200  	191.995		1.7422609737	0.926	0.806	8.69606e-13		1.71015730156	0.863	0.702	1.13165e-12
699   	1200  	192.246		1.74271240112	0.926	0.807	8.683e-13		1.71066286942	0.863	0.703	1.12913e-12
699   	1200  	192.498		1.74316267654	0.926	0.807	8.67e-13		1.71116729244	0.863	0.704	1.12662e-12
699   	1200  	192.75		1.74361180358	0.926	0.808	8.65707e-13		1.71167057288	0.864	0.705	1.12413e-12
699   	1200  	193.001		1.74405978585	0.926	0.808	8.64421e-13		1.712172713 	0.864	0.706	1.12165e-12
699   	1200  	193.253		1.74450662694	0.927	0.809	8.63141e-13		1.71267371508	0.864	0.706	1.11919e-12
699   	1200  	193.505		1.74495233043	0.927	0.809	8.61868e-13		1.7131735814	0.864	0.707	1.11674e-12
699   	1200  	193.756		1.74539689992	0.927	0.81	8.60601e-13		1.71367231423	0.864	0.708	1.11431e-12
699   	1200  	194.008		1.74584033898	0.927	0.811	8.59341e-13		1.71416991587	0.864	0.709	1.11189e-12
699   	1200  	194.26		1.74628265116	0.927	0.811	8.58087e-13		1.71466638862	0.864	0.71	1.10948e-12
699   	1200  	194.511		1.74672384002	0.927	0.812	8.5684e-13		1.71516173478	0.864	0.711	1.10709e-12
699   	1200  	194.763		1.74716390912	0.927	0.812	8.55598e-13		1.71565595666	0.865	0.711	1.10471e-12
699   	1200  	195.015		1.74760286198	0.928	0.813	8.54363e-13		1.71614905659	0.865	0.712	1.10235e-12
699   	1200  	195.266		1.74804070214	0.928	0.814	8.53135e-13		1.71664103688	0.865	0.713	1.1e-12
699   	1200  	195.518		1.74847743312	0.928	0.814	8.51912e-13		1.71713189986	0.865	0.714	1.09766e-12
699   	1200  	195.77		1.74891305843	0.928	0.815	8.50695e-13		1.71762164787	0.865	0.715	1.09534e-12
699   	1200  	196.021		1.74934758158	0.928	0.815	8.49485e-13		1.71811028324	0.865	0.715	1.09303e-12
699   	1200  	196.273		1.74978100605	0.928	0.816	8.4828e-13		1.71859780833	0.865	0.716	1.09073e-12
699   	1200  	196.525		1.75021333534	0.928	0.816	8.47082e-13		1.71908422547	0.865	0.717	1.08844e-12
699   	1200  	196.776		1.75064457293	0.928	0.817	8.45889e-13		1.71956953703	0.865	0.718	1.08617e-12
699   	1200  	197.028		1.75107472227	0.929	0.817	8.44703e-13		1.72005374536	0.866	0.719	1.08392e-12
699   	1200  	197.28		1.75150378684	0.929	0.818	8.43522e-13		1.72053685284	0.866	0.719	1.08167e-12
699   	1200  	197.531		1.75193177007	0.929	0.819	8.42347e-13		1.72101886182	0.866	0.72	1.07944e-12
699   	1200  	197.783		1.75235867542	0.929	0.819	8.41178e-13		1.72149977468	0.866	0.721	1.07722e-12
699   	1200  	198.035		1.75278450631	0.929	0.82	8.40014e-13		1.7219795938	0.866	0.722	1.07501e-12
699   	1200  	198.286		1.75320926617	0.929	0.82	8.38856e-13		1.72245832155	0.866	0.723	1.07281e-12
699   	1200  	198.538		1.75363295841	0.929	0.821	8.37704e-13		1.72293596033	0.866	0.723	1.07063e-12
699   	1400  	186.206		1.75075862923	0.938	0.82	9.65498e-13		1.71201814261	0.859	0.696	1.32499e-12
699   	1400  	186.458		1.75120311537	0.938	0.821	9.64133e-13		1.7125321961	0.859	0.697	1.32192e-12
699   	1400  	186.71		1.75164641642	0.938	0.821	9.62775e-13		1.71304504972	0.86	0.698	1.31888e-12
699   	1400  	186.961		1.75208853646	0.938	0.822	9.61424e-13		1.71355670597	0.86	0.699	1.31585e-12
699   	1400  	187.213		1.75252947952	0.938	0.822	9.6008e-13		1.71406716735	0.86	0.7	1.31284e-12
699   	1400  	187.465		1.75296924965	0.938	0.823	9.58742e-13		1.71457643637	0.86	0.7	1.30985e-12
699   	1400  	187.716		1.75340785089	0.939	0.823	9.57411e-13		1.71508451554	0.86	0.701	1.30688e-12
699   	1400  	187.968		1.75384528724	0.939	0.824	9.56087e-13		1.71559140739	0.86	0.702	1.30392e-12
699   	1400  	188.22		1.75428156271	0.939	0.824	9.5477e-13		1.71609711443	0.86	0.703	1.30098e-12
699   	1400  	188.471		1.75471668128	0.939	0.825	9.53459e-13		1.71660163921	0.86	0.704	1.29806e-12
699   	1400  	188.723		1.75515064695	0.939	0.826	9.52155e-13		1.71710498426	0.86	0.705	1.29516e-12
699   	1400  	188.975		1.75558346366	0.939	0.826	9.50858e-13		1.71760715212	0.861	0.706	1.29227e-12
699   	1400  	189.226		1.75601513538	0.939	0.827	9.49566e-13		1.71810814535	0.861	0.706	1.28941e-12
699   	1400  	189.478		1.75644566604	0.939	0.827	9.48282e-13		1.71860796649	0.861	0.707	1.28655e-12
699   	1400  	189.73		1.75687505957	0.939	0.828	9.47003e-13		1.71910661812	0.861	0.708	1.28372e-12
699   	1400  	189.981		1.75730331988	0.94	0.828	9.45731e-13		1.71960410278	0.861	0.709	1.2809e-12
699   	1400  	190.233		1.75773045087	0.94	0.829	9.44465e-13		1.72010042306	0.861	0.71	1.2781e-12
699   	1400  	190.485		1.75815645644	0.94	0.829	9.43206e-13		1.72059558152	0.861	0.711	1.27531e-12
699   	1400  	190.736		1.75858134045	0.94	0.83	9.41952e-13		1.72108958075	0.861	0.711	1.27254e-12
699   	1400  	190.988		1.75900510677	0.94	0.83	9.40705e-13		1.72158242332	0.862	0.712	1.26979e-12
699   	1400  	191.24		1.75942775926	0.94	0.831	9.39464e-13		1.72207411182	0.862	0.713	1.26705e-12
699   	1400  	191.491		1.75984930173	0.94	0.831	9.38229e-13		1.72256464884	0.862	0.714	1.26433e-12
699   	1400  	191.743		1.76026973804	0.94	0.832	9.37e-13		1.72305403698	0.862	0.715	1.26163e-12
699   	1400  	191.995		1.76068907197	0.941	0.832	9.35777e-13		1.72354227884	0.862	0.716	1.25894e-12
699   	1400  	192.246		1.76110730734	0.941	0.833	9.3456e-13		1.72402937701	0.862	0.716	1.25626e-12
699   	1400  	192.498		1.76152444793	0.941	0.833	9.33348e-13		1.7245153341	0.862	0.717	1.25361e-12
699   	1400  	192.75		1.76194049752	0.941	0.834	9.32143e-13		1.72500015272	0.862	0.718	1.25096e-12
699   	1400  	193.001		1.76235545986	0.941	0.834	9.30943e-13		1.72548383547	0.863	0.719	1.24833e-12
699   	1400  	193.253		1.7627693387	0.941	0.835	9.29749e-13		1.72596638498	0.863	0.72	1.24572e-12
699   	1400  	193.505		1.76318213779	0.941	0.835	9.28561e-13		1.72644780386	0.863	0.72	1.24312e-12
699   	1400  	193.756		1.76359386084	0.941	0.836	9.27378e-13		1.72692809472	0.863	0.721	1.24054e-12
699   	1400  	194.008		1.76400451157	0.941	0.836	9.26201e-13		1.7274072602	0.863	0.722	1.23797e-12
699   	1400  	194.26		1.76441409368	0.942	0.837	9.2503e-13		1.72788530291	0.863	0.723	1.23541e-12
699   	1400  	194.511		1.76482261084	0.942	0.837	9.23864e-13		1.72836222548	0.863	0.724	1.23287e-12
699   	1400  	194.763		1.76523006674	0.942	0.838	9.22704e-13		1.72883803054	0.863	0.724	1.23035e-12
699   	1400  	195.015		1.76563646504	0.942	0.838	9.21549e-13		1.72931272072	0.864	0.725	1.22783e-12
699   	1400  	195.266		1.76604180938	0.942	0.839	9.204e-13		1.72978629865	0.864	0.726	1.22534e-12
699   	1400  	195.518		1.7664461034	0.942	0.839	9.19256e-13		1.73025876697	0.864	0.727	1.22285e-12
699   	1400  	195.77		1.76684935073	0.942	0.84	9.18117e-13		1.73073012831	0.864	0.727	1.22038e-12
699   	1400  	196.021		1.76725155496	0.942	0.84	9.16984e-13		1.73120038531	0.864	0.728	1.21793e-12
699   	1400  	196.273		1.76765271972	0.943	0.841	9.15856e-13		1.73166954061	0.864	0.729	1.21548e-12
699   	1400  	196.525		1.76805284857	0.943	0.841	9.14733e-13		1.73213759684	0.864	0.73	1.21305e-12
699   	1400  	196.776		1.7684519451	0.943	0.842	9.13616e-13		1.73260455666	0.864	0.731	1.21064e-12
699   	1400  	197.028		1.76885001286	0.943	0.842	9.12503e-13		1.73307042269	0.865	0.731	1.20824e-12
699   	1400  	197.28		1.7692470554	0.943	0.843	9.11396e-13		1.73353519759	0.865	0.732	1.20585e-12
699   	1400  	197.531		1.76964307627	0.943	0.843	9.10294e-13		1.73399888399	0.865	0.733	1.20347e-12
699   	1400  	197.783		1.77003807898	0.943	0.844	9.09197e-13		1.73446148455	0.865	0.734	1.20111e-12
699   	1400  	198.035		1.77043206706	0.943	0.844	9.08105e-13		1.7349230019	0.865	0.734	1.19876e-12
699   	1400  	198.286		1.77082504398	0.943	0.845	9.07018e-13		1.7353834387	0.865	0.735	1.19642e-12
699   	1400  	198.538		1.77121701326	0.944	0.845	9.05936e-13		1.73584279758	0.865	0.736	1.19409e-12
700   	300   	186.206		1.46347418109	0.926	0.125	5.41124e-12		1.49544528743	0.925	0.268	1.33138e-12
700   	300   	186.458		1.46375410568	0.926	0.126	5.37133e-12		1.49583812155	0.925	0.269	1.32269e-12
700   	300   	186.71		1.46403408407	0.926	0.126	5.33173e-12		1.49623115837	0.925	0.27	1.31408e-12
700   	300   	186.961		1.46431412014	0.926	0.127	5.29246e-12		1.49662439828	0.925	0.271	1.30555e-12
700   	300   	187.213		1.46459421775	0.926	0.127	5.25349e-12		1.49701784158	0.925	0.272	1.2971e-12
700   	300   	187.465		1.46487438069	0.926	0.128	5.21484e-12		1.49741148852	0.924	0.273	1.28873e-12
700   	300   	187.716		1.46515461274	0.925	0.128	5.1765e-12		1.49780533931	0.924	0.274	1.28043e-12
700   	300   	187.968		1.46543491764	0.925	0.129	5.13847e-12		1.4981993941	0.924	0.275	1.27222e-12
700   	300   	188.22		1.46571529909	0.925	0.129	5.10074e-12		1.49859365298	0.924	0.276	1.26408e-12
700   	300   	188.471		1.46599576075	0.925	0.13	5.06332e-12		1.49898811599	0.924	0.277	1.25602e-12
700   	300   	188.723		1.46627630626	0.925	0.13	5.0262e-12		1.49938278313	0.924	0.278	1.24803e-12
700   	300   	188.975		1.4665569392	0.925	0.131	4.98938e-12		1.49977765434	0.924	0.279	1.24012e-12
700   	300   	189.226		1.46683766314	0.925	0.131	4.95286e-12		1.50017272949	0.924	0.28	1.23229e-12
700   	300   	189.478		1.46711848161	0.924	0.132	4.91664e-12		1.50056800842	0.923	0.281	1.22452e-12
700   	300   	189.73		1.46739939808	0.924	0.132	4.8807e-12		1.50096349093	0.923	0.283	1.21683e-12
700   	300   	189.981		1.46768041601	0.924	0.133	4.84507e-12		1.50135917675	0.923	0.284	1.20921e-12
700   	300   	190.233		1.46796153882	0.924	0.134	4.80972e-12		1.50175506556	0.923	0.285	1.20166e-12
700   	300   	190.485		1.46824276988	0.924	0.134	4.77466e-12		1.502151157 	0.923	0.286	1.19419e-12
700   	300   	190.736		1.46852411255	0.924	0.135	4.73988e-12		1.50254745067	0.923	0.287	1.18678e-12
700   	300   	190.988		1.46880557013	0.923	0.135	4.70539e-12		1.5029439461	0.923	0.288	1.17944e-12
700   	300   	191.24		1.4690871459	0.923	0.136	4.67118e-12		1.50334064279	0.923	0.289	1.17217e-12
700   	300   	191.491		1.46936884309	0.923	0.136	4.63725e-12		1.5037375402	0.922	0.29	1.16496e-12
700   	300   	191.743		1.46965066491	0.923	0.137	4.6036e-12		1.50413463771	0.922	0.291	1.15783e-12
700   	300   	191.995		1.46993261453	0.923	0.137	4.57022e-12		1.5045319347	0.922	0.292	1.15076e-12
700   	300   	192.246		1.47021469507	0.923	0.138	4.53712e-12		1.50492943047	0.922	0.293	1.14375e-12
700   	300   	192.498		1.47049690965	0.922	0.138	4.50429e-12		1.5053271243	0.922	0.294	1.13681e-12
700   	300   	192.75		1.4707792613	0.922	0.139	4.47174e-12		1.5057250154	0.922	0.295	1.12994e-12
700   	300   	193.001		1.47106175307	0.922	0.14	4.43945e-12		1.50612310296	0.922	0.296	1.12313e-12
700   	300   	193.253		1.47134438794	0.922	0.14	4.40742e-12		1.50652138612	0.922	0.297	1.11638e-12
700   	300   	193.505		1.47162716887	0.922	0.141	4.37566e-12		1.50691986398	0.922	0.298	1.1097e-12
700   	300   	193.756		1.47191009878	0.922	0.141	4.34416e-12		1.50731853558	0.921	0.3	1.10307e-12
700   	300   	194.008		1.47219318055	0.921	0.142	4.31293e-12		1.50771739996	0.921	0.301	1.09651e-12
700   	300   	194.26		1.47247641703	0.921	0.142	4.28195e-12		1.50811645607	0.921	0.302	1.09001e-12
700   	300   	194.511		1.47275981104	0.921	0.143	4.25123e-12		1.50851570287	0.921	0.303	1.08357e-12
700   	300   	194.763		1.47304336535	0.921	0.144	4.22076e-12		1.50891513923	0.921	0.304	1.07718e-12
700   	300   	195.015		1.47332708271	0.921	0.144	4.19055e-12		1.50931476402	0.921	0.305	1.07086e-12
700   	300   	195.266		1.47361096582	0.92	0.145	4.16058e-12		1.50971457606	0.921	0.306	1.0646e-12
700   	300   	195.518		1.47389501736	0.92	0.145	4.13087e-12		1.51011457412	0.921	0.307	1.05839e-12
700   	300   	195.77		1.47417923997	0.92	0.146	4.10141e-12		1.51051475696	0.92	0.308	1.05224e-12
700   	300   	196.021		1.47446363624	0.92	0.146	4.07218e-12		1.51091512328	0.92	0.309	1.04614e-12
700   	300   	196.273		1.47474820875	0.92	0.147	4.04321e-12		1.51131567175	0.92	0.31	1.04011e-12
700   	300   	196.525		1.47503296003	0.92	0.148	4.01447e-12		1.51171640101	0.92	0.311	1.03412e-12
700   	300   	196.776		1.47531789258	0.919	0.148	3.98598e-12		1.51211730967	0.92	0.312	1.02819e-12
700   	300   	197.028		1.47560300885	0.919	0.149	3.95772e-12		1.51251839628	0.92	0.314	1.02232e-12
700   	300   	197.28		1.47588831128	0.919	0.149	3.9297e-12		1.51291965939	0.92	0.315	1.0165e-12
700   	300   	197.531		1.47617380225	0.919	0.15	3.90191e-12		1.5133210975	0.92	0.316	1.01073e-12
700   	300   	197.783		1.47645948413	0.919	0.151	3.87436e-12		1.51372270908	0.92	0.317	1.00502e-12
700   	300   	198.035		1.47674535925	0.918	0.151	3.84704e-12		1.51412449255	0.919	0.318	9.99356e-13
700   	300   	198.286		1.47703142987	0.918	0.152	3.81995e-12		1.51452644634	0.919	0.319	9.93745e-13
700   	300   	198.538		1.47731769827	0.918	0.152	3.79308e-12		1.51492856882	0.919	0.32	9.88185e-13
700   	400   	186.206		1.50472860863	0.895	0.244	2.22831e-12		1.53760669042	0.902	0.387	9.90814e-13
700   	400   	186.458		1.50514040054	0.894	0.245	2.21348e-12		1.5381020393	0.902	0.388	9.85655e-13
700   	400   	186.71		1.50555245532	0.894	0.246	2.19879e-12		1.5385973765	0.902	0.39	9.80543e-13
700   	400   	186.961		1.50596477279	0.894	0.247	2.18423e-12		1.53909269864	0.902	0.391	9.7548e-13
700   	400   	187.213		1.50637735272	0.894	0.248	2.16981e-12		1.53958800232	0.902	0.392	9.70464e-13
700   	400   	187.465		1.50679019479	0.894	0.249	2.15553e-12		1.54008328411	0.902	0.393	9.65494e-13
700   	400   	187.716		1.50720329868	0.893	0.25	2.14138e-12		1.54057854059	0.902	0.395	9.6057e-13
700   	400   	187.968		1.50761666398	0.893	0.251	2.12737e-12		1.54107376831	0.902	0.396	9.55692e-13
700   	400   	188.22		1.50803029024	0.893	0.252	2.11348e-12		1.5415689638	0.901	0.397	9.50859e-13
700   	400   	188.471		1.50844417697	0.893	0.253	2.09973e-12		1.54206412362	0.901	0.398	9.46071e-13
700   	400   	188.723		1.50885832362	0.892	0.254	2.08611e-12		1.54255924426	0.901	0.4	9.41327e-13
700   	400   	188.975		1.50927272959	0.892	0.255	2.07261e-12		1.54305432224	0.901	0.401	9.36626e-13
700   	400   	189.226		1.50968739424	0.892	0.256	2.05924e-12		1.54354935405	0.901	0.402	9.31968e-13
700   	400   	189.478		1.51010231687	0.892	0.257	2.04599e-12		1.5440443362	0.901	0.403	9.27353e-13
700   	400   	189.73		1.51051749675	0.891	0.258	2.03287e-12		1.54453926515	0.901	0.404	9.22781e-13
700   	400   	189.981		1.51093293308	0.891	0.259	2.01987e-12		1.54503413738	0.901	0.406	9.1825e-13
700   	400   	190.233		1.51134862503	0.891	0.26	2.00699e-12		1.54552894936	0.901	0.407	9.1376e-13
700   	400   	190.485		1.51176457172	0.891	0.261	1.99424e-12		1.54602369755	0.901	0.408	9.09311e-13
700   	400   	190.736		1.51218077223	0.89	0.262	1.9816e-12		1.5465183784	0.901	0.409	9.04902e-13
700   	400   	190.988		1.51259722558	0.89	0.263	1.96908e-12		1.54701298836	0.9	0.411	9.00534e-13
700   	400   	191.24		1.51301393077	0.89	0.263	1.95667e-12		1.54750752389	0.9	0.412	8.96204e-13
700   	400   	191.491		1.51343088673	0.89	0.264	1.94438e-12		1.54800198141	0.9	0.413	8.91914e-13
700   	400   	191.743		1.51384809237	0.89	0.265	1.93221e-12		1.54849635738	0.9	0.414	8.87662e-13
700   	400   	191.995		1.51426554654	0.889	0.266	1.92014e-12		1.54899064822	0.9	0.416	8.83449e-13
700   	400   	192.246		1.51468324806	0.889	0.267	1.90819e-12		1.54948485038	0.9	0.417	8.79273e-13
700   	400   	192.498		1.5151011957	0.889	0.268	1.89635e-12		1.54997896028	0.9	0.418	8.75135e-13
700   	400   	192.75		1.5155193882	0.889	0.269	1.88462e-12		1.55047297437	0.9	0.419	8.71033e-13
700   	400   	193.001		1.51593782426	0.888	0.27	1.873e-12		1.55096688908	0.9	0.42	8.66968e-13
700   	400   	193.253		1.51635650252	0.888	0.271	1.86149e-12		1.55146070084	0.9	0.422	8.62939e-13
700   	400   	193.505		1.5167754216	0.888	0.272	1.85008e-12		1.55195440609	0.9	0.423	8.58946e-13
700   	400   	193.756		1.51719458009	0.888	0.273	1.83877e-12		1.55244800126	0.9	0.424	8.54988e-13
700   	400   	194.008		1.51761397652	0.887	0.274	1.82757e-12		1.55294148281	0.899	0.425	8.51065e-13
700   	400   	194.26		1.5180336094	0.887	0.275	1.81648e-12		1.55343484717	0.899	0.426	8.47177e-13
700   	400   	194.511		1.51845347718	0.887	0.276	1.80548e-12		1.55392809079	0.899	0.428	8.43323e-13
700   	400   	194.763		1.51887357832	0.887	0.277	1.79459e-12		1.55442121012	0.899	0.429	8.39503e-13
700   	400   	195.015		1.51929391119	0.887	0.278	1.7838e-12		1.55491420161	0.899	0.43	8.35716e-13
700   	400   	195.266		1.51971447416	0.886	0.279	1.7731e-12		1.55540706174	0.899	0.431	8.31962e-13
700   	400   	195.518		1.52013526555	0.886	0.28	1.7625e-12		1.55589978697	0.899	0.432	8.28241e-13
700   	400   	195.77		1.52055628367	0.886	0.281	1.752e-12		1.55639237376	0.899	0.434	8.24552e-13
700   	400   	196.021		1.52097752677	0.886	0.282	1.7416e-12		1.5568848186	0.899	0.435	8.20895e-13
700   	400   	196.273		1.52139899308	0.885	0.283	1.73129e-12		1.55737711798	0.899	0.436	8.1727e-13
700   	400   	196.525		1.52182068079	0.885	0.284	1.72107e-12		1.55786926838	0.899	0.437	8.13676e-13
700   	400   	196.776		1.52224258807	0.885	0.285	1.71095e-12		1.55836126632	0.899	0.438	8.10113e-13
700   	400   	197.028		1.52266471305	0.885	0.286	1.70091e-12		1.55885310829	0.899	0.44	8.06581e-13
700   	400   	197.28		1.52308705385	0.885	0.287	1.69097e-12		1.55934479083	0.899	0.441	8.03079e-13
700   	400   	197.531		1.52350960852	0.884	0.288	1.68112e-12		1.55983631045	0.898	0.442	7.99607e-13
700   	400   	197.783		1.52393237512	0.884	0.289	1.67136e-12		1.56032766369	0.898	0.443	7.96165e-13
700   	400   	198.035		1.52435535167	0.884	0.29	1.66169e-12		1.56081884711	0.898	0.444	7.92752e-13
700   	400   	198.286		1.52477853615	0.884	0.291	1.6521e-12		1.56130985726	0.898	0.446	7.89368e-13
700   	400   	198.538		1.52520192653	0.883	0.292	1.6426e-12		1.56180069071	0.898	0.447	7.86013e-13
700   	500   	186.206		1.55035881762	0.873	0.377	1.35044e-12		1.57468772802	0.887	0.477	9.00311e-13
700   	500   	186.458		1.55087589562	0.873	0.378	1.34341e-12		1.57523817855	0.887	0.478	8.96502e-13
700   	500   	186.71		1.55139292833	0.873	0.379	1.33645e-12		1.57578825611	0.887	0.479	8.92725e-13
700   	500   	186.961		1.55190991193	0.873	0.38	1.32955e-12		1.57633795683	0.887	0.481	8.88982e-13
700   	500   	187.213		1.55242684256	0.873	0.381	1.32271e-12		1.57688727685	0.887	0.482	8.85271e-13
700   	500   	187.465		1.55294371636	0.872	0.383	1.31594e-12		1.57743621236	0.887	0.483	8.81592e-13
700   	500   	187.716		1.5534605295	0.872	0.384	1.30923e-12		1.57798475956	0.887	0.484	8.77945e-13
700   	500   	187.968		1.55397727809	0.872	0.385	1.30257e-12		1.57853291466	0.887	0.486	8.74329e-13
700   	500   	188.22		1.55449395828	0.872	0.386	1.29598e-12		1.57908067391	0.887	0.487	8.70743e-13
700   	500   	188.471		1.55501056619	0.872	0.387	1.28945e-12		1.57962803357	0.887	0.488	8.67189e-13
700   	500   	188.723		1.55552709796	0.872	0.389	1.28298e-12		1.58017498995	0.887	0.489	8.63665e-13
700   	500   	188.975		1.5560435497	0.871	0.39	1.27656e-12		1.58072153935	0.887	0.491	8.60171e-13
700   	500   	189.226		1.55655991754	0.871	0.391	1.2702e-12		1.58126767812	0.887	0.492	8.56706e-13
700   	500   	189.478		1.5570761976	0.871	0.392	1.2639e-12		1.58181340263	0.887	0.493	8.53271e-13
700   	500   	189.73		1.55759238601	0.871	0.393	1.25766e-12		1.58235870926	0.887	0.494	8.49864e-13
700   	500   	189.981		1.55810847889	0.871	0.394	1.25147e-12		1.58290359443	0.887	0.496	8.46487e-13
700   	500   	190.233		1.55862447236	0.871	0.396	1.24533e-12		1.58344805458	0.887	0.497	8.43137e-13
700   	500   	190.485		1.55914036255	0.87	0.397	1.23925e-12		1.58399208618	0.887	0.498	8.39816e-13
700   	500   	190.736		1.55965614558	0.87	0.398	1.23323e-12		1.58453568573	0.886	0.499	8.36522e-13
700   	500   	190.988		1.56017181758	0.87	0.399	1.22725e-12		1.58507884974	0.886	0.5	8.33256e-13
700   	500   	191.24		1.5606873747	0.87	0.4	1.22133e-12		1.58562157477	0.886	0.502	8.30017e-13
700   	500   	191.491		1.56120281305	0.87	0.402	1.21547e-12		1.58616385738	0.886	0.503	8.26805e-13
700   	500   	191.743		1.5617181288	0.87	0.403	1.20965e-12		1.58670569417	0.886	0.504	8.23619e-13
700   	500   	191.995		1.56223331808	0.869	0.404	1.20388e-12		1.58724708177	0.886	0.505	8.2046e-13
700   	500   	192.246		1.56274837705	0.869	0.405	1.19817e-12		1.58778801684	0.886	0.507	8.17326e-13
700   	500   	192.498		1.56326330185	0.869	0.406	1.1925e-12		1.58832849605	0.886	0.508	8.14218e-13
700   	500   	192.75		1.56377808867	0.869	0.407	1.18688e-12		1.58886851612	0.886	0.509	8.11136e-13
700   	500   	193.001		1.56429273367	0.869	0.409	1.18131e-12		1.58940807379	0.886	0.51	8.08079e-13
700   	500   	193.253		1.56480723302	0.869	0.41	1.17579e-12		1.58994716581	0.886	0.511	8.05046e-13
700   	500   	193.505		1.56532158293	0.869	0.411	1.17032e-12		1.59048578897	0.886	0.512	8.02038e-13
700   	500   	193.756		1.56583577957	0.868	0.412	1.1649e-12		1.59102394011	0.886	0.514	7.99055e-13
700   	500   	194.008		1.56634981915	0.868	0.413	1.15952e-12		1.59156161606	0.886	0.515	7.96095e-13
700   	500   	194.26		1.5668636979	0.868	0.414	1.15419e-12		1.59209881371	0.886	0.516	7.9316e-13
700   	500   	194.511		1.56737741202	0.868	0.416	1.1489e-12		1.59263552996	0.886	0.517	7.90247e-13
700   	500   	194.763		1.56789095776	0.868	0.417	1.14366e-12		1.59317176173	0.886	0.518	7.87359e-13
700   	500   	195.015		1.56840433135	0.868	0.418	1.13846e-12		1.593707506 	0.886	0.52	7.84493e-13
700   	500   	195.266		1.56891752906	0.868	0.419	1.13331e-12		1.59424275975	0.886	0.521	7.8165e-13
700   	500   	195.518		1.56943054714	0.867	0.42	1.1282e-12		1.59477752001	0.886	0.522	7.7883e-13
700   	500   	195.77		1.56994338188	0.867	0.421	1.12313e-12		1.59531178381	0.886	0.523	7.76032e-13
700   	500   	196.021		1.57045602957	0.867	0.423	1.11811e-12		1.59584554823	0.886	0.524	7.73256e-13
700   	500   	196.273		1.5709684865	0.867	0.424	1.11313e-12		1.59637881039	0.886	0.525	7.70502e-13
700   	500   	196.525		1.57148074899	0.867	0.425	1.10819e-12		1.59691156741	0.886	0.527	7.67769e-13
700   	500   	196.776		1.57199281338	0.867	0.426	1.10329e-12		1.59744381645	0.886	0.528	7.65058e-13
700   	500   	197.028		1.57250467599	0.867	0.427	1.09843e-12		1.5979755547	0.886	0.529	7.62368e-13
700   	500   	197.28		1.5730163332	0.867	0.428	1.09362e-12		1.5985067794	0.886	0.53	7.59699e-13
700   	500   	197.531		1.57352778136	0.866	0.43	1.08884e-12		1.59903748777	0.886	0.531	7.57051e-13
700   	500   	197.783		1.57403901686	0.866	0.431	1.0841e-12		1.59956767711	0.886	0.532	7.54424e-13
700   	500   	198.035		1.5745500361	0.866	0.432	1.0794e-12		1.60009734471	0.886	0.533	7.51816e-13
700   	500   	198.286		1.5750608355	0.866	0.433	1.07475e-12		1.60062648792	0.886	0.535	7.49229e-13
700   	500   	198.538		1.57557141148	0.866	0.434	1.07013e-12		1.60115510409	0.886	0.536	7.46662e-13
700   	600   	186.206		1.59328342161	0.867	0.494	1.04211e-12		1.60527995048	0.878	0.541	8.91892e-13
700   	600   	186.458		1.59385102065	0.867	0.495	1.03792e-12		1.6058527385	0.878	0.542	8.88673e-13
700   	600   	186.71		1.5944181008	0.867	0.496	1.03376e-12		1.60642485268	0.878	0.543	8.85479e-13
700   	600   	186.961		1.59498465853	0.867	0.497	1.02964e-12		1.6069962902	0.878	0.544	8.82311e-13
700   	600   	187.213		1.59555069034	0.867	0.499	1.02556e-12		1.60756704828	0.878	0.546	8.79168e-13
700   	600   	187.465		1.59611619274	0.867	0.5	1.0215e-12		1.60813712417	0.878	0.547	8.76051e-13
700   	600   	187.716		1.59668116231	0.867	0.501	1.01748e-12		1.60870651518	0.878	0.548	8.72958e-13
700   	600   	187.968		1.59724559562	0.867	0.502	1.0135e-12		1.60927521862	0.878	0.549	8.6989e-13
700   	600   	188.22		1.5978094893	0.867	0.503	1.00954e-12		1.60984323186	0.878	0.55	8.66846e-13
700   	600   	188.471		1.59837284  	0.867	0.505	1.00562e-12		1.61041055231	0.878	0.551	8.63826e-13
700   	600   	188.723		1.59893564439	0.867	0.506	1.00173e-12		1.61097717739	0.878	0.553	8.6083e-13
700   	600   	188.975		1.5994978992	0.867	0.507	9.97872e-13		1.61154310457	0.878	0.554	8.57857e-13
700   	600   	189.226		1.60005960116	0.867	0.508	9.94044e-13		1.61210833135	0.878	0.555	8.54908e-13
700   	600   	189.478		1.60062074705	0.867	0.509	9.90248e-13		1.61267285529	0.878	0.556	8.51981e-13
700   	600   	189.73		1.60118133369	0.866	0.511	9.86482e-13		1.61323667394	0.878	0.557	8.49077e-13
700   	600   	189.981		1.60174135789	0.866	0.512	9.82746e-13		1.61379978492	0.878	0.558	8.46196e-13
700   	600   	190.233		1.60230081655	0.866	0.513	9.79041e-13		1.61436218588	0.878	0.56	8.43337e-13
700   	600   	190.485		1.60285970656	0.866	0.514	9.75365e-13		1.61492387449	0.878	0.561	8.40501e-13
700   	600   	190.736		1.60341802485	0.866	0.515	9.71718e-13		1.61548484846	0.878	0.562	8.37686e-13
700   	600   	190.988		1.60397576839	0.866	0.517	9.681e-13		1.61604510555	0.878	0.563	8.34892e-13
700   	600   	191.24		1.60453293418	0.866	0.518	9.64511e-13		1.61660464352	0.878	0.564	8.3212e-13
700   	600   	191.491		1.60508951925	0.866	0.519	9.60951e-13		1.61716346021	0.878	0.565	8.2937e-13
700   	600   	191.743		1.60564552066	0.866	0.52	9.57418e-13		1.61772155346	0.878	0.567	8.2664e-13
700   	600   	191.995		1.60620093549	0.866	0.521	9.53913e-13		1.61827892116	0.878	0.568	8.2393e-13
700   	600   	192.246		1.60675576089	0.866	0.522	9.50436e-13		1.61883556122	0.878	0.569	8.21242e-13
700   	600   	192.498		1.607309994 	0.866	0.524	9.46986e-13		1.61939147159	0.878	0.57	8.18573e-13
700   	600   	192.75		1.60786363202	0.866	0.525	9.43562e-13		1.61994665026	0.878	0.571	8.15925e-13
700   	600   	193.001		1.60841667215	0.866	0.526	9.40166e-13		1.62050109525	0.878	0.572	8.13297e-13
700   	600   	193.253		1.60896911167	0.866	0.527	9.36795e-13		1.62105480461	0.878	0.573	8.10688e-13
700   	600   	193.505		1.60952094785	0.866	0.528	9.33451e-13		1.62160777643	0.878	0.574	8.08098e-13
700   	600   	193.756		1.610072178 	0.866	0.529	9.30133e-13		1.62216000882	0.878	0.576	8.05528e-13
700   	600   	194.008		1.61062279948	0.866	0.53	9.2684e-13		1.62271149994	0.878	0.577	8.02977e-13
700   	600   	194.26		1.61117280967	0.866	0.532	9.23572e-13		1.62326224796	0.878	0.578	8.00445e-13
700   	600   	194.511		1.61172220597	0.866	0.533	9.2033e-13		1.62381225111	0.878	0.579	7.97932e-13
700   	600   	194.763		1.61227098583	0.866	0.534	9.17112e-13		1.62436150763	0.878	0.58	7.95437e-13
700   	600   	195.015		1.61281914672	0.866	0.535	9.13919e-13		1.6249100158	0.878	0.581	7.9296e-13
700   	600   	195.266		1.61336668616	0.866	0.536	9.1075e-13		1.62545777394	0.878	0.582	7.90502e-13
700   	600   	195.518		1.61391360167	0.866	0.537	9.07605e-13		1.62600478039	0.878	0.583	7.88061e-13
700   	600   	195.77		1.61445989082	0.866	0.538	9.04483e-13		1.62655103352	0.878	0.584	7.85639e-13
700   	600   	196.021		1.61500555122	0.866	0.54	9.01385e-13		1.62709653175	0.878	0.585	7.83233e-13
700   	600   	196.273		1.61555058049	0.866	0.541	8.98311e-13		1.62764127351	0.878	0.587	7.80846e-13
700   	600   	196.525		1.6160949763	0.866	0.542	8.95259e-13		1.62818525727	0.878	0.588	7.78475e-13
700   	600   	196.776		1.61663873635	0.866	0.543	8.92231e-13		1.62872848153	0.878	0.589	7.76122e-13
700   	600   	197.028		1.61718185834	0.865	0.544	8.89225e-13		1.62927094483	0.878	0.59	7.73785e-13
700   	600   	197.28		1.61772434005	0.865	0.545	8.86241e-13		1.62981264572	0.878	0.591	7.71465e-13
700   	600   	197.531		1.61826617925	0.865	0.546	8.83279e-13		1.6303535828	0.878	0.592	7.69162e-13
700   	600   	197.783		1.61880737376	0.865	0.547	8.8034e-13		1.63089375469	0.878	0.593	7.66875e-13
700   	600   	198.035		1.61934792142	0.865	0.548	8.77422e-13		1.63143316005	0.879	0.594	7.64605e-13
700   	600   	198.286		1.61988782012	0.865	0.55	8.74525e-13		1.63197179754	0.879	0.595	7.6235e-13
700   	600   	198.538		1.62042706776	0.865	0.551	8.7165e-13		1.6325096659	0.879	0.596	7.60111e-13
700   	800   	186.206		1.6599240012	0.881	0.655	8.67824e-13		1.64980056242	0.868	0.618	9.60192e-13
700   	800   	186.458		1.66048914399	0.882	0.656	8.65516e-13		1.6503729301	0.868	0.619	9.57368e-13
700   	800   	186.71		1.66105318929	0.882	0.657	8.63224e-13		1.6509442804	0.868	0.62	9.54565e-13
700   	800   	186.961		1.66161613757	0.882	0.658	8.60947e-13		1.65151461295	0.868	0.621	9.51782e-13
700   	800   	187.213		1.66217798934	0.882	0.659	8.58687e-13		1.65208392743	0.868	0.622	9.49018e-13
700   	800   	187.465		1.66273874511	0.882	0.66	8.56441e-13		1.65265222352	0.868	0.623	9.46274e-13
700   	800   	187.716		1.66329840545	0.882	0.661	8.54211e-13		1.65321950095	0.868	0.624	9.43549e-13
700   	800   	187.968		1.66385697092	0.882	0.662	8.51996e-13		1.65378575948	0.868	0.625	9.40843e-13
700   	800   	188.22		1.66441444214	0.882	0.663	8.49796e-13		1.65435099889	0.868	0.627	9.38156e-13
700   	800   	188.471		1.66497081973	0.882	0.664	8.47611e-13		1.654915219 	0.868	0.628	9.35488e-13
700   	800   	188.723		1.66552610436	0.882	0.665	8.45441e-13		1.65547841965	0.868	0.629	9.32839e-13
700   	800   	188.975		1.66608029668	0.882	0.666	8.43285e-13		1.65604060072	0.869	0.63	9.30208e-13
700   	800   	189.226		1.66663339742	0.883	0.667	8.41144e-13		1.6566017621	0.869	0.631	9.27595e-13
700   	800   	189.478		1.66718540728	0.883	0.668	8.39016e-13		1.65716190374	0.869	0.632	9.25001e-13
700   	800   	189.73		1.66773632703	0.883	0.669	8.36903e-13		1.65772102558	0.869	0.633	9.22424e-13
700   	800   	189.981		1.66828615744	0.883	0.67	8.34805e-13		1.65827912762	0.869	0.634	9.19865e-13
700   	800   	190.233		1.6688348993	0.883	0.671	8.32719e-13		1.65883620987	0.869	0.635	9.17323e-13
700   	800   	190.485		1.66938255343	0.883	0.672	8.30648e-13		1.65939227238	0.869	0.636	9.14799e-13
700   	800   	190.736		1.66992912066	0.883	0.672	8.28591e-13		1.65994731521	0.869	0.637	9.12292e-13
700   	800   	190.988		1.67047460187	0.883	0.673	8.26546e-13		1.66050133846	0.869	0.638	9.09802e-13
700   	800   	191.24		1.67101899794	0.883	0.674	8.24516e-13		1.66105434225	0.869	0.639	9.07329e-13
700   	800   	191.491		1.67156230977	0.883	0.675	8.22498e-13		1.66160632673	0.869	0.64	9.04872e-13
700   	800   	191.743		1.6721045383	0.883	0.676	8.20494e-13		1.66215729208	0.869	0.641	9.02433e-13
700   	800   	191.995		1.67264568446	0.884	0.677	8.18502e-13		1.66270723849	0.869	0.642	9.00009e-13
700   	800   	192.246		1.67318574922	0.884	0.678	8.16524e-13		1.6632561662	0.869	0.643	8.97602e-13
700   	800   	192.498		1.67372473359	0.884	0.679	8.14558e-13		1.66380407545	0.869	0.644	8.95211e-13
700   	800   	192.75		1.67426263855	0.884	0.68	8.12605e-13		1.66435096652	0.869	0.645	8.92836e-13
700   	800   	193.001		1.67479946515	0.884	0.681	8.10665e-13		1.66489683971	0.87	0.646	8.90477e-13
700   	800   	193.253		1.67533521444	0.884	0.682	8.08737e-13		1.66544169534	0.87	0.647	8.88133e-13
700   	800   	193.505		1.67586988747	0.884	0.683	8.06821e-13		1.66598553377	0.87	0.648	8.85805e-13
700   	800   	193.756		1.67640348534	0.884	0.684	8.04918e-13		1.66652835537	0.87	0.649	8.83492e-13
700   	800   	194.008		1.67693600915	0.884	0.685	8.03026e-13		1.66707016053	0.87	0.65	8.81194e-13
700   	800   	194.26		1.67746746002	0.884	0.686	8.01147e-13		1.66761094967	0.87	0.651	8.78912e-13
700   	800   	194.511		1.6779978391	0.885	0.687	7.99279e-13		1.66815072324	0.87	0.652	8.76644e-13
700   	800   	194.763		1.67852714755	0.885	0.687	7.97423e-13		1.6686894817	0.87	0.653	8.74391e-13
700   	800   	195.015		1.67905538654	0.885	0.688	7.95579e-13		1.66922722553	0.87	0.654	8.72153e-13
700   	800   	195.266		1.67958255727	0.885	0.689	7.93746e-13		1.66976395526	0.87	0.655	8.6993e-13
700   	800   	195.518		1.68010866095	0.885	0.69	7.91925e-13		1.6702996714	0.87	0.656	8.67721e-13
700   	800   	195.77		1.68063369881	0.885	0.691	7.90115e-13		1.67083437451	0.87	0.657	8.65526e-13
700   	800   	196.021		1.68115767209	0.885	0.692	7.88317e-13		1.67136806518	0.87	0.658	8.63345e-13
700   	800   	196.273		1.68168058206	0.885	0.693	7.86529e-13		1.67190074398	0.871	0.659	8.61178e-13
700   	800   	196.525		1.68220243  	0.885	0.694	7.84753e-13		1.67243241154	0.871	0.66	8.59025e-13
700   	800   	196.776		1.6827232172	0.885	0.695	7.82988e-13		1.6729630685	0.871	0.661	8.56886e-13
700   	800   	197.028		1.68324294496	0.886	0.696	7.81233e-13		1.67349271552	0.871	0.661	8.54761e-13
700   	800   	197.28		1.68376161462	0.886	0.696	7.79489e-13		1.67402135326	0.871	0.662	8.52649e-13
700   	800   	197.531		1.68427922751	0.886	0.697	7.77756e-13		1.67454898244	0.871	0.663	8.5055e-13
700   	800   	197.783		1.68479578499	0.886	0.698	7.76034e-13		1.67507560376	0.871	0.664	8.48465e-13
700   	800   	198.035		1.68531128843	0.886	0.699	7.74322e-13		1.67560121797	0.871	0.665	8.46392e-13
700   	800   	198.286		1.68582573922	0.886	0.7	7.7262e-13		1.67612582582	0.871	0.666	8.44333e-13
700   	800   	198.538		1.68633913875	0.886	0.701	7.70929e-13		1.67664942808	0.871	0.667	8.42287e-13
700   	1000  	186.206		1.70339575655	0.904	0.743	8.59694e-13		1.67889792758	0.863	0.659	1.06932e-12
700   	1000  	186.458		1.70391724768	0.904	0.744	8.57974e-13		1.6794510907	0.863	0.66	1.06652e-12
700   	1000  	186.71		1.70443749199	0.904	0.744	8.56265e-13		1.68000310165	0.863	0.661	1.06375e-12
700   	1000  	186.961		1.70495649236	0.904	0.745	8.54566e-13		1.68055396163	0.864	0.662	1.06099e-12
700   	1000  	187.213		1.70547425165	0.904	0.746	8.52878e-13		1.68110367184	0.864	0.663	1.05825e-12
700   	1000  	187.465		1.70599077274	0.904	0.747	8.51199e-13		1.68165223352	0.864	0.664	1.05553e-12
700   	1000  	187.716		1.70650605852	0.904	0.748	8.49531e-13		1.68219964791	0.864	0.665	1.05283e-12
700   	1000  	187.968		1.70702011188	0.905	0.748	8.47872e-13		1.68274591629	0.864	0.666	1.05014e-12
700   	1000  	188.22		1.7075329357	0.905	0.749	8.46223e-13		1.68329103994	0.864	0.667	1.04747e-12
700   	1000  	188.471		1.70804453288	0.905	0.75	8.44584e-13		1.68383502017	0.864	0.668	1.04482e-12
700   	1000  	188.723		1.70855490633	0.905	0.751	8.42954e-13		1.68437785832	0.864	0.669	1.04219e-12
700   	1000  	188.975		1.70906405895	0.905	0.752	8.41334e-13		1.68491955571	0.864	0.67	1.03957e-12
700   	1000  	189.226		1.70957199364	0.905	0.752	8.39724e-13		1.68546011372	0.864	0.671	1.03697e-12
700   	1000  	189.478		1.71007871332	0.905	0.753	8.38123e-13		1.68599953372	0.864	0.672	1.03439e-12
700   	1000  	189.73		1.71058422091	0.906	0.754	8.36531e-13		1.68653781711	0.865	0.672	1.03182e-12
700   	1000  	189.981		1.71108851932	0.906	0.755	8.34948e-13		1.68707496531	0.865	0.673	1.02927e-12
700   	1000  	190.233		1.71159161148	0.906	0.755	8.33375e-13		1.68761097975	0.865	0.674	1.02673e-12
700   	1000  	190.485		1.71209350031	0.906	0.756	8.3181e-13		1.68814586188	0.865	0.675	1.02421e-12
700   	1000  	190.736		1.71259418874	0.906	0.757	8.30255e-13		1.68867961316	0.865	0.676	1.02171e-12
700   	1000  	190.988		1.71309367971	0.906	0.758	8.28708e-13		1.68921223507	0.865	0.677	1.01923e-12
700   	1000  	191.24		1.71359197614	0.906	0.758	8.27171e-13		1.68974372912	0.865	0.678	1.01675e-12
700   	1000  	191.491		1.71408908097	0.906	0.759	8.25642e-13		1.69027409681	0.865	0.679	1.0143e-12
700   	1000  	191.743		1.71458499715	0.907	0.76	8.24122e-13		1.69080333967	0.865	0.68	1.01186e-12
700   	1000  	191.995		1.7150797276	0.907	0.761	8.2261e-13		1.69133145925	0.865	0.681	1.00943e-12
700   	1000  	192.246		1.71557327527	0.907	0.761	8.21107e-13		1.6918584571	0.865	0.682	1.00702e-12
700   	1000  	192.498		1.71606564311	0.907	0.762	8.19613e-13		1.6923843348	0.866	0.683	1.00463e-12
700   	1000  	192.75		1.71655683405	0.907	0.763	8.18127e-13		1.69290909394	0.866	0.684	1.00225e-12
700   	1000  	193.001		1.71704685105	0.907	0.764	8.16649e-13		1.69343273612	0.866	0.684	9.99881e-13
700   	1000  	193.253		1.71753569705	0.907	0.764	8.1518e-13		1.69395526296	0.866	0.685	9.9753e-13
700   	1000  	193.505		1.71802337501	0.908	0.765	8.13719e-13		1.69447667608	0.866	0.686	9.95193e-13
700   	1000  	193.756		1.71850988786	0.908	0.766	8.12266e-13		1.69499697713	0.866	0.687	9.92871e-13
700   	1000  	194.008		1.71899523856	0.908	0.766	8.10821e-13		1.69551616777	0.866	0.688	9.90563e-13
700   	1000  	194.26		1.71947943007	0.908	0.767	8.09384e-13		1.69603424967	0.866	0.689	9.88269e-13
700   	1000  	194.511		1.71996246532	0.908	0.768	8.07955e-13		1.69655122451	0.866	0.69	9.85989e-13
700   	1000  	194.763		1.72044434728	0.908	0.769	8.06534e-13		1.69706709398	0.866	0.691	9.83722e-13
700   	1000  	195.015		1.7209250789	0.908	0.769	8.05121e-13		1.6975818598	0.867	0.692	9.8147e-13
700   	1000  	195.266		1.72140466312	0.908	0.77	8.03715e-13		1.69809552369	0.867	0.692	9.79231e-13
700   	1000  	195.518		1.7218831029	0.909	0.771	8.02317e-13		1.69860808737	0.867	0.693	9.77005e-13
700   	1000  	195.77		1.72236040119	0.909	0.771	8.00927e-13		1.6991195526	0.867	0.694	9.74793e-13
700   	1000  	196.021		1.72283656094	0.909	0.772	7.99545e-13		1.69962992113	0.867	0.695	9.72594e-13
700   	1000  	196.273		1.7233115851	0.909	0.773	7.9817e-13		1.70013919472	0.867	0.696	9.70408e-13
700   	1000  	196.525		1.72378547662	0.909	0.773	7.96802e-13		1.70064737517	0.867	0.697	9.68236e-13
700   	1000  	196.776		1.72425823846	0.909	0.774	7.95442e-13		1.70115446424	0.867	0.698	9.66076e-13
700   	1000  	197.028		1.72472987356	0.909	0.775	7.94089e-13		1.70166046376	0.867	0.699	9.63929e-13
700   	1000  	197.28		1.72520038486	0.91	0.776	7.92743e-13		1.70216537552	0.868	0.699	9.61795e-13
700   	1000  	197.531		1.72566977532	0.91	0.776	7.91405e-13		1.70266920135	0.868	0.7	9.59673e-13
700   	1000  	197.783		1.72613804788	0.91	0.777	7.90074e-13		1.70317194308	0.868	0.701	9.57564e-13
700   	1000  	198.035		1.72660520548	0.91	0.778	7.8875e-13		1.70367360256	0.868	0.702	9.55467e-13
700   	1000  	198.286		1.72707125107	0.91	0.778	7.87433e-13		1.70417418163	0.868	0.703	9.53382e-13
700   	1000  	198.538		1.72753618759	0.91	0.779	7.86123e-13		1.70467368216	0.868	0.704	9.5131e-13
700   	1200  	186.206		1.7317992932	0.923	0.792	9.02222e-13		1.69857203634	0.861	0.683	1.19341e-12
700   	1200  	186.458		1.73227801684	0.923	0.792	9.00746e-13		1.69910427371	0.861	0.683	1.19051e-12
700   	1200  	186.71		1.73275550283	0.923	0.793	8.99278e-13		1.6996353153	0.861	0.684	1.18763e-12
700   	1200  	186.961		1.73323175498	0.923	0.794	8.97818e-13		1.70016516319	0.861	0.685	1.18477e-12
700   	1200  	187.213		1.73370677708	0.923	0.794	8.96366e-13		1.70069381942	0.861	0.686	1.18193e-12
700   	1200  	187.465		1.7341805729	0.924	0.795	8.94921e-13		1.70122128606	0.861	0.687	1.17911e-12
700   	1200  	187.716		1.73465314621	0.924	0.796	8.93485e-13		1.70174756521	0.861	0.688	1.1763e-12
700   	1200  	187.968		1.73512450079	0.924	0.796	8.92056e-13		1.70227265895	0.862	0.689	1.17351e-12
700   	1200  	188.22		1.73559464039	0.924	0.797	8.90635e-13		1.7027965694	0.862	0.69	1.17074e-12
700   	1200  	188.471		1.73606356877	0.924	0.798	8.89222e-13		1.70331929867	0.862	0.691	1.16799e-12
700   	1200  	188.723		1.73653128966	0.924	0.798	8.87816e-13		1.70384084889	0.862	0.692	1.16525e-12
700   	1200  	188.975		1.73699780682	0.924	0.799	8.86418e-13		1.70436122219	0.862	0.692	1.16253e-12
700   	1200  	189.226		1.73746312396	0.925	0.8	8.85027e-13		1.70488042073	0.862	0.693	1.15982e-12
700   	1200  	189.478		1.73792724481	0.925	0.8	8.83644e-13		1.70539844667	0.862	0.694	1.15713e-12
700   	1200  	189.73		1.73839017309	0.925	0.801	8.82268e-13		1.70591530216	0.862	0.695	1.15446e-12
700   	1200  	189.981		1.7388519125	0.925	0.801	8.80899e-13		1.7064309894	0.862	0.696	1.15181e-12
700   	1200  	190.233		1.73931246674	0.925	0.802	8.79537e-13		1.70694551057	0.863	0.697	1.14917e-12
700   	1200  	190.485		1.73977183951	0.925	0.803	8.78183e-13		1.70745886787	0.863	0.698	1.14654e-12
700   	1200  	190.736		1.74023003448	0.925	0.803	8.76835e-13		1.7079710635	0.863	0.699	1.14394e-12
700   	1200  	190.988		1.74068705534	0.925	0.804	8.75495e-13		1.70848209967	0.863	0.699	1.14134e-12
700   	1200  	191.24		1.74114290576	0.926	0.804	8.74162e-13		1.70899197862	0.863	0.7	1.13877e-12
700   	1200  	191.491		1.74159758938	0.926	0.805	8.72835e-13		1.70950070257	0.863	0.701	1.13621e-12
700   	1200  	191.743		1.74205110987	0.926	0.806	8.71516e-13		1.71000827377	0.863	0.702	1.13366e-12
700   	1200  	191.995		1.74250347087	0.926	0.806	8.70203e-13		1.71051469445	0.863	0.703	1.13113e-12
700   	1200  	192.246		1.74295467601	0.926	0.807	8.68897e-13		1.71101996689	0.863	0.704	1.12862e-12
700   	1200  	192.498		1.74340472893	0.926	0.807	8.67598e-13		1.71152409333	0.864	0.705	1.12611e-12
700   	1200  	192.75		1.74385363324	0.926	0.808	8.66305e-13		1.71202707607	0.864	0.705	1.12363e-12
700   	1200  	193.001		1.74430139255	0.926	0.809	8.6502e-13		1.71252891736	0.864	0.706	1.12116e-12
700   	1200  	193.253		1.74474801047	0.927	0.809	8.6374e-13		1.7130296195	0.864	0.707	1.1187e-12
700   	1200  	193.505		1.74519349059	0.927	0.81	8.62467e-13		1.71352918479	0.864	0.708	1.11626e-12
700   	1200  	193.756		1.7456378365	0.927	0.81	8.61201e-13		1.71402761551	0.864	0.709	1.11383e-12
700   	1200  	194.008		1.74608105177	0.927	0.811	8.59941e-13		1.71452491398	0.864	0.71	1.11142e-12
700   	1200  	194.26		1.74652313998	0.927	0.812	8.58688e-13		1.71502108252	0.864	0.71	1.10902e-12
700   	1200  	194.511		1.74696410467	0.927	0.812	8.57441e-13		1.71551612343	0.865	0.711	1.10663e-12
700   	1200  	194.763		1.74740394942	0.927	0.813	8.562e-13		1.71601003905	0.865	0.712	1.10426e-12
700   	1200  	195.015		1.74784267775	0.928	0.813	8.54965e-13		1.7165028317	0.865	0.713	1.1019e-12
700   	1200  	195.266		1.7482802932	0.928	0.814	8.53737e-13		1.71699450373	0.865	0.714	1.09956e-12
700   	1200  	195.518		1.7487167993	0.928	0.814	8.52515e-13		1.71748505747	0.865	0.715	1.09722e-12
700   	1200  	195.77		1.74915219957	0.928	0.815	8.51298e-13		1.71797449527	0.865	0.715	1.09491e-12
700   	1200  	196.021		1.74958649752	0.928	0.816	8.50088e-13		1.71846281949	0.865	0.716	1.0926e-12
700   	1200  	196.273		1.75001969663	0.928	0.816	8.48884e-13		1.71895003248	0.865	0.717	1.09031e-12
700   	1200  	196.525		1.75045180041	0.928	0.817	8.47686e-13		1.71943613661	0.865	0.718	1.08803e-12
700   	1200  	196.776		1.75088281234	0.928	0.817	8.46494e-13		1.71992113425	0.866	0.719	1.08577e-12
700   	1200  	197.028		1.75131273588	0.929	0.818	8.45308e-13		1.72040502776	0.866	0.719	1.08351e-12
700   	1200  	197.28		1.75174157451	0.929	0.818	8.44127e-13		1.72088781953	0.866	0.72	1.08127e-12
700   	1200  	197.531		1.75216933167	0.929	0.819	8.42953e-13		1.72136951194	0.866	0.721	1.07905e-12
700   	1200  	197.783		1.75259601081	0.929	0.819	8.41784e-13		1.72185010737	0.866	0.722	1.07683e-12
700   	1200  	198.035		1.75302161538	0.929	0.82	8.4062e-13		1.72232960821	0.866	0.723	1.07463e-12
700   	1200  	198.286		1.75344614879	0.929	0.821	8.39463e-13		1.72280801687	0.866	0.723	1.07244e-12
700   	1200  	198.538		1.75386961447	0.929	0.821	8.38311e-13		1.72328533572	0.866	0.724	1.07026e-12
700   	1400  	186.206		1.75100795062	0.938	0.82	9.66154e-13		1.71238531114	0.859	0.697	1.32429e-12
700   	1400  	186.458		1.75145220035	0.938	0.821	9.6479e-13		1.71289906814	0.86	0.698	1.32123e-12
700   	1400  	186.71		1.75189526481	0.938	0.821	9.63433e-13		1.71341162399	0.86	0.699	1.31819e-12
700   	1400  	186.961		1.75233714807	0.938	0.822	9.62082e-13		1.71392298121	0.86	0.699	1.31517e-12
700   	1400  	187.213		1.7527778542	0.938	0.823	9.60738e-13		1.7144331423	0.86	0.7	1.31217e-12
700   	1400  	187.465		1.75321738722	0.938	0.823	9.59401e-13		1.7149421098	0.86	0.701	1.30919e-12
700   	1400  	187.716		1.75365575119	0.939	0.824	9.58071e-13		1.71544988623	0.86	0.702	1.30622e-12
700   	1400  	187.968		1.75409295012	0.939	0.824	9.56748e-13		1.71595647413	0.86	0.703	1.30327e-12
700   	1400  	188.22		1.75452898801	0.939	0.825	9.55431e-13		1.71646187605	0.86	0.704	1.30034e-12
700   	1400  	188.471		1.75496386887	0.939	0.825	9.54121e-13		1.71696609453	0.861	0.705	1.29743e-12
700   	1400  	188.723		1.75539759667	0.939	0.826	9.52817e-13		1.71746913212	0.861	0.705	1.29453e-12
700   	1400  	188.975		1.75583017539	0.939	0.826	9.5152e-13		1.71797099139	0.861	0.706	1.29166e-12
700   	1400  	189.226		1.75626160898	0.939	0.827	9.5023e-13		1.71847167489	0.861	0.707	1.28879e-12
700   	1400  	189.478		1.75669190138	0.939	0.827	9.48945e-13		1.7189711852	0.861	0.708	1.28595e-12
700   	1400  	189.73		1.75712105652	0.939	0.828	9.47667e-13		1.7194695249	0.861	0.709	1.28312e-12
700   	1400  	189.981		1.75754907833	0.94	0.829	9.46396e-13		1.71996669656	0.861	0.71	1.28031e-12
700   	1400  	190.233		1.75797597071	0.94	0.829	9.45131e-13		1.72046270276	0.861	0.711	1.27752e-12
700   	1400  	190.485		1.75840173755	0.94	0.83	9.43871e-13		1.7209575461	0.861	0.711	1.27474e-12
700   	1400  	190.736		1.75882638273	0.94	0.83	9.42619e-13		1.72145122917	0.862	0.712	1.27198e-12
700   	1400  	190.988		1.75924991012	0.94	0.831	9.41372e-13		1.72194375456	0.862	0.713	1.26923e-12
700   	1400  	191.24		1.75967232357	0.94	0.831	9.40131e-13		1.72243512487	0.862	0.714	1.2665e-12
700   	1400  	191.491		1.76009362693	0.94	0.832	9.38896e-13		1.72292534271	0.862	0.715	1.26379e-12
700   	1400  	191.743		1.76051382402	0.94	0.832	9.37668e-13		1.72341441069	0.862	0.715	1.26109e-12
700   	1400  	191.995		1.76093291866	0.941	0.833	9.36445e-13		1.72390233142	0.862	0.716	1.2584e-12
700   	1400  	192.246		1.76135091466	0.941	0.833	9.35228e-13		1.72438910751	0.862	0.717	1.25574e-12
700   	1400  	192.498		1.7617678158	0.941	0.834	9.34018e-13		1.72487474159	0.862	0.718	1.25308e-12
700   	1400  	192.75		1.76218362586	0.941	0.834	9.32813e-13		1.72535923627	0.863	0.719	1.25045e-12
700   	1400  	193.001		1.76259834862	0.941	0.835	9.31613e-13		1.72584259417	0.863	0.72	1.24782e-12
700   	1400  	193.253		1.76301198781	0.941	0.835	9.3042e-13		1.72632481793	0.863	0.72	1.24522e-12
700   	1400  	193.505		1.76342454718	0.941	0.836	9.29232e-13		1.72680591018	0.863	0.721	1.24263e-12
700   	1400  	193.756		1.76383603047	0.941	0.836	9.2805e-13		1.72728587355	0.863	0.722	1.24005e-12
700   	1400  	194.008		1.76424644137	0.941	0.837	9.26873e-13		1.72776471066	0.863	0.723	1.23748e-12
700   	1400  	194.26		1.76465578361	0.942	0.837	9.25702e-13		1.72824242417	0.863	0.723	1.23494e-12
700   	1400  	194.511		1.76506406086	0.942	0.838	9.24537e-13		1.72871901671	0.863	0.724	1.2324e-12
700   	1400  	194.763		1.7654712768	0.942	0.838	9.23377e-13		1.72919449091	0.864	0.725	1.22988e-12
700   	1400  	195.015		1.7658774351	0.942	0.839	9.22223e-13		1.72966884943	0.864	0.726	1.22738e-12
700   	1400  	195.266		1.76628253941	0.942	0.839	9.21074e-13		1.73014209491	0.864	0.727	1.22488e-12
700   	1400  	195.518		1.76668659337	0.942	0.84	9.1993e-13		1.73061422999	0.864	0.727	1.22241e-12
700   	1400  	195.77		1.76708960061	0.942	0.84	9.18792e-13		1.73108525733	0.864	0.728	1.21994e-12
700   	1400  	196.021		1.76749156474	0.942	0.841	9.17659e-13		1.73155517956	0.864	0.729	1.21749e-12
700   	1400  	196.273		1.76789248936	0.943	0.841	9.16531e-13		1.73202399936	0.864	0.73	1.21505e-12
700   	1400  	196.525		1.76829237807	0.943	0.842	9.15409e-13		1.73249171935	0.864	0.73	1.21263e-12
700   	1400  	196.776		1.76869123444	0.943	0.842	9.14292e-13		1.7329583422	0.865	0.731	1.21022e-12
700   	1400  	197.028		1.76908906203	0.943	0.843	9.1318e-13		1.73342387057	0.865	0.732	1.20782e-12
700   	1400  	197.28		1.7694858644	0.943	0.843	9.12073e-13		1.7338883071	0.865	0.733	1.20544e-12
700   	1400  	197.531		1.76988164509	0.943	0.843	9.10971e-13		1.73435165446	0.865	0.734	1.20307e-12
700   	1400  	197.783		1.77027640763	0.943	0.844	9.09875e-13		1.73481391529	0.865	0.734	1.20071e-12
700   	1400  	198.035		1.77067015552	0.943	0.844	9.08783e-13		1.73527509225	0.865	0.735	1.19837e-12
700   	1400  	198.286		1.77106289229	0.943	0.845	9.07696e-13		1.73573518801	0.865	0.736	1.19604e-12
700   	1400  	198.538		1.7714546214	0.944	0.845	9.06614e-13		1.73619420521	0.866	0.737	1.19372e-12
701   	300   	186.206		1.46355759784	0.926	0.125	5.40692e-12		1.4956240008	0.925	0.268	1.32847e-12
701   	300   	186.458		1.46383769619	0.926	0.126	5.36705e-12		1.49601721883	0.925	0.269	1.31981e-12
701   	300   	186.71		1.46411784886	0.926	0.126	5.32749e-12		1.4964106387	0.925	0.27	1.31123e-12
701   	300   	186.961		1.4643980597	0.926	0.127	5.28826e-12		1.49680426077	0.925	0.272	1.30273e-12
701   	300   	187.213		1.46467833255	0.926	0.127	5.24934e-12		1.49719808533	0.925	0.273	1.29431e-12
701   	300   	187.465		1.46495867123	0.926	0.128	5.21073e-12		1.49759211261	0.924	0.274	1.28596e-12
701   	300   	187.716		1.46523907949	0.925	0.128	5.17243e-12		1.49798634279	0.924	0.275	1.2777e-12
701   	300   	187.968		1.46551956107	0.925	0.129	5.13444e-12		1.49838077602	0.924	0.276	1.26952e-12
701   	300   	188.22		1.46580011966	0.925	0.129	5.09676e-12		1.49877541235	0.924	0.277	1.26141e-12
701   	300   	188.471		1.46608075891	0.925	0.13	5.05938e-12		1.49917025181	0.924	0.278	1.25337e-12
701   	300   	188.723		1.46636148246	0.925	0.13	5.0223e-12		1.49956529438	0.924	0.279	1.24542e-12
701   	300   	188.975		1.46664229389	0.925	0.131	4.98552e-12		1.49996053998	0.924	0.28	1.23753e-12
701   	300   	189.226		1.46692319675	0.924	0.132	4.94904e-12		1.50035598846	0.924	0.281	1.22972e-12
701   	300   	189.478		1.46720419455	0.924	0.132	4.91285e-12		1.50075163965	0.923	0.282	1.22199e-12
701   	300   	189.73		1.46748529079	0.924	0.133	4.87696e-12		1.50114749332	0.923	0.283	1.21432e-12
701   	300   	189.981		1.4677664889	0.924	0.133	4.84136e-12		1.50154354918	0.923	0.284	1.20673e-12
701   	300   	190.233		1.46804779229	0.924	0.134	4.80605e-12		1.5019398069	0.923	0.285	1.19921e-12
701   	300   	190.485		1.46832920433	0.924	0.134	4.77103e-12		1.5023362661	0.923	0.286	1.19175e-12
701   	300   	190.736		1.46861072837	0.923	0.135	4.7363e-12		1.50273292636	0.923	0.287	1.18437e-12
701   	300   	190.988		1.46889236771	0.923	0.135	4.70184e-12		1.50312978719	0.923	0.288	1.17706e-12
701   	300   	191.24		1.46917412561	0.923	0.136	4.66767e-12		1.50352684808	0.923	0.289	1.16981e-12
701   	300   	191.491		1.46945600531	0.923	0.136	4.63378e-12		1.50392410846	0.922	0.291	1.16263e-12
701   	300   	191.743		1.46973800999	0.923	0.137	4.60017e-12		1.50432156771	0.922	0.292	1.15552e-12
701   	300   	191.995		1.47002014283	0.923	0.138	4.56683e-12		1.50471922518	0.922	0.293	1.14848e-12
701   	300   	192.246		1.47030240695	0.922	0.138	4.53377e-12		1.50511708015	0.922	0.294	1.1415e-12
701   	300   	192.498		1.47058480543	0.922	0.139	4.50098e-12		1.50551513189	0.922	0.295	1.13458e-12
701   	300   	192.75		1.47086734133	0.922	0.139	4.46846e-12		1.5059133796	0.922	0.296	1.12773e-12
701   	300   	193.001		1.47115001767	0.922	0.14	4.4362e-12		1.50631182244	0.922	0.297	1.12095e-12
701   	300   	193.253		1.47143283742	0.922	0.14	4.40422e-12		1.50671045954	0.922	0.298	1.11422e-12
701   	300   	193.505		1.47171580355	0.922	0.141	4.37249e-12		1.50710928998	0.921	0.299	1.10756e-12
701   	300   	193.756		1.47199891896	0.921	0.141	4.34103e-12		1.50750831281	0.921	0.3	1.10096e-12
701   	300   	194.008		1.47228218652	0.921	0.142	4.30983e-12		1.50790752701	0.921	0.301	1.09442e-12
701   	300   	194.26		1.47256560909	0.921	0.143	4.27889e-12		1.50830693155	0.921	0.302	1.08794e-12
701   	300   	194.511		1.47284918946	0.921	0.143	4.2482e-12		1.50870652534	0.921	0.303	1.08152e-12
701   	300   	194.763		1.4731329304	0.921	0.144	4.21777e-12		1.50910630728	0.921	0.304	1.07516e-12
701   	300   	195.015		1.47341683466	0.921	0.144	4.18759e-12		1.50950627619	0.921	0.306	1.06886e-12
701   	300   	195.266		1.47370090493	0.92	0.145	4.15766e-12		1.50990643089	0.921	0.307	1.06261e-12
701   	300   	195.518		1.47398514388	0.92	0.145	4.12798e-12		1.51030677014	0.921	0.308	1.05643e-12
701   	300   	195.77		1.47426955413	0.92	0.146	4.09855e-12		1.51070729268	0.92	0.309	1.0503e-12
701   	300   	196.021		1.47455413828	0.92	0.147	4.06937e-12		1.51110799718	0.92	0.31	1.04423e-12
701   	300   	196.273		1.4748388989	0.92	0.147	4.04042e-12		1.51150888233	0.92	0.311	1.03821e-12
701   	300   	196.525		1.4751238385	0.919	0.148	4.01172e-12		1.51190994673	0.92	0.312	1.03225e-12
701   	300   	196.776		1.47540895958	0.919	0.148	3.98326e-12		1.51231118897	0.92	0.313	1.02634e-12
701   	300   	197.028		1.47569426458	0.919	0.149	3.95503e-12		1.51271260762	0.92	0.314	1.02048e-12
701   	300   	197.28		1.47597975594	0.919	0.15	3.92705e-12		1.51311420119	0.92	0.315	1.01468e-12
701   	300   	197.531		1.47626543603	0.919	0.15	3.89929e-12		1.51351596818	0.92	0.316	1.00894e-12
701   	300   	197.783		1.4765513072	0.919	0.151	3.87177e-12		1.51391790703	0.92	0.317	1.00324e-12
701   	300   	198.035		1.47683737177	0.918	0.151	3.84448e-12		1.51432001618	0.919	0.318	9.97597e-13
701   	300   	198.286		1.47712363202	0.918	0.152	3.81742e-12		1.51472229402	0.919	0.32	9.92005e-13
701   	300   	198.538		1.4774100902	0.918	0.153	3.79059e-12		1.51512473891	0.919	0.321	9.86464e-13
701   	400   	186.206		1.50485945711	0.895	0.244	2.22742e-12		1.53784977804	0.902	0.388	9.89216e-13
701   	400   	186.458		1.50527149885	0.894	0.245	2.2126e-12		1.53834545309	0.902	0.389	9.84074e-13
701   	400   	186.71		1.50568380283	0.894	0.246	2.19792e-12		1.53884111374	0.902	0.39	9.7898e-13
701   	400   	186.961		1.50609636884	0.894	0.247	2.18339e-12		1.53933675658	0.902	0.392	9.73934e-13
701   	400   	187.213		1.50650919665	0.894	0.248	2.16899e-12		1.53983237821	0.902	0.393	9.68935e-13
701   	400   	187.465		1.50692228593	0.893	0.249	2.15472e-12		1.54032797521	0.902	0.394	9.63982e-13
701   	400   	187.716		1.50733563633	0.893	0.25	2.14059e-12		1.54082354413	0.902	0.395	9.59076e-13
701   	400   	187.968		1.50774924745	0.893	0.251	2.12659e-12		1.54131908154	0.902	0.397	9.54214e-13
701   	400   	188.22		1.50816311882	0.893	0.252	2.11272e-12		1.54181458396	0.901	0.398	9.49398e-13
701   	400   	188.471		1.50857724994	0.892	0.253	2.09898e-12		1.54231004792	0.901	0.399	9.44626e-13
701   	400   	188.723		1.50899164024	0.892	0.254	2.08537e-12		1.54280546994	0.901	0.4	9.39898e-13
701   	400   	188.975		1.50940628911	0.892	0.255	2.07189e-12		1.54330084653	0.901	0.401	9.35213e-13
701   	400   	189.226		1.50982119591	0.892	0.256	2.05854e-12		1.54379617416	0.901	0.403	9.30571e-13
701   	400   	189.478		1.51023635992	0.892	0.257	2.04531e-12		1.54429144934	0.901	0.404	9.25972e-13
701   	400   	189.73		1.51065178039	0.891	0.258	2.0322e-12		1.54478666854	0.901	0.405	9.21414e-13
701   	400   	189.981		1.51106745653	0.891	0.259	2.01922e-12		1.54528182823	0.901	0.406	9.16899e-13
701   	400   	190.233		1.51148338748	0.891	0.26	2.00635e-12		1.54577692488	0.901	0.408	9.12424e-13
701   	400   	190.485		1.51189957236	0.891	0.261	1.99361e-12		1.54627195494	0.901	0.409	9.0799e-13
701   	400   	190.736		1.51231601023	0.89	0.262	1.98098e-12		1.54676691486	0.901	0.41	9.03596e-13
701   	400   	190.988		1.51273270011	0.89	0.263	1.96848e-12		1.54726180111	0.9	0.411	8.99242e-13
701   	400   	191.24		1.51314964098	0.89	0.264	1.95609e-12		1.54775661011	0.9	0.413	8.94927e-13
701   	400   	191.491		1.51356683177	0.89	0.265	1.94381e-12		1.54825133832	0.9	0.414	8.90651e-13
701   	400   	191.743		1.51398427137	0.889	0.266	1.93165e-12		1.54874598217	0.9	0.415	8.86413e-13
701   	400   	191.995		1.51440195863	0.889	0.267	1.9196e-12		1.5492405381	0.9	0.416	8.82214e-13
701   	400   	192.246		1.51481989235	0.889	0.268	1.90766e-12		1.54973500254	0.9	0.417	8.78052e-13
701   	400   	192.498		1.51523807129	0.889	0.269	1.89584e-12		1.55022937193	0.9	0.419	8.73927e-13
701   	400   	192.75		1.51565649419	0.889	0.27	1.88412e-12		1.55072364271	0.9	0.42	8.69839e-13
701   	400   	193.001		1.51607515973	0.888	0.271	1.87251e-12		1.55121781131	0.9	0.421	8.65787e-13
701   	400   	193.253		1.51649406655	0.888	0.272	1.86101e-12		1.55171187416	0.9	0.422	8.61772e-13
701   	400   	193.505		1.51691321326	0.888	0.273	1.84961e-12		1.55220582771	0.9	0.424	8.57791e-13
701   	400   	193.756		1.51733259843	0.888	0.274	1.83832e-12		1.55269966839	0.9	0.425	8.53846e-13
701   	400   	194.008		1.51775222059	0.887	0.275	1.82713e-12		1.55319339265	0.899	0.426	8.49936e-13
701   	400   	194.26		1.51817207824	0.887	0.276	1.81605e-12		1.55368699694	0.899	0.427	8.46061e-13
701   	400   	194.511		1.51859216983	0.887	0.277	1.80506e-12		1.55418047769	0.899	0.428	8.42219e-13
701   	400   	194.763		1.51901249378	0.887	0.278	1.79418e-12		1.55467383138	0.899	0.43	8.38411e-13
701   	400   	195.015		1.51943304849	0.886	0.279	1.7834e-12		1.55516705445	0.899	0.431	8.34636e-13
701   	400   	195.266		1.5198538323	0.886	0.28	1.77272e-12		1.55566014337	0.899	0.432	8.30894e-13
701   	400   	195.518		1.52027484354	0.886	0.281	1.76213e-12		1.55615309461	0.899	0.433	8.27185e-13
701   	400   	195.77		1.52069608049	0.886	0.282	1.75164e-12		1.55664590465	0.899	0.434	8.23508e-13
701   	400   	196.021		1.5211175414	0.886	0.283	1.74125e-12		1.55713856997	0.899	0.436	8.19863e-13
701   	400   	196.273		1.52153922449	0.885	0.284	1.73095e-12		1.55763108706	0.899	0.437	8.16249e-13
701   	400   	196.525		1.52196112795	0.885	0.285	1.72074e-12		1.55812345242	0.899	0.438	8.12667e-13
701   	400   	196.776		1.52238324994	0.885	0.286	1.71063e-12		1.55861566255	0.899	0.439	8.09115e-13
701   	400   	197.028		1.52280558859	0.885	0.286	1.70061e-12		1.55910771397	0.899	0.44	8.05594e-13
701   	400   	197.28		1.52322814199	0.884	0.287	1.69068e-12		1.5595996032	0.899	0.442	8.02104e-13
701   	400   	197.531		1.52365090821	0.884	0.288	1.68084e-12		1.56009132678	0.898	0.443	7.98643e-13
701   	400   	197.783		1.52407388529	0.884	0.289	1.67109e-12		1.56058288125	0.898	0.444	7.95211e-13
701   	400   	198.035		1.52449707124	0.884	0.29	1.66142e-12		1.56107426316	0.898	0.445	7.91809e-13
701   	400   	198.286		1.52492046403	0.884	0.291	1.65184e-12		1.56156546907	0.898	0.446	7.88435e-13
701   	400   	198.538		1.52534406164	0.883	0.292	1.64235e-12		1.56205649556	0.898	0.447	7.85091e-13
701   	500   	186.206		1.55053170044	0.873	0.377	1.35042e-12		1.57497431069	0.887	0.478	8.99206e-13
701   	500   	186.458		1.55104897353	0.873	0.378	1.3434e-12		1.57552495012	0.887	0.479	8.95409e-13
701   	500   	186.71		1.55156619959	0.873	0.379	1.33644e-12		1.57607521327	0.887	0.48	8.91645e-13
701   	500   	186.961		1.55208337477	0.873	0.381	1.32955e-12		1.57662509626	0.887	0.482	8.87914e-13
701   	500   	187.213		1.55260049523	0.872	0.382	1.32272e-12		1.57717459527	0.887	0.483	8.84215e-13
701   	500   	187.465		1.55311755712	0.872	0.383	1.31595e-12		1.57772370647	0.887	0.484	8.80548e-13
701   	500   	187.716		1.55363455657	0.872	0.384	1.30925e-12		1.57827242609	0.887	0.485	8.76912e-13
701   	500   	187.968		1.55415148972	0.872	0.385	1.3026e-12		1.57882075034	0.887	0.486	8.73307e-13
701   	500   	188.22		1.55466835271	0.872	0.386	1.29601e-12		1.5793686755	0.887	0.488	8.69734e-13
701   	500   	188.471		1.55518514166	0.872	0.388	1.28949e-12		1.57991619783	0.887	0.489	8.66191e-13
701   	500   	188.723		1.55570185271	0.871	0.389	1.28302e-12		1.58046331364	0.887	0.49	8.62678e-13
701   	500   	188.975		1.55621848197	0.871	0.39	1.27661e-12		1.58101001926	0.887	0.491	8.59194e-13
701   	500   	189.226		1.55673502557	0.871	0.391	1.27026e-12		1.58155631105	0.887	0.493	8.55741e-13
701   	500   	189.478		1.55725147963	0.871	0.392	1.26396e-12		1.58210218538	0.887	0.494	8.52316e-13
701   	500   	189.73		1.55776784027	0.871	0.394	1.25772e-12		1.58264763865	0.887	0.495	8.4892e-13
701   	500   	189.981		1.55828410363	0.871	0.395	1.25154e-12		1.5831926673	0.887	0.496	8.45553e-13
701   	500   	190.233		1.55880026582	0.87	0.396	1.24541e-12		1.58373726778	0.887	0.498	8.42214e-13
701   	500   	190.485		1.55931632296	0.87	0.397	1.23934e-12		1.58428143656	0.887	0.499	8.38903e-13
701   	500   	190.736		1.5598322712	0.87	0.398	1.23332e-12		1.58482517016	0.887	0.5	8.3562e-13
701   	500   	190.988		1.56034810665	0.87	0.4	1.22735e-12		1.58536846512	0.886	0.501	8.32364e-13
701   	500   	191.24		1.56086382546	0.87	0.401	1.22143e-12		1.58591131798	0.886	0.502	8.29135e-13
701   	500   	191.491		1.56137942376	0.87	0.402	1.21557e-12		1.58645372533	0.886	0.504	8.25932e-13
701   	500   	191.743		1.56189489769	0.87	0.403	1.20976e-12		1.5869956838	0.886	0.505	8.22757e-13
701   	500   	191.995		1.56241024341	0.869	0.404	1.204e-12		1.58753719001	0.886	0.506	8.19607e-13
701   	500   	192.246		1.56292545706	0.869	0.405	1.19829e-12		1.58807824065	0.886	0.507	8.16483e-13
701   	500   	192.498		1.56344053482	0.869	0.407	1.19263e-12		1.58861883239	0.886	0.508	8.13384e-13
701   	500   	192.75		1.56395547283	0.869	0.408	1.18701e-12		1.58915896197	0.886	0.51	8.10311e-13
701   	500   	193.001		1.56447026729	0.869	0.409	1.18145e-12		1.58969862614	0.886	0.511	8.07263e-13
701   	500   	193.253		1.56498491436	0.869	0.41	1.17593e-12		1.59023782168	0.886	0.512	8.0424e-13
701   	500   	193.505		1.56549941025	0.868	0.411	1.17047e-12		1.59077654538	0.886	0.513	8.01241e-13
701   	500   	193.756		1.56601375114	0.868	0.412	1.16505e-12		1.59131479409	0.886	0.514	7.98267e-13
701   	500   	194.008		1.56652793324	0.868	0.414	1.15967e-12		1.59185256467	0.886	0.516	7.95316e-13
701   	500   	194.26		1.56704195278	0.868	0.415	1.15434e-12		1.59238985401	0.886	0.517	7.92389e-13
701   	500   	194.511		1.56755580596	0.868	0.416	1.14906e-12		1.59292665903	0.886	0.518	7.89486e-13
701   	500   	194.763		1.56806948904	0.868	0.417	1.14382e-12		1.59346297667	0.886	0.519	7.86606e-13
701   	500   	195.015		1.56858299826	0.868	0.418	1.13863e-12		1.59399880392	0.886	0.52	7.83748e-13
701   	500   	195.266		1.56909632988	0.868	0.419	1.13348e-12		1.59453413778	0.886	0.521	7.80914e-13
701   	500   	195.518		1.56960948016	0.867	0.421	1.12838e-12		1.59506897527	0.886	0.523	7.78102e-13
701   	500   	195.77		1.57012244539	0.867	0.422	1.12331e-12		1.59560331347	0.886	0.524	7.75312e-13
701   	500   	196.021		1.57063522186	0.867	0.423	1.1183e-12		1.59613714947	0.886	0.525	7.72544e-13
701   	500   	196.273		1.57114780587	0.867	0.424	1.11332e-12		1.59667048038	0.886	0.526	7.69798e-13
701   	500   	196.525		1.57166019376	0.867	0.425	1.10838e-12		1.59720330335	0.886	0.527	7.67074e-13
701   	500   	196.776		1.57217238183	0.867	0.426	1.10349e-12		1.59773561556	0.886	0.528	7.64371e-13
701   	500   	197.028		1.57268436646	0.867	0.428	1.09863e-12		1.59826741421	0.886	0.53	7.61689e-13
701   	500   	197.28		1.57319614398	0.866	0.429	1.09382e-12		1.59879869655	0.886	0.531	7.59028e-13
701   	500   	197.531		1.57370771079	0.866	0.43	1.08905e-12		1.59932945983	0.886	0.532	7.56387e-13
701   	500   	197.783		1.57421906326	0.866	0.431	1.08432e-12		1.59985970135	0.886	0.533	7.53767e-13
701   	500   	198.035		1.5747301978	0.866	0.432	1.07962e-12		1.60038941842	0.886	0.534	7.51168e-13
701   	500   	198.286		1.57524111083	0.866	0.433	1.07497e-12		1.60091860841	0.886	0.535	7.48588e-13
701   	500   	198.538		1.57575179878	0.866	0.434	1.07035e-12		1.60144726868	0.886	0.536	7.46028e-13
701   	600   	186.206		1.59348560424	0.867	0.494	1.04236e-12		1.60559427233	0.878	0.542	8.91009e-13
701   	600   	186.458		1.59405328927	0.867	0.495	1.03817e-12		1.60616712023	0.878	0.543	8.878e-13
701   	600   	186.71		1.59462045345	0.867	0.496	1.03402e-12		1.6067392911	0.878	0.544	8.84616e-13
701   	600   	186.961		1.59518709327	0.867	0.498	1.0299e-12		1.60731078214	0.878	0.545	8.81457e-13
701   	600   	187.213		1.59575320523	0.867	0.499	1.02582e-12		1.60788159059	0.878	0.546	8.78324e-13
701   	600   	187.465		1.59631878585	0.867	0.5	1.02177e-12		1.60845171372	0.878	0.548	8.75216e-13
701   	600   	187.716		1.59688383172	0.867	0.501	1.01775e-12		1.60902114886	0.878	0.549	8.72132e-13
701   	600   	187.968		1.59744833942	0.867	0.503	1.01377e-12		1.60958989334	0.878	0.55	8.69073e-13
701   	600   	188.22		1.59801230559	0.867	0.504	1.00982e-12		1.61015794456	0.878	0.551	8.66039e-13
701   	600   	188.471		1.59857572688	0.867	0.505	1.0059e-12		1.61072529991	0.878	0.552	8.63028e-13
701   	600   	188.723		1.59913859999	0.867	0.506	1.00201e-12		1.61129195687	0.878	0.553	8.6004e-13
701   	600   	188.975		1.59970092164	0.867	0.507	9.98153e-13		1.61185791292	0.878	0.555	8.57076e-13
701   	600   	189.226		1.60026268858	0.867	0.509	9.94328e-13		1.61242316557	0.878	0.556	8.54136e-13
701   	600   	189.478		1.60082389759	0.866	0.51	9.90535e-13		1.6129877124	0.878	0.557	8.51218e-13
701   	600   	189.73		1.6013845455	0.866	0.511	9.86771e-13		1.61355155098	0.878	0.558	8.48323e-13
701   	600   	189.981		1.60194462915	0.866	0.512	9.83038e-13		1.61411467896	0.878	0.559	8.4545e-13
701   	600   	190.233		1.60250414542	0.866	0.513	9.79335e-13		1.61467709399	0.878	0.56	8.426e-13
701   	600   	190.485		1.60306309123	0.866	0.515	9.75662e-13		1.61523879377	0.878	0.562	8.39771e-13
701   	600   	190.736		1.60362146351	0.866	0.516	9.72018e-13		1.61579977604	0.878	0.563	8.36964e-13
701   	600   	190.988		1.60417925925	0.866	0.517	9.68402e-13		1.61636003855	0.878	0.564	8.34179e-13
701   	600   	191.24		1.60473647545	0.866	0.518	9.64816e-13		1.61691957912	0.878	0.565	8.31415e-13
701   	600   	191.491		1.60529310914	0.866	0.519	9.61257e-13		1.61747839557	0.878	0.566	8.28672e-13
701   	600   	191.743		1.60584915741	0.866	0.52	9.57727e-13		1.61803648578	0.878	0.567	8.2595e-13
701   	600   	191.995		1.60640461736	0.866	0.522	9.54224e-13		1.61859384765	0.878	0.568	8.23249e-13
701   	600   	192.246		1.60695948611	0.866	0.523	9.50749e-13		1.61915047912	0.878	0.57	8.20568e-13
701   	600   	192.498		1.60751376084	0.866	0.524	9.47301e-13		1.61970637815	0.878	0.571	8.17907e-13
701   	600   	192.75		1.60806743874	0.866	0.525	9.4388e-13		1.62026154275	0.878	0.572	8.15266e-13
701   	600   	193.001		1.60862051705	0.866	0.526	9.40486e-13		1.62081597097	0.878	0.573	8.12645e-13
701   	600   	193.253		1.60917299303	0.866	0.527	9.37118e-13		1.62136966086	0.878	0.574	8.10044e-13
701   	600   	193.505		1.60972486397	0.866	0.529	9.33776e-13		1.62192261054	0.878	0.575	8.07462e-13
701   	600   	193.756		1.6102761272	0.866	0.53	9.30459e-13		1.62247481814	0.878	0.576	8.04899e-13
701   	600   	194.008		1.61082678008	0.866	0.531	9.27169e-13		1.62302628183	0.878	0.577	8.02355e-13
701   	600   	194.26		1.61137681999	0.866	0.532	9.23903e-13		1.62357699982	0.878	0.579	7.9983e-13
701   	600   	194.511		1.61192624436	0.866	0.533	9.20662e-13		1.62412697034	0.878	0.58	7.97324e-13
701   	600   	194.763		1.61247505064	0.866	0.534	9.17447e-13		1.62467619165	0.878	0.581	7.94836e-13
701   	600   	195.015		1.61302323632	0.866	0.535	9.14255e-13		1.62522466206	0.878	0.582	7.92366e-13
701   	600   	195.266		1.6135707989	0.866	0.537	9.11088e-13		1.62577237989	0.878	0.583	7.89915e-13
701   	600   	195.518		1.61411773594	0.866	0.538	9.07945e-13		1.62631934352	0.878	0.584	7.87481e-13
701   	600   	195.77		1.61466404502	0.866	0.539	9.04825e-13		1.62686555132	0.878	0.585	7.85065e-13
701   	600   	196.021		1.61520972374	0.866	0.54	9.01729e-13		1.62741100174	0.878	0.586	7.82666e-13
701   	600   	196.273		1.61575476975	0.865	0.541	8.98657e-13		1.62795569323	0.878	0.587	7.80285e-13
701   	600   	196.525		1.61629918072	0.865	0.542	8.95607e-13		1.62849962428	0.878	0.588	7.77921e-13
701   	600   	196.776		1.61684295435	0.865	0.543	8.9258e-13		1.6290427934	0.878	0.589	7.75574e-13
701   	600   	197.028		1.61738608837	0.865	0.544	8.89575e-13		1.62958519914	0.878	0.591	7.73244e-13
701   	600   	197.28		1.61792858056	0.865	0.545	8.86593e-13		1.63012684009	0.878	0.592	7.7093e-13
701   	600   	197.531		1.61847042869	0.865	0.547	8.83633e-13		1.63066771486	0.879	0.593	7.68633e-13
701   	600   	197.783		1.61901163061	0.865	0.548	8.80695e-13		1.63120782208	0.879	0.594	7.66353e-13
701   	600   	198.035		1.61955218417	0.865	0.549	8.77779e-13		1.63174716043	0.879	0.595	7.64088e-13
701   	600   	198.286		1.62009208725	0.865	0.55	8.74884e-13		1.63228572861	0.879	0.596	7.6184e-13
701   	600   	198.538		1.62063133777	0.865	0.551	8.7201e-13		1.63282352535	0.879	0.597	7.59607e-13
701   	800   	186.206		1.66015565231	0.881	0.655	8.68247e-13		1.65014417117	0.868	0.619	9.59479e-13
701   	800   	186.458		1.66072070784	0.882	0.656	8.65941e-13		1.65071642304	0.868	0.62	9.56663e-13
701   	800   	186.71		1.66128466458	0.882	0.657	8.6365e-13		1.65128765506	0.868	0.621	9.53868e-13
701   	800   	186.961		1.66184752302	0.882	0.658	8.61374e-13		1.65185786688	0.868	0.622	9.51092e-13
701   	800   	187.213		1.66240928367	0.882	0.659	8.59115e-13		1.65242705818	0.868	0.623	9.48336e-13
701   	800   	187.465		1.66296994707	0.882	0.66	8.56871e-13		1.65299522868	0.868	0.624	9.45599e-13
701   	800   	187.716		1.66352951379	0.882	0.661	8.54642e-13		1.65356237813	0.868	0.625	9.42882e-13
701   	800   	187.968		1.66408798441	0.882	0.662	8.52428e-13		1.6541285063	0.868	0.626	9.40184e-13
701   	800   	188.22		1.66464535956	0.882	0.663	8.50229e-13		1.65469361301	0.868	0.627	9.37505e-13
701   	800   	188.471		1.66520163987	0.882	0.664	8.48045e-13		1.65525769808	0.869	0.628	9.34844e-13
701   	800   	188.723		1.66575682601	0.882	0.665	8.45876e-13		1.6558207614	0.869	0.629	9.32202e-13
701   	800   	188.975		1.66631091867	0.882	0.666	8.43721e-13		1.65638280284	0.869	0.63	9.29578e-13
701   	800   	189.226		1.66686391856	0.883	0.667	8.4158e-13		1.65694382233	0.869	0.631	9.26972e-13
701   	800   	189.478		1.66741582642	0.883	0.668	8.39454e-13		1.65750381983	0.869	0.633	9.24385e-13
701   	800   	189.73		1.66796664301	0.883	0.669	8.37342e-13		1.65806279531	0.869	0.634	9.21815e-13
701   	800   	189.981		1.66851636912	0.883	0.67	8.35244e-13		1.65862074879	0.869	0.635	9.19263e-13
701   	800   	190.233		1.66906500555	0.883	0.671	8.3316e-13		1.6591776803	0.869	0.636	9.16728e-13
701   	800   	190.485		1.66961255313	0.883	0.672	8.3109e-13		1.6597335899	0.869	0.637	9.1421e-13
701   	800   	190.736		1.67015901272	0.883	0.673	8.29033e-13		1.66028847768	0.869	0.638	9.1171e-13
701   	800   	190.988		1.67070438518	0.883	0.674	8.2699e-13		1.66084234375	0.869	0.639	9.09227e-13
701   	800   	191.24		1.67124867142	0.883	0.675	8.2496e-13		1.66139518827	0.869	0.64	9.0676e-13
701   	800   	191.491		1.67179187235	0.883	0.676	8.22944e-13		1.6619470114	0.869	0.641	9.04311e-13
701   	800   	191.743		1.6723339889	0.883	0.677	8.2094e-13		1.66249781333	0.869	0.642	9.01877e-13
701   	800   	191.995		1.67287502204	0.884	0.678	8.1895e-13		1.66304759428	0.869	0.643	8.9946e-13
701   	800   	192.246		1.67341497275	0.884	0.679	8.16972e-13		1.66359635451	0.869	0.644	8.9706e-13
701   	800   	192.498		1.67395384202	0.884	0.679	8.15007e-13		1.66414409428	0.87	0.645	8.94675e-13
701   	800   	192.75		1.67449163088	0.884	0.68	8.13055e-13		1.66469081388	0.87	0.646	8.92306e-13
701   	800   	193.001		1.67502834037	0.884	0.681	8.11115e-13		1.66523651364	0.87	0.647	8.89953e-13
701   	800   	193.253		1.67556397153	0.884	0.682	8.09188e-13		1.6657811939	0.87	0.648	8.87615e-13
701   	800   	193.505		1.67609852546	0.884	0.683	8.07273e-13		1.66632485503	0.87	0.649	8.85293e-13
701   	800   	193.756		1.67663200325	0.884	0.684	8.0537e-13		1.66686749742	0.87	0.65	8.82986e-13
701   	800   	194.008		1.67716440601	0.884	0.685	8.0348e-13		1.66740912148	0.87	0.651	8.80695e-13
701   	800   	194.26		1.67769573488	0.884	0.686	8.01601e-13		1.66794972766	0.87	0.652	8.78418e-13
701   	800   	194.511		1.678225991 	0.885	0.687	7.99734e-13		1.66848931641	0.87	0.653	8.76157e-13
701   	800   	194.763		1.67875517556	0.885	0.688	7.97879e-13		1.66902788823	0.87	0.654	8.7391e-13
701   	800   	195.015		1.67928328974	0.885	0.689	7.96035e-13		1.6695654436	0.87	0.655	8.71677e-13
701   	800   	195.266		1.67981033473	0.885	0.69	7.94204e-13		1.67010198307	0.87	0.656	8.69459e-13
701   	800   	195.518		1.68033631177	0.885	0.691	7.92383e-13		1.67063750718	0.87	0.656	8.67256e-13
701   	800   	195.77		1.68086122209	0.885	0.691	7.90574e-13		1.67117201651	0.871	0.657	8.65067e-13
701   	800   	196.021		1.68138506695	0.885	0.692	7.88776e-13		1.67170551164	0.871	0.658	8.62891e-13
701   	800   	196.273		1.68190784762	0.885	0.693	7.86989e-13		1.67223799319	0.871	0.659	8.6073e-13
701   	800   	196.525		1.68242956538	0.885	0.694	7.85214e-13		1.67276946179	0.871	0.66	8.58583e-13
701   	800   	196.776		1.68295022155	0.885	0.695	7.83449e-13		1.67329991811	0.871	0.661	8.56449e-13
701   	800   	197.028		1.68346981743	0.886	0.696	7.81695e-13		1.67382936281	0.871	0.662	8.54329e-13
701   	800   	197.28		1.68398835437	0.886	0.697	7.79952e-13		1.67435779658	0.871	0.663	8.52222e-13
701   	800   	197.531		1.6845058337	0.886	0.698	7.78219e-13		1.67488522016	0.871	0.664	8.50129e-13
701   	800   	197.783		1.68502225681	0.886	0.699	7.76497e-13		1.67541163426	0.871	0.665	8.48049e-13
701   	800   	198.035		1.68553762506	0.886	0.699	7.74786e-13		1.67593703965	0.871	0.666	8.45982e-13
701   	800   	198.286		1.68605193986	0.886	0.7	7.73085e-13		1.67646143709	0.871	0.667	8.43928e-13
701   	800   	198.538		1.6865652026	0.886	0.701	7.71394e-13		1.67698482738	0.871	0.668	8.41887e-13
701   	1000  	186.206		1.70363836821	0.904	0.743	8.60204e-13		1.67925456206	0.863	0.66	1.06865e-12
701   	1000  	186.458		1.70415968539	0.904	0.744	8.58486e-13		1.67980751339	0.863	0.661	1.06586e-12
701   	1000  	186.71		1.70467975505	0.904	0.745	8.56778e-13		1.68035931066	0.864	0.662	1.06309e-12
701   	1000  	186.961		1.70519858007	0.904	0.746	8.5508e-13		1.68090995506	0.864	0.663	1.06034e-12
701   	1000  	187.213		1.70571616333	0.904	0.746	8.53392e-13		1.68145944784	0.864	0.664	1.05761e-12
701   	1000  	187.465		1.70623250771	0.904	0.747	8.51714e-13		1.68200779025	0.864	0.665	1.0549e-12
701   	1000  	187.716		1.70674761611	0.904	0.748	8.50046e-13		1.68255498354	0.864	0.666	1.0522e-12
701   	1000  	187.968		1.70726149142	0.905	0.749	8.48388e-13		1.68310102902	0.864	0.667	1.04952e-12
701   	1000  	188.22		1.70777413655	0.905	0.75	8.4674e-13		1.68364592799	0.864	0.668	1.04686e-12
701   	1000  	188.471		1.70828555439	0.905	0.75	8.45101e-13		1.68418968178	0.864	0.669	1.04422e-12
701   	1000  	188.723		1.70879574787	0.905	0.751	8.43472e-13		1.68473229173	0.864	0.669	1.04159e-12
701   	1000  	188.975		1.70930471989	0.905	0.752	8.41853e-13		1.6852737592	0.864	0.67	1.03898e-12
701   	1000  	189.226		1.70981247338	0.905	0.753	8.40243e-13		1.68581408558	0.864	0.671	1.03639e-12
701   	1000  	189.478		1.71031901124	0.905	0.753	8.38642e-13		1.68635327227	0.865	0.672	1.03381e-12
701   	1000  	189.73		1.71082433641	0.906	0.754	8.37051e-13		1.68689132068	0.865	0.673	1.03125e-12
701   	1000  	189.981		1.71132845182	0.906	0.755	8.35469e-13		1.68742823224	0.865	0.674	1.0287e-12
701   	1000  	190.233		1.71183136039	0.906	0.756	8.33896e-13		1.68796400841	0.865	0.675	1.02618e-12
701   	1000  	190.485		1.71233306506	0.906	0.756	8.32332e-13		1.68849865065	0.865	0.676	1.02366e-12
701   	1000  	190.736		1.71283356877	0.906	0.757	8.30778e-13		1.68903216045	0.865	0.677	1.02117e-12
701   	1000  	190.988		1.71333287445	0.906	0.758	8.29232e-13		1.68956453931	0.865	0.678	1.01869e-12
701   	1000  	191.24		1.71383098505	0.906	0.759	8.27695e-13		1.69009578873	0.865	0.679	1.01622e-12
701   	1000  	191.491		1.7143279035	0.906	0.759	8.26166e-13		1.69062591026	0.865	0.68	1.01377e-12
701   	1000  	191.743		1.71482363276	0.907	0.76	8.24647e-13		1.69115490543	0.865	0.681	1.01134e-12
701   	1000  	191.995		1.71531817578	0.907	0.761	8.23136e-13		1.69168277581	0.866	0.682	1.00892e-12
701   	1000  	192.246		1.7158115355	0.907	0.762	8.21634e-13		1.69220952298	0.866	0.683	1.00651e-12
701   	1000  	192.498		1.71630371486	0.907	0.762	8.2014e-13		1.69273514852	0.866	0.683	1.00413e-12
701   	1000  	192.75		1.71679471684	0.907	0.763	8.18654e-13		1.69325965405	0.866	0.684	1.00175e-12
701   	1000  	193.001		1.71728454437	0.907	0.764	8.17177e-13		1.69378304117	0.866	0.685	9.99392e-13
701   	1000  	193.253		1.71777320042	0.907	0.765	8.15708e-13		1.69430531153	0.866	0.686	9.97047e-13
701   	1000  	193.505		1.71826068794	0.908	0.765	8.14247e-13		1.69482646677	0.866	0.687	9.94716e-13
701   	1000  	193.756		1.71874700989	0.908	0.766	8.12795e-13		1.69534650855	0.866	0.688	9.92399e-13
701   	1000  	194.008		1.71923216921	0.908	0.767	8.11351e-13		1.69586543854	0.866	0.689	9.90097e-13
701   	1000  	194.26		1.71971616888	0.908	0.767	8.09914e-13		1.69638325844	0.866	0.69	9.87809e-13
701   	1000  	194.511		1.72019901185	0.908	0.768	8.08486e-13		1.69689996994	0.867	0.691	9.85534e-13
701   	1000  	194.763		1.72068070108	0.908	0.769	8.07065e-13		1.69741557475	0.867	0.691	9.83274e-13
701   	1000  	195.015		1.72116123953	0.908	0.77	8.05652e-13		1.6979300746	0.867	0.692	9.81027e-13
701   	1000  	195.266		1.72164063015	0.908	0.77	8.04247e-13		1.69844347123	0.867	0.693	9.78793e-13
701   	1000  	195.518		1.7221188759	0.909	0.771	8.0285e-13		1.69895576637	0.867	0.694	9.76573e-13
701   	1000  	195.77		1.72259597975	0.909	0.772	8.0146e-13		1.6994669618	0.867	0.695	9.74366e-13
701   	1000  	196.021		1.72307194464	0.909	0.772	8.00078e-13		1.69997705929	0.867	0.696	9.72173e-13
701   	1000  	196.273		1.72354677355	0.909	0.773	7.98703e-13		1.70048606062	0.867	0.697	9.69993e-13
701   	1000  	196.525		1.72402046942	0.909	0.774	7.97336e-13		1.70099396757	0.867	0.698	9.67825e-13
701   	1000  	196.776		1.72449303521	0.909	0.774	7.95976e-13		1.70150078197	0.867	0.698	9.65671e-13
701   	1000  	197.028		1.72496447387	0.909	0.775	7.94624e-13		1.70200650562	0.868	0.699	9.63529e-13
701   	1000  	197.28		1.72543478837	0.91	0.776	7.93279e-13		1.70251114034	0.868	0.7	9.614e-13
701   	1000  	197.531		1.72590398165	0.91	0.777	7.91941e-13		1.70301468799	0.868	0.701	9.59283e-13
701   	1000  	197.783		1.72637205666	0.91	0.777	7.9061e-13		1.70351715039	0.868	0.702	9.57179e-13
701   	1000  	198.035		1.72683901636	0.91	0.778	7.89286e-13		1.70401852942	0.868	0.703	9.55087e-13
701   	1000  	198.286		1.72730486369	0.91	0.779	7.8797e-13		1.70451882693	0.868	0.703	9.53008e-13
701   	1000  	198.538		1.72776960161	0.91	0.779	7.8666e-13		1.7050180448	0.868	0.704	9.5094e-13
701   	1200  	186.206		1.7320462134	0.923	0.792	9.02807e-13		1.69893501344	0.861	0.683	1.19273e-12
701   	1200  	186.458		1.73252472159	0.923	0.793	9.01331e-13		1.69946698513	0.861	0.684	1.18985e-12
701   	1200  	186.71		1.73300199178	0.923	0.793	8.99864e-13		1.69999775954	0.861	0.685	1.18698e-12
701   	1200  	186.961		1.73347802777	0.923	0.794	8.98405e-13		1.70052733873	0.861	0.686	1.18412e-12
701   	1200  	187.213		1.73395283334	0.923	0.795	8.96953e-13		1.70105572478	0.861	0.687	1.18129e-12
701   	1200  	187.465		1.73442641229	0.924	0.795	8.9551e-13		1.70158291978	0.862	0.688	1.17847e-12
701   	1200  	187.716		1.7348987684	0.924	0.796	8.94074e-13		1.70210892584	0.862	0.689	1.17567e-12
701   	1200  	187.968		1.73536990543	0.924	0.797	8.92646e-13		1.70263374506	0.862	0.69	1.17289e-12
701   	1200  	188.22		1.73583982716	0.924	0.797	8.91225e-13		1.70315737958	0.862	0.691	1.17013e-12
701   	1200  	188.471		1.73630853735	0.924	0.798	8.89812e-13		1.70367983151	0.862	0.691	1.16738e-12
701   	1200  	188.723		1.73677603974	0.924	0.799	8.88407e-13		1.70420110302	0.862	0.692	1.16465e-12
701   	1200  	188.975		1.73724233808	0.924	0.799	8.87009e-13		1.70472119624	0.862	0.693	1.16193e-12
701   	1200  	189.226		1.7377074361	0.924	0.8	8.85619e-13		1.70524011336	0.862	0.694	1.15924e-12
701   	1200  	189.478		1.73817133754	0.925	0.8	8.84236e-13		1.70575785655	0.862	0.695	1.15656e-12
701   	1200  	189.73		1.73863404611	0.925	0.801	8.82861e-13		1.70627442798	0.862	0.696	1.15389e-12
701   	1200  	189.981		1.73909556553	0.925	0.802	8.81492e-13		1.70678982986	0.863	0.697	1.15124e-12
701   	1200  	190.233		1.73955589951	0.925	0.802	8.80131e-13		1.70730406439	0.863	0.698	1.14861e-12
701   	1200  	190.485		1.74001505173	0.925	0.803	8.78777e-13		1.70781713378	0.863	0.699	1.14599e-12
701   	1200  	190.736		1.7404730259	0.925	0.804	8.7743e-13		1.70832904026	0.863	0.699	1.14339e-12
701   	1200  	190.988		1.74092982569	0.925	0.804	8.7609e-13		1.70883978605	0.863	0.7	1.14081e-12
701   	1200  	191.24		1.74138545478	0.926	0.805	8.74758e-13		1.7093493734	0.863	0.701	1.13824e-12
701   	1200  	191.491		1.74183991683	0.926	0.805	8.73432e-13		1.70985780455	0.863	0.702	1.13568e-12
701   	1200  	191.743		1.7422932155	0.926	0.806	8.72113e-13		1.71036508176	0.863	0.703	1.13314e-12
701   	1200  	191.995		1.74274535444	0.926	0.807	8.708e-13		1.71087120729	0.864	0.704	1.13062e-12
701   	1200  	192.246		1.7431963373	0.926	0.807	8.69495e-13		1.71137618342	0.864	0.705	1.12811e-12
701   	1200  	192.498		1.7436461677	0.926	0.808	8.68196e-13		1.71188001242	0.864	0.705	1.12561e-12
701   	1200  	192.75		1.74409484927	0.926	0.808	8.66904e-13		1.71238269658	0.864	0.706	1.12313e-12
701   	1200  	193.001		1.74454238562	0.926	0.809	8.65619e-13		1.71288423819	0.864	0.707	1.12067e-12
701   	1200  	193.253		1.74498878037	0.927	0.81	8.6434e-13		1.71338463956	0.864	0.708	1.11822e-12
701   	1200  	193.505		1.74543403711	0.927	0.81	8.63068e-13		1.71388390299	0.864	0.709	1.11578e-12
701   	1200  	193.756		1.74587815944	0.927	0.811	8.61802e-13		1.71438203079	0.864	0.71	1.11336e-12
701   	1200  	194.008		1.74632115094	0.927	0.811	8.60542e-13		1.7148790253	0.864	0.71	1.11095e-12
701   	1200  	194.26		1.74676301518	0.927	0.812	8.59289e-13		1.71537488883	0.865	0.711	1.10856e-12
701   	1200  	194.511		1.74720375572	0.927	0.812	8.58042e-13		1.71586962371	0.865	0.712	1.10618e-12
701   	1200  	194.763		1.74764337613	0.927	0.813	8.56802e-13		1.71636323229	0.865	0.713	1.10381e-12
701   	1200  	195.015		1.74808187995	0.927	0.814	8.55568e-13		1.71685571692	0.865	0.714	1.10146e-12
701   	1200  	195.266		1.74851927072	0.928	0.814	8.5434e-13		1.71734707994	0.865	0.714	1.09912e-12
701   	1200  	195.518		1.74895555198	0.928	0.815	8.53118e-13		1.7178373237	0.865	0.715	1.09679e-12
701   	1200  	195.77		1.74939072723	0.928	0.815	8.51902e-13		1.71832645058	0.865	0.716	1.09448e-12
701   	1200  	196.021		1.74982480001	0.928	0.816	8.50692e-13		1.71881446294	0.865	0.717	1.09218e-12
701   	1200  	196.273		1.7502577738	0.928	0.816	8.49489e-13		1.71930136314	0.866	0.718	1.0899e-12
701   	1200  	196.525		1.75068965211	0.928	0.817	8.48291e-13		1.71978715357	0.866	0.719	1.08762e-12
701   	1200  	196.776		1.75112043842	0.928	0.818	8.47099e-13		1.72027183661	0.866	0.719	1.08536e-12
701   	1200  	197.028		1.75155013621	0.929	0.818	8.45913e-13		1.72075541464	0.866	0.72	1.08312e-12
701   	1200  	197.28		1.75197874895	0.929	0.819	8.44733e-13		1.72123789005	0.866	0.721	1.08088e-12
701   	1200  	197.531		1.75240628009	0.929	0.819	8.43559e-13		1.72171926525	0.866	0.722	1.07866e-12
701   	1200  	197.783		1.7528327331	0.929	0.82	8.4239e-13		1.72219954261	0.866	0.723	1.07645e-12
701   	1200  	198.035		1.7532581114	0.929	0.82	8.41227e-13		1.72267872456	0.866	0.723	1.07425e-12
701   	1200  	198.286		1.75368241843	0.929	0.821	8.4007e-13		1.72315681349	0.866	0.724	1.07207e-12
701   	1200  	198.538		1.75410565761	0.929	0.821	8.38919e-13		1.72363381182	0.867	0.725	1.0699e-12
701   	1400  	186.206		1.75125664744	0.938	0.821	9.66812e-13		1.71275159996	0.86	0.698	1.32359e-12
701   	1400  	186.458		1.75170066075	0.938	0.821	9.65448e-13		1.71326505945	0.86	0.699	1.32054e-12
701   	1400  	186.71		1.75214348862	0.938	0.822	9.64091e-13		1.71377731652	0.86	0.699	1.31751e-12
701   	1400  	186.961		1.75258513512	0.938	0.822	9.62741e-13		1.7142883737	0.86	0.7	1.3145e-12
701   	1400  	187.213		1.7530256043	0.938	0.823	9.61398e-13		1.71479823352	0.86	0.701	1.31151e-12
701   	1400  	187.465		1.75346490023	0.938	0.824	9.60062e-13		1.71530689852	0.86	0.702	1.30853e-12
701   	1400  	187.716		1.75390302695	0.939	0.824	9.58732e-13		1.71581437125	0.86	0.703	1.30557e-12
701   	1400  	187.968		1.75433998847	0.939	0.825	9.57409e-13		1.71632065426	0.86	0.704	1.30263e-12
701   	1400  	188.22		1.75477578881	0.939	0.825	9.56093e-13		1.71682575011	0.861	0.705	1.29971e-12
701   	1400  	188.471		1.75521043196	0.939	0.826	9.54783e-13		1.71732966137	0.861	0.705	1.2968e-12
701   	1400  	188.723		1.75564392193	0.939	0.826	9.5348e-13		1.71783239059	0.861	0.706	1.29392e-12
701   	1400  	188.975		1.75607626267	0.939	0.827	9.52183e-13		1.71833394036	0.861	0.707	1.29104e-12
701   	1400  	189.226		1.75650745816	0.939	0.827	9.50893e-13		1.71883431326	0.861	0.708	1.28819e-12
701   	1400  	189.478		1.75693751234	0.939	0.828	9.4961e-13		1.71933351187	0.861	0.709	1.28535e-12
701   	1400  	189.73		1.75736642914	0.939	0.828	9.48332e-13		1.71983153877	0.861	0.71	1.28253e-12
701   	1400  	189.981		1.75779421249	0.94	0.829	9.47061e-13		1.72032839657	0.861	0.71	1.27973e-12
701   	1400  	190.233		1.75822086629	0.94	0.829	9.45796e-13		1.72082408787	0.861	0.711	1.27694e-12
701   	1400  	190.485		1.75864639445	0.94	0.83	9.44538e-13		1.72131861526	0.862	0.712	1.27417e-12
701   	1400  	190.736		1.75907080086	0.94	0.83	9.43285e-13		1.72181198135	0.862	0.713	1.27141e-12
701   	1400  	190.988		1.75949408937	0.94	0.831	9.42039e-13		1.72230418876	0.862	0.714	1.26867e-12
701   	1400  	191.24		1.75991626385	0.94	0.832	9.40799e-13		1.72279524009	0.862	0.715	1.26595e-12
701   	1400  	191.491		1.76033732815	0.94	0.832	9.39565e-13		1.72328513797	0.862	0.715	1.26324e-12
701   	1400  	191.743		1.76075728609	0.94	0.833	9.38337e-13		1.72377388502	0.862	0.716	1.26055e-12
701   	1400  	191.995		1.76117614151	0.941	0.833	9.37114e-13		1.72426148387	0.862	0.717	1.25788e-12
701   	1400  	192.246		1.7615938982	0.941	0.834	9.35898e-13		1.72474793714	0.862	0.718	1.25521e-12
701   	1400  	192.498		1.76201055996	0.941	0.834	9.34688e-13		1.72523324747	0.863	0.719	1.25257e-12
701   	1400  	192.75		1.76242613058	0.941	0.835	9.33483e-13		1.72571741748	0.863	0.719	1.24994e-12
701   	1400  	193.001		1.76284061382	0.941	0.835	9.32284e-13		1.72620044983	0.863	0.72	1.24732e-12
701   	1400  	193.253		1.76325401344	0.941	0.836	9.31091e-13		1.72668234715	0.863	0.721	1.24472e-12
701   	1400  	193.505		1.76366633318	0.941	0.836	9.29904e-13		1.72716311208	0.863	0.722	1.24214e-12
701   	1400  	193.756		1.76407757678	0.941	0.837	9.28722e-13		1.72764274726	0.863	0.723	1.23956e-12
701   	1400  	194.008		1.76448774796	0.941	0.837	9.27546e-13		1.72812125535	0.863	0.723	1.23701e-12
701   	1400  	194.26		1.76489685041	0.942	0.838	9.26375e-13		1.728598639 	0.863	0.724	1.23446e-12
701   	1400  	194.511		1.76530488784	0.942	0.838	9.2521e-13		1.72907490086	0.864	0.725	1.23194e-12
701   	1400  	194.763		1.76571186393	0.942	0.839	9.24051e-13		1.72955004358	0.864	0.726	1.22942e-12
701   	1400  	195.015		1.76611778233	0.942	0.839	9.22897e-13		1.73002406982	0.864	0.727	1.22692e-12
701   	1400  	195.266		1.76652264672	0.942	0.84	9.21748e-13		1.73049698223	0.864	0.727	1.22444e-12
701   	1400  	195.518		1.76692646073	0.942	0.84	9.20605e-13		1.73096878347	0.864	0.728	1.22197e-12
701   	1400  	195.77		1.76732922799	0.942	0.84	9.19467e-13		1.73143947621	0.864	0.729	1.21951e-12
701   	1400  	196.021		1.76773095212	0.942	0.841	9.18335e-13		1.73190906311	0.864	0.73	1.21706e-12
701   	1400  	196.273		1.76813163673	0.943	0.841	9.17208e-13		1.73237754683	0.865	0.73	1.21463e-12
701   	1400  	196.525		1.7685312854	0.943	0.842	9.16086e-13		1.73284493002	0.865	0.731	1.21221e-12
701   	1400  	196.776		1.76892990173	0.943	0.842	9.14969e-13		1.73331121537	0.865	0.732	1.20981e-12
701   	1400  	197.028		1.76932748928	0.943	0.843	9.13857e-13		1.73377640553	0.865	0.733	1.20742e-12
701   	1400  	197.28		1.7697240516	0.943	0.843	9.12751e-13		1.73424050317	0.865	0.733	1.20504e-12
701   	1400  	197.531		1.77011959223	0.943	0.844	9.11649e-13		1.73470351095	0.865	0.734	1.20268e-12
701   	1400  	197.783		1.77051411472	0.943	0.844	9.10553e-13		1.73516543155	0.865	0.735	1.20032e-12
701   	1400  	198.035		1.77090762257	0.943	0.845	9.09462e-13		1.73562626762	0.865	0.736	1.19798e-12
701   	1400  	198.286		1.7713001193	0.943	0.845	9.08375e-13		1.73608602185	0.866	0.736	1.19566e-12
701   	1400  	198.538		1.77169160839	0.944	0.846	9.07294e-13		1.7365446969	0.866	0.737	1.19334e-12
